5.053864717483520508e-01,3.224503695964813232e-01,8.403000831604003906e-01,-4.424266982823610306e-03,1.409130450338125229e-02,7.202815413475036621e-01,6.935245990753173828e-01,-1.137632206082344055e-01,-1.467241812497377396e-02,1.553096622228622437e-01,1.419582986272871494e-03,2.367203310132026672e-02,-1.687465794384479523e-02,-1.325565725564956665e-01,-6.101153418421745300e-02,-2.342942357063293457e-01,6.898567080497741699e-03,2.022987231612205505e-03,7.624496519565582275e-02,-5.745805054903030396e-02,0.000000000000000000e+00,0.000000000000000000e+00,-8.743953704833984375e-02,1.134402751922607422e-01,-5.395281314849853516e-01,-3.668457567691802979e-01,-2.383657246828079224e-01,-5.349805951118469238e-02,-1.189607605338096619e-01,3.740877211093902588e-01,-4.223068952560424805e-01,-7.492376025766134262e-03
5.051299333572387695e-01,3.264011740684509277e-01,8.377528786659240723e-01,-3.642761614173650742e-03,1.405501924455165863e-02,7.203935980796813965e-01,6.934134960174560547e-01,-1.097528785467147827e-01,-2.054271101951599121e-02,1.421854943037033081e-01,1.774478732841089368e-07,2.489059045910835266e-02,-2.521203272044658661e-02,-1.259281933307647705e-01,-6.242729723453521729e-02,-2.482030093669891357e-01,2.210538834333419800e-03,3.037853166460990906e-03,8.486570417881011963e-02,-6.188812479376792908e-02,0.000000000000000000e+00,0.000000000000000000e+00,-7.910101115703582764e-02,1.028653755784034729e-01,-5.061703324317932129e-01,-4.018547832965850830e-01,-1.649073511362075806e-01,-4.313795268535614014e-02,-1.183408871293067932e-01,3.751118481159210205e-01,-4.338775277137756348e-01,-1.543501950800418854e-02
5.052956342697143555e-01,3.264343738555908203e-01,8.370605111122131348e-01,-4.233069252222776413e-03,1.450686715543270111e-02,7.202026844024658203e-01,6.935991048812866211e-01,-1.107324734330177307e-01,-2.067395113408565521e-02,1.401345729827880859e-01,2.218098447970273668e-11,2.578146569430828094e-02,-2.492478117346763611e-02,-1.277561932802200317e-01,-6.247112900018692017e-02,-2.477602511644363403e-01,2.750786021351814270e-03,2.810179488733410835e-03,8.402840793132781982e-02,-6.356380134820938110e-02,0.000000000000000000e+00,0.000000000000000000e+00,-7.836811244487762451e-02,1.036923229694366455e-01,-5.076428651809692383e-01,-4.053438305854797363e-01,-1.534091383218765259e-01,-4.366257786750793457e-02,-1.171262860298156738e-01,3.800871074199676514e-01,-4.360887408256530762e-01,-1.639096066355705261e-02
5.057210922241210938e-01,3.278453052043914795e-01,8.365852236747741699e-01,-3.838971955701708794e-03,1.414768677204847336e-02,7.203375697135925293e-01,6.934687495231628418e-01,-1.083606779575347900e-01,-2.072760462760925293e-02,1.389442086219787598e-01,2.772304108012487583e-15,2.496349997818470001e-02,-2.487585134804248810e-02,-1.244314536452293396e-01,-6.232720613479614258e-02,-2.485690265893936157e-01,1.804485335014760494e-03,2.362364903092384338e-03,8.498509973287582397e-02,-6.551279872655868530e-02,0.000000000000000000e+00,0.000000000000000000e+00,-7.692734897136688232e-02,1.029667630791664124e-01,-5.090224146842956543e-01,-4.032733440399169922e-01,-1.516310572624206543e-01,-4.239033907651901245e-02,-1.153373643755912781e-01,3.807649016380310059e-01,-4.360253512859344482e-01,-2.000997215509414673e-02
5.058504343032836914e-01,3.274247944355010986e-01,8.363312482833862305e-01,-4.378716927021741867e-03,1.459146384149789810e-02,7.192186117172241211e-01,6.946167945861816406e-01,-1.098256707191467285e-01,-2.143979817628860474e-02,1.353648751974105835e-01,9.076487425421862071e-20,2.455960027873516083e-02,-2.437272854149341583e-02,-1.267003566026687622e-01,-6.200820952653884888e-02,-2.458796501159667969e-01,1.835345756262540817e-03,2.157642506062984467e-03,8.447655290365219116e-02,-6.364390254020690918e-02,0.000000000000000000e+00,0.000000000000000000e+00,-7.707985490560531616e-02,1.036105453968048096e-01,-5.096667408943176270e-01,-4.045868515968322754e-01,-1.505322754383087158e-01,-4.243657737970352173e-02,-1.149387061595916748e-01,3.807510137557983398e-01,-4.380216896533966064e-01,-2.278975769877433777e-02
5.061864256858825684e-01,3.285278379917144775e-01,8.361279964447021484e-01,-3.904533805325627327e-03,1.441433932632207870e-02,7.200265526771545410e-01,6.937857866287231445e-01,-1.084021478891372681e-01,-2.180142700672149658e-02,1.338890492916107178e-01,-1.469443344808600907e-18,2.429153956472873688e-02,-2.520688436925411224e-02,-1.238198727369308472e-01,-6.234385445713996887e-02,-2.466714084148406982e-01,1.109684933908283710e-03,1.257577794604003429e-03,8.524394035339355469e-02,-6.607186794281005859e-02,0.000000000000000000e+00,0.000000000000000000e+00,-7.709839195013046265e-02,1.017123162746429443e-01,-5.104371905326843262e-01,-4.024533629417419434e-01,-1.502593010663986206e-01,-4.236068204045295715e-02,-1.147399917244911194e-01,3.818334341049194336e-01,-4.363988637924194336e-01,-2.252648212015628815e-02
5.053928494453430176e-01,3.283993005752563477e-01,8.399887084960937500e-01,6.893558427691459656e-03,2.477680332958698273e-02,7.214198112487792969e-01,6.920202374458312988e-01,-1.159388571977615356e-01,-4.328199103474617004e-02,1.606129407882690430e-01,-6.510480521053764284e-18,-5.728742107748985291e-02,1.332527026534080505e-02,-1.243302673101425171e-01,-9.393780678510665894e-02,-2.495154589414596558e-01,4.318243823945522308e-03,-1.894480083137750626e-03,9.887816756963729858e-02,-7.068742811679840088e-02,0.000000000000000000e+00,0.000000000000000000e+00,-7.732835412025451660e-02,7.713481038808822632e-02,-5.141606926918029785e-01,-4.014721810817718506e-01,-1.460898965597152710e-01,-4.370093718171119690e-02,-1.377457082271575928e-01,3.847983181476593018e-01,-4.361026585102081299e-01,-3.151473775506019592e-02
5.049906373023986816e-01,3.290457427501678467e-01,8.397708535194396973e-01,7.136252708733081818e-03,2.526127360761165619e-02,7.215828299522399902e-01,6.918302774429321289e-01,-1.126049980521202087e-01,-4.332400858402252197e-02,1.494739204645156860e-01,-6.165843990639670834e-18,-5.840325728058815002e-02,2.727741003036499023e-02,-1.235791966319084167e-01,-9.534718096256256104e-02,-2.526560425758361816e-01,1.932886545546352863e-03,-4.688696470111608505e-03,1.029636561870574951e-01,-7.043093442916870117e-02,0.000000000000000000e+00,0.000000000000000000e+00,-7.775266468524932861e-02,7.393454760313034058e-02,-5.164102315902709961e-01,-4.000926315784454346e-01,-1.465337872505187988e-01,-4.218818992376327515e-02,-1.390092968940734863e-01,3.848386406898498535e-01,-4.387847483158111572e-01,-3.351431712508201599e-02
5.052368044853210449e-01,3.291470706462860107e-01,8.398000001907348633e-01,6.663073319941759109e-03,2.493105456233024597e-02,7.218159437179565430e-01,6.916037797927856445e-01,-1.123077347874641418e-01,-4.242151603102684021e-02,1.509777754545211792e-01,-2.868794713231908461e-18,-5.723946914076805115e-02,2.276768349111080170e-02,-1.242173835635185242e-01,-9.410380572080612183e-02,-2.511429786682128906e-01,1.987025374546647072e-03,-5.044605582952499390e-03,1.016842201352119446e-01,-7.103183865547180176e-02,0.000000000000000000e+00,0.000000000000000000e+00,-7.901427894830703735e-02,7.487538456916809082e-02,-5.174052715301513672e-01,-3.983279168605804443e-01,-1.475876867771148682e-01,-4.245908558368682861e-02,-1.382760703563690186e-01,3.847819268703460693e-01,-4.397304356098175049e-01,-3.406875208020210266e-02
5.050910711288452148e-01,3.295813500881195068e-01,8.394827246665954590e-01,6.834164727479219437e-03,2.524161338806152344e-02,7.219139337539672852e-01,6.914885640144348145e-01,-1.122849881649017334e-01,-4.266257211565971375e-02,1.507511436939239502e-01,1.729178057150251597e-18,-5.708011984825134277e-02,2.733322978019714355e-02,-1.239542141556739807e-01,-9.538897126913070679e-02,-2.520537674427032471e-01,2.497533801943063736e-03,-4.245595075190067291e-03,1.026849970221519470e-01,-7.051286846399307251e-02,0.000000000000000000e+00,0.000000000000000000e+00,-7.827700674533843994e-02,7.507061958312988281e-02,-5.171089768409729004e-01,-4.011763036251068115e-01,-1.464726477861404419e-01,-4.209317639470100403e-02,-1.391738504171371460e-01,3.830772042274475098e-01,-4.408131837844848633e-01,-3.463375195860862732e-02
5.050840377807617188e-01,3.296228051185607910e-01,8.396245241165161133e-01,6.818126887083053589e-03,2.542215399444103241e-02,7.221834063529968262e-01,6.912006735801696777e-01,-1.124237403273582458e-01,-4.317035153508186340e-02,1.489073932170867920e-01,-4.815051432895676217e-18,-5.888184159994125366e-02,2.701704017817974091e-02,-1.237987503409385681e-01,-9.554816782474517822e-02,-2.535656988620758057e-01,1.851573702879250050e-03,-6.252311170101165771e-03,1.024266332387924194e-01,-7.094536721706390381e-02,0.000000000000000000e+00,0.000000000000000000e+00,-7.773443311452865601e-02,7.560819387435913086e-02,-5.163973569869995117e-01,-4.040900766849517822e-01,-1.454757750034332275e-01,-4.273649677634239197e-02,-1.395796686410903931e-01,3.812895715236663818e-01,-4.416886270046234131e-01,-3.823899850249290466e-02
5.052683949470520020e-01,3.298837244510650635e-01,8.395647406578063965e-01,6.936103571206331253e-03,2.556666731834411621e-02,7.221772670745849609e-01,6.912005543708801270e-01,-1.122305020689964294e-01,-4.318070784211158752e-02,1.501263827085494995e-01,-3.418241163314131564e-18,-5.853264033794403076e-02,2.691376768052577972e-02,-1.235962435603141785e-01,-9.539875388145446777e-02,-2.511079609394073486e-01,1.878635608591139317e-03,-5.494889803230762482e-03,1.019815579056739807e-01,-7.123734056949615479e-02,0.000000000000000000e+00,0.000000000000000000e+00,-7.819841057062149048e-02,7.443071156740188599e-02,-5.139765143394470215e-01,-4.033323824405670166e-01,-1.458877027034759521e-01,-4.284821450710296631e-02,-1.393717378377914429e-01,3.826244175434112549e-01,-4.408609569072723389e-01,-3.476078435778617859e-02
5.050793886184692383e-01,3.299212455749511719e-01,8.394534587860107422e-01,6.739672739058732986e-03,2.556817978620529175e-02,7.221574783325195312e-01,6.912231445312500000e-01,-1.123419180512428284e-01,-4.319114610552787781e-02,1.492738127708435059e-01,9.695483221407543740e-19,-5.792579054832458496e-02,2.735065668821334839e-02,-1.238481923937797546e-01,-9.540011733770370483e-02,-2.533242404460906982e-01,1.680437359027564526e-03,-5.230827722698450089e-03,1.032408848404884338e-01,-7.108854502439498901e-02,0.000000000000000000e+00,0.000000000000000000e+00,-7.936296612024307251e-02,7.444565743207931519e-02,-5.145156383514404297e-01,-4.024592638015747070e-01,-1.446481943130493164e-01,-4.363870993256568909e-02,-1.387072056531906128e-01,3.818822801113128662e-01,-4.408317208290100098e-01,-3.621378913521766663e-02
5.052059888839721680e-01,3.301568329334259033e-01,8.395599126815795898e-01,6.837638560682535172e-03,2.555944770574569702e-02,7.221907377243041992e-01,6.911877393722534180e-01,-1.119832098484039307e-01,-4.320468753576278687e-02,1.494099348783493042e-01,-2.163997126667326337e-18,-5.858782306313514709e-02,2.754575945436954498e-02,-1.234976872801780701e-01,-9.573695808649063110e-02,-2.527132034301757812e-01,1.946185366250574589e-03,-5.835178773850202560e-03,1.027778461575508118e-01,-7.023732364177703857e-02,0.000000000000000000e+00,0.000000000000000000e+00,-7.885851711034774780e-02,7.456244528293609619e-02,-5.123261809349060059e-01,-4.040802717208862305e-01,-1.434346884489059448e-01,-4.322346672415733337e-02,-1.380088627338409424e-01,3.812402188777923584e-01,-4.400358498096466064e-01,-3.430794551968574524e-02
5.052972435951232910e-01,3.305828571319580078e-01,8.394730091094970703e-01,6.916179321706295013e-03,2.561479434370994568e-02,7.221453785896301270e-01,6.912323236465454102e-01,-1.116379052400588989e-01,-4.307638108730316162e-02,1.496159881353378296e-01,-2.808377441291035320e-18,-5.856839567422866821e-02,2.690705657005310059e-02,-1.227402091026306152e-01,-9.556423127651214600e-02,-2.521630525588989258e-01,1.351736485958099365e-03,-6.153112743049860001e-03,1.027246788144111633e-01,-7.010434567928314209e-02,0.000000000000000000e+00,0.000000000000000000e+00,-7.918628305196762085e-02,7.403158396482467651e-02,-5.138885378837585449e-01,-4.039121270179748535e-01,-1.450075656175613403e-01,-4.235190153121948242e-02,-1.376613527536392212e-01,3.815617859363555908e-01,-4.408103525638580322e-01,-3.225959092378616333e-02
5.051480531692504883e-01,3.305571079254150391e-01,8.395230770111083984e-01,6.868258118629455566e-03,2.586063370108604431e-02,7.221377491950988770e-01,6.912316083908081055e-01,-1.122531071305274963e-01,-4.361478239297866821e-02,1.485894620418548584e-01,1.770312094651288557e-18,-5.884527415037155151e-02,2.726634964346885681e-02,-1.231946647167205811e-01,-9.609989821910858154e-02,-2.529612779617309570e-01,1.487469300627708435e-03,-5.984346382319927216e-03,1.029114127159118652e-01,-6.960425525903701782e-02,0.000000000000000000e+00,0.000000000000000000e+00,-7.800927013158798218e-02,7.362174242734909058e-02,-5.117496848106384277e-01,-4.058778285980224609e-01,-1.437065154314041138e-01,-4.114412888884544373e-02,-1.373063623905181885e-01,3.821089565753936768e-01,-4.427042901515960693e-01,-3.015378676354885101e-02
5.054042339324951172e-01,3.308194577693939209e-01,8.395693302154541016e-01,6.661160383373498917e-03,2.565928734838962555e-02,7.220782041549682617e-01,6.913033723831176758e-01,-1.119973883032798767e-01,-4.249906912446022034e-02,1.503513604402542114e-01,2.164394173361351790e-18,-5.825330317020416260e-02,2.728840708732604980e-02,-1.229693144559860229e-01,-9.511824697256088257e-02,-2.522279918193817139e-01,1.388321514241397381e-03,-6.628755014389753342e-03,1.031527146697044373e-01,-6.877500563859939575e-02,0.000000000000000000e+00,0.000000000000000000e+00,-7.962723076343536377e-02,7.508232444524765015e-02,-5.135028958320617676e-01,-4.048398137092590332e-01,-1.515828818082809448e-01,-3.979749977588653564e-02,-1.414903551340103149e-01,3.956274390220642090e-01,-4.427047073841094971e-01,1.773905241861939430e-03
5.058279633522033691e-01,3.308689594268798828e-01,8.409137725830078125e-01,4.359244368970394135e-03,2.357694879174232483e-02,7.220292687416076660e-01,6.914469599723815918e-01,-1.121953129768371582e-01,-3.558311238884925842e-02,1.474720090627670288e-01,2.572664053937924553e-18,-5.842489749193191528e-02,3.342216834425926208e-02,-1.176746785640716553e-01,-8.843087404966354370e-02,-2.575524747371673584e-01,3.410495351999998093e-03,-1.763092167675495148e-02,5.562067031860351562e-02,-6.788395345211029053e-02,0.000000000000000000e+00,0.000000000000000000e+00,-8.091054856777191162e-02,7.707637548446655273e-02,-5.171045660972595215e-01,-4.012445807456970215e-01,-1.441201567649841309e-01,-3.643419966101646423e-02,-1.341779381036758423e-01,3.942328393459320068e-01,-4.469153583049774170e-01,-7.145698182284832001e-03
5.061284899711608887e-01,3.310515582561492920e-01,8.408980369567871094e-01,4.602071363478899002e-03,2.496472746133804321e-02,7.219122648239135742e-01,6.915187835693359375e-01,-1.139995679259300232e-01,-3.705372288823127747e-02,1.470215022563934326e-01,8.881802196451381477e-19,-5.960261449217796326e-02,3.415165841579437256e-02,-1.177802309393882751e-01,-9.086111932992935181e-02,-2.584913969039916992e-01,2.129820408299565315e-03,-1.390825584530830383e-02,5.439205095171928406e-02,-6.715878844261169434e-02,0.000000000000000000e+00,0.000000000000000000e+00,-8.039616048336029053e-02,7.616729289293289185e-02,-5.129275321960449219e-01,-4.050037562847137451e-01,-1.440204381942749023e-01,-3.608595579862594604e-02,-1.358262300491333008e-01,3.929296731948852539e-01,-4.475781917572021484e-01,-4.529736470431089401e-03
5.061259269714355469e-01,3.314424157142639160e-01,8.407817482948303223e-01,4.449487663805484772e-03,2.454065717756748199e-02,7.218000292778015137e-01,6.916521191596984863e-01,-1.129217147827148438e-01,-3.599892556667327881e-02,1.460348367691040039e-01,-2.805333416636840178e-18,-5.820500478148460388e-02,3.600898757576942444e-02,-1.177002415060997009e-01,-9.001293778419494629e-02,-2.610399723052978516e-01,2.804093994200229645e-03,-1.596960611641407013e-02,5.649900436401367188e-02,-6.726050376892089844e-02,0.000000000000000000e+00,0.000000000000000000e+00,-8.085738122463226318e-02,7.617727667093276978e-02,-5.175977945327758789e-01,-4.005728662014007568e-01,-1.430431008338928223e-01,-3.792866319417953491e-02,-1.325933784246444702e-01,3.855962157249450684e-01,-4.457733035087585449e-01,-2.417657710611820221e-02
5.058531761169433594e-01,3.313698768615722656e-01,8.407297134399414062e-01,4.155130125582218170e-03,2.463993243873119354e-02,7.217687368392944336e-01,6.916830539703369141e-01,-1.141231060028076172e-01,-3.592221066355705261e-02,1.463562995195388794e-01,-2.676756462221597556e-19,-5.942253768444061279e-02,3.534572198987007141e-02,-1.176156178116798401e-01,-9.026703983545303345e-02,-2.621527016162872314e-01,2.922107698395848274e-03,-1.837092265486717224e-02,5.750301107764244080e-02,-6.638631224632263184e-02,0.000000000000000000e+00,0.000000000000000000e+00,-8.167968690395355225e-02,7.621189206838607788e-02,-5.167226195335388184e-01,-4.003897607326507568e-01,-1.416886895895004272e-01,-3.806649893522262573e-02,-1.320183426141738892e-01,3.844447433948516846e-01,-4.455270767211914062e-01,-2.907736040651798248e-02
5.062053799629211426e-01,3.317426741123199463e-01,8.408156633377075195e-01,4.039154388010501862e-03,2.460958063602447510e-02,7.220901846885681152e-01,6.913492679595947266e-01,-1.142659783363342285e-01,-3.517568856477737427e-02,1.476029902696609497e-01,6.595077936660787531e-19,-5.783354490995407104e-02,3.448790684342384338e-02,-1.180011257529258728e-01,-8.939334750175476074e-02,-2.606143355369567871e-01,3.632532432675361633e-03,-1.739401556551456451e-02,5.577865988016128540e-02,-6.813629716634750366e-02,0.000000000000000000e+00,0.000000000000000000e+00,-8.042391389608383179e-02,7.568868994712829590e-02,-5.157805085182189941e-01,-4.017466604709625244e-01,-1.426419168710708618e-01,-3.893408924341201782e-02,-1.320056021213531494e-01,3.859889805316925049e-01,-4.456027746200561523e-01,-2.618226222693920135e-02
5.059540867805480957e-01,3.317013382911682129e-01,8.407244086265563965e-01,3.883829107508063316e-03,2.472905814647674561e-02,7.222236394882202148e-01,6.912065148353576660e-01,-1.141070500016212463e-01,-3.534492850303649902e-02,1.456623077392578125e-01,-1.785426338803857479e-18,-5.786265060305595398e-02,3.653972968459129333e-02,-1.179889515042304993e-01,-8.989275246858596802e-02,-2.618543803691864014e-01,2.552739810198545456e-03,-1.658156327903270721e-02,5.390210449695587158e-02,-6.833813339471817017e-02,0.000000000000000000e+00,0.000000000000000000e+00,-8.099370449781417847e-02,7.421811670064926147e-02,-5.159879922866821289e-01,-3.993589580059051514e-01,-1.429430991411209106e-01,-3.920766338706016541e-02,-1.319376975297927856e-01,3.866795301437377930e-01,-4.448378682136535645e-01,-2.618082053959369659e-02
5.060338377952575684e-01,3.319618403911590576e-01,8.407564759254455566e-01,3.796634264290332794e-03,2.456092089414596558e-02,7.220150232315063477e-01,6.914308667182922363e-01,-1.141037344932556152e-01,-3.480320796370506287e-02,1.473090350627899170e-01,1.729667748072882989e-19,-5.815854668617248535e-02,3.492480888962745667e-02,-1.185349598526954651e-01,-8.940090239048004150e-02,-2.609418630599975586e-01,3.944648429751396179e-03,-1.746720261871814728e-02,5.398837476968765259e-02,-6.830477714538574219e-02,0.000000000000000000e+00,0.000000000000000000e+00,-7.941806316375732422e-02,7.409938424825668335e-02,-5.158383846282958984e-01,-4.020167291164398193e-01,-1.415713131427764893e-01,-3.902537375688552856e-02,-1.314810961484909058e-01,3.870409727096557617e-01,-4.456470906734466553e-01,-3.116307966411113739e-02
5.062731504440307617e-01,3.322822153568267822e-01,8.407318592071533203e-01,3.183677792549133301e-03,2.454599179327487946e-02,7.222907543182373047e-01,6.911464333534240723e-01,-1.149170845746994019e-01,-3.374210745096206665e-02,1.474817991256713867e-01,-1.632748650061269843e-18,-5.679019913077354431e-02,3.409376367926597595e-02,-1.180987805128097534e-01,-8.821080625057220459e-02,-2.624236345291137695e-01,2.065495355054736137e-03,-1.769661344587802887e-02,5.380540713667869568e-02,-6.829532235860824585e-02,0.000000000000000000e+00,0.000000000000000000e+00,-7.755754888057708740e-02,7.492460310459136963e-02,-5.111585855484008789e-01,-4.057462215423583984e-01,-1.430806815624237061e-01,-3.844241797924041748e-02,-1.314247846603393555e-01,3.860225975513458252e-01,-4.474766850471496582e-01,-2.474564313888549805e-02
5.070008635520935059e-01,3.302815556526184082e-01,8.410538434982299805e-01,1.672382932156324387e-03,2.468649111688137054e-02,7.209294438362121582e-01,6.925665736198425293e-01,-1.186034232378005981e-01,-3.075996786355972290e-02,1.499698311090469360e-01,2.059997362612259273e-18,-5.442469939589500427e-02,3.361747786402702332e-02,-1.270072013139724731e-01,-8.616942167282104492e-02,-2.587015032768249512e-01,9.389694780111312866e-03,-2.046559937298297882e-02,5.015667900443077087e-02,-6.508428603410720825e-02,0.000000000000000000e+00,0.000000000000000000e+00,-8.129020035266876221e-02,7.693075388669967651e-02,-5.145465731620788574e-01,-4.021365046501159668e-01,-1.402942091226577759e-01,-4.116474464535713196e-02,-1.287633627653121948e-01,3.875412046909332275e-01,-4.461003243923187256e-01,-2.877976372838020325e-02
5.062342286109924316e-01,3.327463567256927490e-01,8.407276868820190430e-01,2.758394228294491768e-03,2.429139986634254456e-02,7.221385836601257324e-01,6.913163065910339355e-01,-1.146163791418075562e-01,-3.289102762937545776e-02,1.468361765146255493e-01,-2.549714755023253353e-18,-5.732248723506927490e-02,3.383003175258636475e-02,-1.179718449711799622e-01,-8.716876804828643799e-02,-2.609943151473999023e-01,2.706982428207993507e-03,-2.132474631071090698e-02,5.423103272914886475e-02,-6.829688698053359985e-02,0.000000000000000000e+00,0.000000000000000000e+00,-7.927267998456954956e-02,7.386508584022521973e-02,-5.148441195487976074e-01,-4.021559059619903564e-01,-1.419671177864074707e-01,-3.991394117474555969e-02,-1.293411552906036377e-01,3.848334550857543945e-01,-4.450169801712036133e-01,-3.081455826759338379e-02
5.061141848564147949e-01,3.329013288021087646e-01,8.406876325607299805e-01,2.573844278231263161e-03,2.448265999555587769e-02,7.224918007850646973e-01,6.909410953521728516e-01,-1.150560900568962097e-01,-3.314780816435813904e-02,1.469805687665939331e-01,3.436293553002488840e-18,-5.686743184924125671e-02,3.482546284794807434e-02,-1.190231591463088989e-01,-8.779527992010116577e-02,-2.627944648265838623e-01,4.129564389586448669e-03,-2.065840549767017365e-02,5.622964724898338318e-02,-6.826627254486083984e-02,0.000000000000000000e+00,0.000000000000000000e+00,-7.869283109903335571e-02,7.373331487178802490e-02,-5.122439861297607422e-01,-4.020225107669830322e-01,-1.428162157535552979e-01,-3.892910853028297424e-02,-1.306993514299392700e-01,3.849797248840332031e-01,-4.456623792648315430e-01,-2.429844811558723450e-02
5.061552524566650391e-01,3.331122100353240967e-01,8.406521081924438477e-01,2.824075520038604736e-03,2.521672844886779785e-02,7.221455574035644531e-01,6.912755966186523438e-01,-1.153226792812347412e-01,-3.425723686814308167e-02,1.457947939634323120e-01,2.434359455519058326e-18,-5.817933008074760437e-02,3.559756651520729065e-02,-1.179190948605537415e-01,-8.877989649772644043e-02,-2.620739042758941650e-01,2.096188487485051155e-03,-1.887191459536552429e-02,5.453996732831001282e-02,-6.860753148794174194e-02,0.000000000000000000e+00,0.000000000000000000e+00,-7.819066941738128662e-02,7.226459681987762451e-02,-5.125535726547241211e-01,-4.021122157573699951e-01,-1.451124399900436401e-01,-4.001153260469436646e-02,-1.307646036148071289e-01,3.844828009605407715e-01,-4.446787536144256592e-01,-2.647618018090724945e-02
5.062595605850219727e-01,3.332023322582244873e-01,8.405807018280029297e-01,2.648260444402694702e-03,2.532878331840038300e-02,7.223181128501892090e-01,6.910918354988098145e-01,-1.160540506243705750e-01,-3.414155915379524231e-02,1.468249410390853882e-01,1.392680983963679939e-18,-5.704414844512939453e-02,3.385221958160400391e-02,-1.187232807278633118e-01,-8.837924897670745850e-02,-2.622451782226562500e-01,1.864697318524122238e-03,-1.663412153720855713e-02,5.426808074116706848e-02,-6.828060746192932129e-02,0.000000000000000000e+00,0.000000000000000000e+00,-7.990746945142745972e-02,7.180185616016387939e-02,-5.134186744689941406e-01,-3.996345698833465576e-01,-1.439944058656692505e-01,-4.004599526524543762e-02,-1.309589296579360962e-01,3.837403655052185059e-01,-4.428469836711883545e-01,-2.645021677017211914e-02
5.062828063964843750e-01,3.331906795501708984e-01,8.408512473106384277e-01,2.067615510895848274e-03,2.533766999840736389e-02,7.223407030105590820e-01,6.910699009895324707e-01,-1.167829707264900208e-01,-3.317641466856002808e-02,1.473417729139328003e-01,3.584140506967766794e-19,-5.897552520036697388e-02,3.535851091146469116e-02,-1.189358755946159363e-01,-8.782506734132766724e-02,-2.627768516540527344e-01,3.197369165718555450e-03,-2.342946641147136688e-02,5.778600275516510010e-02,-6.877780705690383911e-02,0.000000000000000000e+00,0.000000000000000000e+00,-7.936123758554458618e-02,7.301468402147293091e-02,-5.106659531593322754e-01,-3.999463915824890137e-01,-1.436630338430404663e-01,-3.996520489454269409e-02,-1.302573084831237793e-01,3.843730688095092773e-01,-4.438302814960479736e-01,-2.692128904163837433e-02
5.063869357109069824e-01,3.332501947879791260e-01,8.408464193344116211e-01,2.229201374575495720e-03,2.573817595839500427e-02,7.224799990653991699e-01,6.909089684486389160e-01,-1.165969744324684143e-01,-3.430036455392837524e-02,1.442705988883972168e-01,3.400797578556613316e-18,-5.853380635380744934e-02,3.549906238913536072e-02,-1.192832291126251221e-01,-8.819747716188430786e-02,-2.613581418991088867e-01,1.751844072714447975e-03,-1.794240251183509827e-02,5.320633947849273682e-02,-6.875734031200408936e-02,0.000000000000000000e+00,0.000000000000000000e+00,-8.013421297073364258e-02,7.282450050115585327e-02,-5.133006572723388672e-01,-4.012823402881622314e-01,-1.449755281209945679e-01,-3.874191641807556152e-02,-1.314007639884948730e-01,3.853253424167633057e-01,-4.450493156909942627e-01,-2.827213890850543976e-02
5.062287449836730957e-01,3.336529731750488281e-01,8.408365249633789062e-01,2.197782509028911591e-03,2.569000050425529480e-02,7.224172353744506836e-01,6.909765005111694336e-01,-1.164746582508087158e-01,-3.431550413370132446e-02,1.463248580694198608e-01,4.619638284986148959e-19,-5.898752808570861816e-02,3.631140664219856262e-02,-1.187945753335952759e-01,-8.816163241863250732e-02,-2.627256512641906738e-01,1.725216279737651348e-03,-1.987625472247600555e-02,5.607926473021507263e-02,-6.874430179595947266e-02,0.000000000000000000e+00,0.000000000000000000e+00,-8.104921132326126099e-02,7.281708717346191406e-02,-5.135938525199890137e-01,-3.986868560314178467e-01,-1.468154191970825195e-01,-3.902916610240936279e-02,-1.316027939319610596e-01,3.847030103206634521e-01,-4.432417750358581543e-01,-2.820009738206863403e-02
5.062028765678405762e-01,3.336206674575805664e-01,8.409333229064941406e-01,1.595460460521280766e-03,2.566242590546607971e-02,7.221844792366027832e-01,6.912224292755126953e-01,-1.170092150568962097e-01,-3.347446024417877197e-02,1.463232189416885376e-01,1.561253775357086555e-18,-5.914452672004699707e-02,3.541227430105209351e-02,-1.197494044899940491e-01,-8.752454072237014771e-02,-2.626309394836425781e-01,2.022593514993786812e-03,-2.077970653772354126e-02,5.436993390321731567e-02,-6.777983158826828003e-02,0.000000000000000000e+00,0.000000000000000000e+00,-7.875861227512359619e-02,7.486097514629364014e-02,-5.112787485122680664e-01,-4.048638641834259033e-01,-1.471151411533355713e-01,-3.864068537950515747e-02,-1.304717361927032471e-01,3.848841488361358643e-01,-4.450464546680450439e-01,-2.687065489590167999e-02
5.062609910964965820e-01,3.343275487422943115e-01,8.406272530555725098e-01,1.987328054383397102e-03,2.585901692509651184e-02,7.224095463752746582e-01,6.909788846969604492e-01,-1.161291897296905518e-01,-3.408095985651016235e-02,1.452096253633499146e-01,2.590398806271061467e-18,-5.873687937855720520e-02,3.545578196644783020e-02,-1.184583902359008789e-01,-8.832262456417083740e-02,-2.628495097160339355e-01,1.692194724455475807e-03,-1.863683201372623444e-02,5.392559617757797241e-02,-6.854062527418136597e-02,0.000000000000000000e+00,0.000000000000000000e+00,-8.101387321949005127e-02,7.414533197879791260e-02,-5.166544914245605469e-01,-3.994832634925842285e-01,-1.475500911474227905e-01,-3.819609433412551880e-02,-1.311794966459274292e-01,3.847889006137847900e-01,-4.434933662414550781e-01,-2.756211534142494202e-02
5.059375166893005371e-01,3.346424698829650879e-01,8.406729102134704590e-01,1.793146948330104351e-03,2.582638524472713470e-02,7.225314974784851074e-01,6.908531188964843750e-01,-1.161126643419265747e-01,-3.407119959592819214e-02,1.462582647800445557e-01,6.827217903767669217e-19,-5.835222825407981873e-02,3.522007912397384644e-02,-1.183594986796379089e-01,-8.854624629020690918e-02,-2.634802460670471191e-01,1.464689848944544792e-03,-1.987633109092712402e-02,5.515033006668090820e-02,-6.782773137092590332e-02,0.000000000000000000e+00,0.000000000000000000e+00,-8.072973042726516724e-02,7.428562641143798828e-02,-5.148549079895019531e-01,-4.004664421081542969e-01,-1.455188989639282227e-01,-3.821185603737831116e-02,-1.318471431732177734e-01,3.854076862335205078e-01,-4.431091845035552979e-01,-2.573163621127605438e-02
5.060949921607971191e-01,3.351873755455017090e-01,8.408941030502319336e-01,1.951059210114181042e-03,2.555684931576251984e-02,7.223845720291137695e-01,6.910163164138793945e-01,-1.149228885769844055e-01,-3.385826945304870605e-02,1.461623013019561768e-01,-5.276353516904248690e-19,-6.007191911339759827e-02,3.527139127254486084e-02,-1.168467923998832703e-01,-8.806611597537994385e-02,-2.624408304691314697e-01,3.594681387767195702e-03,-2.485626004636287689e-02,5.841189622879028320e-02,-6.892772763967514038e-02,0.000000000000000000e+00,0.000000000000000000e+00,-8.042247593402862549e-02,7.427846640348434448e-02,-5.170647501945495605e-01,-3.986919224262237549e-01,-1.467195153236389160e-01,-3.813750669360160828e-02,-1.304796189069747925e-01,3.867583274841308594e-01,-4.427522420883178711e-01,-2.991912327706813812e-02
5.058071017265319824e-01,3.354892730712890625e-01,8.406556844711303711e-01,1.791104092262685299e-03,2.574568428099155426e-02,7.223697304725646973e-01,6.910252571105957031e-01,-1.149479970335960388e-01,-3.383338078856468201e-02,1.479185819625854492e-01,2.356564773269671179e-18,-5.891200900077819824e-02,3.517584875226020813e-02,-1.184931695461273193e-01,-8.869685232639312744e-02,-2.648251056671142578e-01,5.562425125390291214e-03,-2.253746427595615387e-02,5.803641304373741150e-02,-6.832863390445709229e-02,0.000000000000000000e+00,0.000000000000000000e+00,-8.093414455652236938e-02,7.385865598917007446e-02,-5.178744196891784668e-01,-3.980116844177246094e-01,-1.461030542850494385e-01,-3.855780512094497681e-02,-1.307346820831298828e-01,3.836563825607299805e-01,-4.425609111785888672e-01,-3.233700618147850037e-02
5.059187412261962891e-01,3.360833525657653809e-01,8.409081101417541504e-01,2.095457166433334351e-03,2.572660520672798157e-02,7.221388816833496094e-01,6.912663578987121582e-01,-1.139817908406257629e-01,-3.411530330777168274e-02,1.477810144424438477e-01,-5.514052137727486723e-19,-5.999893322587013245e-02,3.464362025260925293e-02,-1.166459470987319946e-01,-8.852641284465789795e-02,-2.641789913177490234e-01,3.365844720974564552e-03,-2.331572584807872772e-02,5.643235892057418823e-02,-6.751787662506103516e-02,0.000000000000000000e+00,0.000000000000000000e+00,-8.060245215892791748e-02,7.403962314128875732e-02,-5.179325938224792480e-01,-3.987062573432922363e-01,-1.454904824495315552e-01,-3.868820518255233765e-02,-1.308713555335998535e-01,3.828912973403930664e-01,-4.424489736557006836e-01,-3.159897401928901672e-02
5.057529211044311523e-01,3.363360762596130371e-01,8.407710790634155273e-01,2.025167690590023994e-03,2.558532357215881348e-02,7.218698859214782715e-01,6.915526986122131348e-01,-1.133023127913475037e-01,-3.410670533776283264e-02,1.476644128561019897e-01,1.104451553880802551e-19,-6.052056699991226196e-02,3.506843745708465576e-02,-1.179401353001594543e-01,-8.824512362480163574e-02,-2.615626454353332520e-01,6.492151413112878799e-03,-2.441342920064926147e-02,5.688755214214324951e-02,-6.794653087854385376e-02,0.000000000000000000e+00,0.000000000000000000e+00,-8.082087337970733643e-02,7.413236051797866821e-02,-5.202582478523254395e-01,-3.977659642696380615e-01,-1.447626650333404541e-01,-3.947313502430915833e-02,-1.305314004421234131e-01,3.875733315944671631e-01,-4.406446218490600586e-01,-3.075654618442058563e-02
5.055488944053649902e-01,3.368379771709442139e-01,8.409267067909240723e-01,2.053245902061462402e-03,2.542712911963462830e-02,7.219429016113281250e-01,6.914822459220886230e-01,-1.122661828994750977e-01,-3.421431779861450195e-02,1.477199643850326538e-01,-2.521908251551670775e-19,-6.187874451279640198e-02,3.574829176068305969e-02,-1.162684410810470581e-01,-8.808201551437377930e-02,-2.628261446952819824e-01,4.453990142792463303e-03,-2.566557936370372772e-02,5.601825192570686340e-02,-6.735179573297500610e-02,0.000000000000000000e+00,0.000000000000000000e+00,-8.019796013832092285e-02,7.370579987764358521e-02,-5.191767215728759766e-01,-3.995546698570251465e-01,-1.456394642591476440e-01,-3.870245814323425293e-02,-1.301759481430053711e-01,3.861934840679168701e-01,-4.421593844890594482e-01,-3.051356971263885498e-02
5.056359767913818359e-01,3.371983468532562256e-01,8.410586118698120117e-01,1.992916921153664589e-03,2.535069361329078674e-02,7.218696475028991699e-01,6.915616989135742188e-01,-1.116790995001792908e-01,-3.400550410151481628e-02,1.472565978765487671e-01,-2.308257425496574363e-18,-6.204879656434059143e-02,3.533594682812690735e-02,-1.152990534901618958e-01,-8.756928145885467529e-02,-2.620122432708740234e-01,4.052096512168645859e-03,-2.661604806780815125e-02,5.611719563603401184e-02,-6.730169802904129028e-02,0.000000000000000000e+00,0.000000000000000000e+00,-8.019039034843444824e-02,7.361673563718795776e-02,-5.197128653526306152e-01,-4.007740914821624756e-01,-1.453641653060913086e-01,-3.792686387896537781e-02,-1.308937072753906250e-01,3.881874978542327881e-01,-4.440328776836395264e-01,-2.922270819544792175e-02
5.054218769073486328e-01,3.374490439891815186e-01,8.408880829811096191e-01,2.101483521983027458e-03,2.536308951675891876e-02,7.217232584953308105e-01,6.917136907577514648e-01,-1.111793443560600281e-01,-3.421073034405708313e-02,1.483518481254577637e-01,2.310454417203515205e-18,-6.275489181280136108e-02,3.605600446462631226e-02,-1.153975278139114380e-01,-8.780483901500701904e-02,-2.619630992412567139e-01,4.905825480818748474e-03,-2.706922404468059540e-02,5.688348412513732910e-02,-6.774532794952392578e-02,0.000000000000000000e+00,0.000000000000000000e+00,-8.071681112051010132e-02,7.284095138311386108e-02,-5.187001228332519531e-01,-4.004995822906494141e-01,-1.444758921861648560e-01,-3.840094432234764099e-02,-1.307539939880371094e-01,3.893081545829772949e-01,-4.440981149673461914e-01,-2.802182547748088837e-02
5.054817795753479004e-01,3.376409411430358887e-01,8.410619497299194336e-01,1.959207467734813690e-03,2.532326057553291321e-02,7.217797040939331055e-01,6.916566491127014160e-01,-1.112242713570594788e-01,-3.397684171795845032e-02,1.482527256011962891e-01,-5.344645548276626655e-19,-6.376070529222488403e-02,3.536145016551017761e-02,-1.150925755500793457e-01,-8.789534121751785278e-02,-2.614124715328216553e-01,5.152486264705657959e-03,-2.862611599266529083e-02,5.519239604473114014e-02,-6.740964204072952271e-02,0.000000000000000000e+00,0.000000000000000000e+00,-7.951809465885162354e-02,7.407926023006439209e-02,-5.165506601333618164e-01,-4.042535126209259033e-01,-1.444020867347717285e-01,-3.754775598645210266e-02,-1.293933242559432983e-01,3.853499591350555420e-01,-4.460500180721282959e-01,-3.030811436474323273e-02
5.052548646926879883e-01,3.378164470195770264e-01,8.409488201141357422e-01,1.869988162070512772e-03,2.518993057310581207e-02,7.218290567398071289e-01,6.916102766990661621e-01,-1.109743043780326843e-01,-3.418725356459617615e-02,1.468712240457534790e-01,-6.286969702097035782e-19,-6.292801350355148315e-02,3.610018268227577209e-02,-1.151929646730422974e-01,-8.784938603639602661e-02,-2.611055970191955566e-01,5.928507540374994278e-03,-2.923207357525825500e-02,5.618026852607727051e-02,-6.837825477123260498e-02,0.000000000000000000e+00,0.000000000000000000e+00,-8.127035200595855713e-02,7.390388846397399902e-02,-5.190281271934509277e-01,-4.022723734378814697e-01,-1.414577960968017578e-01,-3.835369274020195007e-02,-1.284172683954238892e-01,3.859562873840332031e-01,-4.460895955562591553e-01,-3.538556024432182312e-02
5.052821040153503418e-01,3.381257951259613037e-01,8.408868312835693359e-01,1.608782797120511532e-03,2.557308971881866455e-02,7.214629054069519043e-01,6.919788122177124023e-01,-1.107839122414588928e-01,-3.400085121393203735e-02,1.475855857133865356e-01,1.126990571211647450e-18,-6.340356171131134033e-02,3.528548032045364380e-02,-1.162130832672119141e-01,-8.788862824440002441e-02,-2.614367902278900146e-01,5.337875336408615112e-03,-2.889963425695896149e-02,5.651215836405754089e-02,-6.684867292642593384e-02,0.000000000000000000e+00,0.000000000000000000e+00,-8.229882270097732544e-02,7.331182062625885010e-02,-5.193918347358703613e-01,-4.022086262702941895e-01,-1.420401334762573242e-01,-3.800283744931221008e-02,-1.282871961593627930e-01,3.857217431068420410e-01,-4.476968348026275635e-01,-3.501311689615249634e-02
5.053744912147521973e-01,3.383237719535827637e-01,8.409159183502197266e-01,1.582152093760669231e-03,2.614523842930793762e-02,7.215388417243957520e-01,6.918783187866210938e-01,-1.119850277900695801e-01,-3.460750356316566467e-02,1.480688154697418213e-01,4.745899133686243103e-19,-6.335685402154922485e-02,3.579160198569297791e-02,-1.162540093064308167e-01,-8.873617649078369141e-02,-2.611703574657440186e-01,4.607048816978931427e-03,-2.607469446957111359e-02,5.453072860836982727e-02,-6.699704378843307495e-02,0.000000000000000000e+00,0.000000000000000000e+00,-8.334224671125411987e-02,7.159292697906494141e-02,-5.190153121948242188e-01,-4.013521075248718262e-01,-1.437383592128753662e-01,-3.740831837058067322e-02,-1.290980577468872070e-01,3.872904181480407715e-01,-4.471403360366821289e-01,-3.116285800933837891e-02
5.050977468490600586e-01,3.387246429920196533e-01,8.407412767410278320e-01,1.647978322580456734e-03,2.598885446786880493e-02,7.213250398635864258e-01,6.921069622039794922e-01,-1.112951859831809998e-01,-3.447216376662254333e-02,1.493769884109497070e-01,-6.289616680057205471e-19,-6.425224244594573975e-02,3.641702234745025635e-02,-1.161664724349975586e-01,-8.837091922760009766e-02,-2.589609026908874512e-01,5.391133949160575867e-03,-2.701591886579990387e-02,5.698950216174125671e-02,-6.692003458738327026e-02,0.000000000000000000e+00,0.000000000000000000e+00,-8.293835818767547607e-02,7.144204527139663696e-02,-5.169363617897033691e-01,-4.018707573413848877e-01,-1.447049081325531006e-01,-3.752527013421058655e-02,-1.294375061988830566e-01,3.873500227928161621e-01,-4.460423290729522705e-01,-2.665562182664871216e-02
5.052079558372497559e-01,3.387753963470458984e-01,8.408303856849670410e-01,1.482034102082252502e-03,2.586089633405208588e-02,7.213959693908691406e-01,6.920381784439086914e-01,-1.110482364892959595e-01,-3.404615446925163269e-02,1.481479704380035400e-01,1.257380705529606308e-18,-6.379382312297821045e-02,3.598871082067489624e-02,-1.156251505017280579e-01,-8.800662308931350708e-02,-2.598709762096405029e-01,4.660136532038450241e-03,-2.805317938327789307e-02,5.574726685881614685e-02,-6.706888228654861450e-02,0.000000000000000000e+00,0.000000000000000000e+00,-8.288100361824035645e-02,7.230655848979949951e-02,-5.172966718673706055e-01,-4.029993116855621338e-01,-1.446653008460998535e-01,-3.823996707797050476e-02,-1.296776235103607178e-01,3.864681720733642578e-01,-4.468378126621246338e-01,-2.925452589988708496e-02
5.050491690635681152e-01,3.388798236846923828e-01,8.407337069511413574e-01,1.454214914701879025e-03,2.599599398672580719e-02,7.214857935905456543e-01,6.919395923614501953e-01,-1.114318594336509705e-01,-3.447216749191284180e-02,1.486333906650543213e-01,4.658588565670045926e-18,-6.328541785478591919e-02,3.597674518823623657e-02,-1.160470694303512573e-01,-8.835493773221969604e-02,-2.586472034454345703e-01,5.261382088065147400e-03,-2.731329761445522308e-02,5.615184456110000610e-02,-6.754428893327713013e-02,0.000000000000000000e+00,0.000000000000000000e+00,-8.331530541181564331e-02,7.136557251214981079e-02,-5.169789195060729980e-01,-4.025270640850067139e-01,-1.443984508514404297e-01,-3.776462003588676453e-02,-1.289488226175308228e-01,3.857004642486572266e-01,-4.469109773635864258e-01,-2.809612639248371124e-02
5.051381587982177734e-01,3.391338288784027100e-01,8.406844139099121094e-01,1.537572592496871948e-03,2.570582553744316101e-02,7.212437987327575684e-01,6.922024488449096680e-01,-1.105909347534179688e-01,-3.402480855584144592e-02,1.484530568122863770e-01,3.480378970929115003e-19,-6.412422657012939453e-02,3.649287298321723938e-02,-1.152172982692718506e-01,-8.755820244550704956e-02,-2.589104473590850830e-01,5.153211299329996109e-03,-2.799044735729694366e-02,5.716204643249511719e-02,-6.775733828544616699e-02,0.000000000000000000e+00,0.000000000000000000e+00,-8.268756419420242310e-02,7.084354013204574585e-02,-5.167263746261596680e-01,-4.012918472290039062e-01,-1.431513428688049316e-01,-3.825833275914192200e-02,-1.289354264736175537e-01,3.852807879447937012e-01,-4.474461376667022705e-01,-3.062369301915168762e-02
5.052186846733093262e-01,3.391722142696380615e-01,8.408355116844177246e-01,1.108474796637892723e-03,2.542822621762752533e-02,7.212015986442565918e-01,6.922574639320373535e-01,-1.107552573084831238e-01,-3.295011445879936218e-02,1.500211358070373535e-01,3.986984082725991696e-18,-6.354502588510513306e-02,3.401328995823860168e-02,-1.157495081424713135e-01,-8.694892376661300659e-02,-2.592813372611999512e-01,5.573644302785396576e-03,-3.008242510259151459e-02,5.530970916152000427e-02,-6.728011369705200195e-02,0.000000000000000000e+00,0.000000000000000000e+00,-8.127126097679138184e-02,7.200718671083450317e-02,-5.160036087036132812e-01,-4.040900766849517822e-01,-1.431310474872589111e-01,-3.766582161188125610e-02,-1.283788830041885376e-01,3.853689432144165039e-01,-4.483090937137603760e-01,-3.066534176468849182e-02
5.049569010734558105e-01,3.392041027545928955e-01,8.405522704124450684e-01,1.156206475570797920e-03,2.542884647846221924e-02,7.213955521583557129e-01,6.920552849769592285e-01,-1.106185391545295715e-01,-3.330812230706214905e-02,1.481935083866119385e-01,-2.118058824168581392e-18,-6.346812099218368530e-02,3.610376641154289246e-02,-1.167427599430084229e-01,-8.730773627758026123e-02,-2.583487927913665771e-01,7.800692692399024963e-03,-2.928981371223926544e-02,5.673553422093391418e-02,-6.829821318387985229e-02,0.000000000000000000e+00,0.000000000000000000e+00,-8.173282444477081299e-02,7.129124552011489868e-02,-5.174608826637268066e-01,-4.025320410728454590e-01,-1.442212611436843872e-01,-3.751771524548530579e-02,-1.279348731040954590e-01,3.883591294288635254e-01,-4.467657208442687988e-01,-3.015053644776344299e-02
5.051151514053344727e-01,3.393161296844482422e-01,8.406231999397277832e-01,1.167246256954967976e-03,2.537581324577331543e-02,7.211893796920776367e-01,6.922720670700073242e-01,-1.102290675044059753e-01,-3.298477455973625183e-02,1.489173471927642822e-01,1.576348167174954204e-18,-6.331358104944229126e-02,3.449319675564765930e-02,-1.157866120338439941e-01,-8.692593872547149658e-02,-2.585352659225463867e-01,5.521410144865512848e-03,-2.861569449305534363e-02,5.416053533554077148e-02,-6.730940937995910645e-02,0.000000000000000000e+00,0.000000000000000000e+00,-8.198010921478271484e-02,7.077970355749130249e-02,-5.170590877532958984e-01,-4.015490710735321045e-01,-1.439132690429687500e-01,-3.736361488699913025e-02,-1.288909316062927246e-01,3.872642815113067627e-01,-4.473859965801239014e-01,-3.043474629521369934e-02
5.051314830780029297e-01,3.394603729248046875e-01,8.406354784965515137e-01,1.162429340183734894e-03,2.533091790974140167e-02,7.213211655616760254e-01,6.921364068984985352e-01,-1.100930199027061462e-01,-3.307102248072624207e-02,1.493249237537384033e-01,8.548878543511038899e-19,-6.392034143209457397e-02,3.420256823301315308e-02,-1.156630590558052063e-01,-8.700700104236602783e-02,-2.590040266513824463e-01,6.084887310862541199e-03,-2.956601232290267944e-02,5.740352347493171692e-02,-6.774309277534484863e-02,0.000000000000000000e+00,0.000000000000000000e+00,-8.199283480644226074e-02,7.059436291456222534e-02,-5.180539488792419434e-01,-4.006896913051605225e-01,-1.423815041780471802e-01,-3.739461302757263184e-02,-1.282489150762557983e-01,3.889355361461639404e-01,-4.462855458259582520e-01,-3.382550925016403198e-02
5.049863457679748535e-01,3.394165337085723877e-01,8.404327034950256348e-01,1.162741682492196560e-03,2.530594542622566223e-02,7.210763692855834961e-01,6.923922896385192871e-01,-1.101264953613281250e-01,-3.319793567061424255e-02,1.489988267421722412e-01,-4.134910446030074741e-19,-6.372321397066116333e-02,3.513360768556594849e-02,-1.154881715774536133e-01,-8.687201142311096191e-02,-2.585456669330596924e-01,5.649637430906295776e-03,-2.896630018949508667e-02,5.734452977776527405e-02,-6.714394688606262207e-02,0.000000000000000000e+00,0.000000000000000000e+00,-8.201353251934051514e-02,7.017516344785690308e-02,-5.173000693321228027e-01,-4.004692435264587402e-01,-1.416130512952804565e-01,-3.782840073108673096e-02,-1.283650100231170654e-01,3.886286616325378418e-01,-4.455250203609466553e-01,-3.337458148598670959e-02
5.051138401031494141e-01,3.393436074256896973e-01,8.406243324279785156e-01,1.112633151933550835e-03,2.519755251705646515e-02,7.212240695953369141e-01,6.922425627708435059e-01,-1.102439463138580322e-01,-3.277537599205970764e-02,1.495746225118637085e-01,1.625899594589330774e-18,-6.443361192941665649e-02,3.394544124603271484e-02,-1.152946352958679199e-01,-8.664686977863311768e-02,-2.586145401000976562e-01,5.489692557603120804e-03,-2.955600619316101074e-02,5.595494806766510010e-02,-6.724492460489273071e-02,0.000000000000000000e+00,0.000000000000000000e+00,-7.928901165723800659e-02,7.252538204193115234e-02,-5.165745019912719727e-01,-4.065644741058349609e-01,-1.393732875585556030e-01,-3.732671588659286499e-02,-1.290535628795623779e-01,3.869299590587615967e-01,-4.478110373020172119e-01,-3.675780817866325378e-02
5.049764513969421387e-01,3.394183218479156494e-01,8.403927683830261230e-01,1.097380067221820354e-03,2.515980601310729980e-02,7.212023735046386719e-01,6.922665238380432129e-01,-1.101826578378677368e-01,-3.278702497482299805e-02,1.498697549104690552e-01,-6.118026333789205410e-19,-6.407877057790756226e-02,3.460310772061347961e-02,-1.161785349249839783e-01,-8.697154372930526733e-02,-2.590379118919372559e-01,7.737254258245229721e-03,-2.918903157114982605e-02,5.653465539216995239e-02,-6.748918443918228149e-02,0.000000000000000000e+00,0.000000000000000000e+00,-8.102006465196609497e-02,7.121742516756057739e-02,-5.183060765266418457e-01,-4.014039039611816406e-01,-1.407403349876403809e-01,-3.767187893390655518e-02,-1.292113512754440308e-01,3.898588120937347412e-01,-4.458101987838745117e-01,-3.481266275048255920e-02
5.049884319305419922e-01,3.394209742546081543e-01,8.403246998786926270e-01,9.870961075648665428e-04,2.495545521378517151e-02,7.209825515747070312e-01,6.925029754638671875e-01,-1.098260357975959778e-01,-3.214846551418304443e-02,1.507678925991058350e-01,-1.202237537174371271e-18,-6.374900043010711670e-02,3.488717228174209595e-02,-1.152572557330131531e-01,-8.632837980985641479e-02,-2.590671479701995850e-01,5.742680281400680542e-03,-2.985848858952522278e-02,5.489108338952064514e-02,-6.742964684963226318e-02,0.000000000000000000e+00,0.000000000000000000e+00,-8.112749457359313965e-02,7.177384942770004272e-02,-5.198752880096435547e-01,-4.007628262042999268e-01,-1.406354457139968872e-01,-3.833084180951118469e-02,-1.291959434747695923e-01,3.889601528644561768e-01,-4.461728930473327637e-01,-3.553426265716552734e-02
5.051590800285339355e-01,3.394566178321838379e-01,8.405822515487670898e-01,1.062223454937338829e-03,2.484383434057235718e-02,7.210218906402587891e-01,6.924659609794616699e-01,-1.096530631184577942e-01,-3.215562924742698669e-02,1.504933834075927734e-01,-7.082055706883005983e-19,-6.425914168357849121e-02,3.479041531682014465e-02,-1.153098568320274353e-01,-8.637869358062744141e-02,-2.586456537246704102e-01,6.416663061827421188e-03,-3.034695237874984741e-02,5.602538213133811951e-02,-6.675143539905548096e-02,0.000000000000000000e+00,0.000000000000000000e+00,-8.106892555952072144e-02,7.117913663387298584e-02,-5.180317163467407227e-01,-4.011074900627136230e-01,-1.396134048700332642e-01,-3.779918327927589417e-02,-1.285466849803924561e-01,3.887635469436645508e-01,-4.454490840435028076e-01,-3.293232992291450500e-02
5.051310658454895020e-01,3.395009934902191162e-01,8.404128551483154297e-01,1.058763940818607807e-03,2.486849389970302582e-02,7.211121320724487305e-01,6.923710703849792480e-01,-1.094573214650154114e-01,-3.221141174435615540e-02,1.491327136754989624e-01,1.543525640468850066e-18,-6.381123512983322144e-02,3.555033728480339050e-02,-1.145531088113784790e-01,-8.601067215204238892e-02,-2.596939504146575928e-01,5.486400332301855087e-03,-3.003685548901557922e-02,5.669825896620750427e-02,-6.715346872806549072e-02,0.000000000000000000e+00,0.000000000000000000e+00,-8.173865824937820435e-02,7.111606001853942871e-02,-5.191180109977722168e-01,-4.013462066650390625e-01,-1.394770890474319458e-01,-3.796185180544853210e-02,-1.284308135509490967e-01,3.881493508815765381e-01,-4.460788071155548096e-01,-3.508033230900764465e-02
5.050345063209533691e-01,3.395440280437469482e-01,8.404251933097839355e-01,1.137171289883553982e-03,2.475859224796295166e-02,7.210547924041748047e-01,6.924346089363098145e-01,-1.092625930905342102e-01,-3.244707360863685608e-02,1.484764516353607178e-01,1.170301748084923979e-18,-6.440687179565429688e-02,3.550506010651588440e-02,-1.148453205823898315e-01,-8.643215149641036987e-02,-2.593886554241180420e-01,6.469610612839460373e-03,-3.017307817935943604e-02,5.601880699396133423e-02,-6.711755692958831787e-02,0.000000000000000000e+00,0.000000000000000000e+00,-8.174458146095275879e-02,7.077067345380783081e-02,-5.194731354713439941e-01,-4.011439085006713867e-01,-1.412755548954010010e-01,-3.814366459846496582e-02,-1.282995641231536865e-01,3.867460191249847412e-01,-4.470963478088378906e-01,-3.623724356293678284e-02
5.050023794174194336e-01,3.395401239395141602e-01,8.403152227401733398e-01,8.849253645166754723e-04,2.484640479087829590e-02,7.212470173835754395e-01,6.922315955162048340e-01,-1.099484860897064209e-01,-3.215103223919868469e-02,1.494992077350616455e-01,6.142577054369779271e-19,-6.444246321916580200e-02,3.451340645551681519e-02,-1.153277680277824402e-01,-8.634668588638305664e-02,-2.584650516510009766e-01,6.566872354596853256e-03,-2.972948737442493439e-02,5.671421810984611511e-02,-6.704606860876083374e-02,0.000000000000000000e+00,0.000000000000000000e+00,-8.122430741786956787e-02,7.103620469570159912e-02,-5.167668461799621582e-01,-4.037358462810516357e-01,-1.388033628463745117e-01,-3.761592507362365723e-02,-1.279783546924591064e-01,3.875699043273925781e-01,-4.483941495418548584e-01,-3.656378388404846191e-02
5.051448941230773926e-01,3.395733237266540527e-01,8.403555750846862793e-01,1.247856300324201584e-03,2.477657049894332886e-02,7.211244702339172363e-01,6.923612356185913086e-01,-1.091194301843643188e-01,-3.235738351941108704e-02,1.487927734851837158e-01,-1.216001822567253652e-18,-6.423778831958770752e-02,3.558963537216186523e-02,-1.142895966768264771e-01,-8.610887080430984497e-02,-2.582487165927886963e-01,5.497278645634651184e-03,-2.931410260498523712e-02,5.547539517283439636e-02,-6.713075190782546997e-02,0.000000000000000000e+00,0.000000000000000000e+00,-8.103605359792709351e-02,7.076713442802429199e-02,-5.179482102394104004e-01,-4.033321440219879150e-01,-1.412086337804794312e-01,-3.770839795470237732e-02,-1.279805451631546021e-01,3.872488141059875488e-01,-4.487935006618499756e-01,-3.692054003477096558e-02
5.052772760391235352e-01,3.395773470401763916e-01,8.405044078826904297e-01,1.434758421964943409e-03,2.446110546588897705e-02,7.212122678756713867e-01,6.922805905342102051e-01,-1.083540916442871094e-01,-3.180260583758354187e-02,1.495801955461502075e-01,1.076122272262086460e-18,-6.360321491956710815e-02,3.565219417214393616e-02,-1.141715869307518005e-01,-8.622786402702331543e-02,-2.588359117507934570e-01,7.317471783608198166e-03,-2.994203940033912659e-02,5.648920685052871704e-02,-6.724099069833755493e-02,0.000000000000000000e+00,0.000000000000000000e+00,-8.072573691606521606e-02,7.083304226398468018e-02,-5.193252563476562500e-01,-4.023388922214508057e-01,-1.419639289379119873e-01,-3.706109896302223206e-02,-1.266913115978240967e-01,3.871210813522338867e-01,-4.481378793716430664e-01,-3.888044133782386780e-02
5.051677227020263672e-01,3.396414518356323242e-01,8.403936624526977539e-01,1.435776590369641781e-03,2.457305975258350372e-02,7.215007543563842773e-01,6.919760107994079590e-01,-1.086745262145996094e-01,-3.241608291864395142e-02,1.481113433837890625e-01,2.445403971057866352e-18,-6.391977518796920776e-02,3.562131896615028381e-02,-1.134418994188308716e-01,-8.622965961694717407e-02,-2.587316036224365234e-01,5.594777408987283707e-03,-2.970399893820285797e-02,5.607311427593231201e-02,-6.788522005081176758e-02,0.000000000000000000e+00,0.000000000000000000e+00,-8.038245141506195068e-02,7.172719389200210571e-02,-5.181120634078979492e-01,-4.051241576671600342e-01,-1.412944495677947998e-01,-3.815943747758865356e-02,-1.277904063463211060e-01,3.875145316123962402e-01,-4.487069249153137207e-01,-3.744573518633842468e-02
5.051650404930114746e-01,3.396104574203491211e-01,8.403815627098083496e-01,1.408912823535501957e-03,2.425270900130271912e-02,7.213302850723266602e-01,6.921650171279907227e-01,-1.081303805112838745e-01,-3.173273429274559021e-02,1.487323343753814697e-01,3.102542719449593233e-18,-6.328206509351730347e-02,3.587285429239273071e-02,-1.132171228528022766e-01,-8.574621379375457764e-02,-2.595891952514648438e-01,5.929807201027870178e-03,-2.988690324127674103e-02,5.515060573816299438e-02,-6.768391281366348267e-02,0.000000000000000000e+00,0.000000000000000000e+00,-8.101769536733627319e-02,7.132910192012786865e-02,-5.200299024581909180e-01,-4.027806222438812256e-01,-1.412263214588165283e-01,-3.847394138574600220e-02,-1.269544810056686401e-01,3.887868523597717285e-01,-4.486441910266876221e-01,-3.624534979462623596e-02
5.052125453948974609e-01,3.395937979221343994e-01,8.405057787895202637e-01,1.409110031090676785e-03,2.442347630858421326e-02,7.215024232864379883e-01,6.919795870780944824e-01,-1.085931956768035889e-01,-3.207641094923019409e-02,1.486516147851943970e-01,-8.435720235713784713e-19,-6.370738893747329712e-02,3.483955562114715576e-02,-1.137641295790672302e-01,-8.618742227554321289e-02,-2.596446275711059570e-01,6.431766320019960403e-03,-3.007345832884311676e-02,5.665520206093788147e-02,-6.775735318660736084e-02,0.000000000000000000e+00,0.000000000000000000e+00,-8.143635094165802002e-02,7.152211666107177734e-02,-5.206105709075927734e-01,-4.024691581726074219e-01,-1.413811147212982178e-01,-3.915787115693092346e-02,-1.279458999633789062e-01,3.890621662139892578e-01,-4.486088156700134277e-01,-3.440500050783157349e-02
5.053226351737976074e-01,3.396202325820922852e-01,8.406196832656860352e-01,1.465433393605053425e-03,2.443456649780273438e-02,7.215079665184020996e-01,6.919733285903930664e-01,-1.085150688886642456e-01,-3.184528648853302002e-02,1.494529694318771362e-01,-7.090526036355548987e-19,-6.404905766248703003e-02,3.547425940632820129e-02,-1.131445765495300293e-01,-8.581789582967758179e-02,-2.595680952072143555e-01,5.421177949756383896e-03,-3.097625076770782471e-02,5.679793283343315125e-02,-6.705903261899948120e-02,0.000000000000000000e+00,0.000000000000000000e+00,-8.134569227695465088e-02,7.119938731193542480e-02,-5.222345590591430664e-01,-4.020786285400390625e-01,-1.432757824659347534e-01,-3.940035402774810791e-02,-1.274039298295974731e-01,3.902476727962493896e-01,-4.471538960933685303e-01,-3.114225529134273529e-02
5.053426027297973633e-01,3.397426307201385498e-01,8.408445715904235840e-01,1.822316902689635754e-03,2.422948554158210754e-02,7.213661074638366699e-01,6.921275854110717773e-01,-1.069796085357666016e-01,-3.232399001717567444e-02,1.471128314733505249e-01,2.509407898134769421e-18,-6.394804269075393677e-02,3.623634576797485352e-02,-1.124557182192802429e-01,-8.590862154960632324e-02,-2.581946849822998047e-01,5.871175788342952728e-03,-3.031567111611366272e-02,5.594356730580329895e-02,-6.661458313465118408e-02,0.000000000000000000e+00,0.000000000000000000e+00,-8.065149933099746704e-02,7.108270376920700073e-02,-5.220327377319335938e-01,-4.022866487503051758e-01,-1.422647833824157715e-01,-3.888529166579246521e-02,-1.283865123987197876e-01,3.900146186351776123e-01,-4.481906294822692871e-01,-3.582625091075897217e-02
5.052381753921508789e-01,3.396953642368316650e-01,8.407010436058044434e-01,1.491116243414580822e-03,2.439625002443790436e-02,7.214993834495544434e-01,6.919835805892944336e-01,-1.083885729312896729e-01,-3.207063674926757812e-02,1.486701518297195435e-01,-1.355603440186603026e-18,-6.411390006542205811e-02,3.504186123609542847e-02,-1.134741455316543579e-01,-8.572468906641006470e-02,-2.595537006855010986e-01,6.047178059816360474e-03,-3.039785288274288177e-02,5.650067701935768127e-02,-6.634475290775299072e-02,0.000000000000000000e+00,0.000000000000000000e+00,-8.027076721191406250e-02,7.140540331602096558e-02,-5.183866620063781738e-01,-4.041417837142944336e-01,-1.403699666261672974e-01,-3.986957296729087830e-02,-1.298567652702331543e-01,3.905137181282043457e-01,-4.485713541507720947e-01,-3.273715451359748840e-02
5.052742362022399902e-01,3.397808074951171875e-01,8.408485651016235352e-01,1.813285169191658497e-03,2.453570812940597534e-02,7.213618159294128418e-01,6.921212673187255859e-01,-1.079320907592773438e-01,-3.265437856316566467e-02,1.481525897979736328e-01,-1.427382865021504556e-20,-6.521744281053543091e-02,3.592269122600555420e-02,-1.128282472491264343e-01,-8.635690808296203613e-02,-2.593022882938385010e-01,5.664522293955087662e-03,-3.052299655973911285e-02,5.560477823019027710e-02,-6.646091490983963013e-02,0.000000000000000000e+00,0.000000000000000000e+00,-8.105906099081039429e-02,7.120066881179809570e-02,-5.230188965797424316e-01,-4.017638266086578369e-01,-1.412319391965866089e-01,-3.976132348179817200e-02,-1.301690489053726196e-01,3.916817307472229004e-01,-4.471312463283538818e-01,-3.743576258420944214e-02
5.052555799484252930e-01,3.397282063961029053e-01,8.409387469291687012e-01,1.794032170437276363e-03,2.477609738707542419e-02,7.219220399856567383e-01,6.915283799171447754e-01,-1.085986569523811340e-01,-3.310481831431388855e-02,1.485805511474609375e-01,-1.201284625108710183e-18,-6.508973240852355957e-02,3.588333725929260254e-02,-1.134765297174453735e-01,-8.694232255220413208e-02,-2.597502171993255615e-01,6.566149648278951645e-03,-2.978619560599327087e-02,5.647325888276100159e-02,-6.792706996202468872e-02,0.000000000000000000e+00,0.000000000000000000e+00,-8.140739053487777710e-02,6.996015459299087524e-02,-5.213910937309265137e-01,-4.010376930236816406e-01,-1.420451253652572632e-01,-4.090424999594688416e-02,-1.311680525541305542e-01,3.920081853866577148e-01,-4.473412036895751953e-01,-3.537653386592864990e-02
5.053999423980712891e-01,3.399561047554016113e-01,8.408930301666259766e-01,1.647203695029020309e-03,2.465921640396118164e-02,7.216182351112365723e-01,6.918499469757080078e-01,-1.082556694746017456e-01,-3.226699307560920715e-02,1.497860103845596313e-01,6.399532439853251788e-19,-6.452282518148422241e-02,3.478895500302314758e-02,-1.130022257566452026e-01,-8.605815470218658447e-02,-2.602759301662445068e-01,5.237356759607791901e-03,-3.052250482141971588e-02,5.669732391834259033e-02,-6.688084453344345093e-02,0.000000000000000000e+00,0.000000000000000000e+00,-8.174759894609451294e-02,7.073562592267990112e-02,-5.221337676048278809e-01,-4.009581804275512695e-01,-1.419059485197067261e-01,-4.103117436170578003e-02,-1.314041614532470703e-01,3.917306959629058838e-01,-4.471698999404907227e-01,-3.711305186152458191e-02
5.054733753204345703e-01,3.398007452487945557e-01,8.410421013832092285e-01,1.558976946398615837e-03,2.465740963816642761e-02,7.214305400848388672e-01,6.920459270477294922e-01,-1.078113093972206116e-01,-3.261009231209754944e-02,1.454238444566726685e-01,1.586883139456429564e-18,-6.497230380773544312e-02,3.631784766912460327e-02,-1.133792698383331299e-01,-8.595713227987289429e-02,-2.592692077159881592e-01,5.738843698054552078e-03,-3.077342361211776733e-02,5.442761257290840149e-02,-6.649448722600936890e-02,0.000000000000000000e+00,0.000000000000000000e+00,-8.055903762578964233e-02,7.220491766929626465e-02,-5.220704674720764160e-01,-4.032950997352600098e-01,-1.400785148143768311e-01,-4.137935116887092590e-02,-1.310397833585739136e-01,3.904003798961639404e-01,-4.481635093688964844e-01,-4.171952232718467712e-02
5.054430365562438965e-01,3.395769000053405762e-01,8.410492539405822754e-01,1.284828758798539639e-03,2.490513585507869720e-02,7.221639156341552734e-01,6.912722587585449219e-01,-1.098147705197334290e-01,-3.248745948076248169e-02,1.477320641279220581e-01,1.790276925915868433e-18,-6.468097865581512451e-02,3.570261970162391663e-02,-1.142420321702957153e-01,-8.631405979394912720e-02,-2.614900469779968262e-01,5.980491172522306442e-03,-3.071495518088340759e-02,5.613568797707557678e-02,-6.862384080886840820e-02,0.000000000000000000e+00,0.000000000000000000e+00,-8.232479542493820190e-02,7.215970754623413086e-02,-5.243722200393676758e-01,-4.007993638515472412e-01,-1.395626366138458252e-01,-4.194623604416847229e-02,-1.320115923881530762e-01,3.920774757862091064e-01,-4.476367235183715820e-01,-3.900349512696266174e-02
5.055375695228576660e-01,3.395219445228576660e-01,8.410142660140991211e-01,1.182650215923786163e-03,2.511999942362308502e-02,7.218429446220397949e-01,6.915998458862304688e-01,-1.099187061190605164e-01,-3.252460807561874390e-02,1.466613858938217163e-01,3.082339660168598085e-19,-6.347205489873886108e-02,3.725592419505119324e-02,-1.158474013209342957e-01,-8.654369413852691650e-02,-2.610962688922882080e-01,7.546415552496910095e-03,-3.003439679741859436e-02,5.569157004356384277e-02,-6.798041611909866333e-02,0.000000000000000000e+00,0.000000000000000000e+00,-8.257979154586791992e-02,7.287287712097167969e-02,-5.243445634841918945e-01,-4.017598032951354980e-01,-1.396422535181045532e-01,-4.181662574410438538e-02,-1.309736818075180054e-01,3.901731669902801514e-01,-4.484111368656158447e-01,-4.096914082765579224e-02
5.054638385772705078e-01,3.395352661609649658e-01,8.410696387290954590e-01,1.081330352462828159e-03,2.505134418606758118e-02,7.220657467842102051e-01,6.913698911666870117e-01,-1.100924536585807800e-01,-3.260057419538497925e-02,1.457359045743942261e-01,-6.061381005441574075e-19,-6.391718983650207520e-02,3.657115250825881958e-02,-1.150498315691947937e-01,-8.601222932338714600e-02,-2.607995569705963135e-01,6.235068198293447495e-03,-3.056706115603446960e-02,5.579764768481254578e-02,-6.875178217887878418e-02,0.000000000000000000e+00,0.000000000000000000e+00,-8.142134547233581543e-02,7.384333759546279907e-02,-5.236514210700988770e-01,-4.049163460731506348e-01,-1.389443576335906982e-01,-4.195762425661087036e-02,-1.314470767974853516e-01,3.914524912834167480e-01,-4.476251602172851562e-01,-3.949444368481636047e-02
5.055203437805175781e-01,3.395182788372039795e-01,8.411651253700256348e-01,1.089928555302321911e-03,2.517055533826351166e-02,7.223669290542602539e-01,6.910508275032043457e-01,-1.105770096182823181e-01,-3.274317830801010132e-02,1.461154669523239136e-01,-3.433851715834232302e-18,-6.411792337894439697e-02,3.626288101077079773e-02,-1.154395192861557007e-01,-8.636009693145751953e-02,-2.624693810939788818e-01,6.481810007244348526e-03,-3.021294064819812775e-02,5.614563822746276855e-02,-6.892871856689453125e-02,0.000000000000000000e+00,0.000000000000000000e+00,-8.364149928092956543e-02,7.336119562387466431e-02,-5.253522396087646484e-01,-4.021885991096496582e-01,-1.404304951429367065e-01,-4.172590747475624084e-02,-1.313628852367401123e-01,3.924318552017211914e-01,-4.473407566547393799e-01,-3.664477914571762085e-02
5.054784417152404785e-01,3.395001590251922607e-01,8.411601781845092773e-01,1.234450261108577251e-03,2.503491565585136414e-02,7.223657965660095215e-01,6.910567283630371094e-01,-1.100819706916809082e-01,-3.278174623847007751e-02,1.473037898540496826e-01,-1.777425847919244595e-18,-6.347029656171798706e-02,3.608123585581779480e-02,-1.157850548624992371e-01,-8.659889549016952515e-02,-2.619985342025756836e-01,8.628725074231624603e-03,-2.983530424535274506e-02,5.599035695195198059e-02,-6.940217316150665283e-02,0.000000000000000000e+00,0.000000000000000000e+00,-8.098963648080825806e-02,7.460360229015350342e-02,-5.224984884262084961e-01,-4.070259332656860352e-01,-1.402861922979354858e-01,-4.124648123979568481e-02,-1.302267760038375854e-01,3.921466171741485596e-01,-4.470984041690826416e-01,-3.727855905890464783e-02
5.054366588592529297e-01,3.396676778793334961e-01,8.410246968269348145e-01,1.192602328956127167e-03,2.509401924908161163e-02,7.223969101905822754e-01,6.910220980644226074e-01,-1.092682257294654846e-01,-3.298239782452583313e-02,1.431076079607009888e-01,-1.059036029529191120e-18,-6.354339420795440674e-02,3.697073459625244141e-02,-1.145490258932113647e-01,-8.613008260726928711e-02,-2.607494890689849854e-01,5.650207865983247757e-03,-2.902379445731639862e-02,5.591547861695289612e-02,-6.983325630426406860e-02,0.000000000000000000e+00,0.000000000000000000e+00,-8.296491205692291260e-02,7.404953241348266602e-02,-5.253254771232604980e-01,-4.030347466468811035e-01,-1.409787386655807495e-01,-4.117292910814285278e-02,-1.306076645851135254e-01,3.937690854072570801e-01,-4.480541944503784180e-01,-3.669318556785583496e-02
5.054704546928405762e-01,3.397537171840667725e-01,8.413259387016296387e-01,1.374960294924676418e-03,2.480402775108814240e-02,7.221185564994812012e-01,6.913231611251831055e-01,-1.093958020210266113e-01,-3.263126686215400696e-02,1.472532600164413452e-01,1.298276515014227996e-19,-6.461358070373535156e-02,3.443403542041778564e-02,-1.140573769807815552e-01,-8.599054813385009766e-02,-2.614387571811676025e-01,5.667930468916893005e-03,-3.056672215461730957e-02,5.574976652860641479e-02,-6.922534108161926270e-02,0.000000000000000000e+00,0.000000000000000000e+00,-8.216808736324310303e-02,7.408264279365539551e-02,-5.238354206085205078e-01,-4.041301906108856201e-01,-1.413352489471435547e-01,-4.030210524797439575e-02,-1.302042901515960693e-01,3.942534625530242920e-01,-4.481469690799713135e-01,-3.621827065944671631e-02
5.054352879524230957e-01,3.395079970359802246e-01,8.412246704101562500e-01,1.449110102839767933e-03,2.496023103594779968e-02,7.224925756454467773e-01,6.909264326095581055e-01,-1.096786707639694214e-01,-3.302659839391708374e-02,1.459816247224807739e-01,4.696466820280074169e-19,-6.465756148099899292e-02,3.654899448156356812e-02,-1.146844550967216492e-01,-8.640777319669723511e-02,-2.602904140949249268e-01,7.083924952894449234e-03,-2.943698316812515259e-02,5.525121837854385376e-02,-7.110504060983657837e-02,0.000000000000000000e+00,0.000000000000000000e+00,-8.195294439792633057e-02,7.363095134496688843e-02,-5.245610475540161133e-01,-4.051102995872497559e-01,-1.406883150339126587e-01,-4.134533181786537170e-02,-1.293884664773941040e-01,3.925990462303161621e-01,-4.489348530769348145e-01,-3.905797004699707031e-02
5.053786635398864746e-01,3.394781351089477539e-01,8.412413597106933594e-01,1.714890473522245884e-03,2.488248236477375031e-02,7.218095660209655762e-01,6.916421651840209961e-01,-1.088430881500244141e-01,-3.334094956517219543e-02,1.474334895610809326e-01,-1.079100122467277359e-18,-6.452907621860504150e-02,3.490980714559555054e-02,-1.144123673439025879e-01,-8.665288984775543213e-02,-2.608411014080047607e-01,6.562341004610061646e-03,-2.981152385473251343e-02,5.724145844578742981e-02,-6.874311715364456177e-02,0.000000000000000000e+00,0.000000000000000000e+00,-8.194568753242492676e-02,7.386783510446548462e-02,-5.258273482322692871e-01,-4.043128490447998047e-01,-1.408624947071075439e-01,-4.078529030084609985e-02,-1.307468265295028687e-01,3.947115242481231689e-01,-4.482622742652893066e-01,-3.554416447877883911e-02
5.055073499679565430e-01,3.392837047576904297e-01,8.413848280906677246e-01,1.798661192879080772e-03,2.476378716528415680e-02,7.217875123023986816e-01,6.916692256927490234e-01,-1.087882742285728455e-01,-3.321221470832824707e-02,1.459326893091201782e-01,-5.382345131874343444e-18,-6.460853666067123413e-02,3.650324419140815735e-02,-1.152768284082412720e-01,-8.670443296432495117e-02,-2.604730129241943359e-01,8.544811978936195374e-03,-2.958948910236358643e-02,5.686221644282341003e-02,-6.895398348569869995e-02,0.000000000000000000e+00,0.000000000000000000e+00,-7.950916141271591187e-02,7.489822804927825928e-02,-5.237745642662048340e-01,-4.091681540012359619e-01,-1.374762356281280518e-01,-4.026269540190696716e-02,-1.312776952981948853e-01,3.936881124973297119e-01,-4.498209953308105469e-01,-3.807608410716056824e-02
5.052698850631713867e-01,3.393796086311340332e-01,8.411875367164611816e-01,2.003120491281151772e-03,2.450435608625411987e-02,7.220363020896911621e-01,6.914181709289550781e-01,-1.082499176263809204e-01,-3.312565386295318604e-02,1.475797593593597412e-01,4.929400880775006762e-19,-6.380546838045120239e-02,3.610792011022567749e-02,-1.133696660399436951e-01,-8.639701455831527710e-02,-2.587638497352600098e-01,6.034393794834613800e-03,-2.880692668259143829e-02,5.588340759277343750e-02,-7.063340395689010620e-02,0.000000000000000000e+00,0.000000000000000000e+00,-8.085485547780990601e-02,7.230261713266372681e-02,-5.231534838676452637e-01,-4.046568274497985840e-01,-1.374534666538238525e-01,-4.038842022418975830e-02,-1.302228420972824097e-01,3.928454518318176270e-01,-4.493943154811859131e-01,-3.964312002062797546e-02
5.054194331169128418e-01,3.395147025585174561e-01,8.413498997688293457e-01,2.221248345449566841e-03,2.407698333263397217e-02,7.217327356338500977e-01,6.917493939399719238e-01,-1.072442978620529175e-01,-3.264160081744194031e-02,1.479937285184860229e-01,3.000263491068636467e-18,-6.379221379756927490e-02,3.551905229687690735e-02,-1.125160902738571167e-01,-8.609436452388763428e-02,-2.597512900829315186e-01,5.633108317852020264e-03,-2.876661904156208038e-02,5.503983050584793091e-02,-6.897351145744323730e-02,0.000000000000000000e+00,0.000000000000000000e+00,-8.098501712083816528e-02,7.180092483758926392e-02,-5.241063833236694336e-01,-4.021584987640380859e-01,-1.381226032972335815e-01,-3.946651890873908997e-02,-1.301903128623962402e-01,3.952737748622894287e-01,-4.474528431892395020e-01,-3.488836437463760376e-02
5.052254796028137207e-01,3.392139077186584473e-01,8.412982821464538574e-01,2.633804921060800552e-03,2.400336414575576782e-02,7.217394113540649414e-01,6.917435526847839355e-01,-1.069827079772949219e-01,-3.319660946726799011e-02,1.488692164421081543e-01,1.774732547844771937e-19,-6.431826949119567871e-02,3.537280485033988953e-02,-1.124398484826087952e-01,-8.693851530551910400e-02,-2.595630586147308350e-01,6.575797218829393387e-03,-2.849429100751876831e-02,5.539398640394210815e-02,-7.034941762685775757e-02,0.000000000000000000e+00,0.000000000000000000e+00,-8.052342385053634644e-02,7.181259244680404663e-02,-5.239260792732238770e-01,-4.043926596641540527e-01,-1.382110118865966797e-01,-4.044876992702484131e-02,-1.308541744947433472e-01,3.936077654361724854e-01,-4.485471248626708984e-01,-3.906330093741416931e-02
5.050734281539916992e-01,3.388895094394683838e-01,8.412263989448547363e-01,2.651504939422011375e-03,2.370347827672958374e-02,7.217133641242980957e-01,6.917809844017028809e-01,-1.064773872494697571e-01,-3.334918990731239319e-02,1.460031718015670776e-01,-6.403701430140519048e-20,-6.369407474994659424e-02,3.616579622030258179e-02,-1.122681200504302979e-01,-8.636765182018280029e-02,-2.595288455486297607e-01,6.016672588884830475e-03,-2.834121696650981903e-02,5.598134920001029968e-02,-7.024460285902023315e-02,0.000000000000000000e+00,0.000000000000000000e+00,-8.158301562070846558e-02,7.179256528615951538e-02,-5.238837599754333496e-01,-4.024964570999145508e-01,-1.378515958786010742e-01,-4.065467044711112976e-02,-1.310335248708724976e-01,3.935612440109252930e-01,-4.489745795726776123e-01,-4.139346256852149963e-02
5.050625205039978027e-01,3.387442529201507568e-01,8.414099812507629395e-01,2.772081410512328148e-03,2.354676276445388794e-02,7.217221260070800781e-01,6.917767524719238281e-01,-1.064625158905982971e-01,-3.310605138540267944e-02,1.478863358497619629e-01,-1.843838524939902081e-18,-6.380654126405715942e-02,3.524461388587951660e-02,-1.121409758925437927e-01,-8.658257871866226196e-02,-2.587478160858154297e-01,5.749134812504053116e-03,-2.893557585775852203e-02,5.412855371832847595e-02,-6.973505020141601562e-02,0.000000000000000000e+00,0.000000000000000000e+00,-8.202183991670608521e-02,7.206890732049942017e-02,-5.236285328865051270e-01,-4.019955098628997803e-01,-1.377658098936080933e-01,-4.135051742196083069e-02,-1.312986463308334351e-01,3.932128250598907471e-01,-4.480808079242706299e-01,-4.190517216920852661e-02
5.047453045845031738e-01,3.384191691875457764e-01,8.412654995918273926e-01,2.847613301128149033e-03,2.344385720789432526e-02,7.218494415283203125e-01,6.916470527648925781e-01,-1.066693142056465149e-01,-3.351033478975296021e-02,1.476035267114639282e-01,8.864663014159282744e-19,-6.334824115037918091e-02,3.679223731160163879e-02,-1.124469861388206482e-01,-8.660204708576202393e-02,-2.588857412338256836e-01,6.902287248522043228e-03,-2.831117995083332062e-02,5.695483088493347168e-02,-7.002095878124237061e-02,0.000000000000000000e+00,0.000000000000000000e+00,-8.320565521717071533e-02,7.122831791639328003e-02,-5.236784219741821289e-01,-4.005187153816223145e-01,-1.397305577993392944e-01,-4.105084016919136047e-02,-1.318739950656890869e-01,3.918570876121520996e-01,-4.495965540409088135e-01,-4.358265921473503113e-02
5.047858357429504395e-01,3.383069634437561035e-01,8.413327336311340332e-01,3.033587243407964706e-03,2.316859364509582520e-02,7.215209603309631348e-01,6.919981837272644043e-01,-1.060901358723640442e-01,-3.285032883286476135e-02,1.496299803256988525e-01,-6.793270411428492962e-19,-6.329189985990524292e-02,3.555399179458618164e-02,-1.118943169713020325e-01,-8.645472675561904907e-02,-2.590975463390350342e-01,6.365186069160699844e-03,-2.869180776178836823e-02,5.673906952142715454e-02,-6.904490292072296143e-02,0.000000000000000000e+00,0.000000000000000000e+00,-8.205506950616836548e-02,7.203362882137298584e-02,-5.237103700637817383e-01,-4.023732542991638184e-01,-1.397286355495452881e-01,-3.984101116657257080e-02,-1.322211921215057373e-01,3.944517374038696289e-01,-4.482288360595703125e-01,-4.070350155234336853e-02
5.047902464866638184e-01,3.379639983177185059e-01,8.413044214248657227e-01,3.110458143055438995e-03,2.319267764687538147e-02,7.212860584259033203e-01,6.922419071197509766e-01,-1.064467951655387878e-01,-3.332553803920745850e-02,1.494050323963165283e-01,-4.331680170144188964e-18,-6.276496499776840210e-02,3.576392307877540588e-02,-1.125472858548164368e-01,-8.668516576290130615e-02,-2.585560083389282227e-01,6.729864981025457382e-03,-2.756416797637939453e-02,5.660875141620635986e-02,-6.810338795185089111e-02,0.000000000000000000e+00,0.000000000000000000e+00,-8.283890038728713989e-02,7.118208706378936768e-02,-5.232388973236083984e-01,-4.007377326488494873e-01,-1.435397267341613770e-01,-3.968908265233039856e-02,-1.333216130733489990e-01,3.953039646148681641e-01,-4.482472240924835205e-01,-3.610701113939285278e-02
5.047648549079895020e-01,3.377280533313751221e-01,8.411661386489868164e-01,3.082653973251581192e-03,2.324978262186050415e-02,7.213321328163146973e-01,6.921920776367187500e-01,-1.068774908781051636e-01,-3.319888561964035034e-02,1.494644880294799805e-01,6.034778876941868705e-19,-6.280178576707839966e-02,3.602479025721549988e-02,-1.130126491189002991e-01,-8.664043247699737549e-02,-2.586390674114227295e-01,5.932744592428207397e-03,-2.558849565684795380e-02,5.476853996515274048e-02,-6.782463192939758301e-02,0.000000000000000000e+00,0.000000000000000000e+00,-8.351684361696243286e-02,7.135944813489913940e-02,-5.230444669723510742e-01,-3.996557295322418213e-01,-1.429663598537445068e-01,-3.982608392834663391e-02,-1.332971453666687012e-01,3.959841132164001465e-01,-4.468923509120941162e-01,-3.572066873311996460e-02
5.046787858009338379e-01,3.372964560985565186e-01,8.413277864456176758e-01,3.042698372155427933e-03,2.337971515953540802e-02,7.216889858245849609e-01,6.918157935142517090e-01,-1.076491996645927429e-01,-3.349794074892997742e-02,1.493807435035705566e-01,2.327931089185535573e-18,-6.264676153659820557e-02,3.617783263325691223e-02,-1.133236140012741089e-01,-8.737238496541976929e-02,-2.595384418964385986e-01,6.640485953539609909e-03,-2.653406187891960144e-02,5.605318769812583923e-02,-6.824724376201629639e-02,0.000000000000000000e+00,0.000000000000000000e+00,-8.404096961021423340e-02,7.123591750860214233e-02,-5.218335986137390137e-01,-3.997751474380493164e-01,-1.432910114526748657e-01,-4.051109403371810913e-02,-1.329585313796997070e-01,3.949064016342163086e-01,-4.467071592807769775e-01,-3.522295132279396057e-02
5.047870874404907227e-01,3.369714617729187012e-01,8.413093090057373047e-01,2.971455221995711327e-03,2.356458641588687897e-02,7.215622067451477051e-01,6.919420361518859863e-01,-1.077297329902648926e-01,-3.388015925884246826e-02,1.461614817380905151e-01,1.954018982531965367e-18,-6.180671975016593933e-02,3.701959177851676941e-02,-1.145948544144630432e-01,-8.740735799074172974e-02,-2.588847875595092773e-01,7.805558387190103531e-03,-2.547068521380424500e-02,5.663109198212623596e-02,-6.821293383836746216e-02,0.000000000000000000e+00,0.000000000000000000e+00,-8.361751586198806763e-02,7.213112711906433105e-02,-5.233607292175292969e-01,-4.008868038654327393e-01,-1.428269594907760620e-01,-4.065462946891784668e-02,-1.343422681093215942e-01,3.944942355155944824e-01,-4.476045966148376465e-01,-3.452076390385627747e-02
5.045430660247802734e-01,3.367686569690704346e-01,8.411577343940734863e-01,2.961930586025118828e-03,2.350798062980175018e-02,7.218624353408813477e-01,6.916308403015136719e-01,-1.087393090128898621e-01,-3.380622342228889465e-02,1.478238254785537720e-01,1.370095644518532071e-18,-6.067277863621711731e-02,3.702658414840698242e-02,-1.136603876948356628e-01,-8.729288727045059204e-02,-2.596757709980010986e-01,5.607543513178825378e-03,-2.417951822280883789e-02,5.581066757440567017e-02,-6.874281167984008789e-02,0.000000000000000000e+00,0.000000000000000000e+00,-8.319429308176040649e-02,7.160139828920364380e-02,-5.237376093864440918e-01,-4.000299572944641113e-01,-1.441726088523864746e-01,-4.041516035795211792e-02,-1.335000097751617432e-01,3.957912921905517578e-01,-4.463148713111877441e-01,-3.344424441456794739e-02
5.046808719635009766e-01,3.365075290203094482e-01,8.413099646568298340e-01,2.938433550298213959e-03,2.350372076034545898e-02,7.220205664634704590e-01,6.914660334587097168e-01,-1.092064008116722107e-01,-3.379686176776885986e-02,1.467674672603607178e-01,2.319533551606897236e-18,-6.157817319035530090e-02,3.649697452783584595e-02,-1.136327534914016724e-01,-8.724600821733474731e-02,-2.609386444091796875e-01,5.622985772788524628e-03,-2.457055076956748962e-02,5.553641170263290405e-02,-6.924621015787124634e-02,0.000000000000000000e+00,0.000000000000000000e+00,-8.060041815042495728e-02,7.347365468740463257e-02,-5.229428410530090332e-01,-4.049203097820281982e-01,-1.430252641439437866e-01,-4.056819900870323181e-02,-1.339344084262847900e-01,3.957322835922241211e-01,-4.478066265583038330e-01,-3.362952917814254761e-02
5.046824216842651367e-01,3.367441296577453613e-01,8.412264585494995117e-01,3.385012969374656677e-03,2.325463853776454926e-02,7.215145230293273926e-01,6.920003890991210938e-01,-1.077558547258377075e-01,-3.378552198410034180e-02,1.487788259983062744e-01,-1.621498993730548666e-18,-6.183387339115142822e-02,3.591230139136314392e-02,-1.124926209449768066e-01,-8.716110885143280029e-02,-2.590918242931365967e-01,5.297235678881406784e-03,-2.432655729353427887e-02,5.616240948438644409e-02,-6.931145489215850830e-02,0.000000000000000000e+00,0.000000000000000000e+00,-8.046068996191024780e-02,7.167953997850418091e-02,-5.230872035026550293e-01,-4.020543396472930908e-01,-1.445329785346984863e-01,-4.036224633455276489e-02,-1.350799500942230225e-01,3.976348340511322021e-01,-4.472951591014862061e-01,-3.242494910955429077e-02
5.043755769729614258e-01,3.363449573516845703e-01,8.412690162658691406e-01,3.309852210804820061e-03,2.360343746840953827e-02,7.219179272651672363e-01,6.915681362152099609e-01,-1.089112386107444763e-01,-3.449762985110282898e-02,1.481340527534484863e-01,-2.243697633048035659e-18,-6.112448871135711670e-02,3.666604310274124146e-02,-1.139883920550346375e-01,-8.829444646835327148e-02,-2.586694657802581787e-01,6.004907656461000443e-03,-2.235482074320316315e-02,5.396266654133796692e-02,-6.995950639247894287e-02,0.000000000000000000e+00,0.000000000000000000e+00,-8.089080452919006348e-02,7.135810703039169312e-02,-5.249506831169128418e-01,-4.006998836994171143e-01,-1.459051221609115601e-01,-4.108037799596786499e-02,-1.347224265336990356e-01,3.965665400028228760e-01,-4.474069178104400635e-01,-3.514712303876876831e-02
5.045796036720275879e-01,3.364169597625732422e-01,8.414001464843750000e-01,3.512571100145578384e-03,2.318584546446800232e-02,7.219296097755432129e-01,6.915690302848815918e-01,-1.078951582312583923e-01,-3.413508087396621704e-02,1.471533030271530151e-01,2.103698968734660831e-18,-6.167948246002197266e-02,3.603156283497810364e-02,-1.123114526271820068e-01,-8.724529296159744263e-02,-2.575341165065765381e-01,4.817504435777664185e-03,-2.365925535559654236e-02,5.604068934917449951e-02,-6.970980763435363770e-02,0.000000000000000000e+00,0.000000000000000000e+00,-8.057727664709091187e-02,7.167325913906097412e-02,-5.267099738121032715e-01,-3.995729684829711914e-01,-1.450323015451431274e-01,-4.119309782981872559e-02,-1.347624659538269043e-01,3.965909779071807861e-01,-4.452728033065795898e-01,-3.739808499813079834e-02
5.043331980705261230e-01,3.362961113452911377e-01,8.413709402084350586e-01,3.417477011680603027e-03,2.296446450054645538e-02,7.216562628746032715e-01,6.918621063232421875e-01,-1.076438054442405701e-01,-3.386493027210235596e-02,1.473541855812072754e-01,7.807393842418504891e-19,-6.083903461694717407e-02,3.785113245248794556e-02,-1.117081642150878906e-01,-8.693097531795501709e-02,-2.603438496589660645e-01,4.269347526133060455e-03,-2.432459406554698944e-02,5.641856789588928223e-02,-6.926479935646057129e-02,0.000000000000000000e+00,0.000000000000000000e+00,-7.929705083370208740e-02,7.198667526245117188e-02,-5.269770026206970215e-01,-3.996323347091674805e-01,-1.462604701519012451e-01,-4.012535884976387024e-02,-1.335818618535995483e-01,3.970444798469543457e-01,-4.464610219001770020e-01,-3.890192508697509766e-02
5.043849945068359375e-01,3.362009525299072266e-01,8.414931297302246094e-01,3.608561819419264793e-03,2.298931032419204712e-02,7.216151952743530273e-01,6.919031143188476562e-01,-1.077902689576148987e-01,-3.430044651031494141e-02,1.470895260572433472e-01,-1.404976196588668142e-18,-6.168239563703536987e-02,3.614047542214393616e-02,-1.130184158682823181e-01,-8.760229498147964478e-02,-2.600140571594238281e-01,7.107047829777002335e-03,-2.476880699396133423e-02,5.730326473712921143e-02,-6.858085095882415771e-02,0.000000000000000000e+00,0.000000000000000000e+00,-7.865855842828750610e-02,7.120648026466369629e-02,-5.269177556037902832e-01,-3.994614779949188232e-01,-1.473864316940307617e-01,-3.983196616172790527e-02,-1.334969103336334229e-01,3.978614211082458496e-01,-4.460476040840148926e-01,-3.851883858442306519e-02
5.043934583663940430e-01,3.360027670860290527e-01,8.413572907447814941e-01,3.768526948988437653e-03,2.349668368697166443e-02,7.213154435157775879e-01,6.921977400779724121e-01,-1.077910512685775757e-01,-3.498297557234764099e-02,1.470581442117691040e-01,-2.423480376102760906e-18,-6.248344480991363525e-02,3.705049678683280945e-02,-1.126778125762939453e-01,-8.800289779901504517e-02,-2.574481070041656494e-01,5.094030406326055527e-03,-2.306086197495460510e-02,5.865561217069625854e-02,-6.723942607641220093e-02,0.000000000000000000e+00,0.000000000000000000e+00,-7.676158100366592407e-02,7.220891118049621582e-02,-5.231677293777465820e-01,-4.061154425144195557e-01,-1.459013819694519043e-01,-3.961643576622009277e-02,-1.351347565650939941e-01,3.980603516101837158e-01,-4.459395408630371094e-01,-3.629821538925170898e-02
5.043100118637084961e-01,3.355730473995208740e-01,8.414070606231689453e-01,3.582184435799717903e-03,2.312841080129146576e-02,7.213764190673828125e-01,6.921475529670715332e-01,-1.085444986820220947e-01,-3.439666330814361572e-02,1.485181748867034912e-01,-2.754617318919988945e-18,-6.142200902104377747e-02,3.634499385952949524e-02,-1.131934821605682373e-01,-8.761256188154220581e-02,-2.590636610984802246e-01,5.327051971107721329e-03,-2.400722354650497437e-02,5.716419592499732971e-02,-6.765052676200866699e-02,0.000000000000000000e+00,0.000000000000000000e+00,-7.856597006320953369e-02,7.179263234138488770e-02,-5.274217724800109863e-01,-4.018259644508361816e-01,-1.457711160182952881e-01,-3.956453129649162292e-02,-1.335574686527252197e-01,3.974525630474090576e-01,-4.458289742469787598e-01,-4.260241240262985229e-02
5.044226646423339844e-01,3.355246186256408691e-01,8.413247466087341309e-01,3.384125186130404472e-03,2.324572578072547913e-02,7.216255664825439453e-01,6.918849349021911621e-01,-1.092683896422386169e-01,-3.407806158065795898e-02,1.489807218313217163e-01,2.431050733068846215e-18,-5.949221178889274597e-02,3.643133491277694702e-02,-1.147898584604263306e-01,-8.764630556106567383e-02,-2.593458592891693115e-01,6.125678773969411850e-03,-2.083787322044372559e-02,5.583436787128448486e-02,-6.776189059019088745e-02,0.000000000000000000e+00,0.000000000000000000e+00,-7.908862829208374023e-02,7.210921496152877808e-02,-5.283315181732177734e-01,-4.007271528244018555e-01,-1.458038836717605591e-01,-3.969181329011917114e-02,-1.337751150131225586e-01,3.990921080112457275e-01,-4.453388750553131104e-01,-3.802623599767684937e-02
5.043112635612487793e-01,3.353601694107055664e-01,8.412001132965087891e-01,3.601489588618278503e-03,2.351753413677215576e-02,7.213987708091735840e-01,6.921110749244689941e-01,-1.085854768753051758e-01,-3.505766019225120544e-02,1.466609388589859009e-01,4.182357525966116409e-19,-6.014071404933929443e-02,3.731410205364227295e-02,-1.140891686081886292e-01,-8.799193799495697021e-02,-2.579077780246734619e-01,4.779493436217308044e-03,-2.123917080461978912e-02,5.664676427841186523e-02,-6.747274845838546753e-02,0.000000000000000000e+00,0.000000000000000000e+00,-7.876548171043395996e-02,7.211366295814514160e-02,-5.252186655998229980e-01,-4.029108583927154541e-01,-1.457012593746185303e-01,-3.968825191259384155e-02,-1.344850212335586548e-01,3.997163474559783936e-01,-4.452405273914337158e-01,-3.668342158198356628e-02
5.044525861740112305e-01,3.349365890026092529e-01,8.412411212921142578e-01,3.058419330045580864e-03,2.374951727688312531e-02,7.216088175773620605e-01,6.918867826461791992e-01,-1.107759401202201843e-01,-3.428120911121368408e-02,1.485465317964553833e-01,-7.015418036735734074e-19,-5.969515070319175720e-02,3.570948541164398193e-02,-1.147347390651702881e-01,-8.794992417097091675e-02,-2.583236694335937500e-01,5.217921920120716095e-03,-2.244494669139385223e-02,5.664227902889251709e-02,-6.833546608686447144e-02,0.000000000000000000e+00,0.000000000000000000e+00,-7.961990684270858765e-02,7.373072206974029541e-02,-5.267493128776550293e-01,-4.027274250984191895e-01,-1.463403254747390747e-01,-4.073807224631309509e-02,-1.337776929140090942e-01,3.995148837566375732e-01,-4.454325437545776367e-01,-3.734683617949485779e-02
5.044803023338317871e-01,3.350445926189422607e-01,8.412057161331176758e-01,2.987445332109928131e-03,2.357219904661178589e-02,7.215034365653991699e-01,6.920030713081359863e-01,-1.106752455234527588e-01,-3.382031992077827454e-02,1.495532244443893433e-01,-2.314345474804964647e-18,-6.010177731513977051e-02,3.631575405597686768e-02,-1.158948168158531189e-01,-8.789811283349990845e-02,-2.599667906761169434e-01,7.364305667579174042e-03,-2.349698171019554138e-02,5.835921689867973328e-02,-6.780587136745452881e-02,0.000000000000000000e+00,0.000000000000000000e+00,-7.988172024488449097e-02,7.343825697898864746e-02,-5.261179208755493164e-01,-4.022530615329742432e-01,-1.461925804615020752e-01,-4.045777767896652222e-02,-1.332462728023529053e-01,3.989401459693908691e-01,-4.443078041076660156e-01,-3.527110442519187927e-02
5.043740868568420410e-01,3.349199891090393066e-01,8.410541415214538574e-01,2.992955036461353302e-03,2.355728112161159515e-02,7.216997742652893066e-01,6.917988061904907227e-01,-1.106602475047111511e-01,-3.409594669938087463e-02,1.479173004627227783e-01,-5.035875569222832485e-20,-5.968048796057701111e-02,3.643386811017990112e-02,-1.149190664291381836e-01,-8.749026060104370117e-02,-2.585133016109466553e-01,4.922998137772083282e-03,-2.283254638314247131e-02,5.841944739222526550e-02,-6.808403879404067993e-02,0.000000000000000000e+00,0.000000000000000000e+00,-8.077702671289443970e-02,7.221034914255142212e-02,-5.263160467147827148e-01,-4.013745486736297607e-01,-1.468798816204071045e-01,-3.985438495874404907e-02,-1.322510540485382080e-01,3.991394340991973877e-01,-4.447119235992431641e-01,-3.739954531192779541e-02
5.045375227928161621e-01,3.348618149757385254e-01,8.411040902137756348e-01,3.222822677344083786e-03,2.390267699956893921e-02,7.219008207321166992e-01,6.915761232376098633e-01,-1.111553311347961426e-01,-3.469661995768547058e-02,1.478677839040756226e-01,2.041633953013582059e-18,-5.978677794337272644e-02,3.598776087164878845e-02,-1.153018325567245483e-01,-8.824758231639862061e-02,-2.593035399913787842e-01,3.075726795941591263e-03,-1.842855662107467651e-02,5.355917289853096008e-02,-6.848704814910888672e-02,0.000000000000000000e+00,0.000000000000000000e+00,-8.104778826236724854e-02,7.141019403934478760e-02,-5.250542759895324707e-01,-4.009076654911041260e-01,-1.477396786212921143e-01,-4.058545082807540894e-02,-1.337246894836425781e-01,3.983078300952911377e-01,-4.444847404956817627e-01,-3.258923068642616272e-02
5.045020580291748047e-01,3.347733318805694580e-01,8.409892916679382324e-01,2.920365892350673676e-03,2.372841350734233856e-02,7.211521863937377930e-01,6.923640370368957520e-01,-1.106642037630081177e-01,-3.421637043356895447e-02,1.463952064514160156e-01,6.995631876483465652e-19,-5.941823869943618774e-02,3.649681434035301208e-02,-1.168350204825401306e-01,-8.808140456676483154e-02,-2.597714662551879883e-01,7.907835766673088074e-03,-2.335148490965366364e-02,5.972105637192726135e-02,-6.653405725955963135e-02,0.000000000000000000e+00,0.000000000000000000e+00,-8.128523826599121094e-02,7.177524268627166748e-02,-5.246136188507080078e-01,-4.009457528591156006e-01,-1.477110236883163452e-01,-4.091414064168930054e-02,-1.333380043506622314e-01,3.981325626373291016e-01,-4.448543190956115723e-01,-3.143578395247459412e-02
5.043774247169494629e-01,3.346889317035675049e-01,8.410196304321289062e-01,3.099696012213826180e-03,2.369916997849941254e-02,7.216946482658386230e-01,6.917988061904907227e-01,-1.111244931817054749e-01,-3.439749404788017273e-02,1.482102721929550171e-01,-5.279463716007448074e-19,-5.993351340293884277e-02,3.598745912313461304e-02,-1.153521761298179626e-01,-8.823953568935394287e-02,-2.580221593379974365e-01,5.923391319811344147e-03,-2.276565879583358765e-02,5.769791826605796814e-02,-6.834895163774490356e-02,0.000000000000000000e+00,0.000000000000000000e+00,-8.052489906549453735e-02,7.262507081031799316e-02,-5.247585177421569824e-01,-4.015057086944580078e-01,-1.471634209156036377e-01,-4.113075137138366699e-02,-1.332545429468154907e-01,3.973645865917205811e-01,-4.441226720809936523e-01,-3.435754403471946716e-02
