1.777811497449874878e-01,-1.628452897071838379e+00,8.363096117973327637e-01,-7.161150686442852020e-03,4.251150414347648621e-02,7.040791511535644531e-01,7.088117599487304688e-01,-7.122384011745452881e-02,-7.678512483835220337e-02,1.870250105857849121e-01,8.317176834680140018e-04,-1.696988791227340698e-01,5.975485593080520630e-02,-1.506744176149368286e-01,-4.586211219429969788e-02,-1.846826821565628052e-01,6.630713492631912231e-02,-1.126236990094184875e-01,2.234519086778163910e-02,-1.193903684616088867e-01,0.000000000000000000e+00,0.000000000000000000e+00,-6.488510221242904663e-02,1.377484053373336792e-01,-3.904058337211608887e-01,-4.787203073501586914e-01,-1.180998086929321289e-01,-2.660180674865841866e-03,-1.379470080137252808e-01,3.433825075626373291e-01,-4.400335252285003662e-01,9.030412882566452026e-03
1.820378750562667847e-01,-1.632801651954650879e+00,8.403242230415344238e-01,-5.212862510234117508e-03,4.127787426114082336e-02,7.089141011238098145e-01,7.040665745735168457e-01,-7.171830534934997559e-02,-7.498262822628021240e-02,1.741869747638702393e-01,1.147896517068147659e-03,-1.711882948875427246e-01,6.817066669464111328e-02,-1.514470577239990234e-01,-4.292830452322959900e-02,-1.991758644580841064e-01,6.819516420364379883e-02,-1.184987500309944153e-01,7.434955798089504242e-03,-1.316594630479812622e-01,0.000000000000000000e+00,0.000000000000000000e+00,-6.368234753608703613e-02,1.334727257490158081e-01,-3.838695585727691650e-01,-4.515005648136138916e-01,-1.347187161445617676e-01,1.056810002774000168e-02,-1.403495669364929199e-01,3.289182484149932861e-01,-4.441240429878234863e-01,7.999690249562263489e-03
1.783743798732757568e-01,-1.636653780937194824e+00,8.413338065147399902e-01,-4.852073267102241516e-03,3.936914727091789246e-02,7.069362401962280273e-01,7.061640620231628418e-01,-7.264291495084762573e-02,-7.670778781175613403e-02,1.770170927047729492e-01,4.174897330813109875e-04,-1.739871650934219360e-01,8.032928407192230225e-02,-1.602472066879272461e-01,-4.333708807826042175e-02,-1.894616633653640747e-01,7.962065935134887695e-02,-1.241405829787254333e-01,5.277952877804636955e-04,-1.161259561777114868e-01,0.000000000000000000e+00,0.000000000000000000e+00,-7.014641165733337402e-02,1.379363238811492920e-01,-4.104126095771789551e-01,-4.307998120784759521e-01,-1.081516444683074951e-01,1.674434356391429901e-02,-1.393475681543350220e-01,2.961961030960083008e-01,-4.527642130851745605e-01,-4.601681604981422424e-02
1.776985824108123779e-01,-1.639743208885192871e+00,8.409790396690368652e-01,-4.879206418991088867e-03,3.835553675889968872e-02,7.041856050491333008e-01,7.089623808860778809e-01,-7.507672905921936035e-02,-7.476745545864105225e-02,1.802050918340682983e-01,3.909989318344742060e-04,-1.713376194238662720e-01,7.994285225868225098e-02,-1.619590669870376587e-01,-4.101373627781867981e-02,-1.834010630846023560e-01,7.707513123750686646e-02,-1.220511123538017273e-01,-9.735263301990926266e-04,-9.463896602392196655e-02,0.000000000000000000e+00,0.000000000000000000e+00,-7.096308469772338867e-02,1.401042789220809937e-01,-4.075252711772918701e-01,-4.306616485118865967e-01,-1.080168709158897400e-01,2.905112504959106445e-02,-1.373832970857620239e-01,2.906583249568939209e-01,-4.632301032543182373e-01,-6.749447435140609741e-02
1.775182187557220459e-01,-1.643747329711914062e+00,8.410913348197937012e-01,-5.629310384392738342e-03,3.909002989530563354e-02,7.009670138359069824e-01,7.120993733406066895e-01,-8.502427488565444946e-02,-7.356149703264236450e-02,1.865637898445129395e-01,8.968040347099304199e-03,-1.740695536136627197e-01,8.119107037782669067e-02,-1.683394610881805420e-01,-4.001564159989356995e-02,-1.785514503717422485e-01,7.641719281673431396e-02,-1.163072511553764343e-01,-1.486761379055678844e-03,-7.528009265661239624e-02,0.000000000000000000e+00,0.000000000000000000e+00,-7.031853497028350830e-02,1.395347565412521362e-01,-3.930342793464660645e-01,-4.364203810691833496e-01,-1.092141941189765930e-01,3.498947247862815857e-02,-1.361189335584640503e-01,2.949229776859283447e-01,-4.788783788681030273e-01,-7.148338109254837036e-02
1.766179800033569336e-01,-1.644969463348388672e+00,8.410933613777160645e-01,-4.631377756595611572e-03,3.802943974733352661e-02,7.009640932083129883e-01,7.121669054031372070e-01,-8.363705873489379883e-02,-7.426571846008300781e-02,1.869840919971466064e-01,9.787592105567455292e-03,-1.730800271034240723e-01,8.253221213817596436e-02,-1.656651049852371216e-01,-4.066549614071846008e-02,-1.763910353183746338e-01,7.591453939676284790e-02,-1.120590716600418091e-01,-3.136085346341133118e-03,-6.936594098806381226e-02,0.000000000000000000e+00,0.000000000000000000e+00,-6.305146962404251099e-02,1.408248245716094971e-01,-3.803776502609252930e-01,-4.442576467990875244e-01,-1.085088253021240234e-01,4.142361134290695190e-02,-1.389259994029998779e-01,3.136324286460876465e-01,-4.968998730182647705e-01,-5.613412335515022278e-02
1.763219237327575684e-01,-1.646336317062377930e+00,8.412637710571289062e-01,-3.247581422328948975e-03,3.619320690631866455e-02,7.007705569267272949e-01,7.124605774879455566e-01,-7.914190739393234253e-02,-7.442455738782882690e-02,1.881621032953262329e-01,6.543144118040800095e-03,-1.713455170392990112e-01,8.072345703840255737e-02,-1.617050766944885254e-01,-4.032546281814575195e-02,-1.761734783649444580e-01,7.212381064891815186e-02,-1.111395955085754395e-01,-7.845795335015282035e-05,-6.547707319259643555e-02,0.000000000000000000e+00,0.000000000000000000e+00,-4.579350352287292480e-02,1.434888541698455811e-01,-3.586322665214538574e-01,-4.622866809368133545e-01,-9.393117576837539673e-02,4.456059262156486511e-02,-1.434363424777984619e-01,3.345914781093597412e-01,-5.115447640419006348e-01,-2.669590525329113007e-02
1.764286756515502930e-01,-1.647557258605957031e+00,8.410798907279968262e-01,-2.279442967846989632e-03,3.477342054247856140e-02,7.009513974189758301e-01,7.123572230339050293e-01,-7.978135347366333008e-02,-7.344033569097518921e-02,1.866216361522674561e-01,1.063353195786476135e-02,-1.708318591117858887e-01,8.124548941850662231e-02,-1.593981832265853882e-01,-4.000113531947135925e-02,-1.781057715415954590e-01,7.091713696718215942e-02,-1.098609119653701782e-01,-9.177179308608174324e-04,-6.773625314235687256e-02,0.000000000000000000e+00,0.000000000000000000e+00,-2.607110887765884399e-02,1.410875469446182251e-01,-3.368418216705322266e-01,-4.735046625137329102e-01,-8.376414328813552856e-02,4.484015703201293945e-02,-1.498000323772430420e-01,3.452176451683044434e-01,-5.269876122474670410e-01,3.044013166800141335e-03
1.760596334934234619e-01,-1.648388743400573730e+00,8.410237431526184082e-01,-7.382722105830907822e-04,3.386080265045166016e-02,7.014968991279602051e-01,7.118672728538513184e-01,-7.577990740537643433e-02,-7.521498203277587891e-02,1.869470328092575073e-01,6.124882958829402924e-03,-1.692228764295578003e-01,8.008480817079544067e-02,-1.577224582433700562e-01,-4.105819389224052429e-02,-1.774597316980361938e-01,7.235381752252578735e-02,-1.074955761432647705e-01,3.690961239044554532e-05,-7.063483446836471558e-02,0.000000000000000000e+00,0.000000000000000000e+00,-8.778386749327182770e-03,1.314408779144287109e-01,-3.278091251850128174e-01,-4.762377142906188965e-01,-8.235109597444534302e-02,4.315310716629028320e-02,-1.553672552108764648e-01,3.370545506477355957e-01,-5.365949273109436035e-01,9.010976180434226990e-03
1.759810745716094971e-01,-1.649123907089233398e+00,8.410863876342773438e-01,-5.143845337443053722e-04,3.259177878499031067e-02,7.018138170242309570e-01,7.116143107414245605e-01,-7.457175105810165405e-02,-7.440832257270812988e-02,1.847732961177825928e-01,4.995613824576139450e-03,-1.655960977077484131e-01,8.074443042278289795e-02,-1.573961973190307617e-01,-4.185543581843376160e-02,-1.831893920898437500e-01,7.592544704675674438e-02,-1.101742833852767944e-01,1.672411053732503206e-05,-7.314681261777877808e-02,0.000000000000000000e+00,0.000000000000000000e+00,1.105519011616706848e-02,1.175741031765937805e-01,-3.272508978843688965e-01,-4.850297868251800537e-01,-9.734722971916198730e-02,4.562256112694740295e-02,-1.547927260398864746e-01,3.253666758537292480e-01,-5.504206418991088867e-01,-2.049883455038070679e-02
1.761165857315063477e-01,-1.650521636009216309e+00,8.417958617210388184e-01,2.087427856167778373e-04,3.086643293499946594e-02,7.033670544624328613e-01,7.101563215255737305e-01,-7.439605891704559326e-02,-7.389058172702789307e-02,1.803315728902816772e-01,5.883853416889905930e-03,-1.654176265001296997e-01,8.223050087690353394e-02,-1.592025905847549438e-01,-4.073849692940711975e-02,-1.840044558048248291e-01,7.942402362823486328e-02,-1.140559241175651550e-01,-3.357767360284924507e-03,-7.940177619457244873e-02,0.000000000000000000e+00,0.000000000000000000e+00,7.196344435214996338e-03,1.039087250828742981e-01,-3.484835326671600342e-01,-4.560413956642150879e-01,-1.054659858345985413e-01,4.089052602648735046e-02,-1.533565670251846313e-01,3.160476088523864746e-01,-5.430143475532531738e-01,-4.657414183020591736e-02
1.757903397083282471e-01,-1.651079654693603516e+00,8.414349555969238281e-01,7.719698478467762470e-04,3.051148727536201477e-02,7.054798007011413574e-01,7.080725431442260742e-01,-7.603672146797180176e-02,-7.467202097177505493e-02,1.760487109422683716e-01,8.663848973810672760e-03,-1.638699918985366821e-01,8.247786015272140503e-02,-1.586695909500122070e-01,-4.173368588089942932e-02,-1.872652024030685425e-01,8.074355870485305786e-02,-1.135609000921249390e-01,-2.592647913843393326e-03,-8.248249441385269165e-02,0.000000000000000000e+00,0.000000000000000000e+00,3.075044369325041771e-03,9.532807022333145142e-02,-3.874997496604919434e-01,-4.385055899620056152e-01,-1.107938960194587708e-01,3.572700172662734985e-02,-1.540903002023696899e-01,3.147262334823608398e-01,-5.391371846199035645e-01,-5.174358934164047241e-02
1.754084974527359009e-01,-1.651317358016967773e+00,8.413742184638977051e-01,8.599377470090985298e-04,3.065897710621356964e-02,7.067792415618896484e-01,7.067689895629882812e-01,-7.830979675054550171e-02,-7.525481283664703369e-02,1.730812042951583862e-01,1.160705182701349258e-02,-1.645446419715881348e-01,8.420822769403457642e-02,-1.584699600934982300e-01,-4.313639178872108459e-02,-1.916746050119400024e-01,8.138600736856460571e-02,-1.137786582112312317e-01,-2.433385932818055153e-03,-8.191819489002227783e-02,0.000000000000000000e+00,0.000000000000000000e+00,6.291470024734735489e-03,8.498692512512207031e-02,-4.006925523281097412e-01,-4.379446208477020264e-01,-1.168594211339950562e-01,3.609279543161392212e-02,-1.527391374111175537e-01,3.129923641681671143e-01,-5.403122305870056152e-01,-5.194614455103874207e-02
1.749589145183563232e-01,-1.651494026184082031e+00,8.415217399597167969e-01,1.211305498145520687e-03,3.080512769520282745e-02,7.078478932380676270e-01,7.056918144226074219e-01,-7.983494549989700317e-02,-7.571631669998168945e-02,1.726835519075393677e-01,1.455710362643003464e-02,-1.655703336000442505e-01,8.421301096677780151e-02,-1.586506962776184082e-01,-4.369538649916648865e-02,-1.899672597646713257e-01,8.295550197362899780e-02,-1.145020425319671631e-01,-1.988926436752080917e-03,-7.982175052165985107e-02,0.000000000000000000e+00,0.000000000000000000e+00,8.802955038845539093e-03,7.688003778457641602e-02,-4.069766104221343994e-01,-4.428260922431945801e-01,-1.157744377851486206e-01,3.872575610876083374e-02,-1.495718955993652344e-01,3.134938180446624756e-01,-5.428621768951416016e-01,-5.308016389608383179e-02
1.748314350843429565e-01,-1.651497244834899902e+00,8.416303396224975586e-01,1.001125085167586803e-03,3.100189380347728729e-02,7.081573605537414551e-01,7.053729891777038574e-01,-8.239424973726272583e-02,-7.577325403690338135e-02,1.706840544939041138e-01,1.852378062903881073e-02,-1.664557754993438721e-01,8.541115373373031616e-02,-1.604419648647308350e-01,-4.445462301373481750e-02,-1.909537166357040405e-01,8.590020984411239624e-02,-1.170839145779609680e-01,-3.492885502055287361e-03,-7.529874891042709351e-02,0.000000000000000000e+00,0.000000000000000000e+00,1.136777549982070923e-02,7.276737689971923828e-02,-4.096680581569671631e-01,-4.515286684036254883e-01,-1.181382462382316589e-01,4.095425456762313843e-02,-1.488435864448547363e-01,3.262483775615692139e-01,-5.433057546615600586e-01,-3.786906972527503967e-02
1.748885065317153931e-01,-1.651978015899658203e+00,8.417304158210754395e-01,8.475771755911409855e-04,3.151576593518257141e-02,7.082947492599487305e-01,7.052124142646789551e-01,-8.610565215349197388e-02,-7.581632584333419800e-02,1.717440485954284668e-01,2.302064932882785797e-02,-1.671402752399444580e-01,8.363405615091323853e-02,-1.629818975925445557e-01,-4.482500627636909485e-02,-1.904776096343994141e-01,8.879512548446655273e-02,-1.162483617663383484e-01,-3.980480600148439407e-03,-6.952604651451110840e-02,0.000000000000000000e+00,0.000000000000000000e+00,1.226947549730539322e-02,7.458969205617904663e-02,-4.107638299465179443e-01,-4.609362483024597168e-01,-1.186678558588027954e-01,4.240246862173080444e-02,-1.487317830324172974e-01,3.374230265617370605e-01,-5.388566255569458008e-01,-1.917475089430809021e-02
1.743832826614379883e-01,-1.651381254196166992e+00,8.417350649833679199e-01,8.758313488215208054e-04,3.187327086925506592e-02,7.086954712867736816e-01,7.047936320304870605e-01,-8.784297108650207520e-02,-7.638158649206161499e-02,1.720635294914245605e-01,2.690465375781059265e-02,-1.681365370750427246e-01,8.449790626764297485e-02,-1.616271585226058960e-01,-4.595383629202842712e-02,-1.899724155664443970e-01,8.783573657274246216e-02,-1.162061095237731934e-01,-3.251583315432071686e-03,-6.511699408292770386e-02,0.000000000000000000e+00,0.000000000000000000e+00,1.214562077075242996e-02,7.752310484647750854e-02,-4.088527262210845947e-01,-4.718921780586242676e-01,-1.137037277221679688e-01,4.458922147750854492e-02,-1.466630548238754272e-01,3.414202332496643066e-01,-5.350037813186645508e-01,-2.026939392089843750e-02
1.737235784530639648e-01,-1.650927066802978516e+00,8.419368267059326172e-01,3.878085990436375141e-04,3.211095556616783142e-02,7.091581225395202637e-01,7.043177485466003418e-01,-9.376993030309677124e-02,-7.637451589107513428e-02,1.687239557504653931e-01,3.646649420261383057e-02,-1.688404977321624756e-01,8.470463752746582031e-02,-1.610672473907470703e-01,-4.658335074782371521e-02,-1.901196241378784180e-01,8.676171302795410156e-02,-1.175311580300331116e-01,-2.646959386765956879e-03,-6.243117526173591614e-02,0.000000000000000000e+00,0.000000000000000000e+00,1.158839929848909378e-02,8.045988529920578003e-02,-4.052191972732543945e-01,-4.792359769344329834e-01,-1.107383593916893005e-01,4.458839818835258484e-02,-1.402028650045394897e-01,3.338895142078399658e-01,-5.313076972961425781e-01,-2.432544529438018799e-02
1.716078519821166992e-01,-1.650434255599975586e+00,8.421486020088195801e-01,-3.640244540292769670e-04,3.279931470751762390e-02,7.106552720069885254e-01,7.027752995491027832e-01,-1.030496060848236084e-01,-7.704403996467590332e-02,1.691656112670898438e-01,5.036540329456329346e-02,-1.697000563144683838e-01,8.210781961679458618e-02,-1.617144346237182617e-01,-4.910001531243324280e-02,-1.908850073814392090e-01,8.602808415889739990e-02,-1.182075813412666321e-01,3.793748561292886734e-03,-6.094384565949440002e-02,0.000000000000000000e+00,0.000000000000000000e+00,5.850015673786401749e-03,8.505980670452117920e-02,-4.047165513038635254e-01,-4.804727733135223389e-01,-1.094502657651901245e-01,4.539936408400535583e-02,-1.372513025999069214e-01,3.275438547134399414e-01,-5.285637378692626953e-01,-2.509869448840618134e-02
1.683384627103805542e-01,-1.650365471839904785e+00,8.431332707405090332e-01,-7.934080786071717739e-04,3.472508117556571960e-02,7.115873098373413086e-01,7.017385959625244141e-01,-1.159738525748252869e-01,-7.784669101238250732e-02,1.773329228162765503e-01,6.892002373933792114e-02,-1.744373887777328491e-01,8.506815135478973389e-02,-1.671011149883270264e-01,-5.622591450810432434e-02,-1.912083178758621216e-01,8.981990814208984375e-02,-1.192096546292304993e-01,2.373005030676722527e-03,-5.900992080569267273e-02,0.000000000000000000e+00,0.000000000000000000e+00,1.427524839527904987e-03,8.845638483762741089e-02,-4.016000032424926758e-01,-4.876206219196319580e-01,-1.026730313897132874e-01,4.537658020853996277e-02,-1.380817294120788574e-01,3.288669884204864502e-01,-5.301563739776611328e-01,-2.265353500843048096e-02
1.629727780818939209e-01,-1.650385499000549316e+00,8.461925983428955078e-01,2.641864353790879250e-03,3.987777978181838989e-02,7.133468389511108398e-01,6.996706724166870117e-01,-1.357524842023849487e-01,-8.418103307485580444e-02,2.047145366668701172e-01,1.045536100864410400e-01,-2.139703631401062012e-01,6.868069618940353394e-02,-1.701893210411071777e-01,-7.531610876321792603e-02,-1.971179097890853882e-01,9.239327907562255859e-02,-1.240096911787986755e-01,2.122566220350563526e-04,-5.802626535296440125e-02,0.000000000000000000e+00,0.000000000000000000e+00,-2.233517821878194809e-03,8.869930356740951538e-02,-4.008466899394989014e-01,-4.980378448963165283e-01,-9.343474358320236206e-02,4.657796397805213928e-02,-1.497384160757064819e-01,3.303608596324920654e-01,-5.315119624137878418e-01,-3.042069636285305023e-02
1.561855673789978027e-01,-1.650244116783142090e+00,8.488268852233886719e-01,5.384993739426136017e-03,4.610430076718330383e-02,7.159866094589233398e-01,6.965691447257995605e-01,-1.628881394863128662e-01,-7.881989330053329468e-02,2.597546875476837158e-01,1.570142805576324463e-01,-2.457287162542343140e-01,5.294851958751678467e-02,-1.763871312141418457e-01,-9.753691405057907104e-02,-2.023417204618453979e-01,1.004290282726287842e-01,-1.297980397939682007e-01,-1.140195643529295921e-03,-5.952413380146026611e-02,0.000000000000000000e+00,0.000000000000000000e+00,-3.170458832755684853e-03,8.872873336076736450e-02,-3.956354260444641113e-01,-5.155496001243591309e-01,-8.688378334045410156e-02,4.898215457797050476e-02,-1.658205389976501465e-01,3.269520998001098633e-01,-5.369789600372314453e-01,-2.606633678078651428e-02
1.496482342481613159e-01,-1.649968743324279785e+00,8.502128124237060547e-01,7.215221878141164780e-03,5.063546076416969299e-02,7.178761959075927734e-01,6.942893862724304199e-01,-1.848849952220916748e-01,-5.453610420227050781e-02,3.134216666221618652e-01,2.027134150266647339e-01,-2.507870495319366455e-01,4.579349979758262634e-02,-1.817891150712966919e-01,-1.155398711562156677e-01,-1.997627168893814087e-01,1.077415496110916138e-01,-1.299107670783996582e-01,-1.789781381376087666e-03,-5.913847684860229492e-02,0.000000000000000000e+00,0.000000000000000000e+00,-5.044881254434585571e-03,9.642814099788665771e-02,-3.827126920223236084e-01,-5.307741761207580566e-01,-7.651121914386749268e-02,5.145636573433876038e-02,-1.769529432058334351e-01,3.255559504032135010e-01,-5.414196252822875977e-01,-3.102584928274154663e-02
1.415733546018600464e-01,-1.648892164230346680e+00,8.507682085037231445e-01,7.994443178176879883e-03,5.460130050778388977e-02,7.156332731246948242e-01,6.962929368019104004e-01,-1.994885802268981934e-01,-2.365415170788764954e-02,3.188069164752960205e-01,2.276464700698852539e-01,-2.446216344833374023e-01,4.184557497501373291e-02,-1.897768378257751465e-01,-1.326091289520263672e-01,-1.978419423103332520e-01,1.159677430987358093e-01,-1.308380812406539917e-01,-3.186281828675419092e-04,-4.921102151274681091e-02,0.000000000000000000e+00,0.000000000000000000e+00,-4.727118648588657379e-03,1.034819111227989197e-01,-3.674959540367126465e-01,-5.466904044151306152e-01,-7.123257964849472046e-02,5.275854468345642090e-02,-1.903364509344100952e-01,3.238025903701782227e-01,-5.461843013763427734e-01,-3.103347681462764740e-02
1.331263184547424316e-01,-1.647781372070312500e+00,8.504473567008972168e-01,7.687422446906566620e-03,5.689121410250663757e-02,7.140438556671142578e-01,6.977432370185852051e-01,-2.124458998441696167e-01,1.527879014611244202e-02,3.057122528553009033e-01,2.424397319555282593e-01,-2.260307669639587402e-01,4.038592427968978882e-02,-2.003201693296432495e-01,-1.465267837047576904e-01,-1.940365433692932129e-01,1.300415694713592529e-01,-1.370155364274978638e-01,-8.033178746700286865e-04,-4.306045547127723694e-02,0.000000000000000000e+00,0.000000000000000000e+00,-3.396172774955630302e-03,1.168963685631752014e-01,-3.555794060230255127e-01,-5.622028708457946777e-01,-5.761066824197769165e-02,5.644081905484199524e-02,-2.009674161672592163e-01,3.152005374431610107e-01,-5.525954961776733398e-01,-3.415660560131072998e-02
1.234871521592140198e-01,-1.644902944564819336e+00,8.508977293968200684e-01,9.913861751556396484e-03,5.914953351020812988e-02,7.120483517646789551e-01,6.995642781257629395e-01,-2.178801000118255615e-01,5.337884277105331421e-02,2.796363830566406250e-01,2.491746693849563599e-01,-2.120319306850433350e-01,4.181790351867675781e-02,-2.153741568326950073e-01,-1.665576249361038208e-01,-1.867052167654037476e-01,1.635078787803649902e-01,-1.464471220970153809e-01,-2.708479994907975197e-03,-4.084331169724464417e-02,0.000000000000000000e+00,0.000000000000000000e+00,1.160139101557433605e-03,1.240318566560745239e-01,-3.457668125629425049e-01,-5.686697959899902344e-01,-5.330009385943412781e-02,5.780050158500671387e-02,-2.154721766710281372e-01,3.103232383728027344e-01,-5.501064658164978027e-01,-2.752158604562282562e-02
1.124350875616073608e-01,-1.643230557441711426e+00,8.494163751602172852e-01,1.078124530613422394e-02,6.119471788406372070e-02,7.122977375984191895e-01,6.991215348243713379e-01,-2.268466502428054810e-01,9.606072306632995605e-02,2.494741678237915039e-01,2.526222765445709229e-01,-1.900598853826522827e-01,4.687485843896865845e-02,-2.426272630691528320e-01,-1.890089362859725952e-01,-1.851772218942642212e-01,2.159984111785888672e-01,-1.604238748550415039e-01,2.983124693855643272e-03,-4.888248071074485779e-02,0.000000000000000000e+00,0.000000000000000000e+00,3.776411758735775948e-03,1.327416449785232544e-01,-3.308422565460205078e-01,-5.712049603462219238e-01,-3.718468546867370605e-02,5.679800361394882202e-02,-2.250456064939498901e-01,2.937752008438110352e-01,-5.500420928001403809e-01,-2.992650493979454041e-02
9.981492161750793457e-02,-1.640971660614013672e+00,8.468603491783142090e-01,1.009313389658927917e-02,5.973641574382781982e-02,7.126230597496032715e-01,6.989263892173767090e-01,-2.271497547626495361e-01,1.475670188665390015e-01,2.313931286334991455e-01,2.447160184383392334e-01,-1.593610197305679321e-01,5.637290328741073608e-02,-2.763774991035461426e-01,-2.079978138208389282e-01,-1.789905875921249390e-01,2.867427766323089600e-01,-1.915778517723083496e-01,-7.345790974795818329e-03,-5.740932747721672058e-02,0.000000000000000000e+00,0.000000000000000000e+00,7.231239229440689087e-03,1.502387672662734985e-01,-3.288575708866119385e-01,-5.715984106063842773e-01,-3.190049156546592712e-02,5.578614771366119385e-02,-2.293410897254943848e-01,2.777886688709259033e-01,-5.517689585685729980e-01,-6.394749134778976440e-02
8.593455702066421509e-02,-1.638462543487548828e+00,8.428328037261962891e-01,1.037035323679447174e-02,5.791872739791870117e-02,7.134649753570556641e-01,6.982160210609436035e-01,-2.242352962493896484e-01,1.945914775133132935e-01,2.064089328050613403e-01,2.344830036163330078e-01,-1.262920200824737549e-01,5.288379639387130737e-02,-3.079559206962585449e-01,-2.282028794288635254e-01,-1.717320084571838379e-01,3.578660488128662109e-01,-2.207370847463607788e-01,-1.174569781869649887e-02,-6.808599829673767090e-02,0.000000000000000000e+00,0.000000000000000000e+00,1.226840168237686157e-02,1.645954400300979614e-01,-3.166051208972930908e-01,-5.676774382591247559e-01,-1.561080384999513626e-02,5.568885058164596558e-02,-2.373458743095397949e-01,2.685566544532775879e-01,-5.524309277534484863e-01,-7.170024514198303223e-02
7.047753781080245972e-02,-1.635047197341918945e+00,8.369438648223876953e-01,9.957875125110149384e-03,5.386362969875335693e-02,7.176433801651000977e-01,6.942532062530517578e-01,-2.204935997724533081e-01,2.390398532152175903e-01,1.703333854675292969e-01,2.179968804121017456e-01,-8.311655372381210327e-02,4.161763563752174377e-02,-3.309801518917083740e-01,-2.499930411577224731e-01,-1.768394410610198975e-01,4.256215095520019531e-01,-2.532881200313568115e-01,-1.307577453553676605e-02,-8.633165061473846436e-02,0.000000000000000000e+00,0.000000000000000000e+00,1.380416844040155411e-02,1.795879304409027100e-01,-3.034467399120330811e-01,-5.572825670242309570e-01,-1.718527986668050289e-03,5.730455741286277771e-02,-2.434204518795013428e-01,2.613595724105834961e-01,-5.523648858070373535e-01,-7.587743550539016724e-02
5.343276262283325195e-02,-1.631272315979003906e+00,8.307345509529113770e-01,1.115558668971061707e-02,5.034970119595527649e-02,7.214627265930175781e-01,6.905302405357360840e-01,-2.223602533340454102e-01,2.755571901798248291e-01,1.400477290153503418e-01,2.153591960668563843e-01,-8.140620589256286621e-02,-1.101860404014587402e-02,-3.617986142635345459e-01,-2.761111855506896973e-01,-1.730467081069946289e-01,5.089412331581115723e-01,-3.147915005683898926e-01,9.442455135285854340e-03,-9.729284793138504028e-02,0.000000000000000000e+00,0.000000000000000000e+00,1.097558345645666122e-02,2.046421617269515991e-01,-3.072111010551452637e-01,-5.450732707977294922e-01,5.974883958697319031e-02,6.922197341918945312e-02,-2.551043331623077393e-01,2.435076683759689331e-01,-5.556170344352722168e-01,-3.687511384487152100e-02
3.426721692085266113e-02,-1.629185676574707031e+00,8.221918940544128418e-01,1.186220347881317139e-02,4.728320986032485962e-02,7.245667576789855957e-01,6.874784231185913086e-01,-2.237266749143600464e-01,3.117930889129638672e-01,1.223715618252754211e-01,2.083501368761062622e-01,-5.818473920226097107e-02,-3.026359528303146362e-02,-3.891587853431701660e-01,-3.039772808551788330e-01,-1.653999388217926025e-01,5.795193314552307129e-01,-3.468008339405059814e-01,6.491641979664564133e-03,-1.016708314418792725e-01,0.000000000000000000e+00,0.000000000000000000e+00,4.979806486517190933e-03,2.156617641448974609e-01,-3.063442111015319824e-01,-5.366545915603637695e-01,6.736420840024948120e-02,7.198495417833328247e-02,-2.655035555362701416e-01,2.315978854894638062e-01,-5.480960011482238770e-01,-5.005340650677680969e-02
1.358856260776519775e-02,-1.626278519630432129e+00,8.125632405281066895e-01,1.024497393518686295e-02,4.192566126585006714e-02,7.271089553833007812e-01,6.851640939712524414e-01,-2.190165072679519653e-01,3.500948250293731689e-01,1.018816679716110229e-01,1.976916790008544922e-01,-2.144879661500453949e-02,-4.348885640501976013e-02,-4.072785079479217529e-01,-3.271249234676361084e-01,-1.607504785060882568e-01,6.344065070152282715e-01,-3.691198229789733887e-01,5.581495352089405060e-03,-1.022784411907196045e-01,0.000000000000000000e+00,0.000000000000000000e+00,2.303734654560685158e-03,2.312702238559722900e-01,-2.950582206249237061e-01,-5.378800630569458008e-01,8.111935108900070190e-02,7.872361689805984497e-02,-2.724358141422271729e-01,2.244416475296020508e-01,-5.399141311645507812e-01,-1.988125033676624298e-02
-9.373461827635765076e-03,-1.623612999916076660e+00,8.035002946853637695e-01,7.915848866105079651e-03,3.738315403461456299e-02,7.282791137695312500e-01,6.842144131660461426e-01,-2.179762572050094604e-01,3.752628862857818604e-01,6.815372407436370850e-02,1.985312849283218384e-01,-9.069867082871496677e-04,-4.638655856251716614e-02,-4.225675761699676514e-01,-3.475951552391052246e-01,-1.471883803606033325e-01,6.749252080917358398e-01,-3.894251286983489990e-01,6.151011679321527481e-03,-1.063907146453857422e-01,0.000000000000000000e+00,0.000000000000000000e+00,6.199005525559186935e-03,2.404567301273345947e-01,-2.690699100494384766e-01,-5.439924597740173340e-01,8.961305767297744751e-02,7.465059310197830200e-02,-2.791451513767242432e-01,2.246937006711959839e-01,-5.196307897567749023e-01,-2.980318479239940643e-02
-3.569425642490386963e-02,-1.621604442596435547e+00,7.947273254394531250e-01,5.209044087678194046e-03,3.338515385985374451e-02,7.280638813972473145e-01,6.846760511398315430e-01,-2.204158902168273926e-01,3.838996291160583496e-01,2.574921026825904846e-02,2.143739312887191772e-01,8.362377993762493134e-03,-4.770928248763084412e-02,-4.320045411586761475e-01,-3.698656260967254639e-01,-1.322352588176727295e-01,6.975333690643310547e-01,-3.935022652149200439e-01,1.672422699630260468e-02,-9.687138348817825317e-02,0.000000000000000000e+00,0.000000000000000000e+00,5.767129361629486084e-03,2.507496476173400879e-01,-2.586644589900970459e-01,-5.525272488594055176e-01,8.496851474046707153e-02,7.587558776140213013e-02,-2.862952947616577148e-01,2.195181846618652344e-01,-5.011340975761413574e-01,-3.514292463660240173e-02
-6.458725780248641968e-02,-1.619040012359619141e+00,7.895050048828125000e-01,6.495930254459381104e-03,3.310543298721313477e-02,7.266756892204284668e-01,6.861518025398254395e-01,-2.406251430511474609e-01,3.623117208480834961e-01,-1.313026435673236847e-02,2.724451422691345215e-01,-7.573244720697402954e-02,-8.322459459304809570e-02,-4.271065592765808105e-01,-4.030967950820922852e-01,-1.185951307415962219e-01,6.907225251197814941e-01,-3.825687766075134277e-01,4.649302735924720764e-02,-8.188083022832870483e-02,0.000000000000000000e+00,0.000000000000000000e+00,1.766359084285795689e-03,2.502512037754058838e-01,-2.533188760280609131e-01,-5.621014833450317383e-01,8.628197014331817627e-02,8.018183708190917969e-02,-3.043195009231567383e-01,2.044122219085693359e-01,-4.859132468700408936e-01,-5.302618071436882019e-02
-9.724563360214233398e-02,-1.616548776626586914e+00,7.876116037368774414e-01,1.109856739640235901e-02,3.548565879464149475e-02,7.254405021667480469e-01,6.872799396514892578e-01,-2.779901027679443359e-01,3.210248053073883057e-01,-2.059575170278549194e-02,3.705714344978332520e-01,-2.111340016126632690e-01,-9.058297425508499146e-02,-4.027801752090454102e-01,-4.488281309604644775e-01,-1.137249916791915894e-01,6.491261720657348633e-01,-3.463809192180633545e-01,8.315403759479522705e-02,-6.300777941942214966e-02,0.000000000000000000e+00,0.000000000000000000e+00,-7.807374000549316406e-03,2.391325086355209351e-01,-2.748317122459411621e-01,-5.600886940956115723e-01,7.419852912425994873e-02,8.654866367578506470e-02,-3.284338414669036865e-01,1.872480064630508423e-01,-4.668180644512176514e-01,-5.862835422158241272e-02
-1.335316896438598633e-01,-1.615620493888854980e+00,7.874864339828491211e-01,1.203075703233480453e-02,3.665033727884292603e-02,7.236596941947937012e-01,6.890781521797180176e-01,-3.190822005271911621e-01,2.820348441600799561e-01,-2.939360216259956360e-03,4.646818339824676514e-01,-3.183501660823822021e-01,-6.182564795017242432e-02,-3.673393428325653076e-01,-4.813273549079895020e-01,-1.034787744283676147e-01,5.715860724449157715e-01,-2.745466232299804688e-01,1.074448227882385254e-01,-4.340538755059242249e-02,0.000000000000000000e+00,0.000000000000000000e+00,-1.709464378654956818e-02,2.251368016004562378e-01,-2.949687540531158447e-01,-5.536901354789733887e-01,5.576847121119499207e-02,9.023872017860412598e-02,-3.436126708984375000e-01,1.666037589311599731e-01,-4.512592256069183350e-01,-5.045986175537109375e-02
-1.700171828269958496e-01,-1.616262674331665039e+00,7.899953722953796387e-01,1.003658492118120193e-02,3.611896187067031860e-02,7.224305868148803711e-01,6.904264688491821289e-01,-3.564838767051696777e-01,2.432077229022979736e-01,-9.520250372588634491e-03,5.348926186561584473e-01,-3.543490469455718994e-01,-3.768093511462211609e-02,-3.149732351303100586e-01,-5.063416957855224609e-01,-1.039984598755836487e-01,4.632019996643066406e-01,-1.607709527015686035e-01,1.266928762197494507e-01,-1.929024606943130493e-02,0.000000000000000000e+00,0.000000000000000000e+00,-2.673822827637195587e-02,2.231886237859725952e-01,-3.287508785724639893e-01,-5.495827794075012207e-01,4.829858243465423584e-02,9.503097832202911377e-02,-3.434478640556335449e-01,1.365305781364440918e-01,-4.443324208259582520e-01,-4.879982769489288330e-02
-2.050552070140838623e-01,-1.617813587188720703e+00,7.957072257995605469e-01,1.101898774504661560e-02,3.881072625517845154e-02,7.187189459800720215e-01,6.941292285919189453e-01,-3.725740909576416016e-01,2.014766186475753784e-01,9.566302411258220673e-03,5.702109932899475098e-01,-3.598868250846862793e-01,-2.156974561512470245e-02,-2.701261639595031738e-01,-5.362065434455871582e-01,-1.115137338638305664e-01,3.597980141639709473e-01,-2.231416106224060059e-02,1.309259980916976929e-01,6.122952792793512344e-03,0.000000000000000000e+00,0.000000000000000000e+00,-3.222525119781494141e-02,2.164819985628128052e-01,-3.574388623237609863e-01,-5.508052110671997070e-01,3.829863294959068298e-02,9.363491088151931763e-02,-3.410661220550537109e-01,1.078757271170616150e-01,-4.414754211902618408e-01,-5.643234029412269592e-02
-2.378202080726623535e-01,-1.620664596557617188e+00,8.018867373466491699e-01,1.396048814058303833e-02,4.394849017262458801e-02,7.142457962036132812e-01,6.983742117881774902e-01,-3.710526227951049805e-01,1.539951264858245850e-01,3.037864901125431061e-02,5.662162303924560547e-01,-3.707859218120574951e-01,1.146651618182659149e-02,-2.350904941558837891e-01,-5.693917274475097656e-01,-1.518480777740478516e-01,2.693410515785217285e-01,1.174392774701118469e-01,1.092754527926445007e-01,2.839925698935985565e-02,0.000000000000000000e+00,0.000000000000000000e+00,-2.953942306339740753e-02,2.077623605728149414e-01,-3.712837100028991699e-01,-5.582854151725769043e-01,3.998829424381256104e-02,9.097498655319213867e-02,-3.308836221694946289e-01,7.464176416397094727e-02,-4.542649090290069580e-01,-6.736277788877487183e-02
-2.666082084178924561e-01,-1.623540520668029785e+00,8.091229796409606934e-01,1.181622780859470367e-02,4.337308555841445923e-02,7.128343582153320312e-01,6.998902559280395508e-01,-3.595122098922729492e-01,1.239579841494560242e-01,4.173346236348152161e-02,5.353302359580993652e-01,-3.636876642704010010e-01,3.180344402790069580e-02,-2.276534140110015869e-01,-5.673805475234985352e-01,-1.838676929473876953e-01,2.408438771963119507e-01,1.524128913879394531e-01,9.250569343566894531e-02,4.011487960815429688e-02,0.000000000000000000e+00,0.000000000000000000e+00,-1.837829686701297760e-02,2.181605696678161621e-01,-3.756481111049652100e-01,-5.765567421913146973e-01,2.951454184949398041e-02,8.961379528045654297e-02,-3.039547502994537354e-01,6.251782178878784180e-02,-4.872294068336486816e-01,-8.839270472526550293e-02
-2.912558913230895996e-01,-1.624720931053161621e+00,8.188865184783935547e-01,4.249940160661935806e-03,3.667579591274261475e-02,7.155032157897949219e-01,6.976331472396850586e-01,-3.418155312538146973e-01,1.106220185756683350e-01,3.721584007143974304e-02,4.890844523906707764e-01,-3.408342897891998291e-01,3.833778575062751770e-02,-2.359583973884582520e-01,-5.188954472541809082e-01,-1.650149226188659668e-01,2.637818157672882080e-01,8.297945559024810791e-02,7.800430059432983398e-02,3.632989525794982910e-02,0.000000000000000000e+00,0.000000000000000000e+00,1.533115748316049576e-03,2.460049688816070557e-01,-3.626034259796142578e-01,-5.900032520294189453e-01,3.284875676035881042e-02,8.766432106494903564e-02,-2.670991718769073486e-01,8.893574774265289307e-02,-5.206551551818847656e-01,-8.292067795991897583e-02
-3.137688636779785156e-01,-1.627190709114074707e+00,8.287378549575805664e-01,-4.626071546226739883e-03,2.983635850250720978e-02,7.190715074539184570e-01,6.942799091339111328e-01,-3.220733404159545898e-01,1.000834479928016663e-01,2.914085239171981812e-02,4.347983598709106445e-01,-3.148704469203948975e-01,4.101100564002990723e-02,-2.562851309776306152e-01,-4.583401083946228027e-01,-1.622151285409927368e-01,3.170060813426971436e-01,-6.669726688414812088e-03,5.811986327171325684e-02,2.592751011252403259e-02,0.000000000000000000e+00,0.000000000000000000e+00,1.684580557048320770e-02,2.772099077701568604e-01,-3.450805246829986572e-01,-6.035056710243225098e-01,5.889081954956054688e-02,7.634309679269790649e-02,-2.377559691667556763e-01,1.326745599508285522e-01,-5.474591255187988281e-01,-7.326402515172958374e-02
-3.336231112480163574e-01,-1.629989027976989746e+00,8.365020751953125000e-01,-1.277501601725816727e-02,2.359755337238311768e-02,7.234051227569580078e-01,6.899021863937377930e-01,-3.050241172313690186e-01,9.064401686191558838e-02,1.699828356504440308e-02,3.851362764835357666e-01,-2.913297414779663086e-01,5.116279050707817078e-02,-2.779398560523986816e-01,-3.990558683872222900e-01,-1.921095103025436401e-01,3.809698820114135742e-01,-1.036653369665145874e-01,3.493736311793327332e-02,8.931756950914859772e-03,0.000000000000000000e+00,0.000000000000000000e+00,2.813862822949886322e-02,3.050856888294219971e-01,-3.345813453197479248e-01,-6.002024412155151367e-01,4.345792159438133240e-02,6.447461992502212524e-02,-2.130778133869171143e-01,1.779537796974182129e-01,-5.701121091842651367e-01,-4.704974219202995300e-02
-3.503957390785217285e-01,-1.633081316947937012e+00,8.416408896446228027e-01,-1.899681240320205688e-02,2.038050442934036255e-02,7.267786264419555664e-01,6.863064765930175781e-01,-2.889760434627532959e-01,7.985358685255050659e-02,1.005892176181077957e-02,3.375760018825531006e-01,-2.671139240264892578e-01,5.069373175501823425e-02,-2.906279861927032471e-01,-3.366247415542602539e-01,-2.323829829692840576e-01,4.240981340408325195e-01,-1.708179563283920288e-01,1.680907048285007477e-02,-4.582369234412908554e-03,0.000000000000000000e+00,0.000000000000000000e+00,3.451420366764068604e-02,3.255689740180969238e-01,-3.296451568603515625e-01,-5.932397246360778809e-01,3.124504163861274719e-02,5.528303980827331543e-02,-2.020893245935440063e-01,2.101187855005264282e-01,-5.956512689590454102e-01,-1.519792340695858002e-02
-3.657879829406738281e-01,-1.636116862297058105e+00,8.449648618698120117e-01,-2.301344834268093109e-02,1.667488925158977509e-02,7.324281334877014160e-01,6.802509427070617676e-01,-2.733997404575347900e-01,6.735053658485412598e-02,-2.146980958059430122e-03,2.967235147953033447e-01,-2.454232722520828247e-01,5.355103313922882080e-02,-2.899487316608428955e-01,-2.757764458656311035e-01,-2.910150885581970215e-01,4.440675377845764160e-01,-2.241792231798171997e-01,4.639876540750265121e-03,-2.179114893078804016e-02,0.000000000000000000e+00,0.000000000000000000e+00,3.524400293827056885e-02,3.399031758308410645e-01,-3.263474702835083008e-01,-5.746530890464782715e-01,2.211875841021537781e-02,5.569458007812500000e-02,-1.907102316617965698e-01,2.303004115819931030e-01,-6.278027892112731934e-01,-2.732868306338787079e-02
-3.793509900569915771e-01,-1.638384103775024414e+00,8.465814590454101562e-01,-2.447502128779888153e-02,1.433226652443408966e-02,7.356597781181335449e-01,6.767571568489074707e-01,-2.544876635074615479e-01,5.327952653169631958e-02,-1.198741979897022247e-02,2.576934099197387695e-01,-2.239376902580261230e-01,5.163118988275527954e-02,-2.821300625801086426e-01,-2.114882916212081909e-01,-3.346059322357177734e-01,4.367927014827728271e-01,-2.536527216434478760e-01,3.747539594769477844e-03,-2.987639047205448151e-02,0.000000000000000000e+00,0.000000000000000000e+00,3.094405494630336761e-02,3.478337824344635010e-01,-3.252151012420654297e-01,-5.568876266479492188e-01,1.350630726665258408e-02,6.002489849925041199e-02,-1.901258230209350586e-01,2.419720739126205444e-01,-6.431468725204467773e-01,-3.539977222681045532e-02
-3.922362029552459717e-01,-1.641105175018310547e+00,8.480800390243530273e-01,-2.483269944787025452e-02,1.294696610420942307e-02,7.368428111076354980e-01,6.754838228225708008e-01,-2.375516593456268311e-01,3.986688330769538879e-02,-1.439944934099912643e-02,2.258830666542053223e-01,-2.126273959875106812e-01,5.513810738921165466e-02,-2.777510583400726318e-01,-1.456409692764282227e-01,-3.511397242546081543e-01,4.165677130222320557e-01,-2.756462097167968750e-01,-1.001392607577145100e-03,-3.192215040326118469e-02,0.000000000000000000e+00,0.000000000000000000e+00,2.626171149313449860e-02,3.449703752994537354e-01,-3.171803951263427734e-01,-5.412508249282836914e-01,1.445054449141025543e-02,6.284667551517486572e-02,-1.920901238918304443e-01,2.564752697944641113e-01,-6.564412713050842285e-01,-4.433966800570487976e-02
-4.034869968891143799e-01,-1.643080949783325195e+00,8.490322232246398926e-01,-2.315140888094902039e-02,1.171241514384746552e-02,7.386502027511596680e-01,6.735894680023193359e-01,-2.227203398942947388e-01,2.454534731805324554e-02,-2.239366620779037476e-02,2.030022740364074707e-01,-2.020615786314010620e-01,6.405875831842422485e-02,-2.668301761150360107e-01,-8.079060912132263184e-02,-3.438003957271575928e-01,3.808370232582092285e-01,-2.860211730003356934e-01,-4.617364145815372467e-03,-3.560575470328330994e-02,0.000000000000000000e+00,0.000000000000000000e+00,2.076168730854988098e-02,3.400665223598480225e-01,-3.061865866184234619e-01,-5.275486111640930176e-01,3.284589946269989014e-02,6.434670090675354004e-02,-2.048763036727905273e-01,2.717852890491485596e-01,-6.732159852981567383e-01,-4.676313698291778564e-02
-4.141110479831695557e-01,-1.645112752914428711e+00,8.492724895477294922e-01,-2.106689289212226868e-02,1.085845101624727249e-02,7.399646043777465820e-01,6.722281575202941895e-01,-2.075028717517852783e-01,9.329450316727161407e-03,-2.746285125613212585e-02,1.814639270305633545e-01,-1.903631985187530518e-01,6.189960613846778870e-02,-2.625744342803955078e-01,-2.030825614929199219e-02,-3.039764165878295898e-01,3.493441641330718994e-01,-2.959606647491455078e-01,1.321681425906717777e-03,-4.070293903350830078e-02,0.000000000000000000e+00,0.000000000000000000e+00,1.849521696567535400e-02,3.287146091461181641e-01,-3.005157709121704102e-01,-5.144453644752502441e-01,4.016996920108795166e-02,6.329167634248733521e-02,-2.005630433559417725e-01,2.969500422477722168e-01,-6.632526516914367676e-01,-5.013230443000793457e-02
-4.243202805519104004e-01,-1.646405935287475586e+00,8.493365049362182617e-01,-1.870985887944698334e-02,9.048210456967353821e-03,7.409473061561584473e-01,6.712414622306823730e-01,-1.898666024208068848e-01,-3.385438350960612297e-03,-3.091601468622684479e-02,1.586077064275741577e-01,-1.796515583992004395e-01,6.259168684482574463e-02,-2.516271173954010010e-01,2.943568304181098938e-02,-2.537812292575836182e-01,3.086361289024353027e-01,-3.090695440769195557e-01,4.741696175187826157e-03,-4.479095712304115295e-02,0.000000000000000000e+00,0.000000000000000000e+00,2.302099578082561493e-02,3.154213726520538330e-01,-2.980534732341766357e-01,-5.109480619430541992e-01,4.352047294378280640e-02,6.036728620529174805e-02,-2.017472386360168457e-01,3.125946223735809326e-01,-6.564477682113647461e-01,-5.512776598334312439e-02
-4.337623119354248047e-01,-1.647938728332519531e+00,8.481104373931884766e-01,-1.460667327046394348e-02,8.682650513947010040e-03,7.424931526184082031e-01,6.696380972862243652e-01,-1.773821115493774414e-01,-1.971652172505855560e-02,-3.838798776268959045e-02,1.447609364986419678e-01,-1.755850315093994141e-01,6.896762549877166748e-02,-2.303049266338348389e-01,6.347420811653137207e-02,-1.985350400209426880e-01,2.520118057727813721e-01,-3.086248338222503662e-01,-1.209640526212751865e-03,-4.927008226513862610e-02,0.000000000000000000e+00,0.000000000000000000e+00,2.144121006131172180e-02,2.933184504508972168e-01,-3.010705411434173584e-01,-5.000513195991516113e-01,4.191416874527931213e-02,5.775960162281990051e-02,-2.047316581010818481e-01,3.190646469593048096e-01,-6.393948197364807129e-01,-6.536648422479629517e-02
-4.427642226219177246e-01,-1.649986743927001953e+00,8.443527221679687500e-01,-5.249785725027322769e-03,1.571146957576274872e-02,7.438648939132690430e-01,6.681246757507324219e-01,-1.700529009103775024e-01,-5.264863371849060059e-02,-4.073162749409675598e-02,1.349962949752807617e-01,-1.722512692213058472e-01,7.968361675739288330e-02,-2.018970996141433716e-01,6.175341457128524780e-02,-1.674632877111434937e-01,1.863108575344085693e-01,-2.372359633445739746e-01,9.782491251826286316e-03,-5.390439182519912720e-02,0.000000000000000000e+00,0.000000000000000000e+00,1.563808135688304901e-02,2.519534230232238770e-01,-3.045978248119354248e-01,-4.912072122097015381e-01,4.426769912242889404e-02,4.874895513057708740e-02,-2.199913710355758667e-01,3.138028085231781006e-01,-6.227884888648986816e-01,-6.236548721790313721e-02
-4.507927894592285156e-01,-1.651685714721679688e+00,8.399851918220520020e-01,5.657013971358537674e-03,2.319051325321197510e-02,7.405619621276855469e-01,6.715639829635620117e-01,-1.572192609310150146e-01,-8.373842388391494751e-02,-3.350840136408805847e-02,1.192814931273460388e-01,-1.663753837347030640e-01,9.334729611873626709e-02,-1.741797477006912231e-01,3.630245104432106018e-02,-1.630164086818695068e-01,1.366309970617294312e-01,-1.514761596918106079e-01,-1.891397871077060699e-02,-4.472955316305160522e-02,0.000000000000000000e+00,0.000000000000000000e+00,8.374628610908985138e-03,2.023121714591979980e-01,-3.055844306945800781e-01,-4.755254387855529785e-01,4.140781983733177185e-02,4.187207296490669250e-02,-2.329465150833129883e-01,3.021565079689025879e-01,-6.033542752265930176e-01,-6.599907577037811279e-02
-4.576936364173889160e-01,-1.653891205787658691e+00,8.395833373069763184e-01,1.143322791904211044e-02,2.418605983257293701e-02,7.358356714248657227e-01,6.766315102577209473e-01,-1.409216970205307007e-01,-9.461402893066406250e-02,-1.739073358476161957e-02,9.999535232782363892e-02,-1.592545360326766968e-01,1.167270615696907043e-01,-1.632071286439895630e-01,2.201566845178604126e-02,-1.360839605331420898e-01,1.267359852790832520e-01,-1.252110153436660767e-01,-5.319466814398765564e-02,-3.539724275469779968e-02,0.000000000000000000e+00,0.000000000000000000e+00,6.328330375254154205e-03,1.410758346319198608e-01,-2.825356721878051758e-01,-4.560005366802215576e-01,-4.352517798542976379e-02,3.195245563983917236e-02,-2.223266363143920898e-01,2.742821574211120605e-01,-5.840426087379455566e-01,-3.771252557635307312e-02
-4.630931913852691650e-01,-1.655645012855529785e+00,8.400979042053222656e-01,1.603996939957141876e-02,2.265631034970283508e-02,7.340707778930664062e-01,6.785053610801696777e-01,-1.236339434981346130e-01,-1.013561710715293884e-01,-2.572636585682630539e-03,8.333315700292587280e-02,-1.576040685176849365e-01,1.150148287415504456e-01,-1.525699794292449951e-01,1.187977008521556854e-02,-1.272759884595870972e-01,1.208833828568458557e-01,-1.164205968379974365e-01,-4.171972721815109253e-02,-2.804664894938468933e-02,0.000000000000000000e+00,0.000000000000000000e+00,1.632459228858351707e-03,1.079446747899055481e-01,-2.881744205951690674e-01,-4.352074563503265381e-01,-6.260716915130615234e-02,2.691952697932720184e-02,-2.118856608867645264e-01,2.687634527683258057e-01,-5.301339626312255859e-01,-4.616446793079376221e-02
-4.672677516937255859e-01,-1.657627582550048828e+00,8.408429622650146484e-01,1.844029128551483154e-02,1.962631754577159882e-02,7.336398959159851074e-01,6.790046095848083496e-01,-1.069285944104194641e-01,-1.028251498937606812e-01,6.944214925169944763e-03,6.259609758853912354e-02,-1.526046097278594971e-01,1.027772277593612671e-01,-1.409064829349517822e-01,1.052883639931678772e-02,-1.262946426868438721e-01,1.088619008660316467e-01,-1.125010848045349121e-01,-3.532928600907325745e-02,-2.749796956777572632e-02,0.000000000000000000e+00,0.000000000000000000e+00,3.875766880810260773e-03,8.319699019193649292e-02,-2.987561225891113281e-01,-4.306293427944183350e-01,-5.630422383546829224e-02,1.727567613124847412e-02,-2.009177654981613159e-01,2.730312645435333252e-01,-4.852190017700195312e-01,-4.900524392724037170e-02
-4.709264039993286133e-01,-1.659659624099731445e+00,8.405266404151916504e-01,1.914570480585098267e-02,1.802533119916915894e-02,7.349095940589904785e-01,6.776551008224487305e-01,-1.000036299228668213e-01,-1.056568250060081482e-01,7.280493620783090591e-03,5.143906176090240479e-02,-1.447922438383102417e-01,1.026555597782135010e-01,-1.314096003770828247e-01,8.223741315305233002e-03,-1.317815035581588745e-01,9.367156028747558594e-02,-1.074080392718315125e-01,-3.449694439768791199e-02,-3.487709909677505493e-02,0.000000000000000000e+00,0.000000000000000000e+00,6.308994721621274948e-03,5.746071040630340576e-02,-3.288628756999969482e-01,-4.291287064552307129e-01,-7.767825573682785034e-02,1.005203370004892349e-02,-1.835087239742279053e-01,2.792898714542388916e-01,-4.538606405258178711e-01,-5.247087031602859497e-02
-4.738406240940093994e-01,-1.661830782890319824e+00,8.402479887008666992e-01,1.889503933489322662e-02,1.760982349514961243e-02,7.360430955886840820e-01,6.764417290687561035e-01,-9.843665361404418945e-02,-1.067656502127647400e-01,1.310508418828248978e-02,4.518776014447212219e-02,-1.425447613000869751e-01,1.064317747950553894e-01,-1.290586739778518677e-01,4.556950647383928299e-03,-1.355952173471450806e-01,8.837681263685226440e-02,-1.071403697133064270e-01,-3.359324857592582703e-02,-4.054133966565132141e-02,0.000000000000000000e+00,0.000000000000000000e+00,4.183165263384580612e-03,3.079743497073650360e-02,-3.655197024345397949e-01,-4.285379946231842041e-01,-9.716190397739410400e-02,8.761784993112087250e-03,-1.666699796915054321e-01,2.906193733215332031e-01,-4.412810802459716797e-01,-4.981638491153717041e-02
-4.763017296791076660e-01,-1.663711428642272949e+00,8.402164578437805176e-01,1.830073818564414978e-02,1.647628471255302429e-02,7.371907234191894531e-01,6.752358078956604004e-01,-9.853667765855789185e-02,-1.066156998276710510e-01,1.681288704276084900e-02,4.405917972326278687e-02,-1.383930444717407227e-01,1.069417297840118408e-01,-1.271382719278335571e-01,4.067204426974058151e-03,-1.360966116189956665e-01,8.417880535125732422e-02,-1.066329479217529297e-01,-2.885508351027965546e-02,-4.439768567681312561e-02,0.000000000000000000e+00,0.000000000000000000e+00,-2.548994496464729309e-03,2.455398067831993103e-02,-4.030283987522125244e-01,-4.260016083717346191e-01,-1.272247880697250366e-01,1.292180456221103668e-02,-1.546512693166732788e-01,3.052441179752349854e-01,-4.428440034389495850e-01,-4.098754748702049255e-02
-4.779135286808013916e-01,-1.665515661239624023e+00,8.403418660163879395e-01,1.844955608248710632e-02,1.585178636014461517e-02,7.370749115943908691e-01,6.753731966018676758e-01,-1.017322987318038940e-01,-1.075691729784011841e-01,1.662786304950714111e-02,4.857608303427696228e-02,-1.356917917728424072e-01,1.109902486205101013e-01,-1.264031231403350830e-01,3.901015268638730049e-03,-1.335228830575942993e-01,8.191753923892974854e-02,-1.028797850012779236e-01,-2.891728281974792480e-02,-4.260055348277091980e-02,0.000000000000000000e+00,0.000000000000000000e+00,-9.010744281113147736e-03,3.000570461153984070e-02,-4.109959006309509277e-01,-4.221565723419189453e-01,-1.325845718383789062e-01,1.803158409893512726e-02,-1.417611092329025269e-01,3.137013614177703857e-01,-4.485644996166229248e-01,-4.097112268209457397e-02
-4.788539409637451172e-01,-1.666838049888610840e+00,8.401195406913757324e-01,1.794575341045856476e-02,1.555660273879766464e-02,7.363033294677734375e-01,6.762346625328063965e-01,-1.075096726417541504e-01,-1.071901842951774597e-01,1.974955573678016663e-02,5.610346421599388123e-02,-1.330763101577758789e-01,1.112318038940429688e-01,-1.259616911411285400e-01,4.271326120942831039e-03,-1.319789588451385498e-01,7.733187824487686157e-02,-9.985106438398361206e-02,-2.983736805617809296e-02,-3.826273605227470398e-02,0.000000000000000000e+00,0.000000000000000000e+00,-1.493584737181663513e-02,3.860760852694511414e-02,-3.975449800491333008e-01,-4.232629239559173584e-01,-1.303367614746093750e-01,2.460690774023532867e-02,-1.294224411249160767e-01,3.160822689533233643e-01,-4.614069163799285889e-01,-3.433366119861602783e-02
-4.799108803272247314e-01,-1.668398618698120117e+00,8.403849005699157715e-01,1.749901846051216125e-02,1.533238496631383896e-02,7.341684103012084961e-01,6.785686612129211426e-01,-1.112997829914093018e-01,-1.060447171330451965e-01,2.883802168071269989e-02,5.979449674487113953e-02,-1.349817812442779541e-01,1.132109835743904114e-01,-1.276831179857254028e-01,5.128391552716493607e-03,-1.266293972730636597e-01,7.527835667133331299e-02,-9.837743639945983887e-02,-2.728324756026268005e-02,-3.304891288280487061e-02,0.000000000000000000e+00,0.000000000000000000e+00,-1.482623722404241562e-02,5.039108172059059143e-02,-3.852034807205200195e-01,-4.314370751380920410e-01,-1.266233026981353760e-01,3.020145930349826813e-02,-1.176209971308708191e-01,3.215598165988922119e-01,-4.767067432403564453e-01,-3.503800183534622192e-02
-4.804387688636779785e-01,-1.669836282730102539e+00,8.403974771499633789e-01,1.737740077078342438e-02,1.554212626069784164e-02,7.331251502037048340e-01,6.796939969062805176e-01,-1.146561652421951294e-01,-1.076702922582626343e-01,2.764003723859786987e-02,6.165729090571403503e-02,-1.357575654983520508e-01,1.124144122004508972e-01,-1.269963532686233521e-01,4.699579905718564987e-03,-1.252025663852691650e-01,7.052690535783767700e-02,-9.606832265853881836e-02,-2.605094760656356812e-02,-3.170297294855117798e-02,0.000000000000000000e+00,0.000000000000000000e+00,-1.429283339530229568e-02,6.508105993270874023e-02,-3.859554529190063477e-01,-4.423251450061798096e-01,-1.267678439617156982e-01,3.235565125942230225e-02,-1.106590926647186279e-01,3.335513472557067871e-01,-4.864585101604461670e-01,-2.288982085883617401e-02
-4.807872772216796875e-01,-1.670584201812744141e+00,8.402480483055114746e-01,1.743324846029281616e-02,1.666385121643543243e-02,7.323852777481079102e-01,6.804631948471069336e-01,-1.172280460596084595e-01,-1.091961637139320374e-01,3.176759928464889526e-02,6.212851405143737793e-02,-1.359751522541046143e-01,1.134358420968055725e-01,-1.266017854213714600e-01,2.161896554753184319e-03,-1.256708055734634399e-01,6.687704473733901978e-02,-9.119664132595062256e-02,-2.185627818107604980e-02,-3.394142165780067444e-02,0.000000000000000000e+00,0.000000000000000000e+00,-1.413479913026094437e-02,7.504122704267501831e-02,-3.842824399471282959e-01,-4.505032300949096680e-01,-1.266901493072509766e-01,3.180685639381408691e-02,-1.100372597575187683e-01,3.338470757007598877e-01,-4.916646480560302734e-01,-1.785238645970821381e-02
-4.810534119606018066e-01,-1.670873641967773438e+00,8.400866389274597168e-01,1.758555322885513306e-02,1.661574281752109528e-02,7.313849329948425293e-01,6.815356016159057617e-01,-1.166468337178230286e-01,-1.090775728225708008e-01,3.515335172414779663e-02,6.069939211010932922e-02,-1.349490135908126831e-01,1.137366816401481628e-01,-1.262560039758682251e-01,1.883202814497053623e-03,-1.248248144984245300e-01,6.476150453090667725e-02,-9.091338515281677246e-02,-1.925259083509445190e-02,-3.662326559424400330e-02,0.000000000000000000e+00,0.000000000000000000e+00,-1.381898485124111176e-02,9.128210693597793579e-02,-3.877343535423278809e-01,-4.559651315212249756e-01,-1.315564811229705811e-01,2.863307483494281769e-02,-1.118112504482269287e-01,3.310861289501190186e-01,-4.907195270061492920e-01,-1.296137552708387375e-02
-4.813940823078155518e-01,-1.671381115913391113e+00,8.400937914848327637e-01,1.759298332035541534e-02,1.634577289223670959e-02,7.299880385398864746e-01,6.830378770828247070e-01,-1.152673140168190002e-01,-1.082449629902839661e-01,3.564197570085525513e-02,5.784930288791656494e-02,-1.335971802473068237e-01,1.176110059022903442e-01,-1.281148344278335571e-01,1.430907868780195713e-03,-1.255865097045898438e-01,6.603154540061950684e-02,-9.225658327341079712e-02,-1.953784003853797913e-02,-3.565693646669387817e-02,0.000000000000000000e+00,0.000000000000000000e+00,-1.638673618435859680e-02,1.048750802874565125e-01,-3.881941437721252441e-01,-4.538538157939910889e-01,-1.347666084766387939e-01,2.722951583564281464e-02,-1.111551523208618164e-01,3.280028998851776123e-01,-4.855198860168457031e-01,-2.386341616511344910e-02
-4.815331995487213135e-01,-1.671606421470642090e+00,8.399811387062072754e-01,1.803670078516006470e-02,1.667815074324607849e-02,7.285196185111999512e-01,6.845843195915222168e-01,-1.126693561673164368e-01,-1.088210865855216980e-01,4.556648433208465576e-02,5.407331138849258423e-02,-1.327005773782730103e-01,1.125730648636817932e-01,-1.289629340171813965e-01,3.593034634832292795e-04,-1.217496022582054138e-01,6.739576905965805054e-02,-8.901970833539962769e-02,-1.694202981889247894e-02,-3.610370308160781860e-02,0.000000000000000000e+00,0.000000000000000000e+00,-1.790014281868934631e-02,1.139715760946273804e-01,-3.819657564163208008e-01,-4.467530846595764160e-01,-1.334649175405502319e-01,2.522310428321361542e-02,-1.166777312755584717e-01,3.333579599857330322e-01,-4.831179380416870117e-01,-2.508745901286602020e-02
-4.823704659938812256e-01,-1.671801924705505371e+00,8.400946855545043945e-01,1.801579259335994720e-02,1.703180000185966492e-02,7.272481918334960938e-01,6.859266757965087891e-01,-1.113044619560241699e-01,-1.096156835556030273e-01,4.638446494936943054e-02,5.012660101056098938e-02,-1.341952234506607056e-01,1.171721369028091431e-01,-1.310400962829589844e-01,-1.163014327175915241e-03,-1.241734102368354797e-01,6.751047819852828979e-02,-9.060507267713546753e-02,-1.792750135064125061e-02,-3.627859428524971008e-02,0.000000000000000000e+00,0.000000000000000000e+00,-1.940346322953701019e-02,1.172260418534278870e-01,-3.746796846389770508e-01,-4.390734732151031494e-01,-1.291680485010147095e-01,1.733116246759891510e-02,-1.220920458436012268e-01,3.410932421684265137e-01,-4.747510552406311035e-01,-9.663684293627738953e-03
-4.826389849185943604e-01,-1.671719789505004883e+00,8.402363061904907227e-01,1.833803392946720123e-02,1.727915555238723755e-02,7.261059880256652832e-01,6.871210336685180664e-01,-1.103082373738288879e-01,-1.102014929056167603e-01,4.797345399856567383e-02,4.831382632255554199e-02,-1.348630636930465698e-01,1.175734773278236389e-01,-1.323422193527221680e-01,-1.494585769250988960e-03,-1.178918331861495972e-01,6.971888244152069092e-02,-8.911266922950744629e-02,-1.904964633285999298e-02,-3.684853017330169678e-02,0.000000000000000000e+00,0.000000000000000000e+00,-2.220248430967330933e-02,1.223899275064468384e-01,-3.618223369121551514e-01,-4.320277273654937744e-01,-1.254484802484512329e-01,1.184049807488918304e-02,-1.331428438425064087e-01,3.344362974166870117e-01,-4.778649508953094482e-01,2.595343627035617828e-03
-4.830848872661590576e-01,-1.671346187591552734e+00,8.402116298675537109e-01,1.781876571476459503e-02,1.707154698669910431e-02,7.254525423049926758e-01,6.878296732902526855e-01,-1.107335314154624939e-01,-1.092210859060287476e-01,5.126693472266197205e-02,4.891547933220863342e-02,-1.347873210906982422e-01,1.170542463660240173e-01,-1.333005428314208984e-01,-1.183561282232403755e-03,-1.256093829870223999e-01,6.929162144660949707e-02,-9.337458014488220215e-02,-1.910189725458621979e-02,-3.726950287818908691e-02,0.000000000000000000e+00,0.000000000000000000e+00,-2.173028141260147095e-02,1.260320097208023071e-01,-3.575288653373718262e-01,-4.296041131019592285e-01,-1.169513240456581116e-01,1.300728693604469299e-02,-1.408354938030242920e-01,3.355585038661956787e-01,-4.811664521694183350e-01,-2.272358397021889687e-03
-4.831464886665344238e-01,-1.670979142189025879e+00,8.400521874427795410e-01,1.792261749505996704e-02,1.718444190919399261e-02,7.266486883163452148e-01,6.865603923797607422e-01,-1.113617420196533203e-01,-1.102387681603431702e-01,4.808306694030761719e-02,5.059982091188430786e-02,-1.340916454792022705e-01,1.158798411488533020e-01,-1.313038021326065063e-01,-9.643051889725029469e-04,-1.174648702144622803e-01,6.948588043451309204e-02,-8.871269971132278442e-02,-1.953918486833572388e-02,-4.048191756010055542e-02,0.000000000000000000e+00,0.000000000000000000e+00,-2.364213764667510986e-02,1.241146698594093323e-01,-3.528890013694763184e-01,-4.282503426074981689e-01,-1.192712932825088501e-01,1.482062414288520813e-02,-1.491987556219100952e-01,3.362283408641815186e-01,-4.808259606361389160e-01,1.482694223523139954e-02
