1.269909143447875977e-01,-1.847608208656311035e+00,8.321398496627807617e-01,4.028725903481245041e-03,2.066307701170444489e-02,7.120780348777770996e-01,7.017846703529357910e-01,-6.647231429815292358e-02,3.149471594952046871e-04,2.633761465549468994e-01,2.134600482484039219e-11,-1.166485697031021118e-01,2.406514436006546021e-02,-1.224751099944114685e-01,-1.024735569953918457e-01,-2.564366757869720459e-01,3.856480121612548828e-02,-7.018820196390151978e-02,6.124986335635185242e-02,-9.044389240443706512e-03,0.000000000000000000e+00,0.000000000000000000e+00,-6.260456144809722900e-02,9.071047604084014893e-02,-4.563429951667785645e-01,-4.459891617298126221e-01,-7.083240896463394165e-02,-6.946629285812377930e-02,-1.236381009221076965e-01,4.474473893642425537e-01,-3.153575062751770020e-01,-6.313432753086090088e-02
1.271545141935348511e-01,-1.842240571975708008e+00,8.390902876853942871e-01,1.075295917689800262e-02,1.631684228777885437e-02,7.237536311149597168e-01,6.897817254066467285e-01,-5.056909099221229553e-02,-6.386559922248125076e-03,2.234997600317001343e-01,1.293392046584326870e-16,-1.370011568069458008e-01,5.285604670643806458e-02,-7.877592742443084717e-02,-1.021772399544715881e-01,-2.924302816390991211e-01,1.800142414867877960e-02,-8.662559837102890015e-02,4.387205466628074646e-02,-4.093472287058830261e-02,0.000000000000000000e+00,0.000000000000000000e+00,-3.850645571947097778e-02,7.951439917087554932e-02,-4.510384202003479004e-01,-4.498398602008819580e-01,-9.639570862054824829e-02,-2.670374326407909393e-02,-1.319530010223388672e-01,3.752886652946472168e-01,-4.266478419303894043e-01,-4.544134065508842468e-02
1.267847865819931030e-01,-1.842859387397766113e+00,8.399981260299682617e-01,1.198104210197925568e-02,1.523614767938852310e-02,7.247936129570007324e-01,6.886933445930480957e-01,-4.931395128369331360e-02,-6.433265283703804016e-03,2.214442789554595947e-01,-3.426772704152003491e-18,-1.368755996227264404e-01,5.516529083251953125e-02,-7.387432456016540527e-02,-1.012913733720779419e-01,-2.930285036563873291e-01,1.565955579280853271e-02,-8.664567768573760986e-02,3.871541097760200500e-02,-4.332989826798439026e-02,0.000000000000000000e+00,0.000000000000000000e+00,-3.281893581151962280e-02,7.689180225133895874e-02,-4.466483294963836670e-01,-4.509902596473693848e-01,-9.863170236349105835e-02,-1.948367245495319366e-02,-1.295554339885711670e-01,3.685507476329803467e-01,-4.545400440692901611e-01,-4.042335227131843567e-02
1.259368062019348145e-01,-1.843146085739135742e+00,8.401705026626586914e-01,1.241231150925159454e-02,1.500306092202663422e-02,7.251621484756469727e-01,6.883027553558349609e-01,-4.910084605216979980e-02,-7.183734327554702759e-03,2.214870303869247437e-01,-3.280553641632229895e-18,-1.366615444421768188e-01,5.377342551946640015e-02,-7.186000049114227295e-02,-1.016068831086158752e-01,-2.937137782573699951e-01,1.513708941638469696e-02,-8.710701018571853638e-02,3.836696222424507141e-02,-4.176010191440582275e-02,0.000000000000000000e+00,0.000000000000000000e+00,-3.072363510727882385e-02,7.695809751749038696e-02,-4.473617970943450928e-01,-4.500625431537628174e-01,-9.790813177824020386e-02,-1.602871716022491455e-02,-1.291742324829101562e-01,3.680955171585083008e-01,-4.573212563991546631e-01,-4.424802586436271667e-02
1.257343739271163940e-01,-1.844114065170288086e+00,8.405246138572692871e-01,1.219199132174253464e-02,1.481584925204515457e-02,7.251240015029907227e-01,6.883509159088134766e-01,-5.068101361393928528e-02,-6.315849255770444870e-03,2.209459990262985229e-01,2.201549472116008687e-18,-1.364007294178009033e-01,5.432268604636192322e-02,-7.327479124069213867e-02,-1.012422293424606323e-01,-2.924194335937500000e-01,1.616082340478897095e-02,-8.833032846450805664e-02,3.621237725019454956e-02,-3.921505063772201538e-02,0.000000000000000000e+00,0.000000000000000000e+00,-3.132160753011703491e-02,7.870777696371078491e-02,-4.466430842876434326e-01,-4.476136267185211182e-01,-9.791842848062515259e-02,-1.564783044159412384e-02,-1.269395351409912109e-01,3.624532520771026611e-01,-4.596397578716278076e-01,-5.206298828125000000e-02
1.255410462617874146e-01,-1.844358325004577637e+00,8.406155705451965332e-01,1.241637486964464188e-02,1.482073310762643814e-02,7.249110341072082520e-01,6.885710954666137695e-01,-5.049008503556251526e-02,-6.791845429688692093e-03,2.224934846162796021e-01,6.514791786406390665e-19,-1.365058273077011108e-01,5.438433215022087097e-02,-7.323524355888366699e-02,-1.015030071139335632e-01,-2.919601798057556152e-01,1.626619882881641388e-02,-8.740425854921340942e-02,3.648046404123306274e-02,-3.896329179406166077e-02,0.000000000000000000e+00,0.000000000000000000e+00,-3.083648718893527985e-02,7.803169637918472290e-02,-4.437578916549682617e-01,-4.470776915550231934e-01,-9.680994600057601929e-02,-1.640403270721435547e-02,-1.263209879398345947e-01,3.639620244503021240e-01,-4.604382514953613281e-01,-5.094388872385025024e-02
1.247831434011459351e-01,-1.844058632850646973e+00,8.404076099395751953e-01,1.313641294836997986e-02,1.445381250232458115e-02,7.251362800598144531e-01,6.883283257484436035e-01,-4.897061735391616821e-02,-7.741399575024843216e-03,2.220246046781539917e-01,1.971394738479254267e-18,-1.361573338508605957e-01,5.364293977618217468e-02,-7.081039249897003174e-02,-1.023991703987121582e-01,-2.922924757003784180e-01,1.548715680837631226e-02,-8.728756010532379150e-02,3.806277737021446228e-02,-3.872240707278251648e-02,0.000000000000000000e+00,0.000000000000000000e+00,-2.936515957117080688e-02,7.749418914318084717e-02,-4.387753009796142578e-01,-4.484100043773651123e-01,-9.581223130226135254e-02,-1.613509468734264374e-02,-1.265899091958999634e-01,3.657669723033905029e-01,-4.586883485317230225e-01,-4.491701349616050720e-02
1.240933686494827271e-01,-1.844890475273132324e+00,8.408457040786743164e-01,1.286243926733732224e-02,1.411959901452064514e-02,7.259367704391479492e-01,6.874961853027343750e-01,-5.019947141408920288e-02,-7.725988514721393585e-03,2.198084294795989990e-01,3.453596517055873073e-18,-1.356664746999740601e-01,5.512030795216560364e-02,-7.141680270433425903e-02,-1.025087386369705200e-01,-2.949249446392059326e-01,1.637577824294567108e-02,-8.796784281730651855e-02,3.724238276481628418e-02,-4.018237814307212830e-02,0.000000000000000000e+00,0.000000000000000000e+00,-2.972825057804584503e-02,7.941064238548278809e-02,-4.417918026447296143e-01,-4.499681293964385986e-01,-9.716713428497314453e-02,-1.598658040165901184e-02,-1.251773834228515625e-01,3.635333478450775146e-01,-4.618627727031707764e-01,-5.008804798126220703e-02
1.234182566404342651e-01,-1.844744205474853516e+00,8.407966494560241699e-01,1.352640707045793533e-02,1.410641428083181381e-02,7.263197898864746094e-01,6.870790719985961914e-01,-4.954911023378372192e-02,-9.368502534925937653e-03,2.179998755455017090e-01,1.074810363810577358e-18,-1.362042874097824097e-01,5.565594136714935303e-02,-6.976994872093200684e-02,-1.039954349398612976e-01,-2.961663901805877686e-01,1.645802892744541168e-02,-8.688178658485412598e-02,3.837027400732040405e-02,-4.124972596764564514e-02,0.000000000000000000e+00,0.000000000000000000e+00,-2.834611758589744568e-02,7.881300896406173706e-02,-4.431780874729156494e-01,-4.499809741973876953e-01,-9.540174156427383423e-02,-1.601571030914783478e-02,-1.258562952280044556e-01,3.638916909694671631e-01,-4.599324762821197510e-01,-5.184247344732284546e-02
1.233082339167594910e-01,-1.845229029655456543e+00,8.407912850379943848e-01,1.312820799648761749e-02,1.408440247178077698e-02,7.264277338981628418e-01,6.869730353355407715e-01,-5.062247067689895630e-02,-8.820118382573127747e-03,2.176929414272308350e-01,-2.706662350087839718e-18,-1.350480765104293823e-01,5.556571856141090393e-02,-7.110948860645294189e-02,-1.036001592874526978e-01,-2.952049374580383301e-01,1.714367605745792389e-02,-8.697557449340820312e-02,3.768244758248329163e-02,-4.071161523461341858e-02,0.000000000000000000e+00,0.000000000000000000e+00,-2.966957166790962219e-02,7.989393919706344604e-02,-4.439563155174255371e-01,-4.500239193439483643e-01,-9.618514031171798706e-02,-1.681097224354743958e-02,-1.254792511463165283e-01,3.625211119651794434e-01,-4.599932134151458740e-01,-4.878430068492889404e-02
1.231018528342247009e-01,-1.845397710800170898e+00,8.409617543220520020e-01,1.320552732795476913e-02,1.390385627746582031e-02,7.265501022338867188e-01,6.868458986282348633e-01,-5.048658326268196106e-02,-9.083311073482036591e-03,2.178916186094284058e-01,-1.789042772441939316e-19,-1.351530551910400391e-01,5.531643703579902649e-02,-7.081925868988037109e-02,-1.035984382033348083e-01,-2.949995994567871094e-01,1.707726903259754181e-02,-8.667244762182235718e-02,3.692850843071937561e-02,-4.126308858394622803e-02,0.000000000000000000e+00,0.000000000000000000e+00,-3.025170043110847473e-02,7.983846962451934814e-02,-4.452314376831054688e-01,-4.498077929019927979e-01,-9.569319337606430054e-02,-1.793846115469932556e-02,-1.253720223903656006e-01,3.631949424743652344e-01,-4.596771597862243652e-01,-4.932559654116630554e-02
1.225444599986076355e-01,-1.845325708389282227e+00,8.409674167633056641e-01,1.327424962073564529e-02,1.385180931538343430e-02,7.266764640808105469e-01,6.867119073867797852e-01,-5.030941590666770935e-02,-9.839055128395557404e-03,2.172752022743225098e-01,1.652028575778655812e-19,-1.354286521673202515e-01,5.527807399630546570e-02,-7.080895453691482544e-02,-1.044384613633155823e-01,-2.957313060760498047e-01,1.804756186902523041e-02,-8.756675571203231812e-02,3.739501535892486572e-02,-4.086323827505111694e-02,0.000000000000000000e+00,0.000000000000000000e+00,-3.089223429560661316e-02,8.047373592853546143e-02,-4.477698802947998047e-01,-4.511672556400299072e-01,-1.004340648651123047e-01,-1.799024082720279694e-02,-1.265728473663330078e-01,3.650840818881988525e-01,-4.599151313304901123e-01,-4.486321285367012024e-02
1.225152388215065002e-01,-1.845543265342712402e+00,8.410281538963317871e-01,1.327050849795341492e-02,1.387847866863012314e-02,7.264818549156188965e-01,6.869173049926757812e-01,-5.046806484460830688e-02,-9.723498485982418060e-03,2.183878868818283081e-01,1.074846636583970394e-06,-1.356056928634643555e-01,5.615208297967910767e-02,-7.152445614337921143e-02,-1.045318096876144409e-01,-2.954526543617248535e-01,1.838389225304126740e-02,-8.762082457542419434e-02,3.685678169131278992e-02,-4.001804068684577942e-02,0.000000000000000000e+00,0.000000000000000000e+00,-3.283268958330154419e-02,8.220149576663970947e-02,-4.495832324028015137e-01,-4.509327411651611328e-01,-1.037555262446403503e-01,-1.889590173959732056e-02,-1.272838562726974487e-01,3.645845055580139160e-01,-4.603317677974700928e-01,-4.469892382621765137e-02
1.221601590514183044e-01,-1.845539927482604980e+00,8.409308195114135742e-01,1.293101813644170761e-02,1.376114133745431900e-02,7.268358469009399414e-01,6.865515708923339844e-01,-5.107932910323143005e-02,-9.804625064134597778e-03,2.170046567916870117e-01,2.020703050220618024e-06,-1.344582885503768921e-01,5.487084761261940002e-02,-7.126285880804061890e-02,-1.043659150600433350e-01,-2.966404557228088379e-01,1.794239692389965057e-02,-8.702184259891510010e-02,3.716734796762466431e-02,-4.063615575432777405e-02,0.000000000000000000e+00,0.000000000000000000e+00,-3.370767086744308472e-02,8.294256776571273804e-02,-4.497344493865966797e-01,-4.517297148704528809e-01,-1.038320809602737427e-01,-2.009598724544048309e-02,-1.265172362327575684e-01,3.626996874809265137e-01,-4.589229822158813477e-01,-4.198503121733665466e-02
1.214454248547554016e-01,-1.845038771629333496e+00,8.407873511314392090e-01,1.319939736276865005e-02,1.334388740360736847e-02,7.271468639373779297e-01,6.862252950668334961e-01,-4.989409074187278748e-02,-1.007869280874729156e-02,2.163285911083221436e-01,9.245285355063970201e-07,-1.347239613533020020e-01,5.597094818949699402e-02,-6.942287087440490723e-02,-1.048658862709999084e-01,-2.977285385131835938e-01,1.739213243126869202e-02,-8.871955424547195435e-02,3.777725249528884888e-02,-4.055569693446159363e-02,0.000000000000000000e+00,0.000000000000000000e+00,-3.450866788625717163e-02,8.164521306753158569e-02,-4.464733600616455078e-01,-4.502772688865661621e-01,-1.014583781361579895e-01,-2.372973971068859100e-02,-1.242917478084564209e-01,3.594045639038085938e-01,-4.510708749294281006e-01,-3.853689879179000854e-02
1.214822381734848022e-01,-1.845318794250488281e+00,8.410305976867675781e-01,1.337254140526056290e-02,1.329790335148572922e-02,7.269006371498107910e-01,6.864836215972900391e-01,-4.987043887376785278e-02,-1.025417912751436234e-02,2.171262651681900024e-01,2.952443765025236644e-07,-1.349999457597732544e-01,5.635774508118629456e-02,-6.974398344755172729e-02,-1.049281433224678040e-01,-2.967173755168914795e-01,1.832162961363792419e-02,-8.701088279485702515e-02,3.603991866111755371e-02,-3.991122171282768250e-02,0.000000000000000000e+00,0.000000000000000000e+00,-3.477144241333007812e-02,8.287747204303741455e-02,-4.490360021591186523e-01,-4.500493705272674561e-01,-1.026376932859420776e-01,-1.986799202859401703e-02,-1.269953995943069458e-01,3.645707666873931885e-01,-4.567703604698181152e-01,-4.447583109140396118e-02
1.209396049380302429e-01,-1.845010638236999512e+00,8.410736918449401855e-01,1.361099816858768463e-02,1.343903411179780960e-02,7.270873188972473145e-01,6.862784624099731445e-01,-4.932052269577980042e-02,-1.127292029559612274e-02,2.158306688070297241e-01,1.377617763864691369e-06,-1.362975388765335083e-01,5.804922804236412048e-02,-6.904938071966171265e-02,-1.060289815068244934e-01,-2.966667115688323975e-01,1.837779767811298370e-02,-8.865529298782348633e-02,3.545123711228370667e-02,-4.025824368000030518e-02,0.000000000000000000e+00,0.000000000000000000e+00,-3.470175713300704956e-02,8.159920573234558105e-02,-4.493307471275329590e-01,-4.494236707687377930e-01,-1.045750454068183899e-01,-2.229479327797889709e-02,-1.256900429725646973e-01,3.615596890449523926e-01,-4.519832730293273926e-01,-4.335758090019226074e-02
1.210653558373451233e-01,-1.844935655593872070e+00,8.409402370452880859e-01,1.304744277149438858e-02,1.365728583186864853e-02,7.272740006446838379e-01,6.860872507095336914e-01,-5.061794072389602661e-02,-1.070080697536468506e-02,2.159928977489471436e-01,6.526609013235429302e-06,-1.348416358232498169e-01,5.711017549037933350e-02,-7.039651274681091309e-02,-1.058378517627716064e-01,-2.976410090923309326e-01,1.929907500743865967e-02,-8.877889066934585571e-02,3.503012284636497498e-02,-4.058501124382019043e-02,0.000000000000000000e+00,0.000000000000000000e+00,-3.551381826400756836e-02,8.267751336097717285e-02,-4.504794478416442871e-01,-4.497795701026916504e-01,-1.040463373064994812e-01,-2.042222581803798676e-02,-1.263986825942993164e-01,3.635682463645935059e-01,-4.561062157154083252e-01,-4.599218070507049561e-02
1.208237484097480774e-01,-1.844305276870727539e+00,8.408389687538146973e-01,1.317098364233970642e-02,1.357103884220123291e-02,7.282360196113586426e-01,6.850653886795043945e-01,-5.048422142863273621e-02,-1.072405092418193817e-02,2.141829133033752441e-01,1.641936396481469274e-04,-1.326419115066528320e-01,5.550167337059974670e-02,-6.997314095497131348e-02,-1.065434515476226807e-01,-2.978049218654632568e-01,2.171229384839534760e-02,-8.997536450624465942e-02,3.553811088204383850e-02,-4.325432702898979187e-02,0.000000000000000000e+00,0.000000000000000000e+00,-3.327932581305503845e-02,8.273158222436904907e-02,-4.498727321624755859e-01,-4.507038891315460205e-01,-1.047470793128013611e-01,-2.146005071699619293e-02,-1.241858080029487610e-01,3.616330921649932861e-01,-4.534274041652679443e-01,-4.385900497436523438e-02
1.210906729102134705e-01,-1.844361186027526855e+00,8.413042426109313965e-01,1.218475587666034698e-02,1.390501856803894043e-02,7.293661832809448242e-01,6.838736534118652344e-01,-5.488173663616180420e-02,-9.226413443684577942e-03,2.107982784509658813e-01,4.173897206783294678e-03,-1.315223276615142822e-01,5.289281159639358521e-02,-7.347252964973449707e-02,-1.066321656107902527e-01,-3.010537624359130859e-01,2.719407901167869568e-02,-9.153160452842712402e-02,3.337605670094490051e-02,-4.605384916067123413e-02,0.000000000000000000e+00,0.000000000000000000e+00,-3.361487388610839844e-02,8.363535255193710327e-02,-4.516102969646453857e-01,-4.516288042068481445e-01,-1.071366146206855774e-01,-1.685850694775581360e-02,-1.262304335832595825e-01,3.613238334655761719e-01,-4.621425271034240723e-01,-4.438123479485511780e-02
1.217322200536727905e-01,-1.844368696212768555e+00,8.421896100044250488e-01,1.138512045145034790e-02,1.479506492614746094e-02,7.312335371971130371e-01,6.818716526031494141e-01,-6.454820185899734497e-02,-8.025877177715301514e-03,2.034228295087814331e-01,1.623812131583690643e-02,-1.335320472717285156e-01,5.317787081003189087e-02,-7.961133122444152832e-02,-1.087496802210807800e-01,-3.059855997562408447e-01,3.855114057660102844e-02,-9.463138878345489502e-02,2.721177600324153900e-02,-5.424674972891807556e-02,0.000000000000000000e+00,0.000000000000000000e+00,-3.296018391847610474e-02,8.315784484148025513e-02,-4.456197321414947510e-01,-4.507295489311218262e-01,-1.062137410044670105e-01,-2.092079259455204010e-02,-1.281152665615081787e-01,3.575715124607086182e-01,-4.590035676956176758e-01,-4.407110065221786499e-02
1.235392913222312927e-01,-1.845572710037231445e+00,8.433992862701416016e-01,9.062195196747779846e-03,1.610466837882995605e-02,7.327950000762939453e-01,6.801984906196594238e-01,-8.036039024591445923e-02,-3.313577733933925629e-03,1.951070129871368408e-01,3.425575792789459229e-02,-1.387520283460617065e-01,5.762782320380210876e-02,-9.723258763551712036e-02,-1.093816310167312622e-01,-3.056554198265075684e-01,6.368324160575866699e-02,-1.025765687227249146e-01,2.366831153631210327e-02,-5.817768722772598267e-02,0.000000000000000000e+00,0.000000000000000000e+00,-3.511630371212959290e-02,8.637974411249160767e-02,-4.455130100250244141e-01,-4.519359767436981201e-01,-1.021418422460556030e-01,-1.676682755351066589e-02,-1.321426630020141602e-01,3.528542518615722656e-01,-4.721291661262512207e-01,-4.965914785861968994e-02
1.267493963241577148e-01,-1.846012592315673828e+00,8.449592590332031250e-01,5.811390001326799393e-03,1.646216399967670441e-02,7.337124347686767578e-01,6.792357563972473145e-01,-8.985112607479095459e-02,4.727773834019899368e-03,1.903147697448730469e-01,4.141962900757789612e-02,-1.388132423162460327e-01,5.808519199490547180e-02,-1.189788132905960083e-01,-1.082314699888229370e-01,-3.052405118942260742e-01,9.903668612241744995e-02,-1.122498661279678345e-01,2.472478710114955902e-02,-6.196771934628486633e-02,0.000000000000000000e+00,0.000000000000000000e+00,-2.820036001503467560e-02,9.638714045286178589e-02,-4.467260241508483887e-01,-4.646231234073638916e-01,-9.525931626558303833e-02,-1.565733179450035095e-02,-1.348641514778137207e-01,3.473426699638366699e-01,-4.795353114604949951e-01,-5.353989452123641968e-02
1.305551528930664062e-01,-1.846608877182006836e+00,8.461878895759582520e-01,9.240357903763651848e-04,1.628701761364936829e-02,7.356365919113159180e-01,6.771799325942993164e-01,-1.019491702318191528e-01,1.586958579719066620e-02,1.836896985769271851e-01,4.755218699574470520e-02,-1.394052356481552124e-01,6.396092474460601807e-02,-1.474819332361221313e-01,-1.101732626557350159e-01,-3.147196471691131592e-01,1.440172493457794189e-01,-1.315560489892959595e-01,3.598609939217567444e-02,-6.877127289772033691e-02,0.000000000000000000e+00,0.000000000000000000e+00,-2.420854382216930389e-02,1.093911156058311462e-01,-4.446251392364501953e-01,-4.712753891944885254e-01,-8.416442573070526123e-02,-1.573219895362854004e-02,-1.375985890626907349e-01,3.323923647403717041e-01,-4.884320199489593506e-01,-6.449477374553680420e-02
1.363009363412857056e-01,-1.847709417343139648e+00,8.481050133705139160e-01,-6.803337950259447098e-03,1.537539996206760406e-02,7.378829717636108398e-01,6.747192144393920898e-01,-1.238868236541748047e-01,3.593580424785614014e-02,1.766572296619415283e-01,6.628262996673583984e-02,-1.436009705066680908e-01,6.842032819986343384e-02,-1.839016228914260864e-01,-1.037112101912498474e-01,-2.881835997104644775e-01,2.012066245079040527e-01,-1.615751385688781738e-01,5.471828952431678772e-02,-7.907582074403762817e-02,0.000000000000000000e+00,0.000000000000000000e+00,-1.987851597368717194e-02,1.294604241847991943e-01,-4.430287480354309082e-01,-4.788424372673034668e-01,-7.956150919198989868e-02,-1.630521379411220551e-02,-1.355299949645996094e-01,3.166111707687377930e-01,-5.081660151481628418e-01,-7.393468916416168213e-02
1.429854929447174072e-01,-1.847574114799499512e+00,8.492581844329833984e-01,-1.345035899430513382e-02,1.478285528719425201e-02,7.421040534973144531e-01,6.699866056442260742e-01,-1.462687104940414429e-01,5.306188389658927917e-02,1.607830077409744263e-01,8.726244419813156128e-02,-1.494400054216384888e-01,7.308423519134521484e-02,-2.131060808897018433e-01,-1.046361029148101807e-01,-2.577063441276550293e-01,2.483128458261489868e-01,-1.823870241641998291e-01,6.128441542387008667e-02,-9.465429931879043579e-02,0.000000000000000000e+00,0.000000000000000000e+00,-1.572121679782867432e-02,1.533642709255218506e-01,-4.473552703857421875e-01,-4.868439137935638428e-01,-6.593202054500579834e-02,-1.733326166868209839e-02,-1.382328122854232788e-01,3.030778467655181885e-01,-5.275828838348388672e-01,-9.823406487703323364e-02
1.503244936466217041e-01,-1.846832275390625000e+00,8.497900366783142090e-01,-1.729385927319526672e-02,1.478266436606645584e-02,7.445116639137268066e-01,6.672216653823852539e-01,-1.684761345386505127e-01,6.822425127029418945e-02,1.559398919343948364e-01,1.183779835700988770e-01,-1.606890112161636353e-01,7.481017708778381348e-02,-2.309487164020538330e-01,-1.368278115987777710e-01,-2.612876892089843750e-01,2.934499680995941162e-01,-1.896464377641677856e-01,5.082252994179725647e-02,-9.820552170276641846e-02,0.000000000000000000e+00,0.000000000000000000e+00,-1.973409578204154968e-02,1.721349805593490601e-01,-4.539828598499298096e-01,-4.810328483581542969e-01,-7.526674866676330566e-02,-9.812853299081325531e-03,-1.473606228828430176e-01,2.870290577411651611e-01,-5.536006093025207520e-01,-8.102130144834518433e-02
1.585910916328430176e-01,-1.845667243003845215e+00,8.487055301666259766e-01,-1.844779774546623230e-02,1.622024178504943848e-02,7.458783984184265137e-01,6.656290292739868164e-01,-1.962661594152450562e-01,8.061920106410980225e-02,1.516957730054855347e-01,1.627294570207595825e-01,-1.739494204521179199e-01,7.336281239986419678e-02,-2.353471666574478149e-01,-1.884223222732543945e-01,-2.753630280494689941e-01,3.132996857166290283e-01,-1.732536852359771729e-01,2.941090241074562073e-02,-9.886357933282852173e-02,0.000000000000000000e+00,0.000000000000000000e+00,-2.499497309327125549e-02,1.827399879693984985e-01,-4.499429166316986084e-01,-4.703080058097839355e-01,-7.365941256284713745e-02,-7.714188541285693645e-04,-1.627384722232818604e-01,2.846257686614990234e-01,-5.768417716026306152e-01,-5.147631838917732239e-02
1.683901846408843994e-01,-1.843942880630493164e+00,8.460074067115783691e-01,-1.660379953682422638e-02,1.906329579651355743e-02,7.446772456169128418e-01,6.669458150863647461e-01,-2.300690114498138428e-01,9.163343161344528198e-02,1.527098864316940308e-01,2.297767698764801025e-01,-1.976328343152999878e-01,7.967375218868255615e-02,-2.342939525842666626e-01,-2.472521364688873291e-01,-2.788105607032775879e-01,3.246257603168487549e-01,-1.317554116249084473e-01,8.825232274830341339e-03,-8.735261112451553345e-02,0.000000000000000000e+00,0.000000000000000000e+00,-3.019601665437221527e-02,1.896877437829971313e-01,-4.433391094207763672e-01,-4.591095447540283203e-01,-7.547957450151443481e-02,7.040770724415779114e-03,-1.768534630537033081e-01,2.725354135036468506e-01,-5.916544198989868164e-01,-4.324550181627273560e-02
1.797751337289810181e-01,-1.841829657554626465e+00,8.418245911598205566e-01,-1.524215936660766602e-02,2.079480886459350586e-02,7.425802350044250488e-01,6.692606806755065918e-01,-2.653758227825164795e-01,1.082240194082260132e-01,1.595840454101562500e-01,3.006557226181030273e-01,-2.218451648950576782e-01,7.523093372583389282e-02,-2.365282177925109863e-01,-3.024952113628387451e-01,-2.718728780746459961e-01,3.298447132110595703e-01,-9.830075502395629883e-02,-4.287574905902147293e-03,-7.497020065784454346e-02,0.000000000000000000e+00,0.000000000000000000e+00,-3.554639965295791626e-02,2.016194313764572144e-01,-4.249055087566375732e-01,-4.517005383968353271e-01,-7.147033512592315674e-02,1.259815134108066559e-02,-1.954675018787384033e-01,2.675393223762512207e-01,-6.052380204200744629e-01,-1.648142933845520020e-02
1.924280673265457153e-01,-1.838898301124572754e+00,8.371813893318176270e-01,-1.413632184267044067e-02,1.955885998904705048e-02,7.400898337364196777e-01,6.720749139785766602e-01,-2.936999797821044922e-01,1.312600374221801758e-01,1.592928171157836914e-01,3.671218454837799072e-01,-2.475188374519348145e-01,6.977145373821258545e-02,-2.361439615488052368e-01,-3.551855981349945068e-01,-2.703196108341217041e-01,3.294870257377624512e-01,-8.933562040328979492e-02,-1.203078683465719223e-02,-6.051977723836898804e-02,0.000000000000000000e+00,0.000000000000000000e+00,-3.197355195879936218e-02,2.223517894744873047e-01,-4.138810634613037109e-01,-4.616232812404632568e-01,-5.496854707598686218e-02,1.708929613232612610e-02,-2.022224962711334229e-01,2.445922344923019409e-01,-6.023046970367431641e-01,-2.749262750148773193e-02
2.067569643259048462e-01,-1.833889842033386230e+00,8.319174647331237793e-01,-8.201501332223415375e-03,1.868569105863571167e-02,7.369062900543212891e-01,6.756868362426757812e-01,-3.198425173759460449e-01,1.492158323526382446e-01,1.585037559270858765e-01,4.477400183677673340e-01,-3.054131865501403809e-01,4.675128683447837830e-02,-2.252752035856246948e-01,-4.086399078369140625e-01,-2.682918012142181396e-01,3.200122117996215820e-01,-7.224407047033309937e-02,3.314981237053871155e-02,-4.273486882448196411e-02,0.000000000000000000e+00,0.000000000000000000e+00,-2.746993117034435272e-02,2.501963078975677490e-01,-4.241988062858581543e-01,-4.659195840358734131e-01,-1.015581283718347549e-02,2.650753594934940338e-02,-2.146518975496292114e-01,2.161263078451156616e-01,-5.972378253936767578e-01,-1.510795578360557556e-02
2.232746332883834839e-01,-1.830476641654968262e+00,8.241550922393798828e-01,-4.568300675600767136e-03,1.928441971540451050e-02,7.330649495124816895e-01,6.798698902130126953e-01,-3.436467051506042480e-01,1.723324805498123169e-01,1.586021333932876587e-01,5.130233168601989746e-01,-3.335406184196472168e-01,4.409457370638847351e-02,-2.239865213632583618e-01,-4.523763954639434814e-01,-2.394471168518066406e-01,3.099795281887054443e-01,-3.945844992995262146e-02,3.502904251217842102e-02,-3.027397394180297852e-02,0.000000000000000000e+00,0.000000000000000000e+00,-2.200581319630146027e-02,2.666848003864288330e-01,-4.244121909141540527e-01,-4.738293588161468506e-01,7.814097218215465546e-03,3.088692948222160339e-02,-2.257208228111267090e-01,1.981413066387176514e-01,-5.932008624076843262e-01,-2.365975081920623779e-02
2.424165308475494385e-01,-1.827108621597290039e+00,8.153253793716430664e-01,4.096496850252151489e-04,2.066688053309917450e-02,7.307556867599487305e-01,6.823260188102722168e-01,-3.681193292140960693e-01,1.946364194154739380e-01,1.530692279338836670e-01,5.779086947441101074e-01,-3.608725368976593018e-01,4.281488806009292603e-02,-2.243464142084121704e-01,-4.902788102626800537e-01,-1.952123790979385376e-01,3.086220026016235352e-01,-8.814974687993526459e-03,3.722735121846199036e-02,-2.439909242093563080e-02,0.000000000000000000e+00,0.000000000000000000e+00,-2.130193449556827545e-02,2.880888879299163818e-01,-4.283720552921295166e-01,-4.708188176155090332e-01,3.005365654826164246e-02,3.381683677434921265e-02,-2.395775616168975830e-01,1.835473179817199707e-01,-5.971624851226806641e-01,-2.472737245261669159e-02
2.635164856910705566e-01,-1.822509527206420898e+00,8.056228756904602051e-01,6.415091454982757568e-03,2.185206115245819092e-02,7.300002574920654297e-01,6.830673217773437500e-01,-3.853247463703155518e-01,2.159037888050079346e-01,1.454155445098876953e-01,6.321522593498229980e-01,-3.789331018924713135e-01,3.531325981020927429e-02,-2.192683815956115723e-01,-5.154784917831420898e-01,-1.346773654222488403e-01,3.077295124530792236e-01,2.235282212495803833e-02,4.680294170975685120e-02,-2.533584274351596832e-02,0.000000000000000000e+00,0.000000000000000000e+00,-1.676606573164463043e-02,2.991746962070465088e-01,-4.173253178596496582e-01,-4.635510742664337158e-01,2.962740324437618256e-02,3.721138834953308105e-02,-2.471983134746551514e-01,1.672346144914627075e-01,-6.004739999771118164e-01,-2.116578072309494019e-02
2.871750295162200928e-01,-1.818361282348632812e+00,7.947832345962524414e-01,1.263206358999013901e-02,2.302063629031181335e-02,7.289441823959350586e-01,6.840693354606628418e-01,-3.959075212478637695e-01,2.414286881685256958e-01,1.419468373060226440e-01,6.725320816040039062e-01,-3.926139771938323975e-01,2.735084481537342072e-02,-2.223462313413619995e-01,-5.428848266601562500e-01,-9.820017963647842407e-02,3.242405652999877930e-01,3.981949388980865479e-02,4.946599155664443970e-02,-2.828251756727695465e-02,0.000000000000000000e+00,0.000000000000000000e+00,-1.059441361576318741e-02,3.117514848709106445e-01,-4.033891260623931885e-01,-4.560782909393310547e-01,1.774622872471809387e-02,4.078267887234687805e-02,-2.591804265975952148e-01,1.645206809043884277e-01,-6.106210350990295410e-01,1.022979267872869968e-03
3.135726749897003174e-01,-1.815999746322631836e+00,7.855139970779418945e-01,1.496483758091926575e-02,2.136694267392158508e-02,7.310723066329956055e-01,6.818011403083801270e-01,-4.085256457328796387e-01,2.716636061668395996e-01,1.223817095160484314e-01,7.003384232521057129e-01,-3.990425765514373779e-01,1.421456504613161087e-02,-2.440812736749649048e-01,-5.384635329246520996e-01,-4.437990486621856689e-02,3.792208135128021240e-01,-2.346734702587127686e-02,8.090821653604507446e-02,-4.065848514437675476e-02,0.000000000000000000e+00,0.000000000000000000e+00,-6.814705673605203629e-03,3.353460729122161865e-01,-3.924704194068908691e-01,-4.502607882022857666e-01,2.076102048158645630e-02,4.367684945464134216e-02,-2.616055011749267578e-01,1.552458107471466064e-01,-6.258255243301391602e-01,-8.593450300395488739e-03
3.430115580558776855e-01,-1.813191533088684082e+00,7.764697074890136719e-01,1.666743122041225433e-02,1.876203902065753937e-02,7.348045110702514648e-01,6.778144836425781250e-01,-4.128862023353576660e-01,3.061578273773193359e-01,1.027030125260353088e-01,7.063926458358764648e-01,-3.985569179058074951e-01,-4.127626307308673859e-03,-2.849650084972381592e-01,-5.009446144104003906e-01,3.564543649554252625e-02,4.806779026985168457e-01,-1.474641561508178711e-01,1.351449638605117798e-01,-5.993755534291267395e-02,0.000000000000000000e+00,0.000000000000000000e+00,2.619617152959108353e-03,3.664684593677520752e-01,-3.795936107635498047e-01,-4.550111293792724609e-01,3.997222706675529480e-02,4.539315402507781982e-02,-2.659366726875305176e-01,1.625276654958724976e-01,-6.469425559043884277e-01,1.328351814299821854e-02
3.754139244556427002e-01,-1.810271501541137695e+00,7.684478163719177246e-01,1.864474639296531677e-02,1.786875911056995392e-02,7.377344369888305664e-01,6.745969057083129883e-01,-4.079971015453338623e-01,3.386481404304504395e-01,8.344924449920654297e-02,6.923205256462097168e-01,-3.794485628604888916e-01,-2.336471527814865112e-02,-3.451780080795288086e-01,-4.563286304473876953e-01,9.444760531187057495e-02,6.111565232276916504e-01,-2.856717407703399658e-01,1.425914168357849121e-01,-7.881930470466613770e-02,0.000000000000000000e+00,0.000000000000000000e+00,1.467964239418506622e-02,3.904229104518890381e-01,-3.520556390285491943e-01,-4.559385180473327637e-01,5.697625875473022461e-02,4.404668882489204407e-02,-2.667333185672760010e-01,1.723030060529708862e-01,-6.607902646064758301e-01,2.306320145726203918e-02
4.101192057132720947e-01,-1.808234691619873047e+00,7.623440623283386230e-01,2.267242223024368286e-02,1.941890083253383636e-02,7.364313602447509766e-01,6.758533120155334473e-01,-3.852242827415466309e-01,3.683198988437652588e-01,7.628495991230010986e-02,6.506733298301696777e-01,-3.383060693740844727e-01,-4.399571567773818970e-02,-4.092457890510559082e-01,-4.313720762729644775e-01,9.039528667926788330e-02,7.355668544769287109e-01,-3.993648588657379150e-01,1.302875727415084839e-01,-8.991327136754989624e-02,0.000000000000000000e+00,0.000000000000000000e+00,3.359597176313400269e-02,4.054962694644927979e-01,-3.032235801219940186e-01,-4.624132812023162842e-01,6.657280772924423218e-02,4.173082113265991211e-02,-2.706632018089294434e-01,1.837244480848312378e-01,-6.740711331367492676e-01,1.447262894362211227e-02
4.457702338695526123e-01,-1.808346152305603027e+00,7.595545053482055664e-01,2.633730880916118622e-02,2.339396439492702484e-02,7.332578897476196289e-01,6.790375113487243652e-01,-3.481783866882324219e-01,3.886092901229858398e-01,5.985208973288536072e-02,5.806306600570678711e-01,-2.612315416336059570e-01,-6.603526324033737183e-02,-4.596761167049407959e-01,-4.141313433647155762e-01,6.988868117332458496e-02,8.230059146881103516e-01,-4.642189443111419678e-01,1.080461516976356506e-01,-1.017172560095787048e-01,0.000000000000000000e+00,0.000000000000000000e+00,5.756500735878944397e-02,4.182976186275482178e-01,-2.524875998497009277e-01,-4.869355857372283936e-01,7.652076333761215210e-02,2.537590451538562775e-02,-2.748811542987823486e-01,1.932572871446609497e-01,-6.764881610870361328e-01,4.349107295274734497e-02
4.818869829177856445e-01,-1.809649586677551270e+00,7.592962384223937988e-01,2.546744793653488159e-02,2.707020565867424011e-02,7.300811409950256348e-01,6.823490262031555176e-01,-3.168047666549682617e-01,4.172355830669403076e-01,5.031447112560272217e-02,4.996321797370910645e-01,-1.490860581398010254e-01,-7.890866696834564209e-02,-4.967543780803680420e-01,-3.690272569656372070e-01,8.136504143476486206e-02,8.755373358726501465e-01,-4.906015396118164062e-01,8.807720988988876343e-02,-1.103240251541137695e-01,0.000000000000000000e+00,0.000000000000000000e+00,7.876706123352050781e-02,4.209373295307159424e-01,-2.009084671735763550e-01,-5.137226581573486328e-01,7.686363905668258667e-02,1.459152251482009888e-02,-2.660748660564422607e-01,2.036417722702026367e-01,-6.877261996269226074e-01,4.960647970438003540e-02
5.161789655685424805e-01,-1.812456607818603516e+00,7.608085870742797852e-01,2.139867469668388367e-02,2.765557169914245605e-02,7.314123511314392090e-01,6.810383796691894531e-01,-2.869291007518768311e-01,4.486836493015289307e-01,4.468888416886329651e-02,4.088298380374908447e-01,-7.626683451235294342e-03,-8.696955442428588867e-02,-5.200409293174743652e-01,-3.245827257633209229e-01,6.972637027502059937e-02,9.130358695983886719e-01,-5.184147953987121582e-01,6.066830083727836609e-02,-1.302219331264495850e-01,0.000000000000000000e+00,0.000000000000000000e+00,9.968829900026321411e-02,4.324882626533508301e-01,-1.639700084924697876e-01,-5.454475879669189453e-01,6.474388390779495239e-02,9.438939392566680908e-03,-2.523846924304962158e-01,2.150125056505203247e-01,-6.950377821922302246e-01,5.789242312312126160e-02
5.463060140609741211e-01,-1.815778255462646484e+00,7.635353803634643555e-01,1.743237487971782684e-02,2.821851707994937897e-02,7.344229817390441895e-01,6.778810620307922363e-01,-2.665739655494689941e-01,4.714346230030059814e-01,5.685682222247123718e-02,3.270384371280670166e-01,1.121175438165664673e-01,-6.668552756309509277e-02,-5.291557312011718750e-01,-2.849898636341094971e-01,5.430775508284568787e-02,9.238424301147460938e-01,-5.313001871109008789e-01,2.921404503285884857e-02,-1.484313905239105225e-01,0.000000000000000000e+00,0.000000000000000000e+00,1.067242100834846497e-01,4.458307623863220215e-01,-1.583985388278961182e-01,-5.671474337577819824e-01,6.450892239809036255e-02,7.284555584192276001e-03,-2.461223006248474121e-01,2.321048676967620850e-01,-7.004314661026000977e-01,3.942196443676948547e-02
5.729048252105712891e-01,-1.819338083267211914e+00,7.698537111282348633e-01,1.940758526325225830e-02,3.665881231427192688e-02,7.323555946350097656e-01,6.796578168869018555e-01,-2.649782896041870117e-01,4.484160840511322021e-01,4.822839796543121338e-02,2.884571552276611328e-01,9.807168692350387573e-02,-5.074175074696540833e-02,-5.412113666534423828e-01,-2.640681564807891846e-01,5.580248311161994934e-02,9.170351624488830566e-01,-5.267772078514099121e-01,1.663299836218357086e-02,-1.512574553489685059e-01,0.000000000000000000e+00,0.000000000000000000e+00,1.039774119853973389e-01,4.389185905456542969e-01,-1.553077250719070435e-01,-5.842316746711730957e-01,4.581550136208534241e-02,1.050688512623310089e-02,-2.515940666198730469e-01,2.296173572540283203e-01,-7.106884121894836426e-01,3.880699723958969116e-02
5.958850979804992676e-01,-1.823121666908264160e+00,7.783279418945312500e-01,2.158096618950366974e-02,4.621571674942970276e-02,7.296613454818725586e-01,6.819037199020385742e-01,-2.754211425781250000e-01,4.039071500301361084e-01,4.570226743817329407e-02,2.777336537837982178e-01,4.381731525063514709e-02,-5.083478242158889771e-02,-5.445422530174255371e-01,-2.473303526639938354e-01,5.939660593867301941e-02,8.897331953048706055e-01,-5.114042758941650391e-01,1.523492019623517990e-02,-1.476569771766662598e-01,0.000000000000000000e+00,0.000000000000000000e+00,9.827432781457901001e-02,4.334916174411773682e-01,-1.630097478628158569e-01,-6.104375720024108887e-01,3.657591715455055237e-02,1.195912528783082962e-02,-2.693268060684204102e-01,2.422089874744415283e-01,-7.161694169044494629e-01,2.687122300267219543e-02
6.161577701568603516e-01,-1.827840566635131836e+00,7.877621054649353027e-01,2.215493842959403992e-02,5.621467903256416321e-02,7.263291478157043457e-01,6.846860647201538086e-01,-2.895600199699401855e-01,3.572832047939300537e-01,7.846320420503616333e-02,2.813087701797485352e-01,-1.897833868861198425e-02,-3.813534229993820190e-02,-5.454167723655700684e-01,-2.300876975059509277e-01,6.648647040128707886e-02,8.508339524269104004e-01,-4.916492998600006104e-01,1.501280535012483597e-02,-1.416049748659133911e-01,0.000000000000000000e+00,0.000000000000000000e+00,8.972396701574325562e-02,4.240302145481109619e-01,-1.672583073377609253e-01,-6.333971023559570312e-01,3.206736594438552856e-02,8.561172522604465485e-03,-2.900873720645904541e-01,2.567094266414642334e-01,-7.150979042053222656e-01,2.635655179619789124e-02
6.342363953590393066e-01,-1.832219481468200684e+00,7.974742054939270020e-01,2.200001850724220276e-02,6.436591595411300659e-02,7.248333692550659180e-01,6.855579018592834473e-01,-2.997693121433258057e-01,3.081911802291870117e-01,1.264001131057739258e-01,2.864127159118652344e-01,-6.930977851152420044e-02,-3.508146852254867554e-02,-5.367158055305480957e-01,-2.155809253454208374e-01,6.769492477178573608e-02,8.016457557678222656e-01,-4.681623578071594238e-01,1.456577796489000320e-02,-1.377923488616943359e-01,0.000000000000000000e+00,0.000000000000000000e+00,7.929457724094390869e-02,4.163229167461395264e-01,-1.684055179357528687e-01,-6.571601629257202148e-01,3.841059282422065735e-02,3.676261287182569504e-03,-3.071785867214202881e-01,2.651241421699523926e-01,-7.022113204002380371e-01,3.052204847335815430e-02
6.500512957572937012e-01,-1.835934638977050781e+00,8.074430227279663086e-01,2.041373774409294128e-02,7.062228024005889893e-02,7.240081429481506348e-01,6.858629584312438965e-01,-3.088375329971313477e-01,2.608111202716827393e-01,1.812528669834136963e-01,2.985763847827911377e-01,-1.143673360347747803e-01,-2.560282312333583832e-02,-5.191869139671325684e-01,-2.012550979852676392e-01,6.612773984670639038e-02,7.395959496498107910e-01,-4.372043013572692871e-01,1.525717694312334061e-02,-1.363697946071624756e-01,0.000000000000000000e+00,0.000000000000000000e+00,7.188418507575988770e-02,4.118293225765228271e-01,-1.751353740692138672e-01,-6.822319030761718750e-01,3.229478001594543457e-02,1.877974718809127808e-03,-3.181062936782836914e-01,2.670908570289611816e-01,-6.871435046195983887e-01,2.745984122157096863e-02
6.642456650733947754e-01,-1.838556408882141113e+00,8.170128464698791504e-01,1.960371807217597961e-02,7.349293678998947144e-02,7.238416075706481934e-01,6.857607960700988770e-01,-3.116495311260223389e-01,2.143426090478897095e-01,2.244838625192642212e-01,3.135108351707458496e-01,-1.543932706117630005e-01,6.393114104866981506e-03,-4.852737188339233398e-01,-1.896468698978424072e-01,5.653940513730049133e-02,6.606137156486511230e-01,-3.926380872726440430e-01,1.385651342570781708e-02,-1.300556957721710205e-01,0.000000000000000000e+00,0.000000000000000000e+00,5.632681399583816528e-02,4.273866117000579834e-01,-2.086733579635620117e-01,-6.976114511489868164e-01,6.056153029203414917e-02,-3.440656233578920364e-03,-3.312452137470245361e-01,2.874391376972198486e-01,-6.567683219909667969e-01,-2.215600572526454926e-03
6.766626834869384766e-01,-1.840832352638244629e+00,8.248157501220703125e-01,1.773399859666824341e-02,7.580082118511199951e-02,7.248305678367614746e-01,6.845147013664245605e-01,-3.113352656364440918e-01,1.648723483085632324e-01,2.570808827877044678e-01,3.188486993312835693e-01,-1.811467707157135010e-01,2.417710423469543457e-02,-4.575975835323333740e-01,-1.792812943458557129e-01,4.359395802021026611e-02,5.924373269081115723e-01,-3.568194806575775146e-01,1.212233863770961761e-02,-1.283221393823623657e-01,0.000000000000000000e+00,0.000000000000000000e+00,4.352015256881713867e-02,4.320431649684906006e-01,-2.168510556221008301e-01,-7.177872061729431152e-01,5.424185097217559814e-02,-2.001349115744233131e-03,-3.355062305927276611e-01,2.811023890972137451e-01,-6.425432562828063965e-01,-1.384582091122865677e-02
6.877304315567016602e-01,-1.842963695526123047e+00,8.320147991180419922e-01,1.698853634297847748e-02,7.589620351791381836e-02,7.250116467475891113e-01,6.843312382698059082e-01,-3.093294501304626465e-01,1.143835261464118958e-01,2.687882781028747559e-01,3.278810977935791016e-01,-2.139609456062316895e-01,3.856091201305389404e-02,-4.224339723587036133e-01,-1.680733859539031982e-01,3.019419312477111816e-02,5.171780586242675781e-01,-3.146235942840576172e-01,1.000109408050775528e-02,-1.248719543218612671e-01,0.000000000000000000e+00,0.000000000000000000e+00,3.684965521097183228e-02,4.380467534065246582e-01,-2.224614173173904419e-01,-7.394176125526428223e-01,5.662485212087631226e-02,1.305148820392787457e-03,-3.392361998558044434e-01,2.742802202701568604e-01,-6.267983913421630859e-01,-1.697705686092376709e-02
6.975728273391723633e-01,-1.844503521919250488e+00,8.375421166419982910e-01,1.527710817754268646e-02,7.482331246137619019e-02,7.259096503257751465e-01,6.835373044013977051e-01,-3.035435974597930908e-01,6.576976180076599121e-02,2.697270512580871582e-01,3.289912641048431396e-01,-2.337927222251892090e-01,4.373276606202125549e-02,-3.929991722106933594e-01,-1.578272730112075806e-01,1.485163997858762741e-02,4.569435119628906250e-01,-2.888499796390533447e-01,-2.419916912913322449e-03,-1.219842433929443359e-01,0.000000000000000000e+00,0.000000000000000000e+00,2.846856042742729187e-02,4.369707405567169189e-01,-2.281288802623748779e-01,-7.510939240455627441e-01,7.014504820108413696e-02,7.152309175580739975e-03,-3.366509377956390381e-01,2.664815187454223633e-01,-6.166594624519348145e-01,-2.259255945682525635e-02
7.071192860603332520e-01,-1.846210360527038574e+00,8.418332934379577637e-01,1.362459268420934677e-02,7.345561683177947998e-02,7.267338633537292480e-01,6.828444600105285645e-01,-2.958441674709320068e-01,2.274359576404094696e-02,2.681727707386016846e-01,3.247955739498138428e-01,-2.465157210826873779e-01,4.414908960461616516e-02,-3.634969294071197510e-01,-1.443945169448852539e-01,4.282884299755096436e-03,3.973853588104248047e-01,-2.608723640441894531e-01,-6.242315284907817841e-03,-1.216326728463172913e-01,0.000000000000000000e+00,0.000000000000000000e+00,2.196659334003925323e-02,4.390349388122558594e-01,-2.320327311754226685e-01,-7.629941105842590332e-01,8.637323975563049316e-02,1.147597283124923706e-02,-3.364739716053009033e-01,2.557761967182159424e-01,-5.969714522361755371e-01,-4.235166311264038086e-02
7.153924703598022461e-01,-1.846950054168701172e+00,8.444933295249938965e-01,1.160023547708988190e-02,7.192090153694152832e-02,7.287321686744689941e-01,6.809127926826477051e-01,-2.848673164844512939e-01,-1.588647253811359406e-02,2.556382715702056885e-01,3.108049035072326660e-01,-2.460419535636901855e-01,4.346309602260589600e-02,-3.282074034214019775e-01,-1.307665109634399414e-01,-5.119003355503082275e-03,3.300786018371582031e-01,-2.261645942926406860e-01,4.774978850036859512e-03,-1.247108727693557739e-01,0.000000000000000000e+00,0.000000000000000000e+00,1.385953743010759354e-02,4.393297731876373291e-01,-2.411866188049316406e-01,-7.729957699775695801e-01,9.145993739366531372e-02,1.400418858975172043e-02,-3.286279439926147461e-01,2.383712977170944214e-01,-5.861124992370605469e-01,-6.086866185069084167e-02
7.232782244682312012e-01,-1.847771883010864258e+00,8.457191586494445801e-01,9.108959697186946869e-03,6.719059497117996216e-02,7.308250069618225098e-01,6.791886687278747559e-01,-2.643234729766845703e-01,-4.156639054417610168e-02,2.387920320034027100e-01,2.792720198631286621e-01,-2.310935407876968384e-01,3.717057406902313232e-02,-2.971040606498718262e-01,-1.138557046651840210e-01,-1.946961507201194763e-02,2.768401801586151123e-01,-2.003705799579620361e-01,7.112564984709024429e-03,-1.268299072980880737e-01,0.000000000000000000e+00,0.000000000000000000e+00,2.372789196670055389e-03,4.436763525009155273e-01,-2.533134222030639648e-01,-7.771568298339843750e-01,8.671878278255462646e-02,2.006961777806282043e-02,-3.193170726299285889e-01,2.254661917686462402e-01,-5.798641443252563477e-01,-6.934522092342376709e-02
7.300031185150146484e-01,-1.847466230392456055e+00,8.458835482597351074e-01,7.144703064113855362e-03,6.100134551525115967e-02,7.314510941505432129e-01,6.791222691535949707e-01,-2.335970252752304077e-01,-5.359545722603797913e-02,2.223715782165527344e-01,2.347533702850341797e-01,-2.081501781940460205e-01,4.102230817079544067e-02,-2.660437822341918945e-01,-9.434157609939575195e-02,-2.633214555680751801e-02,2.285376340150833130e-01,-1.790274828672409058e-01,9.781073778867721558e-03,-1.270259171724319458e-01,0.000000000000000000e+00,0.000000000000000000e+00,-4.925262648612260818e-03,4.415589869022369385e-01,-2.668432295322418213e-01,-7.727668881416320801e-01,9.012705087661743164e-02,2.603188157081604004e-02,-3.096417188644409180e-01,2.188620865345001221e-01,-5.685415863990783691e-01,-6.272020190954208374e-02
7.355695962905883789e-01,-1.847280144691467285e+00,8.446056246757507324e-01,5.309614352881908417e-03,5.356374755501747131e-02,7.338026165962219238e-01,6.772270798683166504e-01,-2.001713216304779053e-01,-3.929175809025764465e-02,2.366771847009658813e-01,1.807846128940582275e-01,-1.776029616594314575e-01,6.873510777950286865e-02,-2.350339889526367188e-01,-7.567821443080902100e-02,-3.516761213541030884e-02,1.849979162216186523e-01,-1.620093286037445068e-01,1.465898286551237106e-02,-1.316914707422256470e-01,0.000000000000000000e+00,0.000000000000000000e+00,-1.717360503971576691e-02,4.410092234611511230e-01,-2.843674719333648682e-01,-7.613631486892700195e-01,9.136641770601272583e-02,3.117670118808746338e-02,-2.978809177875518799e-01,2.151523977518081665e-01,-5.535798668861389160e-01,-6.923385709524154663e-02
7.394391298294067383e-01,-1.847287774085998535e+00,8.428418636322021484e-01,5.919683258980512619e-03,4.777903854846954346e-02,7.365342974662780762e-01,6.746846437454223633e-01,-1.674206256866455078e-01,-3.890872374176979065e-02,2.085263580083847046e-01,1.260227560997009277e-01,-1.512211859226226807e-01,8.051449805498123169e-02,-2.079012393951416016e-01,-6.581499427556991577e-02,-4.150428995490074158e-02,1.498755067586898804e-01,-1.315313726663589478e-01,-1.075394265353679657e-02,-1.424686312675476074e-01,0.000000000000000000e+00,0.000000000000000000e+00,-1.656239293515682220e-02,4.000213146209716797e-01,-2.614293992519378662e-01,-7.461475729942321777e-01,-7.944383658468723297e-03,3.528395667672157288e-02,-2.760389447212219238e-01,1.972457319498062134e-01,-5.505213737487792969e-01,-4.891429841518402100e-02
7.421034574508666992e-01,-1.847621560096740723e+00,8.417493104934692383e-01,6.966651882976293564e-03,4.476046562194824219e-02,7.384651303291320801e-01,6.727683544158935547e-01,-1.492726355791091919e-01,-3.714790940284729004e-02,2.068294137716293335e-01,1.024232655763626099e-01,-1.531300991773605347e-01,7.974463701248168945e-02,-1.886814981698989868e-01,-6.127683445811271667e-02,-5.098394677042961121e-02,1.260067075490951538e-01,-1.228619962930679321e-01,-4.488395527005195618e-03,-1.475529670715332031e-01,0.000000000000000000e+00,0.000000000000000000e+00,-1.751083508133888245e-02,3.877956271171569824e-01,-2.744999229907989502e-01,-7.428683042526245117e-01,-1.976799592375755310e-02,4.883811250329017639e-02,-2.767338454723358154e-01,1.995548456907272339e-01,-5.628434419631958008e-01,-4.593107849359512329e-02
7.435675859451293945e-01,-1.848406553268432617e+00,8.408898115158081055e-01,7.706362288445234299e-03,4.251351580023765564e-02,7.409600019454956055e-01,6.701577901840209961e-01,-1.317518204450607300e-01,-3.755124285817146301e-02,2.022135108709335327e-01,7.371211051940917969e-02,-1.466529518365859985e-01,7.459928095340728760e-02,-1.701012700796127319e-01,-5.872083827853202820e-02,-6.070112437009811401e-02,1.010686010122299194e-01,-1.120693087577819824e-01,3.080577356740832329e-03,-1.504500508308410645e-01,0.000000000000000000e+00,0.000000000000000000e+00,-2.181990444660186768e-02,3.700395524501800537e-01,-2.833655774593353271e-01,-7.350437641143798828e-01,-2.884751372039318085e-02,5.185024067759513855e-02,-2.712546586990356445e-01,1.928410828113555908e-01,-5.590379834175109863e-01,-4.978487640619277954e-02
7.446461915969848633e-01,-1.849288821220397949e+00,8.404559493064880371e-01,8.814142085611820221e-03,3.918094187974929810e-02,7.438744306564331055e-01,6.671116352081298828e-01,-1.134156584739685059e-01,-3.669710829854011536e-02,2.033892571926116943e-01,4.629856720566749573e-02,-1.387851387262344360e-01,6.960341334342956543e-02,-1.556123346090316772e-01,-5.592206493020057678e-02,-7.386939972639083862e-02,8.584282547235488892e-02,-1.065752357244491577e-01,8.631987497210502625e-03,-1.579578369855880737e-01,0.000000000000000000e+00,0.000000000000000000e+00,-2.206345088779926300e-02,3.511798083782196045e-01,-2.931334972381591797e-01,-7.215973734855651855e-01,-3.663300722837448120e-02,5.385697260499000549e-02,-2.657263278961181641e-01,2.019099593162536621e-01,-5.585004687309265137e-01,-4.243998974561691284e-02
7.445278763771057129e-01,-1.849790930747985840e+00,8.394799232482910156e-01,9.378151036798954010e-03,3.612677380442619324e-02,7.465060949325561523e-01,6.643308997154235840e-01,-1.001301035284996033e-01,-3.555807843804359436e-02,1.991329640150070190e-01,2.622433938086032867e-02,-1.289528608322143555e-01,6.363249570131301880e-02,-1.402744650840759277e-01,-5.248811468482017517e-02,-8.133709430694580078e-02,6.685042381286621094e-02,-1.005202382802963257e-01,1.467784028500318527e-02,-1.618767678737640381e-01,0.000000000000000000e+00,0.000000000000000000e+00,-2.067351527512073517e-02,3.334844410419464111e-01,-3.074458241462707520e-01,-7.040359377861022949e-01,-4.830490052700042725e-02,5.091998726129531860e-02,-2.579856216907501221e-01,2.054466009140014648e-01,-5.490552783012390137e-01,-4.963021352887153625e-02
7.437826991081237793e-01,-1.850453615188598633e+00,8.391608595848083496e-01,9.434157051146030426e-03,3.385375067591667175e-02,7.484537363052368164e-01,6.622551679611206055e-01,-9.190184623003005981e-02,-3.510842844843864441e-02,1.953519582748413086e-01,1.256916765123605728e-02,-1.260086297988891602e-01,6.096669286489486694e-02,-1.296066194772720337e-01,-5.061797797679901123e-02,-9.112234413623809814e-02,5.286529287695884705e-02,-9.933014959096908569e-02,1.973928138613700867e-02,-1.619900017976760864e-01,0.000000000000000000e+00,0.000000000000000000e+00,-1.561220921576023102e-02,3.074896335601806641e-01,-3.106995224952697754e-01,-6.876050233840942383e-01,-5.290586873888969421e-02,5.239237099885940552e-02,-2.508566081523895264e-01,2.053725123405456543e-01,-5.492008328437805176e-01,-5.127189308404922485e-02
7.434080839157104492e-01,-1.851540088653564453e+00,8.389631509780883789e-01,9.977591224014759064e-03,3.250700235366821289e-02,7.482565045356750488e-01,6.625374555587768555e-01,-8.551058918237686157e-02,-3.556466102600097656e-02,1.938616186380386353e-01,3.498475998640060425e-03,-1.227588728070259094e-01,6.030967086553573608e-02,-1.203044727444648743e-01,-5.001438781619071960e-02,-9.495483338832855225e-02,4.008334875106811523e-02,-9.321346879005432129e-02,2.565627172589302063e-02,-1.524774581193923950e-01,0.000000000000000000e+00,0.000000000000000000e+00,-1.535984780639410019e-02,2.845186293125152588e-01,-3.165782988071441650e-01,-6.711410284042358398e-01,-7.102634757757186890e-02,5.606399103999137878e-02,-2.499812841415405273e-01,2.099117040634155273e-01,-5.560798645019531250e-01,-3.896907344460487366e-02
7.424901127815246582e-01,-1.852717161178588867e+00,8.385925889015197754e-01,1.007961202412843704e-02,3.204403445124626160e-02,7.483139038085937500e-01,6.624937057495117188e-01,-8.421649038791656494e-02,-3.614370152354240417e-02,1.945465654134750366e-01,1.412425335729494691e-04,-1.229799538850784302e-01,6.048398092389106750e-02,-1.154021397233009338e-01,-5.047269165515899658e-02,-9.621438384056091309e-02,3.086602129042148590e-02,-8.855878561735153198e-02,2.910935878753662109e-02,-1.442749500274658203e-01,0.000000000000000000e+00,0.000000000000000000e+00,-1.162166707217693329e-02,2.653333544731140137e-01,-3.223274946212768555e-01,-6.553827524185180664e-01,-7.272489368915557861e-02,5.693800747394561768e-02,-2.462703734636306763e-01,2.126483023166656494e-01,-5.605651736259460449e-01,-5.232678353786468506e-02
7.420656681060791016e-01,-1.853885889053344727e+00,8.384341597557067871e-01,1.016814541071653366e-02,3.136174380779266357e-02,7.473029494285583496e-01,6.636651158332824707e-01,-8.383625000715255737e-02,-3.506765887141227722e-02,1.981056779623031616e-01,1.765531720820945338e-08,-1.229023188352584839e-01,5.816835537552833557e-02,-1.124235838651657104e-01,-4.962230101227760315e-02,-9.395962208509445190e-02,2.436815202236175537e-02,-8.338003605604171753e-02,3.213826194405555725e-02,-1.335308402776718140e-01,0.000000000000000000e+00,0.000000000000000000e+00,-4.960379563271999359e-03,2.424206584692001343e-01,-3.254780173301696777e-01,-6.327939629554748535e-01,-8.238511532545089722e-02,5.752582848072052002e-02,-2.445359379053115845e-01,2.146357595920562744e-01,-5.639756321907043457e-01,-2.875939756631851196e-02
7.412319183349609375e-01,-1.855708837509155273e+00,8.384466767311096191e-01,1.034206710755825043e-02,3.132433444261550903e-02,7.465488314628601074e-01,6.645123362541198730e-01,-8.483218401670455933e-02,-3.547198697924613953e-02,2.000700086355209351e-01,2.206916290339866471e-12,-1.255367845296859741e-01,5.827990546822547913e-02,-1.129006966948509216e-01,-4.994745552539825439e-02,-9.336772561073303223e-02,2.230830676853656769e-02,-8.098936080932617188e-02,3.467387333512306213e-02,-1.254882365465164185e-01,0.000000000000000000e+00,0.000000000000000000e+00,2.354724099859595299e-03,2.216358333826065063e-01,-3.308173120021820068e-01,-6.084207296371459961e-01,-8.001831918954849243e-02,5.108999088406562805e-02,-2.366839796304702759e-01,2.123830765485763550e-01,-5.587363243103027344e-01,-5.199576169252395630e-02
7.405464053153991699e-01,-1.857097029685974121e+00,8.386332392692565918e-01,1.029878575354814529e-02,3.128899261355400085e-02,7.459844350814819336e-01,6.651482582092285156e-01,-8.592230826616287231e-02,-3.574207797646522522e-02,2.021166086196899414e-01,2.759377114687966079e-16,-1.271977871656417847e-01,6.124522909522056580e-02,-1.134388670325279236e-01,-5.002344027161598206e-02,-9.380137175321578979e-02,2.089004218578338623e-02,-7.897166907787322998e-02,3.595425561070442200e-02,-1.189629435539245605e-01,0.000000000000000000e+00,0.000000000000000000e+00,1.465786248445510864e-02,2.062074840068817139e-01,-3.366824388504028320e-01,-5.896272063255310059e-01,-7.804297655820846558e-02,4.960521683096885681e-02,-2.371801733970642090e-01,2.215934544801712036e-01,-5.653135776519775391e-01,-4.742236435413360596e-02
7.391954064369201660e-01,-1.858239531517028809e+00,8.384241461753845215e-01,1.018317695707082748e-02,3.105299174785614014e-02,7.465122938156127930e-01,6.645686030387878418e-01,-8.703458309173583984e-02,-3.717461228370666504e-02,1.989815235137939453e-01,1.965778182120019209e-19,-1.257946044206619263e-01,6.130937486886978149e-02,-1.130647659301757812e-01,-5.087776482105255127e-02,-9.561860561370849609e-02,1.847377605736255646e-02,-7.725159078836441040e-02,3.617148101329803467e-02,-1.174121722579002380e-01,0.000000000000000000e+00,0.000000000000000000e+00,2.445169351994991302e-02,1.904207617044448853e-01,-3.416001796722412109e-01,-5.649425983428955078e-01,-8.335973322391510010e-02,4.399041458964347839e-02,-2.364280372858047485e-01,2.170224785804748535e-01,-5.699931979179382324e-01,-4.106181859970092773e-02
7.377782464027404785e-01,-1.859546065330505371e+00,8.385274410247802734e-01,9.853262454271316528e-03,3.165206313133239746e-02,7.471225261688232422e-01,6.638591885566711426e-01,-8.964393287897109985e-02,-3.899764269590377808e-02,1.991325914859771729e-01,2.626715343884589594e-18,-1.271489411592483521e-01,6.156682968139648438e-02,-1.162648126482963562e-01,-5.270246043801307678e-02,-9.706947207450866699e-02,2.020702511072158813e-02,-7.701035588979721069e-02,3.801179304718971252e-02,-1.156065091490745544e-01,0.000000000000000000e+00,0.000000000000000000e+00,3.243958950042724609e-02,1.764554381370544434e-01,-3.453400135040283203e-01,-5.413030982017517090e-01,-8.534575253725051880e-02,3.823632001876831055e-02,-2.318572700023651123e-01,2.073406130075454712e-01,-5.740751028060913086e-01,-4.693905636668205261e-02
7.372625470161437988e-01,-1.860940217971801758e+00,8.388671875000000000e-01,9.420399554073810577e-03,3.144682571291923523e-02,7.466243505477905273e-01,6.644354462623596191e-01,-9.095042198896408081e-02,-3.879908844828605652e-02,2.007119655609130859e-01,1.233094682745049415e-19,-1.250603795051574707e-01,6.143124774098396301e-02,-1.194845959544181824e-01,-5.195294320583343506e-02,-9.423156082630157471e-02,2.226186357438564301e-02,-7.575146108865737915e-02,3.579876944422721863e-02,-1.095152795314788818e-01,0.000000000000000000e+00,0.000000000000000000e+00,4.337922111153602600e-02,1.662437766790390015e-01,-3.460530042648315430e-01,-5.235722064971923828e-01,-8.787502348423004150e-02,3.480680286884307861e-02,-2.316842079162597656e-01,2.149212211370468140e-01,-5.758206844329833984e-01,-3.711098060011863708e-02
7.365911602973937988e-01,-1.862108707427978516e+00,8.390820622444152832e-01,8.887601085007190704e-03,3.103095851838588715e-02,7.477155923843383789e-01,6.632341146469116211e-01,-9.258673340082168579e-02,-3.859511017799377441e-02,1.991514414548873901e-01,1.779430933724073134e-19,-1.249534413218498230e-01,6.324232369661331177e-02,-1.217550933361053467e-01,-5.159200727939605713e-02,-9.703041613101959229e-02,2.445040829479694366e-02,-7.564529776573181152e-02,3.545217961072921753e-02,-1.109471619129180908e-01,0.000000000000000000e+00,0.000000000000000000e+00,4.901587590575218201e-02,1.582534164190292358e-01,-3.518538773059844971e-01,-5.017138719558715820e-01,-8.547174930572509766e-02,3.007592074573040009e-02,-2.290159463882446289e-01,2.245640456676483154e-01,-5.787610411643981934e-01,-4.122476279735565186e-02
7.363484501838684082e-01,-1.863639473915100098e+00,8.395161628723144531e-01,7.928721606731414795e-03,3.053683042526245117e-02,7.475824952125549316e-01,6.634191870689392090e-01,-9.432403743267059326e-02,-3.703261539340019226e-02,1.983493715524673462e-01,-5.709928506780043676e-19,-1.222818642854690552e-01,6.344396620988845825e-02,-1.271881461143493652e-01,-4.948012903332710266e-02,-9.640498459339141846e-02,2.989640459418296814e-02,-7.827030122280120850e-02,3.186461329460144043e-02,-1.054128482937812805e-01,0.000000000000000000e+00,0.000000000000000000e+00,6.006869301199913025e-02,1.564441919326782227e-01,-3.541180193424224854e-01,-5.000975728034973145e-01,-9.277988225221633911e-02,2.893114835023880005e-02,-2.256479710340499878e-01,2.252000719308853149e-01,-5.929865241050720215e-01,-3.330721706151962280e-02
7.358612418174743652e-01,-1.863276362419128418e+00,8.396192193031311035e-01,8.584977127611637115e-03,3.017340786755084991e-02,7.482342123985290527e-01,6.626925468444824219e-01,-9.278506785631179810e-02,-3.823586925864219666e-02,1.973246335983276367e-01,-1.866106227029829586e-18,-1.241462081670761108e-01,6.355760991573333740e-02,-1.263559758663177490e-01,-5.034885555505752563e-02,-9.714335203170776367e-02,3.157032281160354614e-02,-7.858757674694061279e-02,3.213229030370712280e-02,-1.045692339539527893e-01,0.000000000000000000e+00,0.000000000000000000e+00,6.380756944417953491e-02,1.508455276489257812e-01,-3.585694134235382080e-01,-4.860081970691680908e-01,-9.400586038827896118e-02,2.812379598617553711e-02,-2.233541160821914673e-01,2.266293019056320190e-01,-5.937119722366333008e-01,-3.694345429539680481e-02
7.356111407279968262e-01,-1.863526344299316406e+00,8.393763303756713867e-01,8.918329142034053802e-03,2.966634742915630341e-02,7.485741376876831055e-01,6.623271107673645020e-01,-9.216133505105972290e-02,-3.809531778097152710e-02,1.962239891290664673e-01,-2.876060667732574256e-18,-1.227947100996971130e-01,6.494705379009246826e-02,-1.243806183338165283e-01,-5.071353167295455933e-02,-9.923354536294937134e-02,3.033880516886711121e-02,-7.608313858509063721e-02,3.262625262141227722e-02,-1.028242111206054688e-01,0.000000000000000000e+00,0.000000000000000000e+00,6.894320249557495117e-02,1.478495895862579346e-01,-3.471197187900543213e-01,-4.876208305358886719e-01,-8.319941908121109009e-02,2.031773142516613007e-02,-2.244508117437362671e-01,2.285683155059814453e-01,-5.839942097663879395e-01,-2.847783081233501434e-02
7.355995774269104004e-01,-1.863253951072692871e+00,8.392820954322814941e-01,9.538716636598110199e-03,2.915229834616184235e-02,7.497201561927795410e-01,6.610437035560607910e-01,-9.098453074693679810e-02,-3.864960744976997375e-02,1.939169019460678101e-01,-2.358947053433823899e-18,-1.235062927007675171e-01,6.370779126882553101e-02,-1.163115128874778748e-01,-5.069236829876899719e-02,-1.024500206112861633e-01,1.908827945590019226e-02,-7.165449112653732300e-02,3.351770713925361633e-02,-1.041328310966491699e-01,0.000000000000000000e+00,0.000000000000000000e+00,7.335652410984039307e-02,1.489523649215698242e-01,-3.373536765575408936e-01,-4.944163262844085693e-01,-6.288783252239227295e-02,2.421527542173862457e-02,-2.247778326272964478e-01,2.290411889553070068e-01,-5.930761694908142090e-01,-3.633020073175430298e-02
7.356144189834594727e-01,-1.863761782646179199e+00,8.390934467315673828e-01,9.420439600944519043e-03,2.886958420276641846e-02,7.498744130134582520e-01,6.608828902244567871e-01,-9.153572469949722290e-02,-3.829229250550270081e-02,1.924752742052078247e-01,-1.683014761524892228e-18,-1.221391484141349792e-01,6.038677692413330078e-02,-1.209090277552604675e-01,-5.117723345756530762e-02,-1.047513335943222046e-01,2.778561413288116455e-02,-7.387980073690414429e-02,3.646785020828247070e-02,-1.019410490989685059e-01,0.000000000000000000e+00,0.000000000000000000e+00,7.250301539897918701e-02,1.550363898277282715e-01,-3.442952930927276611e-01,-4.994536936283111572e-01,-5.340421944856643677e-02,1.866914331912994385e-02,-2.317797839641571045e-01,2.596994042396545410e-01,-5.809134244918823242e-01,-5.091989040374755859e-02
7.355558872222900391e-01,-1.863552331924438477e+00,8.388894200325012207e-01,9.188486263155937195e-03,2.805151976644992828e-02,7.507363557815551758e-01,6.599421501159667969e-01,-9.158779680728912354e-02,-3.696975484490394592e-02,1.895258426666259766e-01,3.705385332433339379e-18,-1.207016855478286743e-01,5.907911807298660278e-02,-1.164415329694747925e-01,-4.954994097352027893e-02,-1.063291653990745544e-01,2.059517242014408112e-02,-7.374697923660278320e-02,3.716378286480903625e-02,-1.020252406597137451e-01,0.000000000000000000e+00,0.000000000000000000e+00,6.828839331865310669e-02,1.600911170244216919e-01,-3.415774405002593994e-01,-5.032314062118530273e-01,-5.364307016134262085e-02,1.697397232055664062e-02,-2.302292883396148682e-01,2.596929669380187988e-01,-5.760335922241210938e-01,-5.678433924913406372e-02
7.354167103767395020e-01,-1.863581776618957520e+00,8.390557169914245605e-01,9.441180154681205750e-03,2.836688794195652008e-02,7.515758275985717773e-01,6.589688658714294434e-01,-9.224522858858108521e-02,-3.852497041225433350e-02,1.874302029609680176e-01,-2.995915829769057754e-18,-1.217757463455200195e-01,5.961973220109939575e-02,-1.134895235300064087e-01,-5.099977552890777588e-02,-1.072831004858016968e-01,1.642557047307491302e-02,-7.225943356752395630e-02,3.484024107456207275e-02,-1.027693599462509155e-01,0.000000000000000000e+00,0.000000000000000000e+00,6.704833358526229858e-02,1.602326482534408569e-01,-3.315514624118804932e-01,-5.128303170204162598e-01,-6.395296752452850342e-02,1.946409419178962708e-02,-2.257380038499832153e-01,2.381341457366943359e-01,-5.752705931663513184e-01,-3.832101449370384216e-02
7.354879975318908691e-01,-1.864129543304443359e+00,8.392677903175354004e-01,9.356200695037841797e-03,2.804269082844257355e-02,7.524903416633605957e-01,6.579394936561584473e-01,-9.322870522737503052e-02,-3.828632086515426636e-02,1.852058172225952148e-01,6.090563937452444891e-19,-1.201667040586471558e-01,6.304694712162017822e-02,-1.160692721605300903e-01,-5.115038529038429260e-02,-1.129434257745742798e-01,2.080112323164939880e-02,-7.576967030763626099e-02,3.506581485271453857e-02,-1.018797159194946289e-01,0.000000000000000000e+00,0.000000000000000000e+00,6.087578460574150085e-02,1.649254411458969116e-01,-3.349159061908721924e-01,-5.179381966590881348e-01,-7.516501843929290771e-02,2.182086184620857239e-02,-2.199337333440780640e-01,2.222249656915664673e-01,-5.695052742958068848e-01,-3.084214217960834503e-02
7.353335618972778320e-01,-1.864017844200134277e+00,8.391330242156982422e-01,9.364527650177478790e-03,2.778739668428897858e-02,7.536749243736267090e-01,6.565929055213928223e-01,-9.360879659652709961e-02,-3.803964331746101379e-02,1.832137703895568848e-01,-1.053457523478133501e-18,-1.190993189811706543e-01,6.196597218513488770e-02,-1.115779653191566467e-01,-5.108484998345375061e-02,-1.174424737691879272e-01,1.357048470526933670e-02,-7.369279861450195312e-02,3.545071557164192200e-02,-1.025629565119743347e-01,0.000000000000000000e+00,0.000000000000000000e+00,5.312126502394676208e-02,1.715439409017562866e-01,-3.339196145534515381e-01,-5.270286202430725098e-01,-7.473534345626831055e-02,2.416397817432880402e-02,-2.197819948196411133e-01,2.233448326587677002e-01,-5.662379264831542969e-01,-3.707411140203475952e-02
7.354187369346618652e-01,-1.864172935485839844e+00,8.391291499137878418e-01,9.562490507960319519e-03,2.785957418382167816e-02,7.540361881256103516e-01,6.561720967292785645e-01,-9.382964670658111572e-02,-3.867019712924957275e-02,1.801652461290359497e-01,5.127063959950678255e-19,-1.182915866374969482e-01,6.281081587076187134e-02,-1.132502555847167969e-01,-5.182427912950515747e-02,-1.183967813849449158e-01,1.779641397297382355e-02,-7.394436746835708618e-02,3.575207665562629700e-02,-1.019071638584136963e-01,0.000000000000000000e+00,0.000000000000000000e+00,4.563638567924499512e-02,1.781539767980575562e-01,-3.294778466224670410e-01,-5.340571403503417969e-01,-7.570918649435043335e-02,2.564630657434463501e-02,-2.196184992790222168e-01,2.236702293157577515e-01,-5.619434118270874023e-01,-3.554973751306533813e-02
7.352312207221984863e-01,-1.863941431045532227e+00,8.391286134719848633e-01,9.625415317714214325e-03,2.747543528676033020e-02,7.546515464782714844e-01,6.554796099662780762e-01,-9.349649399518966675e-02,-3.821795433759689331e-02,1.800924241542816162e-01,2.685240026583941408e-18,-1.187551468610763550e-01,6.321679800748825073e-02,-1.099749132990837097e-01,-5.171734094619750977e-02,-1.212298125028610229e-01,1.390162575989961624e-02,-7.499521970748901367e-02,3.580559417605400085e-02,-1.022736057639122009e-01,0.000000000000000000e+00,0.000000000000000000e+00,4.043861478567123413e-02,1.831631511449813843e-01,-3.245835602283477783e-01,-5.465295314788818359e-01,-7.547078281641006470e-02,2.792762033641338348e-02,-2.224311083555221558e-01,2.254994064569473267e-01,-5.615381598472595215e-01,-2.663045935332775116e-02
7.353286743164062500e-01,-1.863958477973937988e+00,8.391941189765930176e-01,9.919351898133754730e-03,2.737494744360446930e-02,7.546343207359313965e-01,6.554992198944091797e-01,-9.311848878860473633e-02,-3.849036991596221924e-02,1.808468699455261230e-01,-3.762163009678979198e-18,-1.194810569286346436e-01,6.376013904809951782e-02,-1.136601641774177551e-01,-5.242555588483810425e-02,-1.207924708724021912e-01,2.221825905144214630e-02,-7.846413552761077881e-02,3.449185192584991455e-02,-1.012409627437591553e-01,0.000000000000000000e+00,0.000000000000000000e+00,3.507730364799499512e-02,1.862942725419998169e-01,-3.262632787227630615e-01,-5.558801293373107910e-01,-7.069272547960281372e-02,2.969802729785442352e-02,-2.220161706209182739e-01,2.232362776994705200e-01,-5.480842590332031250e-01,-4.003548622131347656e-02
7.354043126106262207e-01,-1.864081501960754395e+00,8.391250371932983398e-01,9.961591102182865143e-03,2.716479264199733734e-02,7.547040581703186035e-01,6.554270982742309570e-01,-9.305302053689956665e-02,-3.823101148009300232e-02,1.788593381643295288e-01,-3.703294219844805325e-18,-1.175472140312194824e-01,6.294386088848114014e-02,-1.134697869420051575e-01,-5.226282775402069092e-02,-1.217029243707656860e-01,2.238515578210353851e-02,-7.824897766113281250e-02,3.490699455142021179e-02,-1.025369167327880859e-01,0.000000000000000000e+00,0.000000000000000000e+00,3.166878223419189453e-02,1.907191425561904907e-01,-3.272093534469604492e-01,-5.668101310729980469e-01,-6.801058351993560791e-02,2.836458757519721985e-02,-2.212797105312347412e-01,2.276338338851928711e-01,-5.457467436790466309e-01,-4.712072759866714478e-02
7.351377606391906738e-01,-1.864084839820861816e+00,8.390658497810363770e-01,1.006534509360790253e-02,2.759124524891376495e-02,7.549495697021484375e-01,6.551248431205749512e-01,-9.362786263227462769e-02,-3.918151929974555969e-02,1.781853735446929932e-01,7.907449609312919118e-19,-1.186802014708518982e-01,6.463577598333358765e-02,-1.124570146203041077e-01,-5.326516181230545044e-02,-1.229324638843536377e-01,1.972086541354656219e-02,-7.696614414453506470e-02,3.512994572520256042e-02,-1.037820279598236084e-01,0.000000000000000000e+00,0.000000000000000000e+00,2.538125030696392059e-02,1.902599334716796875e-01,-3.280568420886993408e-01,-5.742725729942321777e-01,-6.782149523496627808e-02,2.725388482213020325e-02,-2.191396951675415039e-01,2.263427525758743286e-01,-5.508353710174560547e-01,-4.780196398496627808e-02
7.352092862129211426e-01,-1.863803029060363770e+00,8.391620516777038574e-01,1.005745027214288712e-02,2.748374640941619873e-02,7.551240324974060059e-01,6.549283862113952637e-01,-9.328113496303558350e-02,-3.927069529891014099e-02,1.774604171514511108e-01,1.780079443324314708e-18,-1.185233369469642639e-01,6.372038275003433228e-02,-1.113241463899612427e-01,-5.275072157382965088e-02,-1.219495609402656555e-01,1.853021793067455292e-02,-7.651700824499130249e-02,3.538584709167480469e-02,-1.044747456908226013e-01,0.000000000000000000e+00,0.000000000000000000e+00,2.422611229121685028e-02,1.942629665136337280e-01,-3.309604227542877197e-01,-5.802601575851440430e-01,-6.660191714763641357e-02,3.583436831831932068e-02,-2.220744192600250244e-01,2.263310700654983521e-01,-5.479865670204162598e-01,-5.169707536697387695e-02
7.351099848747253418e-01,-1.863641500473022461e+00,8.390293121337890625e-01,9.822354651987552643e-03,2.758578397333621979e-02,7.550750374794006348e-01,6.549841165542602539e-01,-9.350524097681045532e-02,-3.903668001294136047e-02,1.792016625404357910e-01,7.706279284340022788e-19,-1.185810938477516174e-01,6.258546561002731323e-02,-1.115574985742568970e-01,-5.314002931118011475e-02,-1.232390254735946655e-01,1.847141608595848083e-02,-7.704813778400421143e-02,3.573177382349967957e-02,-1.039768680930137634e-01,0.000000000000000000e+00,0.000000000000000000e+00,2.242209762334823608e-02,1.944203525781631470e-01,-3.235618174076080322e-01,-5.896318554878234863e-01,-5.941772833466529846e-02,3.677405416965484619e-02,-2.239890694618225098e-01,2.239243090152740479e-01,-5.546579957008361816e-01,-4.817750677466392517e-02
