1.003047823905944824e+00,-2.656294584274291992e+00,7.385102659463882446e-02,-1.427593231201171875e-01,-6.895644068717956543e-01,-1.530698984861373901e-01,6.933183073997497559e-01,-1.441003382205963135e-02,-1.273845195770263672e+00,1.150101335781889000e-17,4.859131574630737305e-02,1.180977225303649902e+00,-2.162051597866601615e-17,-6.579957008361816406e-01,3.709948388859629631e-03,2.279222384095191956e-02,1.167113661766052246e+00,2.856732532382011414e-02,-2.504353225231170654e-02,-1.138736084103584290e-01,2.507932484149932861e-01,4.828417003154754639e-01,2.497275322675704956e-01,-9.698972851037979126e-02,-2.608644962310791016e-01
1.003528237342834473e+00,-2.654266834259033203e+00,7.581595331430435181e-02,-1.363911330699920654e-01,-6.743159294128417969e-01,-1.476274430751800537e-01,7.105642557144165039e-01,-9.922115504741668701e-02,-1.277334928512573242e+00,2.492076809940558385e-18,1.912739500403404236e-02,1.127265572547912598e+00,1.051268472705073169e-17,-7.631080746650695801e-01,4.183117672801017761e-02,7.376508414745330811e-02,1.317361474037170410e+00,3.888200968503952026e-02,-1.033016480505466461e-02,-1.686519533395767212e-01,2.390185892581939697e-01,4.876345992088317871e-01,2.791923880577087402e-01,-1.098578795790672302e-01,-2.821459770202636719e-01
1.004445075988769531e+00,-2.652579069137573242e+00,7.771343737840652466e-02,-1.381184011697769165e-01,-6.629376411437988281e-01,-1.408738940954208374e-01,7.222129106521606445e-01,-1.384070366621017456e-01,-1.253476858139038086e+00,-6.578982621431350708e-02,-4.028230905532836914e-03,1.063080787658691406e+00,7.042602500386676775e-18,-8.294438123703002930e-01,8.690599352121353149e-02,1.140581220388412476e-01,1.424813747406005859e+00,3.032377734780311584e-02,2.408237010240554810e-02,-2.182092815637588501e-01,2.445198595523834229e-01,4.931428134441375732e-01,3.246764540672302246e-01,-1.177383661270141602e-01,-2.969782948493957520e-01
1.003640413284301758e+00,-2.649459362030029297e+00,7.872333377599716187e-02,-1.449008435010910034e-01,-6.521970033645629883e-01,-1.345229148864746094e-01,7.318103313446044922e-01,-1.536764651536941528e-01,-1.217627406120300293e+00,-2.290035635232925415e-01,-3.774515911936759949e-02,9.985826015472412109e-01,-5.252861587507742704e-18,-8.541092872619628906e-01,1.006545051932334900e-01,1.293260753154754639e-01,1.440760731697082520e+00,-2.509064227342605591e-02,8.390212804079055786e-02,-2.670408189296722412e-01,2.650464475154876709e-01,5.119800567626953125e-01,3.780739605426788330e-01,-1.266370862722396851e-01,-3.017190098762512207e-01
1.002133727073669434e+00,-2.644693374633789062e+00,8.039992302656173706e-02,-1.604582369327545166e-01,-6.406974792480468750e-01,-1.222260445356369019e-01,7.408242821693420410e-01,-1.433998048305511475e-01,-1.189304471015930176e+00,-4.063184559345245361e-01,-8.939331769943237305e-02,9.259294867515563965e-01,-9.727227104594878731e-18,-8.455621004104614258e-01,9.252379834651947021e-02,1.292452961206436157e-01,1.420371651649475098e+00,-1.723612775094807148e-03,1.126578971743583679e-01,-3.183668255805969238e-01,2.904233336448669434e-01,5.292282700538635254e-01,4.340634047985076904e-01,-1.327895671129226685e-01,-2.836906909942626953e-01
1.000124692916870117e+00,-2.640406370162963867e+00,8.198092132806777954e-02,-1.821879148483276367e-01,-6.290888190269470215e-01,-1.052224412560462952e-01,7.483201622962951660e-01,-1.390551775693893433e-01,-1.162220001220703125e+00,-5.670537948608398438e-01,-1.412041336297988892e-01,8.527775406837463379e-01,-3.478790784153013189e-20,-8.247467875480651855e-01,7.013916969299316406e-02,1.148073524236679077e-01,1.381768107414245605e+00,5.388377606868743896e-02,1.683572381734848022e-01,-3.704244196414947510e-01,3.154357969760894775e-01,5.367671251296997070e-01,4.887259006500244141e-01,-1.368256211280822754e-01,-2.600549161434173584e-01
9.979760050773620605e-01,-2.636357784271240234e+00,8.377206325531005859e-02,-2.121385931968688965e-01,-6.162954568862915039e-01,-8.200061321258544922e-02,7.539582252502441406e-01,-1.326692700386047363e-01,-1.148020267486572266e+00,-7.107450962066650391e-01,-1.856402009725570679e-01,7.833759188652038574e-01,-4.064792767167091370e-02,-8.022282719612121582e-01,4.535875096917152405e-02,8.846499025821685791e-02,1.353014469146728516e+00,7.611576467752456665e-02,2.137736380100250244e-01,-4.258804619312286377e-01,3.353736400604248047e-01,5.284119844436645508e-01,5.393000245094299316e-01,-1.386439502239227295e-01,-2.339216619729995728e-01
9.962976574897766113e-01,-2.632592678070068359e+00,8.660233020782470703e-02,-2.471265345811843872e-01,-6.029677987098693848e-01,-5.432604998350143433e-02,7.565758228302001953e-01,-1.355458796024322510e-01,-1.134040236473083496e+00,-8.354984521865844727e-01,-2.207912504673004150e-01,7.149497866630554199e-01,-9.554656594991683960e-02,-7.792107462882995605e-01,1.208039559423923492e-02,4.624320939183235168e-02,1.337285280227661133e+00,6.446408480405807495e-02,2.412287294864654541e-01,-4.821252822875976562e-01,3.504679799079895020e-01,5.070735812187194824e-01,5.883668065071105957e-01,-1.374275982379913330e-01,-2.078103572130203247e-01
9.958294034004211426e-01,-2.628422737121582031e+00,8.997876197099685669e-02,-3.259501755237579346e-01,-5.654740929603576660e-01,1.464940328150987625e-02,7.574833035469055176e-01,-1.610298305749893188e-01,-1.103387355804443359e+00,-9.369038343429565430e-01,-2.252030223608016968e-01,5.823754668235778809e-01,-3.503379523754119873e-01,-7.117469310760498047e-01,-1.375532746315002441e-01,-1.517636775970458984e-01,1.307392597198486328e+00,8.736123330891132355e-03,2.689959108829498291e-01,-6.602689623832702637e-01,2.900947928428649902e-01,2.907551825046539307e-01,7.172158360481262207e-01,-1.528503000736236572e-01,-1.359351426362991333e-01
9.944105148315429688e-01,-2.623066425323486328e+00,9.461067616939544678e-02,-3.604077994823455811e-01,-5.480456352233886719e-01,4.079822450876235962e-02,7.537159323692321777e-01,-1.813904941082000732e-01,-1.100476145744323730e+00,-1.031324744224548340e+00,-2.162778079509735107e-01,5.378684997558593750e-01,-3.812341988086700439e-01,-6.819433569908142090e-01,-1.423772275447845459e-01,-1.883435100317001343e-01,1.291014313697814941e+00,9.456204250454902649e-03,2.840383052825927734e-01,-7.105615139007568359e-01,3.009238541126251221e-01,2.881697416305541992e-01,7.594750523567199707e-01,-1.532502323389053345e-01,-1.065639331936836243e-01
9.938298463821411133e-01,-2.616449356079101562e+00,9.856877475976943970e-02,-4.026851654052734375e-01,-5.253407955169677734e-01,7.412723451852798462e-02,7.459000349044799805e-01,-2.143808454275131226e-01,-1.093720316886901855e+00,-1.146383881568908691e+00,-2.066279947757720947e-01,4.926203191280364990e-01,-4.128621518611907959e-01,-6.391506195068359375e-01,-1.550494283437728882e-01,-2.493187487125396729e-01,1.265259504318237305e+00,7.428980432450771332e-03,3.166812956333160400e-01,-7.752641439437866211e-01,2.947686910629272461e-01,2.645572721958160400e-01,8.083878159523010254e-01,-1.528459489345550537e-01,-5.730754137039184570e-02
9.935739636421203613e-01,-2.607632637023925781e+00,1.021226495504379272e-01,-4.465477168560028076e-01,-5.002720355987548828e-01,1.069463565945625305e-01,7.340882420539855957e-01,-2.596308588981628418e-01,-1.081493020057678223e+00,-1.272287368774414062e+00,-2.121486961841583252e-01,4.491198360919952393e-01,-4.406003355979919434e-01,-5.920290350914001465e-01,-1.647143661975860596e-01,-3.208747804164886475e-01,1.235963702201843262e+00,-2.667227061465382576e-03,3.487780690193176270e-01,-8.446082472801208496e-01,2.812090218067169189e-01,2.350702136754989624e-01,8.623310923576354980e-01,-1.539973616600036621e-01,2.124357968568801880e-03
9.947909712791442871e-01,-2.596165418624877930e+00,1.049315854907035828e-01,-4.850295782089233398e-01,-4.773707985877990723e-01,1.327247023582458496e-01,7.205883860588073730e-01,-3.267902731895446777e-01,-1.057766795158386230e+00,-1.402744531631469727e+00,-2.144635319709777832e-01,4.260494112968444824e-01,-4.705842435359954834e-01,-5.454597473144531250e-01,-1.675136834383010864e-01,-3.905168771743774414e-01,1.204959392547607422e+00,-1.692994683980941772e-02,3.741300702095031738e-01,-9.099134206771850586e-01,2.690934240818023682e-01,2.116813957691192627e-01,9.218956232070922852e-01,-1.619188636541366577e-01,6.573449075222015381e-02
9.982350468635559082e-01,-2.582941293716430664e+00,1.076744347810745239e-01,-5.232245922088623047e-01,-4.575167894363403320e-01,1.557866334915161133e-01,7.018867135047912598e-01,-4.188717305660247803e-01,-1.008328318595886230e+00,-1.531532764434814453e+00,-2.169398367404937744e-01,4.140085875988006592e-01,-5.061358213424682617e-01,-4.942185580730438232e-01,-1.545787453651428223e-01,-4.593934416770935059e-01,1.173603057861328125e+00,-3.031029365956783295e-02,3.898223340511322021e-01,-9.674071669578552246e-01,2.560091018676757812e-01,1.900007873773574829e-01,9.857031702995300293e-01,-1.787310242652893066e-01,1.193150281906127930e-01
1.003242015838623047e+00,-2.567342519760131836e+00,1.106737777590751648e-01,-5.431389808654785156e-01,-4.472796916961669922e-01,1.687477082014083862e-01,6.902645230293273926e-01,-5.048742890357971191e-01,-9.464964866638183594e-01,-1.632276654243469238e+00,-2.187915146350860596e-01,4.109617471694946289e-01,-5.287352800369262695e-01,-4.597818553447723389e-01,-1.395102441310882568e-01,-4.823212027549743652e-01,1.150400161743164062e+00,-3.923092409968376160e-02,3.908730447292327881e-01,-9.913323521614074707e-01,2.533776760101318359e-01,1.986042857170104980e-01,1.034135222434997559e+00,-1.949928402900695801e-01,1.356255412101745605e-01
1.009816169738769531e+00,-2.549396991729736328e+00,1.153592988848686218e-01,-5.754518508911132812e-01,-4.268595576286315918e-01,1.967789679765701294e-01,6.692713499069213867e-01,-5.997512936592102051e-01,-8.514567613601684570e-01,-1.724833011627197266e+00,-2.151314467191696167e-01,4.057669639587402344e-01,-5.612268447875976562e-01,-4.133664071559906006e-01,-1.089954003691673279e-01,-5.224450826644897461e-01,1.122872829437255859e+00,-5.657470226287841797e-02,3.875648081302642822e-01,-1.008545637130737305e+00,2.363640964031219482e-01,2.215736359357833862e-01,1.077917575836181641e+00,-2.158029526472091675e-01,1.596360057592391968e-01
1.016383171081542969e+00,-2.527804851531982422e+00,1.236915066838264465e-01,-6.065474152565002441e-01,-4.070207178592681885e-01,2.265822589397430420e-01,6.442785859107971191e-01,-6.787225008010864258e-01,-7.363308668136596680e-01,-1.783566713333129883e+00,-2.065998315811157227e-01,4.020900726318359375e-01,-6.072501540184020996e-01,-3.569410145282745361e-01,-6.886439770460128784e-02,-5.728536248207092285e-01,1.088032960891723633e+00,-8.759590238332748413e-02,3.637734651565551758e-01,-1.004588246345520020e+00,2.278376817703247070e-01,2.490195930004119873e-01,1.107876062393188477e+00,-2.402219176292419434e-01,1.784684360027313232e-01
1.022761464118957520e+00,-2.500344991683959961e+00,1.347717791795730591e-01,-6.260300874710083008e-01,-4.057620763778686523e-01,2.517555356025695801e-01,6.164921522140502930e-01,-7.126199007034301758e-01,-5.989297032356262207e-01,-1.855480313301086426e+00,-1.054884344339370728e-01,5.089283585548400879e-01,-8.020386695861816406e-01,-2.772030234336853027e-01,-9.907864965498447418e-03,-6.140908598899841309e-01,1.048563003540039062e+00,-1.789140254259109497e-01,2.029711604118347168e-01,-9.422882795333862305e-01,2.692842483520507812e-01,3.075858950614929199e-01,1.112870335578918457e+00,-2.892965078353881836e-01,2.113758921623229980e-01
1.030343651771545410e+00,-2.472221851348876953e+00,1.457990407943725586e-01,-6.485028862953186035e-01,-3.954747319221496582e-01,2.838433384895324707e-01,5.852150917053222656e-01,-6.905658841133117676e-01,-5.325140953063964844e-01,-1.851042747497558594e+00,-3.345956280827522278e-02,5.502998828887939453e-01,-9.589344263076782227e-01,-2.069658339023590088e-01,4.382755234837532043e-02,-6.843749284744262695e-01,1.020079612731933594e+00,-2.441308796405792236e-01,-7.821749895811080933e-03,-9.087862372398376465e-01,2.394707202911376953e-01,2.455103844404220581e-01,1.123011112213134766e+00,-2.983597815036773682e-01,2.183135002851486206e-01
1.039424061775207520e+00,-2.444112777709960938e+00,1.527704447507858276e-01,-6.679783463478088379e-01,-3.812596499919891357e-01,3.108462393283843994e-01,5.584090352058410645e-01,-6.776579618453979492e-01,-5.058465600013732910e-01,-1.850166082382202148e+00,-3.070553764700889587e-03,5.653615593910217285e-01,-1.079449892044067383e+00,-1.749928593635559082e-01,8.177124708890914917e-02,-7.424414157867431641e-01,1.025948643684387207e+00,-2.436168640851974487e-01,-1.403841972351074219e-01,-8.901442289352416992e-01,1.816711425781250000e-01,1.327295899391174316e-01,1.145950794219970703e+00,-2.938150465488433838e-01,1.969914734363555908e-01
1.043982863426208496e+00,-2.415241003036499023e+00,1.526052951812744141e-01,-6.799471378326416016e-01,-3.668581545352935791e-01,3.302734792232513428e-01,5.422235727310180664e-01,-6.679529547691345215e-01,-5.024598836898803711e-01,-1.850947260856628418e+00,3.304967889562249184e-03,5.660534501075744629e-01,-1.172584652900695801e+00,-1.814469844102859497e-01,7.333084195852279663e-02,-7.874940037727355957e-01,1.074122071266174316e+00,-2.388775348663330078e-01,-2.246117591857910156e-01,-8.514387607574462891e-01,8.869463950395584106e-02,-1.318706385791301727e-02,1.140080332756042480e+00,-2.831788361072540283e-01,1.559253782033920288e-01
1.048391580581665039e+00,-2.387290239334106445e+00,1.466370671987533569e-01,-6.841837167739868164e-01,-3.566212952136993408e-01,3.444743752479553223e-01,5.348376631736755371e-01,-6.704418063163757324e-01,-5.036217570304870605e-01,-1.849950551986694336e+00,-5.870687309652566910e-03,5.490127801895141602e-01,-1.224705338478088379e+00,-2.371650338172912598e-01,2.986307628452777863e-02,-7.799176573753356934e-01,1.172470688819885254e+00,-2.529669404029846191e-01,-3.016237318515777588e-01,-7.897629141807556152e-01,9.187597897835075855e-04,-1.499740481376647949e-01,1.115478515625000000e+00,-2.788256406784057617e-01,5.537268891930580139e-02
1.054337620735168457e+00,-2.362703800201416016e+00,1.408352851867675781e-01,-6.832479238510131836e-01,-3.494060933589935303e-01,3.565435707569122314e-01,5.328830480575561523e-01,-6.889233589172363281e-01,-5.125262141227722168e-01,-1.852322816848754883e+00,-3.956221416592597961e-02,5.251161456108093262e-01,-1.240150809288024902e+00,-3.443717062473297119e-01,-2.726527675986289978e-02,-7.288720607757568359e-01,1.300957441329956055e+00,-2.656578421592712402e-01,-3.349956870079040527e-01,-7.252320051193237305e-01,-3.250358626246452332e-02,-1.872436553239822388e-01,1.079855918884277344e+00,-2.503291070461273193e-01,-4.715371876955032349e-02
1.057115316390991211e+00,-2.343033313751220703e+00,1.378006488084793091e-01,-6.869474649429321289e-01,-3.367137908935546875e-01,3.742257356643676758e-01,5.241012573242187500e-01,-7.095150351524353027e-01,-5.199021697044372559e-01,-1.853329539299011230e+00,-7.049691677093505859e-02,4.970357120037078857e-01,-1.236212015151977539e+00,-4.701399207115173340e-01,-8.737809211015701294e-02,-6.914438605308532715e-01,1.399598956108093262e+00,-2.703247368335723877e-01,-3.385778069496154785e-01,-6.765190362930297852e-01,-5.577699840068817139e-02,-2.077098786830902100e-01,1.041283369064331055e+00,-2.457979023456573486e-01,-7.499690353870391846e-02
1.061476230621337891e+00,-2.325426816940307617e+00,1.402500867843627930e-01,-6.989867687225341797e-01,-3.169514834880828857e-01,3.960184156894683838e-01,5.041117072105407715e-01,-7.039113640785217285e-01,-5.466343164443969727e-01,-1.854250669479370117e+00,-8.273847401142120361e-02,4.811255335807800293e-01,-1.216865539550781250e+00,-6.019326448440551758e-01,-1.521631777286529541e-01,-6.709881424903869629e-01,1.461291551589965820e+00,-2.859543263912200928e-01,-3.321375846862792969e-01,-6.432587504386901855e-01,-7.654657214879989624e-02,-2.596026957035064697e-01,1.020089626312255859e+00,-2.384042143821716309e-01,-7.962600886821746826e-02
1.066980481147766113e+00,-2.307700634002685547e+00,1.520335823297500610e-01,-7.136996388435363770e-01,-2.963263988494873047e-01,4.156388640403747559e-01,4.796538352966308594e-01,-6.891973614692687988e-01,-5.849304199218750000e-01,-1.856611967086791992e+00,-7.800948619842529297e-02,5.048094987869262695e-01,-1.219010710716247559e+00,-7.272489070892333984e-01,-2.123551964759826660e-01,-6.507146954536437988e-01,1.468962907791137695e+00,-3.045196831226348877e-01,-3.150401711463928223e-01,-6.304507255554199219e-01,-7.170459628105163574e-02,-2.998821735382080078e-01,1.016161680221557617e+00,-2.309453487396240234e-01,-8.806674927473068237e-02
1.074806451797485352e+00,-2.288129091262817383e+00,1.709085404872894287e-01,-7.273837327957153320e-01,-2.837152183055877686e-01,4.287056028842926025e-01,4.545657932758331299e-01,-6.896308064460754395e-01,-6.095835566520690918e-01,-1.856892824172973633e+00,-6.198963150382041931e-02,5.274316668510437012e-01,-1.271537780761718750e+00,-8.428929448127746582e-01,-2.480935305356979370e-01,-6.150884628295898438e-01,1.427971482276916504e+00,-3.120878040790557861e-01,-3.007534444332122803e-01,-6.357288956642150879e-01,-7.266610395163297653e-03,-2.608631551265716553e-01,1.020160436630249023e+00,-2.369924783706665039e-01,-9.503611922264099121e-02
1.082592725753784180e+00,-2.266523599624633789e+00,1.962126046419143677e-01,-7.410684227943420410e-01,-2.768119573593139648e-01,4.351554811000823975e-01,4.299214780330657959e-01,-6.973659992218017578e-01,-6.256903409957885742e-01,-1.856521844863891602e+00,-2.895577251911163330e-02,5.654797554016113281e-01,-1.352205634117126465e+00,-9.550584554672241211e-01,-2.459574639797210693e-01,-5.531016588211059570e-01,1.350628137588500977e+00,-3.138414919376373291e-01,-2.734071016311645508e-01,-6.624315977096557617e-01,9.896326065063476562e-02,-1.661613136529922485e-01,1.036171674728393555e+00,-2.360764741897583008e-01,-6.175057590007781982e-02
1.090375185012817383e+00,-2.243461370468139648e+00,2.245933711528778076e-01,-7.560600042343139648e-01,-2.728382647037506104e-01,4.360978007316589355e-01,4.046619236469268799e-01,-7.191274762153625488e-01,-6.246656775474548340e-01,-1.855183124542236328e+00,1.710794866085052490e-03,6.137233376502990723e-01,-1.429792642593383789e+00,-1.053178071975708008e+00,-2.386234253644943237e-01,-4.995296299457550049e-01,1.266559600830078125e+00,-2.962031662464141846e-01,-2.481707334518432617e-01,-7.002188563346862793e-01,2.102316170930862427e-01,-7.873460650444030762e-02,1.063809514045715332e+00,-2.421236485242843628e-01,-2.856674045324325562e-02
1.097428798675537109e+00,-2.219059228897094727e+00,2.540533542633056641e-01,-7.714779376983642578e-01,-2.692142724990844727e-01,4.341319501399993896e-01,3.793084919452667236e-01,-7.491058111190795898e-01,-6.207063794136047363e-01,-1.853923797607421875e+00,2.420832775533199310e-02,6.502630710601806641e-01,-1.494954824447631836e+00,-1.140235662460327148e+00,-2.405164688825607300e-01,-4.518152177333831787e-01,1.202458500862121582e+00,-2.809007167816162109e-01,-2.186785936355590820e-01,-7.475045323371887207e-01,3.233400881290435791e-01,-2.719233743846416473e-03,1.092713236808776855e+00,-2.509011328220367432e-01,-1.181974774226546288e-03
1.104480743408203125e+00,-2.194334268569946289e+00,2.816537320613861084e-01,-7.832331061363220215e-01,-2.712286412715911865e-01,4.384286403656005859e-01,3.475072681903839111e-01,-7.723847031593322754e-01,-5.747488141059875488e-01,-1.843316912651062012e+00,3.838403150439262390e-02,6.430966854095458984e-01,-1.516121983528137207e+00,-1.189694166183471680e+00,-2.587621212005615234e-01,-4.311574101448059082e-01,1.173179864883422852e+00,-2.609741389751434326e-01,-2.052451968193054199e-01,-7.857648730278015137e-01,4.161066710948944092e-01,2.945835702121257782e-02,1.116639018058776855e+00,-2.606686651706695557e-01,1.870233751833438873e-02
1.112055420875549316e+00,-2.172547340393066406e+00,3.074343502521514893e-01,-7.934246063232421875e-01,-2.714103162288665771e-01,4.388034045696258545e-01,3.229015767574310303e-01,-8.041016459465026855e-01,-5.428232550621032715e-01,-1.829796314239501953e+00,5.388470366597175598e-02,6.816143393516540527e-01,-1.544469237327575684e+00,-1.256162285804748535e+00,-2.761245667934417725e-01,-3.786655664443969727e-01,1.171449542045593262e+00,-2.420759350061416626e-01,-1.828318685293197632e-01,-8.316578865051269531e-01,5.201885104179382324e-01,1.189048588275909424e-01,1.131305217742919922e+00,-2.912953197956085205e-01,4.488186538219451904e-02
1.121307373046875000e+00,-2.151222467422485352e+00,3.315662741661071777e-01,-8.042145371437072754e-01,-3.115091025829315186e-01,4.267495572566986084e-01,2.721871733665466309e-01,-9.240122437477111816e-01,-3.607568740844726562e-01,-1.694589972496032715e+00,1.521045416593551636e-01,8.453574776649475098e-01,-1.616938471794128418e+00,-1.290774106979370117e+00,-2.397041320800781250e-01,-3.761663734912872314e-01,1.208682179450988770e+00,-2.003146708011627197e-01,-1.062247678637504578e-01,-9.114946126937866211e-01,7.699216008186340332e-01,2.240007817745208740e-01,1.210177659988403320e+00,-4.123455882072448730e-01,1.331203281879425049e-01
1.127941608428955078e+00,-2.133442878723144531e+00,3.518191277980804443e-01,-8.109717369079589844e-01,-3.130586147308349609e-01,4.257035553455352783e-01,2.511884570121765137e-01,-9.807280302047729492e-01,-3.150321841239929199e-01,-1.638408660888671875e+00,1.562544703483581543e-01,9.335819482803344727e-01,-1.641895294189453125e+00,-1.366402268409729004e+00,-2.679170966148376465e-01,-2.918332517147064209e-01,1.282571554183959961e+00,-1.898241639137268066e-01,-1.007501780986785889e-01,-9.585146903991699219e-01,8.189447522163391113e-01,2.977963984012603760e-01,1.227631688117980957e+00,-4.323733747005462646e-01,1.104943379759788513e-01
1.136952519416809082e+00,-2.118612289428710938e+00,3.693588972091674805e-01,-8.137356638908386230e-01,-3.137468397617340088e-01,4.301798045635223389e-01,2.331149429082870483e-01,-1.034712433815002441e+00,-2.588728368282318115e-01,-1.579189896583557129e+00,1.622052192687988281e-01,1.034047603607177734e+00,-1.658310413360595703e+00,-1.457744836807250977e+00,-2.879146039485931396e-01,-1.752330213785171509e-01,1.401439309120178223e+00,-1.943981796503067017e-01,-1.068746224045753479e-01,-1.003012895584106445e+00,8.070040345191955566e-01,3.213849961757659912e-01,1.261491417884826660e+00,-4.189885854721069336e-01,2.540088817477226257e-02
1.146904706954956055e+00,-2.105603933334350586e+00,3.862946927547454834e-01,-8.164356350898742676e-01,-3.103892207145690918e-01,4.354480504989624023e-01,2.178906649351119995e-01,-1.088178992271423340e+00,-2.300230264663696289e-01,-1.534438610076904297e+00,1.662776917219161987e-01,1.140332102775573730e+00,-1.666061043739318848e+00,-1.561936616897583008e+00,-3.006650805473327637e-01,-5.747989937663078308e-02,1.534277915954589844e+00,-2.053284496068954468e-01,-8.838228881359100342e-02,-1.051705956459045410e+00,7.857888340950012207e-01,3.498319387435913086e-01,1.319088339805603027e+00,-4.058407247066497803e-01,-4.391537979245185852e-02
1.157567739486694336e+00,-2.091624021530151367e+00,4.018029868602752686e-01,-8.187747597694396973e-01,-3.063144385814666748e-01,4.397401809692382812e-01,2.059317380189895630e-01,-1.136487841606140137e+00,-2.225634306669235229e-01,-1.503904938697814941e+00,1.666979491710662842e-01,1.240775942802429199e+00,-1.672577261924743652e+00,-1.677766799926757812e+00,-3.066368699073791504e-01,3.715949133038520813e-02,1.670616865158081055e+00,-2.234342992305755615e-01,-8.380725234746932983e-02,-1.093390941619873047e+00,7.731418013572692871e-01,3.948583602905273438e-01,1.389467597007751465e+00,-4.037286937236785889e-01,-6.500007957220077515e-02
1.168402552604675293e+00,-2.077678442001342773e+00,4.154908955097198486e-01,-8.195688128471374512e-01,-3.053448498249053955e-01,4.430478215217590332e-01,1.969265490770339966e-01,-1.184630036354064941e+00,-2.031745165586471558e-01,-1.467327237129211426e+00,1.750384122133255005e-01,1.343961000442504883e+00,-1.670970797538757324e+00,-1.802692055702209473e+00,-2.958335578441619873e-01,1.062721759080886841e-01,1.803020238876342773e+00,-2.553020119667053223e-01,-8.319011330604553223e-02,-1.131733059883117676e+00,7.672126293182373047e-01,4.403846561908721924e-01,1.464085459709167480e+00,-4.038570821285247803e-01,-8.293177187442779541e-02
1.179219365119934082e+00,-2.062625169754028320e+00,4.269146025180816650e-01,-8.177413344383239746e-01,-3.084378540515899658e-01,4.482315182685852051e-01,1.877596676349639893e-01,-1.228602528572082520e+00,-1.788059175014495850e-01,-1.424344539642333984e+00,1.859939694404602051e-01,1.437599062919616699e+00,-1.661930203437805176e+00,-1.919899940490722656e+00,-2.636401355266571045e-01,1.383280903100967407e-01,1.919327378273010254e+00,-2.891649901866912842e-01,-1.038354784250259399e-01,-1.167597532272338867e+00,7.685818672180175781e-01,4.778568148612976074e-01,1.533386707305908203e+00,-4.162524044513702393e-01,-1.250802874565124512e-01
1.186572551727294922e+00,-2.044031143188476562e+00,4.335053861141204834e-01,-8.039269447326660156e-01,-3.233845829963684082e-01,4.725188910961151123e-01,1.607786566019058228e-01,-1.224633455276489258e+00,-1.461818814277648926e-01,-1.365958690643310547e+00,2.464455217123031616e-01,1.538872957229614258e+00,-1.646432518959045410e+00,-1.919899940490722656e+00,-2.047367244958877563e-01,1.097951158881187439e-01,1.976716995239257812e+00,-3.310698270797729492e-01,-8.754456788301467896e-02,-1.168773412704467773e+00,7.876386642456054688e-01,4.903329908847808838e-01,1.585690259933471680e+00,-4.245625734329223633e-01,-1.609519124031066895e-01
1.194269537925720215e+00,-2.023881435394287109e+00,4.367065131664276123e-01,-7.889618873596191406e-01,-3.336132466793060303e-01,4.990322589874267578e-01,1.311796754598617554e-01,-1.207156300544738770e+00,-1.181121841073036194e-01,-1.308460116386413574e+00,3.179872632026672363e-01,1.640765786170959473e+00,-1.629681110382080078e+00,-1.919899940490722656e+00,-1.230119243264198303e-01,6.628074496984481812e-02,2.019831895828247070e+00,-3.596523404121398926e-01,-5.435639619827270508e-02,-1.166766285896301270e+00,8.090497851371765137e-01,5.083121657371520996e-01,1.620188713073730469e+00,-4.374197423458099365e-01,-1.936050504446029663e-01
1.201379060745239258e+00,-2.001140117645263672e+00,4.369693398475646973e-01,-7.725742459297180176e-01,-3.385490775108337402e-01,5.277287364006042480e-01,1.000795140862464905e-01,-1.176907420158386230e+00,-1.031424328684806824e-01,-1.258217453956604004e+00,3.864071667194366455e-01,1.729168176651000977e+00,-1.620747327804565430e+00,-1.919899940490722656e+00,-2.353197336196899414e-02,7.667693775147199631e-03,2.047312974929809570e+00,-3.931886255741119385e-01,-4.184503108263015747e-03,-1.157517910003662109e+00,8.325299620628356934e-01,5.333251357078552246e-01,1.635061502456665039e+00,-4.531583487987518311e-01,-2.193650603294372559e-01
1.207711338996887207e+00,-1.976951360702514648e+00,4.329868853092193604e-01,-7.564294934272766113e-01,-3.355557620525360107e-01,5.570497512817382812e-01,7.008793950080871582e-02,-1.138656497001647949e+00,-1.077620089054107666e-01,-1.225883960723876953e+00,4.311645030975341797e-01,1.796204209327697754e+00,-1.625493049621582031e+00,-1.919899940490722656e+00,5.882849916815757751e-02,-6.406013667583465576e-02,2.052572250366210938e+00,-4.235847592353820801e-01,5.431969463825225830e-02,-1.142418742179870605e+00,8.429650664329528809e-01,5.641355514526367188e-01,1.628123402595520020e+00,-4.697568118572235107e-01,-2.374887019395828247e-01
1.215205192565917969e+00,-1.951852083206176758e+00,4.258992373943328857e-01,-7.382690906524658203e-01,-3.325745165348052979e-01,5.854157209396362305e-01,4.051305353641510010e-02,-1.092448234558105469e+00,-1.123649328947067261e-01,-1.197826981544494629e+00,4.808747172355651855e-01,1.868135571479797363e+00,-1.639662623405456543e+00,-1.919899940490722656e+00,9.305468946695327759e-02,-1.549901217222213745e-01,2.049675703048706055e+00,-4.120691418647766113e-01,8.261057734489440918e-02,-1.132342815399169922e+00,8.556067347526550293e-01,5.813602209091186523e-01,1.607764124870300293e+00,-4.876097142696380615e-01,-2.578895986080169678e-01
1.223088145256042480e+00,-1.926054596900939941e+00,4.158619046211242676e-01,-7.305934429168701172e-01,-3.324103951454162598e-01,5.961976647377014160e-01,1.687742955982685089e-02,-1.073049664497375488e+00,-1.157492026686668396e-01,-1.179792165756225586e+00,5.078994035720825195e-01,1.954235196113586426e+00,-1.643422245979309082e+00,-1.919899940490722656e+00,2.458414994180202484e-02,-2.595111727714538574e-01,2.145644426345825195e+00,-4.032247364521026611e-01,4.627100657671689987e-03,-1.144839763641357422e+00,9.042717814445495605e-01,6.185752749443054199e-01,1.600365400314331055e+00,-4.741777479648590088e-01,-2.912344932556152344e-01
1.229833602905273438e+00,-1.896699309349060059e+00,4.050283730030059814e-01,-7.275829315185546875e-01,-3.295867443084716797e-01,6.015481352806091309e-01,-1.164365094155073166e-02,-1.065034151077270508e+00,-1.381637752056121826e-01,-1.164699316024780273e+00,5.311717391014099121e-01,2.054398775100708008e+00,-1.644652843475341797e+00,-1.919899940490722656e+00,-9.419950656592845917e-03,-3.344551026821136475e-01,2.226931333541870117e+00,-4.417980015277862549e-01,-1.330540627241134644e-01,-1.149235963821411133e+00,9.805945158004760742e-01,6.666426062583923340e-01,1.660907149314880371e+00,-4.719456732273101807e-01,-2.631390094757080078e-01
1.239018440246582031e+00,-1.868168592453002930e+00,3.969905078411102295e-01,-7.228922247886657715e-01,-3.303386569023132324e-01,6.060080528259277344e-01,-3.251800686120986938e-02,-1.063455939292907715e+00,-1.695801317691802979e-01,-1.156487107276916504e+00,5.486194491386413574e-01,2.138721466064453125e+00,-1.639385938644409180e+00,-1.919899940490722656e+00,-6.634420901536941528e-02,-4.298068284988403320e-01,2.287590265274047852e+00,-4.627980887889862061e-01,-2.249592393636703491e-01,-1.165821194648742676e+00,1.064894676208496094e+00,6.819019317626953125e-01,1.728354334831237793e+00,-4.712849557399749756e-01,-2.401882559061050415e-01
1.247382044792175293e+00,-1.841812849044799805e+00,3.892960846424102783e-01,-7.166264057159423828e-01,-3.340725004673004150e-01,6.104371547698974609e-01,-4.699636250734329224e-02,-1.064370632171630859e+00,-1.925114989280700684e-01,-1.149269342422485352e+00,5.555269718170166016e-01,2.212069511413574219e+00,-1.625969767570495605e+00,-1.919899940490722656e+00,-9.753300249576568604e-02,-4.995318055152893066e-01,2.340384244918823242e+00,-4.870028197765350342e-01,-2.938929796218872070e-01,-1.194753170013427734e+00,1.137058138847351074e+00,6.498008966445922852e-01,1.774212002754211426e+00,-4.716403186321258545e-01,-2.272212654352188110e-01
1.254544496536254883e+00,-1.816804885864257812e+00,3.844751417636871338e-01,-7.063273787498474121e-01,-3.393770754337310791e-01,6.180892586708068848e-01,-6.237393617630004883e-02,-1.061835408210754395e+00,-1.862770169973373413e-01,-1.127209305763244629e+00,5.768651962280273438e-01,2.284623146057128906e+00,-1.597403883934020996e+00,-1.919899940490722656e+00,-1.010838150978088379e-01,-5.358659625053405762e-01,2.381052017211914062e+00,-4.809685945510864258e-01,-3.257135450839996338e-01,-1.234529614448547363e+00,1.179121017456054688e+00,5.621184110641479492e-01,1.785770773887634277e+00,-4.775653779506683350e-01,-2.649465501308441162e-01
1.261040687561035156e+00,-1.794973373413085938e+00,3.828499615192413330e-01,-6.895328164100646973e-01,-3.458075821399688721e-01,6.303005814552307129e-01,-8.765169233083724976e-02,-1.062502384185791016e+00,-1.451132893562316895e-01,-1.057857155799865723e+00,6.520835161209106445e-01,2.371323108673095703e+00,-1.512306571006774902e+00,-1.919899940490722656e+00,-8.204092085361480713e-02,-5.413967967033386230e-01,2.403922319412231445e+00,-4.357095658779144287e-01,-3.101440966129302979e-01,-1.325477004051208496e+00,1.148728609085083008e+00,3.515440225601196289e-01,1.761246562004089355e+00,-5.017576217651367188e-01,-3.697689473628997803e-01
1.266191959381103516e+00,-1.777806997299194336e+00,3.849675059318542480e-01,-6.798114180564880371e-01,-3.446758985519409180e-01,6.372243762016296387e-01,-1.140179634094238281e-01,-1.079991698265075684e+00,-1.170867308974266052e-01,-9.871000051498413086e-01,7.002289295196533203e-01,2.434242010116577148e+00,-1.417341232299804688e+00,-1.919899940490722656e+00,-7.663990557193756104e-02,-5.378044247627258301e-01,2.414262533187866211e+00,-4.082838594913482666e-01,-2.915089726448059082e-01,-1.393682360649108887e+00,1.056287050247192383e+00,1.566222161054611206e-01,1.715420961380004883e+00,-5.471013784408569336e-01,-4.642134606838226318e-01
1.267928957939147949e+00,-1.766152858734130859e+00,3.907527923583984375e-01,-6.781167387962341309e-01,-3.385484814643859863e-01,6.391245722770690918e-01,-1.306231170892715454e-01,-1.106830120086669922e+00,-1.004973053932189941e-01,-9.416300654411315918e-01,7.020655274391174316e-01,2.445662975311279297e+00,-1.346415162086486816e+00,-1.919899940490722656e+00,-9.035638719797134399e-02,-5.447560548782348633e-01,2.415365934371948242e+00,-4.087169468402862549e-01,-2.821554839611053467e-01,-1.398802757263183594e+00,9.694677591323852539e-01,5.733553692698478699e-02,1.652242660522460938e+00,-5.910129547119140625e-01,-5.017709732055664062e-01
1.265493154525756836e+00,-1.757299542427062988e+00,3.980549573898315430e-01,-6.759322285652160645e-01,-3.341071307659149170e-01,6.401311755180358887e-01,-1.473774313926696777e-01,-1.135743021965026855e+00,-7.582844048738479614e-02,-8.788989186286926270e-01,7.183596491813659668e-01,2.449203491210937500e+00,-1.270149111747741699e+00,-1.919899940490722656e+00,-1.069875210523605347e-01,-5.566242337226867676e-01,2.410071849822998047e+00,-3.984073698520660400e-01,-2.665856778621673584e-01,-1.391223192214965820e+00,8.972734808921813965e-01,-2.478910051286220551e-02,1.587004542350769043e+00,-6.371485590934753418e-01,-4.982218742370605469e-01
1.259909033775329590e+00,-1.750419020652770996e+00,4.064870178699493408e-01,-6.678441762924194336e-01,-3.303605318069458008e-01,6.430742740631103516e-01,-1.769223958253860474e-01,-1.165588974952697754e+00,-4.881173744797706604e-02,-7.595530748367309570e-01,8.360710740089416504e-01,2.509140968322753906e+00,-1.107087492942810059e+00,-1.919899940490722656e+00,-1.169630810618400574e-01,-5.465214252471923828e-01,2.400202751159667969e+00,-3.526317775249481201e-01,-2.050318121910095215e-01,-1.399330735206604004e+00,8.340780735015869141e-01,-1.231031715869903564e-01,1.541425228118896484e+00,-6.614611744880676270e-01,-4.755882322788238525e-01
1.251429200172424316e+00,-1.744899630546569824e+00,4.153660833835601807e-01,-6.586717367172241211e-01,-3.205603957176208496e-01,6.459513902664184570e-01,-2.148008048534393311e-01,-1.172821402549743652e+00,-6.331181526184082031e-02,-6.447195410728454590e-01,9.460822939872741699e-01,2.531526803970336914e+00,-9.486447572708129883e-01,-1.919899940490722656e+00,-1.107622757554054260e-01,-5.018897652626037598e-01,2.388054370880126953e+00,-3.140048086643218994e-01,-1.317803561687469482e-01,-1.424743652343750000e+00,7.747960090637207031e-01,-2.006085216999053955e-01,1.529194712638854980e+00,-6.410295367240905762e-01,-4.517029225826263428e-01
1.242497920989990234e+00,-1.739217042922973633e+00,4.229715168476104736e-01,-6.458171606063842773e-01,-3.132117092609405518e-01,6.493510007858276367e-01,-2.513203620910644531e-01,-1.157138347625732422e+00,-1.080154925584793091e-01,-5.547863245010375977e-01,9.441145062446594238e-01,2.423647642135620117e+00,-9.044572114944458008e-01,-1.919899940490722656e+00,-9.422706812620162964e-02,-4.598181843757629395e-01,2.376661300659179688e+00,-2.787915170192718506e-01,-4.479030147194862366e-02,-1.481217861175537109e+00,7.438886761665344238e-01,-2.605562806129455566e-01,1.567537307739257812e+00,-5.917167067527770996e-01,-4.121217429637908936e-01
1.233135223388671875e+00,-1.733175635337829590e+00,4.275953173637390137e-01,-6.248272061347961426e-01,-3.119795024394989014e-01,6.583420038223266602e-01,-2.807944118976593018e-01,-1.125236153602600098e+00,-1.502974182367324829e-01,-4.554807543754577637e-01,8.052948117256164551e-01,2.164843082427978516e+00,-1.013635277748107910e+00,-1.900730848312377930e+00,-5.062440410256385803e-02,-4.330038726329803467e-01,2.356642961502075195e+00,-2.407118678092956543e-01,5.725235864520072937e-02,-1.573531031608581543e+00,7.563410997390747070e-01,-3.171786665916442871e-01,1.660091996192932129e+00,-5.466752052307128906e-01,-3.580847084522247314e-01
1.222265720367431641e+00,-1.728740215301513672e+00,4.296439886093139648e-01,-6.054780483245849609e-01,-2.926536500453948975e-01,6.752886772155761719e-01,-3.028784692287445068e-01,-1.062439918518066406e+00,-2.077323496341705322e-01,-3.856023848056793213e-01,5.613328814506530762e-01,1.799034714698791504e+00,-1.245916843414306641e+00,-1.841431498527526855e+00,-1.458978466689586639e-02,-3.945328295230865479e-01,2.335670232772827148e+00,-2.259290963411331177e-01,1.140051931142807007e-01,-1.644865870475769043e+00,7.622877955436706543e-01,-3.268844187259674072e-01,1.783096790313720703e+00,-5.439295172691345215e-01,-3.388838768005371094e-01
1.211554288864135742e+00,-1.725289702415466309e+00,4.299085736274719238e-01,-5.977477431297302246e-01,-2.393754124641418457e-01,6.868546009063720703e-01,-3.370873034000396729e-01,-9.470730423927307129e-01,-3.390476405620574951e-01,-3.522622287273406982e-01,3.252142965793609619e-01,1.440496325492858887e+00,-1.443357110023498535e+00,-1.772223472595214844e+00,-3.994239866733551025e-02,-3.209635019302368164e-01,2.338822841644287109e+00,-2.349348366260528564e-01,1.524610817432403564e-01,-1.696854710578918457e+00,6.997374296188354492e-01,-2.778571546077728271e-01,1.928137063980102539e+00,-5.325085520744323730e-01,-2.999749481678009033e-01
1.200083017349243164e+00,-1.722196459770202637e+00,4.313929080963134766e-01,-5.949984192848205566e-01,-1.619870066642761230e-01,6.818302273750305176e-01,-3.935030102729797363e-01,-7.493670582771301270e-01,-5.789983272552490234e-01,-3.414668440818786621e-01,1.912830770015716553e-01,1.169426560401916504e+00,-1.607037544250488281e+00,-1.683616042137145996e+00,-1.428169608116149902e-01,-2.341886013746261597e-01,2.351517677307128906e+00,-2.793859243392944336e-01,1.990471035242080688e-01,-1.761808276176452637e+00,5.519627332687377930e-01,-1.845800429582595825e-01,2.079145908355712891e+00,-5.172068476676940918e-01,-2.315182983875274658e-01
1.188923835754394531e+00,-1.719358086585998535e+00,4.350621402263641357e-01,-5.860953927040100098e-01,-8.149474114179611206e-02,6.671822071075439453e-01,-4.524585604667663574e-01,-4.974960684776306152e-01,-8.430643081665039062e-01,-3.157540857791900635e-01,1.467208266258239746e-01,9.900867342948913574e-01,-1.682567477226257324e+00,-1.585942149162292480e+00,-2.762021124362945557e-01,-1.636730879545211792e-01,2.356962442398071289e+00,-3.281266987323760986e-01,2.375685721635818481e-01,-1.836251378059387207e+00,3.833512067794799805e-01,-4.555530101060867310e-02,2.200845479965209961e+00,-5.024912357330322266e-01,-1.577516943216323853e-01
1.179236173629760742e+00,-1.718617796897888184e+00,4.406694173812866211e-01,-5.707516074180603027e-01,-8.083513937890529633e-03,6.540490388870239258e-01,-4.963840544223785400e-01,-2.377493083477020264e-01,-1.061514139175415039e+00,-2.239922583103179932e-01,1.270164102315902710e-01,8.425551056861877441e-01,-1.665345788002014160e+00,-1.485948681831359863e+00,-3.873620927333831787e-01,-1.038988754153251648e-01,2.348549842834472656e+00,-3.703536689281463623e-01,2.841562926769256592e-01,-1.907121062278747559e+00,2.405013740062713623e-01,1.444065868854522705e-01,2.271773338317871094e+00,-4.821845293045043945e-01,-1.103508472442626953e-01
1.171344280242919922e+00,-1.721251606941223145e+00,4.470864534378051758e-01,-5.380117893218994141e-01,5.913972109556198120e-02,6.520015001296997070e-01,-5.309801101684570312e-01,2.613354474306106567e-02,-1.206221103668212891e+00,-1.100521236658096313e-01,1.655117571353912354e-01,7.528768181800842285e-01,-1.561812877655029297e+00,-1.349135398864746094e+00,-4.702669084072113037e-01,-6.941169500350952148e-02,2.324423551559448242e+00,-3.958858251571655273e-01,3.373042047023773193e-01,-1.919899940490722656e+00,1.214720830321311951e-01,3.697997033596038818e-01,2.262221813201904297e+00,-4.864366948604583740e-01,-9.411622583866119385e-02
1.164319038391113281e+00,-1.727265954017639160e+00,4.531556367874145508e-01,-4.835657775402069092e-01,1.035943925380706787e-01,6.601133942604064941e-01,-5.654048323631286621e-01,1.741116344928741455e-01,-1.217163443565368652e+00,-1.000004772322427016e-07,2.616077661514282227e-01,7.488099932670593262e-01,-1.384352087974548340e+00,-1.161961197853088379e+00,-5.149425864219665527e-01,-1.086471006274223328e-01,2.279387950897216797e+00,-4.025890231132507324e-01,3.807189464569091797e-01,-1.919899940490722656e+00,-5.310945678502321243e-03,5.524833202362060547e-01,2.182165861129760742e+00,-4.669840037822723389e-01,-1.416611969470977783e-01
1.155805110931396484e+00,-1.736279129981994629e+00,4.544549286365509033e-01,-4.277212023735046387e-01,1.191818416118621826e-01,6.689974665641784668e-01,-5.960643291473388672e-01,1.860911995172500610e-01,-1.157648324966430664e+00,-8.555249819461167339e-17,3.777958452701568604e-01,8.076314330101013184e-01,-1.163198590278625488e+00,-9.761741161346435547e-01,-5.069903135299682617e-01,-2.040025144815444946e-01,2.224333763122558594e+00,-4.061830341815948486e-01,3.945519924163818359e-01,-1.919899940490722656e+00,-9.008970111608505249e-02,6.955311894416809082e-01,2.070853948593139648e+00,-4.283891916275024414e-01,-1.543593406677246094e-01
1.146178960800170898e+00,-1.747366189956665039e+00,4.521710276603698730e-01,-3.883363604545593262e-01,1.270674914121627808e-01,6.689438819885253906e-01,-6.209370493888854980e-01,2.599387466907501221e-01,-1.179828286170959473e+00,7.722472172011360858e-18,5.146378874778747559e-01,8.682468533515930176e-01,-9.403346180915832520e-01,-8.318724036216735840e-01,-4.976909458637237549e-01,-3.007052540779113770e-01,2.178488969802856445e+00,-4.048471450805664062e-01,3.800281584262847900e-01,-1.919899940490722656e+00,-1.745299994945526123e-01,8.055620193481445312e-01,1.947212219238281250e+00,-3.921324312686920166e-01,-1.293083727359771729e-01
1.136764287948608398e+00,-1.760498285293579102e+00,4.474235177040100098e-01,-3.784278929233551025e-01,1.364764720201492310e-01,6.763619780540466309e-01,-6.170096993446350098e-01,4.516167640686035156e-01,-1.351017236709594727e+00,-1.473244405159404580e-17,6.687970161437988281e-01,8.086958527565002441e-01,-7.454269528388977051e-01,-7.612433433532714844e-01,-5.050778388977050781e-01,-3.379833698272705078e-01,2.158740282058715820e+00,-3.987514078617095947e-01,3.419899046421051025e-01,-1.919899940490722656e+00,-1.745299994945526123e-01,8.951101899147033691e-01,1.867543220520019531e+00,-3.501967787742614746e-01,-1.101299002766609192e-01
1.126502513885498047e+00,-1.772740364074707031e+00,4.493861496448516846e-01,-3.821927309036254883e-01,1.222724989056587219e-01,6.810443997383117676e-01,-6.125003695487976074e-01,4.968891143798828125e-01,-1.476111173629760742e+00,-1.865169666935215242e-13,7.912892103195190430e-01,6.806808114051818848e-01,-6.540533900260925293e-01,-7.432117462158203125e-01,-4.938260316848754883e-01,-3.735466003417968750e-01,2.122877359390258789e+00,-3.748564720153808594e-01,3.058401048183441162e-01,-1.919899940490722656e+00,-1.745299994945526123e-01,9.421563744544982910e-01,1.849788427352905273e+00,-3.573769927024841309e-01,2.881417274475097656e-01
1.115412950515747070e+00,-1.786849975585937500e+00,4.532995820045471191e-01,-3.649277687072753906e-01,8.789706975221633911e-02,6.908514499664306641e-01,-6.179208159446716309e-01,3.467344939708709717e-01,-1.422218203544616699e+00,-9.263411909341812134e-02,8.901518583297729492e-01,5.759082436561584473e-01,-5.984544754028320312e-01,-6.849435567855834961e-01,-4.309797883033752441e-01,-4.546663165092468262e-01,2.053076267242431641e+00,-3.596191406250000000e-01,2.771430611610412598e-01,-1.919899940490722656e+00,-1.745299994945526123e-01,8.777351379394531250e-01,1.879958510398864746e+00,-4.016743004322052002e-01,3.158265054225921631e-01
1.102907657623291016e+00,-1.799293160438537598e+00,4.600672423839569092e-01,-3.338880538940429688e-01,4.024823382496833801e-02,7.029031515121459961e-01,-6.267582774162292480e-01,1.674202531576156616e-01,-1.288997411727905273e+00,-2.284959256649017334e-01,9.505463838577270508e-01,5.144886374473571777e-01,-5.426357984542846680e-01,-6.168047785758972168e-01,-3.211382329463958740e-01,-5.475305914878845215e-01,1.956198692321777344e+00,-3.476059734821319580e-01,2.457003593444824219e-01,-1.911764979362487793e+00,-1.745299994945526123e-01,7.799930572509765625e-01,1.906417608261108398e+00,-3.968733549118041992e-01,3.367936909198760986e-01
1.090503811836242676e+00,-1.809558749198913574e+00,4.714698493480682373e-01,-2.910279035568237305e-01,-1.657020114362239838e-02,7.120196819305419922e-01,-6.387927532196044922e-01,3.253891691565513611e-02,-1.151655554771423340e+00,-3.760286569595336914e-01,9.630298018455505371e-01,5.095186829566955566e-01,-4.684492349624633789e-01,-5.533357262611389160e-01,-1.746101975440979004e-01,-6.333010792732238770e-01,1.837359070777893066e+00,-3.339459598064422607e-01,2.230217456817626953e-01,-1.861543893814086914e+00,-1.745299994945526123e-01,6.667141318321228027e-01,1.910227537155151367e+00,-4.089450240135192871e-01,3.696962296962738037e-01
1.079836845397949219e+00,-1.816595077514648438e+00,4.870863854885101318e-01,-2.536789774894714355e-01,-6.793262064456939697e-02,7.164645195007324219e-01,-6.463054418563842773e-01,-7.788839936256408691e-02,-1.055809617042541504e+00,-4.998528957366943359e-01,9.461476206779479980e-01,5.371578931808471680e-01,-4.048729240894317627e-01,-5.166282653808593750e-01,-4.744936153292655945e-02,-6.920876502990722656e-01,1.729481220245361328e+00,-3.197690248489379883e-01,2.092359513044357300e-01,-1.819795966148376465e+00,-1.745299994945526123e-01,5.560004115104675293e-01,1.902045369148254395e+00,-4.190153181552886963e-01,3.903287649154663086e-01
1.069823265075683594e+00,-1.819718480110168457e+00,5.062934160232543945e-01,-2.452225983142852783e-01,-1.042334362864494324e-01,7.089534401893615723e-01,-6.529825925827026367e-01,-1.336970627307891846e-01,-1.107198834419250488e+00,-6.969187855720520020e-01,9.839450716972351074e-01,6.455805301666259766e-01,-4.531951248645782471e-01,-5.280283093452453613e-01,3.033500723540782928e-02,-7.174221277236938477e-01,1.636248230934143066e+00,-3.123357594013214111e-01,2.126378566026687622e-01,-1.813936948776245117e+00,-1.745299994945526123e-01,4.874372184276580811e-01,1.882966399192810059e+00,-4.402877986431121826e-01,3.742049336433410645e-01
1.057704925537109375e+00,-1.822639703750610352e+00,5.284835696220397949e-01,-2.244662493467330933e-01,-1.236092224717140198e-01,7.055612206459045410e-01,-6.606959104537963867e-01,-1.599985957145690918e-01,-1.111436843872070312e+00,-8.217635750770568848e-01,9.713189005851745605e-01,6.451969146728515625e-01,-4.823558926582336426e-01,-5.027627348899841309e-01,1.115593090653419495e-01,-7.239499688148498535e-01,1.532059431076049805e+00,-3.061897158622741699e-01,2.207382172346115112e-01,-1.760122537612915039e+00,-1.745299994945526123e-01,4.207693040370941162e-01,1.847946047782897949e+00,-4.422080814838409424e-01,3.649275898933410645e-01
1.043576478958129883e+00,-1.822922945022583008e+00,5.529346466064453125e-01,-2.040846496820449829e-01,-1.385931968688964844e-01,6.994616389274597168e-01,-6.707419753074645996e-01,-1.998607367277145386e-01,-1.066990613937377930e+00,-8.782829046249389648e-01,9.142973423004150391e-01,6.133189201354980469e-01,-4.725551009178161621e-01,-4.844204187393188477e-01,1.731117367744445801e-01,-7.237091064453125000e-01,1.441002011299133301e+00,-3.000379502773284912e-01,2.287118434906005859e-01,-1.710290193557739258e+00,-1.745299994945526123e-01,3.587301671504974365e-01,1.813725948333740234e+00,-4.328829348087310791e-01,3.671883940696716309e-01
1.026563644409179688e+00,-1.823695421218872070e+00,5.849301815032958984e-01,-2.146415412425994873e-01,-1.381485611200332642e-01,6.963944435119628906e-01,-6.707300543785095215e-01,-1.944200992584228516e-01,-1.166642904281616211e+00,-1.081933379173278809e+00,9.205800294876098633e-01,6.726760268211364746e-01,-5.409538745880126953e-01,-4.712170660495758057e-01,1.745299994945526123e-01,-6.799855232238769531e-01,1.321645021438598633e+00,-2.732528746128082275e-01,2.302074730396270752e-01,-1.656739830970764160e+00,-1.745299994945526123e-01,3.102419078350067139e-01,1.732050180435180664e+00,-4.360788464546203613e-01,3.240216374397277832e-01
1.006282091140747070e+00,-1.822944521903991699e+00,6.170619726181030273e-01,-2.037553638219833374e-01,-1.429466307163238525e-01,6.867661476135253906e-01,-6.829364895820617676e-01,-1.967312246561050415e-01,-1.156006336212158203e+00,-1.217814564704895020e+00,8.797543644905090332e-01,6.918208003044128418e-01,-5.823320746421813965e-01,-4.663980603218078613e-01,1.745299994945526123e-01,-6.999673843383789062e-01,1.263295650482177734e+00,-2.152135819196701050e-01,2.340267151594161987e-01,-1.589210391044616699e+00,-1.745299994945526123e-01,2.487436980009078979e-01,1.659253358840942383e+00,-4.260119795799255371e-01,2.937175333499908447e-01
9.831091165542602539e-01,-1.822679996490478516e+00,6.489638686180114746e-01,-1.864330172538757324e-01,-1.438929438591003418e-01,6.746862530708312988e-01,-6.995255351066589355e-01,-2.166945338249206543e-01,-1.064015746116638184e+00,-1.272575020790100098e+00,7.817722558975219727e-01,6.363565921783447266e-01,-5.762426853179931641e-01,-4.691440761089324951e-01,1.745299994945526123e-01,-7.385075688362121582e-01,1.238736748695373535e+00,-1.481507867574691772e-01,2.625398039817810059e-01,-1.521493792533874512e+00,-1.745299994945526123e-01,1.983679682016372681e-01,1.598686575889587402e+00,-4.073509275913238525e-01,2.779832482337951660e-01
9.592702388763427734e-01,-1.823284745216369629e+00,6.882226467132568359e-01,-1.734066903591156006e-01,-1.558021008968353271e-01,6.737837791442871094e-01,-7.011927366256713867e-01,-2.111547738313674927e-01,-1.024714708328247070e+00,-1.446572065353393555e+00,7.225239276885986328e-01,6.532523036003112793e-01,-5.456390380859375000e-01,-4.736537337303161621e-01,1.745299994945526123e-01,-7.653406262397766113e-01,1.194171786308288574e+00,-9.467471390962600708e-02,3.188920319080352783e-01,-1.427871227264404297e+00,-1.745299994945526123e-01,8.756001293659210205e-02,1.467280387878417969e+00,-3.854480385780334473e-01,2.179349064826965332e-01
9.334144592285156250e-01,-1.826527237892150879e+00,7.273831963539123535e-01,-1.564228832721710205e-01,-1.651642918586730957e-01,6.738432049751281738e-01,-7.029850482940673828e-01,-1.762263774871826172e-01,-9.639597535133361816e-01,-1.559622287750244141e+00,6.350730657577514648e-01,6.218875646591186523e-01,-5.132490992546081543e-01,-4.558815658092498779e-01,1.745299994945526123e-01,-8.144280314445495605e-01,1.159564614295959473e+00,-1.030487865209579468e-01,3.306532502174377441e-01,-1.332715511322021484e+00,-1.745299994945526123e-01,-2.147351577877998352e-02,1.346663594245910645e+00,-3.643703460693359375e-01,1.599259823560714722e-01
9.094164967536926270e-01,-1.827205061912536621e+00,7.661884427070617676e-01,-1.447223573923110962e-01,-1.731708645820617676e-01,6.754733920097351074e-01,-7.019992470741271973e-01,-1.226807832717895508e-01,-9.233691692352294922e-01,-1.651949048042297363e+00,5.514246821403503418e-01,6.032211184501647949e-01,-4.923532903194427490e-01,-4.754695296287536621e-01,1.733080297708511353e-01,-8.169524073600769043e-01,1.148348450660705566e+00,-1.301128268241882324e-01,3.008337914943695068e-01,-1.240157961845397949e+00,-1.745299994945526123e-01,-1.300737857818603516e-01,1.214415788650512695e+00,-3.376650810241699219e-01,1.053597927093505859e-01
8.888031244277954102e-01,-1.824877977371215820e+00,8.057264685630798340e-01,-1.485858410596847534e-01,-1.698156893253326416e-01,6.796242594718933105e-01,-6.979941129684448242e-01,-3.343154117465019226e-02,-9.225828647613525391e-01,-1.726340651512145996e+00,4.840046465396881104e-01,5.940037369728088379e-01,-4.945628046989440918e-01,-5.146800875663757324e-01,6.693837791681289673e-02,-8.218394517898559570e-01,1.198950409889221191e+00,-1.606679707765579224e-01,2.589996457099914551e-01,-1.139217972755432129e+00,-1.745299994945526123e-01,-2.141254991292953491e-01,1.047861814498901367e+00,-2.934536039829254150e-01,5.429838225245475769e-02
8.687475919723510742e-01,-1.820753455162048340e+00,8.426948785781860352e-01,-1.576225608587265015e-01,-1.623357981443405151e-01,6.851131319999694824e-01,-6.924032568931579590e-01,6.662330031394958496e-02,-9.391286969184875488e-01,-1.763339281082153320e+00,4.449835121631622314e-01,5.993545651435852051e-01,-5.203282833099365234e-01,-5.546442270278930664e-01,-5.603673309087753296e-02,-8.047314286231994629e-01,1.223209261894226074e+00,-1.893429309129714966e-01,2.166749686002731323e-01,-1.045534133911132812e+00,-1.745299994945526123e-01,-2.860541939735412598e-01,8.844215273857116699e-01,-2.407051324844360352e-01,1.548790279775857925e-02
8.487203121185302734e-01,-1.816667556762695312e+00,8.717200756072998047e-01,-1.673690527677536011e-01,-1.495382636785507202e-01,6.922662258148193359e-01,-6.858523488044738770e-01,1.746885180473327637e-01,-9.601086974143981934e-01,-1.761523008346557617e+00,4.323167502880096436e-01,6.155629754066467285e-01,-5.648218393325805664e-01,-5.827233791351318359e-01,-1.714513897895812988e-01,-7.704328298568725586e-01,1.202100634574890137e+00,-2.269297838211059570e-01,1.725304871797561646e-01,-9.601741433143615723e-01,-1.745299994945526123e-01,-3.410916328430175781e-01,7.455422282218933105e-01,-1.969340443611145020e-01,-8.482949808239936829e-03
8.285474777221679688e-01,-1.811771392822265625e+00,8.919811248779296875e-01,-1.764517128467559814e-01,-1.288741827011108398e-01,7.031621932983398438e-01,-6.766233444213867188e-01,2.854904830455780029e-01,-9.901708364486694336e-01,-1.725350618362426758e+00,4.475587904453277588e-01,6.415534615516662598e-01,-6.253793835639953613e-01,-6.034567356109619141e-01,-2.750648260116577148e-01,-7.107770442962646484e-01,1.139284968376159668e+00,-2.715113461017608643e-01,1.168180853128433228e-01,-8.817260265350341797e-01,-1.548454314470291138e-01,-3.119128048419952393e-01,6.355134248733520508e-01,-1.904358714818954468e-01,1.321663707494735718e-02
8.079930543899536133e-01,-1.807787299156188965e+00,9.033418893814086914e-01,-1.761118024587631226e-01,-1.111032962799072266e-01,7.117457985877990723e-01,-6.708640456199645996e-01,3.422032892704010010e-01,-9.351063370704650879e-01,-1.653194427490234375e+00,4.542182683944702148e-01,6.391248703002929688e-01,-7.091553211212158203e-01,-6.027570962905883789e-01,-3.508612513542175293e-01,-6.578738093376159668e-01,1.034540891647338867e+00,-3.098658025264739990e-01,6.103134155273437500e-02,-8.060040473937988281e-01,-8.661582320928573608e-02,-1.823557913303375244e-01,5.696975588798522949e-01,-1.907769292593002319e-01,2.796262502670288086e-02
7.883473038673400879e-01,-1.804474830627441406e+00,9.020859599113464355e-01,-1.725008934736251831e-01,-1.006800606846809387e-01,7.242041826248168945e-01,-6.600267291069030762e-01,3.865966200828552246e-01,-9.013864398002624512e-01,-1.555413365364074707e+00,4.772122502326965332e-01,6.942604780197143555e-01,-8.069007992744445801e-01,-6.197091341018676758e-01,-3.784789443016052246e-01,-5.511496663093566895e-01,9.040468931198120117e-01,-3.341614007949829102e-01,2.610737271606922150e-02,-7.601674199104309082e-01,-1.828991807997226715e-02,-6.043025106191635132e-02,6.157429218292236328e-01,-1.757838279008865356e-01,2.221334539353847504e-02
7.672852873802185059e-01,-1.801029801368713379e+00,8.888923525810241699e-01,-1.662218272686004639e-01,-9.353260695934295654e-02,7.313307523727416992e-01,-6.548108458518981934e-01,4.010583758354187012e-01,-8.346965312957763672e-01,-1.425893545150756836e+00,4.713812470436096191e-01,7.498751878738403320e-01,-9.093781709671020508e-01,-6.345931887626647949e-01,-3.701885342597961426e-01,-3.868198990821838379e-01,7.677159905433654785e-01,-2.927475571632385254e-01,3.329334408044815063e-02,-7.408918142318725586e-01,2.527031116187572479e-02,-3.945143893361091614e-03,7.341171503067016602e-01,-1.686993539333343506e-01,1.384145207703113556e-02
7.488585710525512695e-01,-1.798454046249389648e+00,8.710277676582336426e-01,-1.555745750665664673e-01,-9.061341732740402222e-02,7.338306307792663574e-01,-6.550407409667968750e-01,3.899735510349273682e-01,-7.393099069595336914e-01,-1.270616531372070312e+00,4.153327047824859619e-01,7.698767781257629395e-01,-9.944669008255004883e-01,-6.260576844215393066e-01,-3.137325644493103027e-01,-1.382997483015060425e-01,7.110586762428283691e-01,-2.928808331489562988e-01,1.861065477132797241e-01,-7.299106717109680176e-01,4.685712978243827820e-02,-5.188421346247196198e-03,8.663376569747924805e-01,-1.727063804864883423e-01,1.049096509814262390e-02
7.356491684913635254e-01,-1.795040845870971680e+00,8.466047048568725586e-01,-1.474435329437255859e-01,-8.964066207408905029e-02,7.344884276390075684e-01,-6.563167572021484375e-01,3.643487691879272461e-01,-6.471027731895446777e-01,-1.089312076568603516e+00,3.272168636322021484e-01,7.350981831550598145e-01,-1.047024130821228027e+00,-6.359328031539916992e-01,-2.946182787418365479e-01,-9.811257570981979370e-02,7.738457322120666504e-01,-3.837394714355468750e-01,2.155963033437728882e-01,-7.292888164520263672e-01,6.385189294815063477e-02,6.652070209383964539e-03,9.945205450057983398e-01,-1.882335394620895386e-01,-3.344367444515228271e-02
7.234607934951782227e-01,-1.790578722953796387e+00,8.274233937263488770e-01,-1.483385711908340454e-01,-8.592826873064041138e-02,7.339044213294982910e-01,-6.572642326354980469e-01,3.386212587356567383e-01,-6.037067174911499023e-01,-8.781030774116516113e-01,2.097662538290023804e-01,6.037586331367492676e-01,-1.043045997619628906e+00,-7.004550099372863770e-01,-3.098515570163726807e-01,-1.054928153753280640e-01,9.022555947303771973e-01,-4.402760565280914307e-01,2.105569392442703247e-01,-7.301630973815917969e-01,7.763481885194778442e-02,4.687626287341117859e-02,1.071465611457824707e+00,-2.151120007038116455e-01,-7.482533901929855347e-02
7.171448469161987305e-01,-1.788767576217651367e+00,8.180179595947265625e-01,-1.516394615173339844e-01,-8.054813742637634277e-02,7.310582995414733887e-01,-6.603568792343139648e-01,3.148610889911651611e-01,-6.000030040740966797e-01,-6.240722537040710449e-01,1.160280108451843262e-01,4.152859449386596680e-01,-9.546088576316833496e-01,-7.360519170761108398e-01,-3.224152326583862305e-01,-9.497603774070739746e-02,9.764581322669982910e-01,-4.835373461246490479e-01,2.058328986167907715e-01,-7.263756990432739258e-01,9.517638385295867920e-02,1.113069057464599609e-01,1.087277293205261230e+00,-2.415014952421188354e-01,-8.839166164398193359e-02
7.171963453292846680e-01,-1.790569305419921875e+00,8.195458054542541504e-01,-1.466589123010635376e-01,-7.747778296470642090e-02,7.291702032089233398e-01,-6.639270782470703125e-01,2.989326417446136475e-01,-5.810669660568237305e-01,-3.601427674293518066e-01,1.017952263355255127e-01,2.747201025485992432e-01,-8.780157566070556641e-01,-7.196511030197143555e-01,-3.212681710720062256e-01,-9.696111828088760376e-02,9.756063222885131836e-01,-4.934240579605102539e-01,2.059908658266067505e-01,-7.234777212142944336e-01,1.040641441941261292e-01,1.331958174705505371e-01,1.100156307220458984e+00,-2.271188497543334961e-01,-7.966811954975128174e-02
7.236074209213256836e-01,-1.795186519622802734e+00,8.327009081840515137e-01,-1.366239339113235474e-01,-7.750393450260162354e-02,7.334362268447875977e-01,-6.613609790802001953e-01,2.617601752281188965e-01,-5.174432992935180664e-01,-7.474860548973083496e-02,1.499833166599273682e-01,2.422156929969787598e-01,-8.611196875572204590e-01,-6.704428195953369141e-01,-3.081684708595275879e-01,-1.079019680619239807e-01,9.114831686019897461e-01,-4.651125967502593994e-01,2.093943208456039429e-01,-7.104908227920532227e-01,1.086602956056594849e-01,1.276420950889587402e-01,1.095097303390502930e+00,-1.843156069517135620e-01,-7.198056578636169434e-02
7.350183129310607910e-01,-1.800704360008239746e+00,8.529692888259887695e-01,-1.220826134085655212e-01,-8.133765310049057007e-02,7.439398169517517090e-01,-6.519459486007690430e-01,2.663538753986358643e-01,-4.531540274620056152e-01,-9.784898585829537865e-11,2.395897209644317627e-01,2.975606322288513184e-01,-9.245438575744628906e-01,-6.028894186019897461e-01,-2.785591483116149902e-01,-1.173107996582984924e-01,8.002325892448425293e-01,-3.974529802799224854e-01,2.145466208457946777e-01,-6.875095963478088379e-01,1.065209358930587769e-01,8.900106698274612427e-02,1.067196249961853027e+00,-1.531177312135696411e-01,-7.867307215929031372e-02
7.506018280982971191e-01,-1.806634902954101562e+00,8.721570968627929688e-01,-1.172517165541648865e-01,-7.992355525493621826e-02,7.585659027099609375e-01,-6.359575390815734863e-01,2.931887507438659668e-01,-4.197271168231964111e-01,-1.224007332122079017e-14,2.850765585899353027e-01,3.093379735946655273e-01,-9.413127303123474121e-01,-5.804645419120788574e-01,-2.642244100570678711e-01,-8.469302952289581299e-02,7.367092967033386230e-01,-3.214198350906372070e-01,2.116782367229461670e-01,-6.547970771789550781e-01,1.048693060874938965e-01,8.941900730133056641e-02,1.010395526885986328e+00,-1.717321127653121948e-01,-1.048362180590629578e-01
7.663812637329101562e-01,-1.813948869705200195e+00,8.920333385467529297e-01,-9.931138902902603149e-02,-6.259451806545257568e-02,7.749048471450805664e-01,-6.210810542106628418e-01,3.821942806243896484e-01,-4.294733405113220215e-01,-1.023164184212971501e-17,3.703365325927734375e-01,2.946087718009948730e-01,-9.690573811531066895e-01,-4.900360703468322754e-01,-2.497365921735763550e-01,-3.961217403411865234e-02,6.065524816513061523e-01,-1.404714435338973999e-01,1.940560638904571533e-01,-5.392591953277587891e-01,1.465784311294555664e-01,1.867000311613082886e-01,8.793373107910156250e-01,-1.992834657430648804e-01,-1.180216073989868164e-01
7.823060154914855957e-01,-1.818815827369689941e+00,9.038938283920288086e-01,-9.958519786596298218e-02,-5.950836837291717529e-02,7.697097659111022949e-01,-6.277645826339721680e-01,4.432068765163421631e-01,-4.594575166702270508e-01,-7.168876583976571768e-18,4.139606356620788574e-01,3.173493146896362305e-01,-1.022666335105895996e+00,-4.565942287445068359e-01,-2.769168019294738770e-01,-7.786147296428680420e-02,5.518876910209655762e-01,-6.183741241693496704e-02,1.812403947114944458e-01,-4.931831657886505127e-01,1.691340953111648560e-01,2.687958180904388428e-01,7.601348161697387695e-01,-2.202396541833877563e-01,-7.379125803709030151e-02
7.980996370315551758e-01,-1.822948575019836426e+00,9.066247344017028809e-01,-1.056633666157722473e-01,-6.253957003355026245e-02,7.579255104064941406e-01,-6.406816840171813965e-01,4.912162423133850098e-01,-4.987183809280395508e-01,-6.396303126741844768e-18,4.345450699329376221e-01,3.702112138271331787e-01,-1.074478626251220703e+00,-4.524249136447906494e-01,-3.122625946998596191e-01,-1.455872207880020142e-01,5.451381206512451172e-01,-2.950586378574371338e-02,1.676483750343322754e-01,-4.824832677841186523e-01,1.717786341905593872e-01,3.134521543979644775e-01,6.577147245407104492e-01,-2.329149544239044189e-01,-5.338668823242187500e-02
8.130202293395996094e-01,-1.825640678405761719e+00,9.012134075164794922e-01,-1.028976738452911377e-01,-6.402751058340072632e-02,7.413288950920104980e-01,-6.601091027259826660e-01,5.663207769393920898e-01,-5.630533695220947266e-01,-2.986338734626770020e-02,5.428181886672973633e-01,5.441718101501464844e-01,-1.268480896949768066e+00,-4.272077083587646484e-01,-3.502617776393890381e-01,-2.430425882339477539e-01,5.508390665054321289e-01,-2.870548516511917114e-02,1.699160933494567871e-01,-4.573163390159606934e-01,1.523430049419403076e-01,3.080045282840728760e-01,5.276517271995544434e-01,-1.969518214464187622e-01,-7.014209777116775513e-02
