-3.291951179504394531e+00,-3.395588874816894531e+00,9.483916759490966797e-01,-1.904146373271942139e-02,1.661096513271331787e-01,3.764822185039520264e-01,9.112113714218139648e-01,-1.212175339460372925e-01,-9.646329283714294434e-02,-4.841981530189514160e-01,-9.959291666746139526e-03,2.310805954039096832e-02,-3.547059595584869385e-01,-3.915238678455352783e-01,-3.756880760192871094e-02,2.690364606678485870e-02,4.011739194393157959e-01,-2.441392093896865845e-01,3.154521062970161438e-02,-1.554761976003646851e-01,-1.111314296722412109e-01,2.697540223598480225e-01,3.643506467342376709e-01,-4.859237372875213623e-01,1.697039604187011719e-01
-3.252548694610595703e+00,-3.348530054092407227e+00,8.857643008232116699e-01,-7.671705633401870728e-02,2.222024202346801758e-01,4.160183966159820557e-01,8.784470558166503906e-01,8.034335076808929443e-02,-1.429654937237501144e-02,-1.278755187988281250e+00,3.263016045093536377e-01,1.466316878795623779e-01,-9.354833364486694336e-01,-6.987102627754211426e-01,-1.820004358887672424e-02,-7.800020277500152588e-02,9.355282187461853027e-01,-6.465651392936706543e-01,-1.676032319664955139e-02,-9.971474409103393555e-01,4.845009744167327881e-02,1.612247377634048462e-01,1.641150832176208496e+00,-8.717238903045654297e-01,2.607964873313903809e-01
-3.199126243591308594e+00,-3.287688970565795898e+00,8.982000946998596191e-01,-7.227666676044464111e-02,2.335054278373718262e-01,4.320804774761199951e-01,8.680770397186279297e-01,2.778750471770763397e-02,-1.313897874206304550e-02,-1.453459143638610840e+00,4.312253892421722412e-01,1.492175161838531494e-01,-1.030476570129394531e+00,-5.553712248802185059e-01,-4.333980754017829895e-02,-1.023716852068901062e-01,7.988077402114868164e-01,-6.312230229377746582e-01,4.928194452077150345e-03,-1.203711748123168945e+00,2.359312213957309723e-02,1.711035370826721191e-01,1.633238911628723145e+00,-7.990331649780273438e-01,2.698682546615600586e-01
-3.143718481063842773e+00,-3.221432685852050781e+00,9.144548177719116211e-01,-8.321902900934219360e-02,2.355014085769653320e-01,4.567586481571197510e-01,8.538063168525695801e-01,-9.655397385358810425e-03,-3.870932757854461670e-02,-1.611657023429870605e+00,5.506433844566345215e-01,2.208893597126007080e-01,-1.165137410163879395e+00,-4.117340445518493652e-01,-1.525179250165820122e-03,-1.022651046514511108e-01,6.231345534324645996e-01,-5.013524293899536133e-01,4.188626538962125778e-03,-1.201592445373535156e+00,-6.925793737173080444e-02,1.211937218904495239e-01,1.186085462570190430e+00,-6.857085227966308594e-02,1.030205562710762024e-01
-3.075569152832031250e+00,-3.143586397171020508e+00,9.341328740119934082e-01,-6.845244020223617554e-02,2.311300635337829590e-01,4.651321768760681152e-01,8.517894148826599121e-01,3.471649810671806335e-02,-3.519767522811889648e-01,-1.867429494857788086e+00,5.892935991287231445e-01,1.532069891691207886e-01,-1.204619169235229492e+00,-1.948350667953491211e-01,3.140507964417338371e-03,-3.186835721135139465e-02,3.386245667934417725e-01,-1.882413774728775024e-01,8.907201141119003296e-02,-1.230445742607116699e+00,-1.113953366875648499e-01,1.420392692089080811e-01,1.025397539138793945e+00,-1.064950749278068542e-01,5.723081156611442566e-02
-3.014026880264282227e+00,-3.068422555923461914e+00,9.462696313858032227e-01,-4.375506937503814697e-02,2.389980852603912354e-01,4.623878002166748047e-01,8.527384996414184570e-01,3.825386986136436462e-02,-4.210871160030364990e-01,-1.867499947547912598e+00,5.659381747245788574e-01,4.841383174061775208e-02,-1.193986535072326660e+00,-5.120144784450531006e-02,-4.077325388789176941e-02,7.358697056770324707e-02,1.270053684711456299e-01,1.974463760852813721e-01,1.774717569351196289e-01,-1.250204801559448242e+00,-1.745297908782958984e-01,1.814116686582565308e-01,8.815067410469055176e-01,-1.893472075462341309e-01,3.239370509982109070e-02
-2.945124864578247070e+00,-2.987391710281372070e+00,9.530330896377563477e-01,-3.153432160615921021e-02,2.316557914018630981e-01,4.696591198444366455e-01,8.513292670249938965e-01,7.623814046382904053e-02,-4.735361635684967041e-01,-1.867499947547912598e+00,5.687703490257263184e-01,1.053991541266441345e-02,-1.208216905593872070e+00,7.062760647386312485e-03,-7.097607851028442383e-02,5.754628032445907593e-02,1.391036659479141235e-01,3.468432724475860596e-01,1.863741725683212280e-01,-1.204657435417175293e+00,-1.730720549821853638e-01,2.589513361454010010e-01,8.019626736640930176e-01,-2.187209874391555786e-01,3.723594173789024353e-02
-2.875596761703491211e+00,-2.902832984924316406e+00,9.612926244735717773e-01,-2.949848771095275879e-02,2.130754590034484863e-01,4.703154265880584717e-01,8.558808565139770508e-01,1.620585322380065918e-01,-5.059642195701599121e-01,-1.867499947547912598e+00,5.571444630622863770e-01,1.314708869904279709e-02,-1.242787003517150879e+00,4.773647710680961609e-02,-1.098503395915031433e-01,-9.592533111572265625e-02,1.982695460319519043e-01,3.996966481208801270e-01,1.257975995540618896e-01,-1.073750853538513184e+00,-1.691958755254745483e-01,2.981178164482116699e-01,7.384483814239501953e-01,-2.212180197238922119e-01,4.662391915917396545e-02
-2.803688049316406250e+00,-2.814768552780151367e+00,9.566904306411743164e-01,-3.917929902672767639e-02,1.868543475866317749e-01,4.716866016387939453e-01,8.608496785163879395e-01,2.962015867233276367e-01,-5.008101463317871094e-01,-1.867499947547912598e+00,5.261996984481811523e-01,1.545103546231985092e-02,-1.273244380950927734e+00,2.307425066828727722e-02,-1.318273246288299561e-01,-1.900038719177246094e-01,3.449554443359375000e-01,4.364278912544250488e-01,2.911831252276897430e-02,-9.371759295463562012e-01,-1.743118017911911011e-01,2.538174986839294434e-01,7.389045953750610352e-01,-2.429749667644500732e-01,7.840052247047424316e-02
-2.737741947174072266e+00,-2.727006673812866211e+00,9.482502937316894531e-01,-5.227287486195564270e-02,1.617645025253295898e-01,4.725282490253448486e-01,8.647640347480773926e-01,3.896778523921966553e-01,-4.516012370586395264e-01,-1.783560633659362793e+00,4.752948284149169922e-01,5.293181911110877991e-02,-1.315357804298400879e+00,-1.296241134405136108e-01,-1.917241960763931274e-01,-2.657461464405059814e-01,6.283944249153137207e-01,3.246757686138153076e-01,-6.302912533283233643e-02,-8.265051841735839844e-01,-1.529536992311477661e-01,2.063942849636077881e-01,8.248155117034912109e-01,-4.160158634185791016e-01,1.232467666268348694e-01
-2.678607225418090820e+00,-2.647598505020141602e+00,9.357606768608093262e-01,-6.868417561054229736e-02,1.562049090862274170e-01,4.736611843109130859e-01,8.640182614326477051e-01,3.968618214130401611e-01,-3.927454948425292969e-01,-1.595058917999267578e+00,3.811063170433044434e-01,1.065338477492332458e-01,-1.377881884574890137e+00,-4.098952114582061768e-01,-2.257114350795745850e-01,-2.380643337965011597e-01,9.252559542655944824e-01,1.711783707141876221e-01,-1.389659643173217773e-01,-7.649495601654052734e-01,-1.278118789196014404e-01,1.612852662801742554e-01,8.848515748977661133e-01,-4.823358058929443359e-01,1.202109679579734802e-01
-2.618678092956542969e+00,-2.569859504699707031e+00,9.283021092414855957e-01,-8.581240475177764893e-02,1.501474380493164062e-01,4.740816652774810791e-01,8.633298873901367188e-01,4.315545260906219482e-01,-3.225829899311065674e-01,-1.449325799942016602e+00,2.751428484916687012e-01,1.826210170984268188e-01,-1.450160503387451172e+00,-6.774367690086364746e-01,-2.170572429895401001e-01,-2.167829424142837524e-01,1.074999928474426270e+00,6.074725091457366943e-02,-1.462593823671340942e-01,-6.690145134925842285e-01,-8.233902603387832642e-02,1.270518451929092407e-01,8.903189897537231445e-01,-5.396212935447692871e-01,5.422202870249748230e-02
-2.556668043136596680e+00,-2.485600233078002930e+00,9.296698570251464844e-01,-9.701635688543319702e-02,1.421384364366531372e-01,4.665524363517761230e-01,8.675905466079711914e-01,4.854107499122619629e-01,-2.615066170692443848e-01,-1.377943634986877441e+00,2.008946985006332397e-01,2.417203933000564575e-01,-1.557077288627624512e+00,-8.888710141181945801e-01,-1.746757924556732178e-01,-2.042575776576995850e-01,1.078478097915649414e+00,-2.741480804979801178e-02,-1.047409474849700928e-01,-5.100003480911254883e-01,-4.160558432340621948e-02,1.153461411595344543e-01,8.098517656326293945e-01,-5.536753535270690918e-01,-1.511132158339023590e-02
-2.487951040267944336e+00,-2.395626544952392578e+00,9.375914931297302246e-01,-1.035779938101768494e-01,1.383393704891204834e-01,4.600372314453125000e-01,8.709188103675842285e-01,5.320900082588195801e-01,-2.344010770320892334e-01,-1.346671462059020996e+00,1.316178739070892334e-01,2.651155889034271240e-01,-1.660472750663757324e+00,-1.011789441108703613e+00,-1.235838532447814941e-01,-2.222776561975479126e-01,9.276310205459594727e-01,-4.193263128399848938e-02,-3.657287731766700745e-02,-3.322663903236389160e-01,-1.958251371979713440e-02,9.539925307035446167e-02,6.718160510063171387e-01,-4.674685895442962646e-01,-8.871705830097198486e-02
-2.414817810058593750e+00,-2.298270463943481445e+00,9.461634159088134766e-01,-1.117307171225547791e-01,1.382501423358917236e-01,4.560621082782745361e-01,8.720151782035827637e-01,5.658821463584899902e-01,-1.758771240711212158e-01,-1.330077528953552246e+00,1.082031503319740295e-01,3.071344792842864990e-01,-1.779262304306030273e+00,-1.036958932876586914e+00,-5.095394328236579895e-02,-2.360226958990097046e-01,6.223716139793395996e-01,8.221136033535003662e-02,2.603640966117382050e-02,-1.517222523689270020e-01,-1.205744780600070953e-02,3.925873711705207825e-02,4.639632105827331543e-01,-1.900597810745239258e-01,-1.412007808685302734e-01
-2.334890604019165039e+00,-2.199510812759399414e+00,9.477037787437438965e-01,-1.277070045471191406e-01,1.197193935513496399e-01,4.656827747821807861e-01,8.674662709236145020e-01,5.899459123611450195e-01,-9.385562688112258911e-02,-1.306847214698791504e+00,1.455544531345367432e-01,3.921979069709777832e-01,-1.867496490478515625e+00,-9.820393919944763184e-01,6.795077770948410034e-02,-1.666146069765090942e-01,2.989538908004760742e-01,2.392614483833312988e-01,5.598411336541175842e-02,4.766223020851612091e-03,2.240437269210815430e-02,-7.936645299196243286e-02,2.682823240756988525e-01,2.240375578403472900e-01,-1.730697154998779297e-01
-2.260177373886108398e+00,-2.097815990447998047e+00,9.588840603828430176e-01,-9.814250469207763672e-02,1.110438480973243713e-01,4.662542343139648438e-01,8.721492290496826172e-01,5.978662371635437012e-01,-9.847223013639450073e-02,-1.284065961837768555e+00,1.807808279991149902e-01,3.828589916229248047e-01,-1.867499947547912598e+00,-8.766402006149291992e-01,8.407968282699584961e-02,-1.194144338369369507e-01,1.776310205459594727e-01,3.146649301052093506e-01,4.203834757208824158e-02,4.356323182582855225e-02,-1.196927670389413834e-02,-7.782530784606933594e-02,3.080946803092956543e-01,3.295725584030151367e-01,-1.541045904159545898e-01
-2.189883470535278320e+00,-1.997207760810852051e+00,9.726559519767761230e-01,-6.291262060403823853e-02,1.034296452999114990e-01,4.538258612155914307e-01,8.828286528587341309e-01,5.800702571868896484e-01,-1.497753858566284180e-01,-1.278223752975463867e+00,2.676595747470855713e-01,3.219135105609893799e-01,-1.852948069572448730e+00,-7.664680480957031250e-01,8.577656745910644531e-02,-8.990884572267532349e-02,2.585990726947784424e-01,1.993043273687362671e-01,-3.654646500945091248e-02,-8.641459047794342041e-02,-2.195983380079269409e-02,6.236761435866355896e-02,5.734663009643554688e-01,2.146610021591186523e-01,-9.017726033926010132e-02
-2.119864940643310547e+00,-1.903243660926818848e+00,9.771577119827270508e-01,-5.314011499285697937e-02,8.645780384540557861e-02,4.585249125957489014e-01,8.828681111335754395e-01,5.418583154678344727e-01,-1.812226027250289917e-01,-1.300764203071594238e+00,3.182645142078399658e-01,3.131815195083618164e-01,-1.707699656486511230e+00,-6.843716502189636230e-01,9.305614233016967773e-02,-7.420849800109863281e-02,4.167913794517517090e-01,-5.991945043206214905e-02,-1.076089814305305481e-01,-2.956860363483428955e-01,9.745179116725921631e-02,1.963919997215270996e-01,8.438520431518554688e-01,8.478594943881034851e-03,7.073596585541963577e-03
-2.050166368484497070e+00,-1.812427282333374023e+00,9.753863215446472168e-01,-4.387804865837097168e-02,8.239714056253433228e-02,4.756436645984649658e-01,8.746705055236816406e-01,4.802229106426239014e-01,-2.211543321609497070e-01,-1.347458243370056152e+00,3.517909049987792969e-01,3.167647123336791992e-01,-1.545899152755737305e+00,-5.974999666213989258e-01,6.924678385257720947e-02,-1.180785000324249268e-01,5.115869045257568359e-01,-2.454140633344650269e-01,-1.441902369260787964e-01,-5.086182355880737305e-01,1.704841554164886475e-01,2.357038408517837524e-01,9.648669362068176270e-01,-1.607889086008071899e-01,6.584685295820236206e-02
-1.984469056129455566e+00,-1.723756909370422363e+00,9.777785539627075195e-01,-3.426151722669601440e-02,8.874372392892837524e-02,4.832915961742401123e-01,8.702757954597473145e-01,4.119555056095123291e-01,-2.839804291725158691e-01,-1.414120554924011230e+00,3.626850545406341553e-01,2.210497260093688965e-01,-1.373610496520996094e+00,-5.078822374343872070e-01,3.960356861352920532e-02,-1.234843656420707703e-01,5.517300367355346680e-01,-3.185512721538543701e-01,-8.909780532121658325e-02,-6.721966862678527832e-01,1.847795248031616211e-01,2.813109457492828369e-01,9.042176008224487305e-01,-2.865631282329559326e-01,1.009798347949981689e-01
-1.914847731590270996e+00,-1.634774565696716309e+00,9.892056584358215332e-01,-2.959329076111316681e-02,9.544821828603744507e-02,4.869909286499023438e-01,8.676714301109313965e-01,3.361702859401702881e-01,-3.171509206295013428e-01,-1.484184145927429199e+00,3.932901322841644287e-01,1.924772709608078003e-01,-1.273766994476318359e+00,-3.939641714096069336e-01,2.802244760096073151e-02,-1.138194426894187927e-01,5.116130709648132324e-01,-2.443109154701232910e-01,4.772949032485485077e-03,-7.438979744911193848e-01,1.269655376672744751e-01,2.621746063232421875e-01,6.453531384468078613e-01,-2.523383796215057373e-01,5.274393036961555481e-02
-1.845810174942016602e+00,-1.542925953865051270e+00,9.981920719146728516e-01,-2.785984426736831665e-02,1.059514284133911133e-01,4.755477905273437500e-01,8.728415966033935547e-01,3.126302659511566162e-01,-3.674025535583496094e-01,-1.593208909034729004e+00,3.937701880931854248e-01,1.948028802871704102e-01,-1.160554647445678711e+00,-3.056015372276306152e-01,1.579677127301692963e-02,-9.936930984258651733e-02,4.335036277770996094e-01,8.141259849071502686e-02,6.904435157775878906e-02,-7.211208939552307129e-01,3.301819041371345520e-02,1.094725131988525391e-01,2.632741332054138184e-01,5.030749365687370300e-03,-2.015438862144947052e-02
-1.776388049125671387e+00,-1.449459195137023926e+00,1.005368232727050781e+00,-3.129867836833000183e-02,1.043713986873626709e-01,4.526391029357910156e-01,8.850111961364746094e-01,3.426053524017333984e-01,-4.046737253665924072e-01,-1.719492554664611816e+00,4.048433601856231689e-01,2.030896842479705811e-01,-1.057007193565368652e+00,-2.761373817920684814e-01,1.611916907131671906e-02,-9.589160978794097900e-02,4.185382425785064697e-01,3.157404065132141113e-01,7.793324440717697144e-02,-6.837272644042968750e-01,2.943613007664680481e-02,3.415563702583312988e-02,1.110533699393272400e-01,1.592879593372344971e-01,-4.307476058602333069e-02
-1.705525040626525879e+00,-1.355662703514099121e+00,1.009960889816284180e+00,-5.448739230632781982e-02,7.793954014778137207e-02,4.243093430995941162e-01,9.005099534988403320e-01,3.915765285491943359e-01,-3.787718117237091064e-01,-1.750958561897277832e+00,4.609217941761016846e-01,2.757470607757568359e-01,-9.777431488037109375e-01,-3.273005485534667969e-01,4.050261154770851135e-02,-1.742924004793167114e-01,5.218922495841979980e-01,2.197287976741790771e-01,1.020232215523719788e-02,-6.002435684204101562e-01,9.446968883275985718e-02,-2.534660743549466133e-03,1.060685515403747559e-01,2.258417159318923950e-01,-5.770558118820190430e-02
-1.637678027153015137e+00,-1.263013124465942383e+00,1.015266895294189453e+00,-4.490213468670845032e-02,5.998804792761802673e-02,4.027272462844848633e-01,9.122477769851684570e-01,4.420560300350189209e-01,-3.822273612022399902e-01,-1.693296313285827637e+00,5.739849209785461426e-01,3.360390663146972656e-01,-9.912769198417663574e-01,-3.769545853137969971e-01,1.237278711050748825e-02,-2.125479280948638916e-01,5.579065680503845215e-01,7.312344014644622803e-02,2.747882157564163208e-02,-5.059407949447631836e-01,9.662372618913650513e-02,2.749365381896495819e-02,2.408714443445205688e-01,-3.604610683396458626e-03,-6.725254002958536148e-03
-1.576506733894348145e+00,-1.174969077110290527e+00,1.014758348464965820e+00,-4.536788165569305420e-02,6.220437586307525635e-02,3.780959248542785645e-01,9.225593805313110352e-01,4.479201138019561768e-01,-3.968823552131652832e-01,-1.641998291015625000e+00,6.184617280960083008e-01,3.553476333618164062e-01,-9.956938028335571289e-01,-4.573466479778289795e-01,1.790930330753326416e-02,-2.106419205665588379e-01,4.952261447906494141e-01,-6.655470351688563824e-04,5.710603296756744385e-02,-4.771578013896942139e-01,1.192781478166580200e-01,1.078852042555809021e-01,3.932975530624389648e-01,-1.370452791452407837e-01,6.481804884970188141e-04
-1.515948653221130371e+00,-1.093866586685180664e+00,1.021073818206787109e+00,-4.355737194418907166e-02,7.855224609375000000e-02,3.650546073913574219e-01,9.266430735588073730e-01,4.272384941577911377e-01,-4.170762896537780762e-01,-1.624795913696289062e+00,6.031841039657592773e-01,3.539368510246276855e-01,-9.928042292594909668e-01,-5.213208794593811035e-01,3.837532550096511841e-02,-2.025568932294845581e-01,3.163299858570098877e-01,3.897002711892127991e-02,5.874572694301605225e-02,-4.567296802997589111e-01,1.182600930333137512e-01,1.436381936073303223e-01,4.691680073738098145e-01,-8.410634100437164307e-02,-4.546380415558815002e-02
-1.451700210571289062e+00,-1.016865849494934082e+00,1.021681308746337891e+00,-3.786459937691688538e-02,9.961520880460739136e-02,3.694011867046356201e-01,9.231391549110412598e-01,3.986539244651794434e-01,-4.366291761398315430e-01,-1.648876786231994629e+00,5.706328749656677246e-01,3.355002105236053467e-01,-1.001801252365112305e+00,-5.736826658248901367e-01,6.587699800729751587e-02,-1.083749532699584961e-01,1.234318688511848450e-01,2.179250419139862061e-01,8.936200290918350220e-02,-5.039710402488708496e-01,9.839610755443572998e-02,1.270416378974914551e-01,5.582678914070129395e-01,1.800709515810012817e-01,-9.182431548833847046e-02
-1.389539957046508789e+00,-9.407975077629089355e-01,1.023352742195129395e+00,-2.197515219449996948e-02,1.178872212767601013e-01,3.835945725440979004e-01,9.156827330589294434e-01,3.764511942863464355e-01,-4.879312217235565186e-01,-1.701918244361877441e+00,5.111455321311950684e-01,2.689531147480010986e-01,-9.649503231048583984e-01,-6.152101755142211914e-01,4.882539436221122742e-02,-2.014422556385397911e-03,4.959012567996978760e-02,3.345607221126556396e-01,1.263633817434310913e-01,-5.702485442161560059e-01,6.776253134012222290e-02,1.245096772909164429e-01,6.297423243522644043e-01,2.871366143226623535e-01,-7.045383006334304810e-02
-1.329619050025939941e+00,-8.653482794761657715e-01,1.017410874366760254e+00,9.114747866988182068e-03,1.305930316448211670e-01,3.900544643402099609e-01,9.114383459091186523e-01,3.679973185062408447e-01,-6.095359325408935547e-01,-1.772996425628662109e+00,4.040479063987731934e-01,1.190843209624290466e-01,-8.166608214378356934e-01,-6.060630083084106445e-01,-2.503396710380911827e-03,2.975003793835639954e-02,5.726938322186470032e-02,4.054414331912994385e-01,1.263108253479003906e-01,-6.558395624160766602e-01,4.302807152271270752e-02,1.608696132898330688e-01,6.865525841712951660e-01,1.520093530416488647e-01,-2.374612726271152496e-02
-1.267421245574951172e+00,-7.930095791816711426e-01,1.013011217117309570e+00,7.176576182246208191e-03,1.111301183700561523e-01,3.911708593368530273e-01,9.135556817054748535e-01,3.713604509830474854e-01,-6.785849928855895996e-01,-1.840762019157409668e+00,3.491759300231933594e-01,2.920415066182613373e-02,-6.435608863830566406e-01,-5.294451117515563965e-01,1.243247371166944504e-02,-4.330440238118171692e-02,1.586986333131790161e-01,1.994186043739318848e-01,8.126724511384963989e-02,-6.740939021110534668e-01,8.241660147905349731e-02,1.403127908706665039e-01,5.795250535011291504e-01,5.809311196208000183e-02,-1.423501875251531601e-03
-1.205616950988769531e+00,-7.238555550575256348e-01,9.977060556411743164e-01,-3.042359137907624245e-03,1.008246764540672302e-01,4.041672050952911377e-01,9.091061353683471680e-01,3.449268639087677002e-01,-7.150212526321411133e-01,-1.852794766426086426e+00,3.408567607402801514e-01,-2.709510968998074532e-03,-5.658187270164489746e-01,-5.229213833808898926e-01,1.561268605291843414e-02,-9.220428764820098877e-02,3.458763659000396729e-01,3.535103425383567810e-02,7.458668947219848633e-02,-7.021171450614929199e-01,1.189303696155548096e-01,1.068699434399604797e-01,4.046436846256256104e-01,4.833482205867767334e-02,4.693875380326062441e-04
-1.138890743255615234e+00,-6.522090435028076172e-01,9.750841259956359863e-01,-3.053636662662029266e-02,9.462276101112365723e-02,4.229726791381835938e-01,9.006709456443786621e-01,2.826822698116302490e-01,-7.072969079017639160e-01,-1.778899192810058594e+00,3.518070578575134277e-01,1.528005860745906830e-02,-5.800553560256958008e-01,-5.219948887825012207e-01,4.213477298617362976e-02,-1.319350749254226685e-01,5.228344202041625977e-01,-1.525281965732574463e-01,9.433612227439880371e-02,-7.373592257499694824e-01,1.568704545497894287e-01,4.649534076452255249e-02,1.870725154876708984e-01,1.855115592479705811e-01,-3.347735852003097534e-02
-1.067146301269531250e+00,-5.802175998687744141e-01,9.500445723533630371e-01,-4.981647431850433350e-02,9.148739278316497803e-02,4.398250877857208252e-01,8.920214772224426270e-01,2.430534660816192627e-01,-6.860001087188720703e-01,-1.655649304389953613e+00,3.736597597599029541e-01,4.519014060497283936e-02,-6.853173971176147461e-01,-4.661147594451904297e-01,5.972966179251670837e-02,-1.983987092971801758e-01,6.417670845985412598e-01,-3.901830017566680908e-01,9.239756315946578979e-02,-7.905448079109191895e-01,1.735652983188629150e-01,-4.998183995485305786e-02,7.970681041479110718e-02,2.757302522659301758e-01,-7.608894258737564087e-02
-9.951786398887634277e-01,-5.104925632476806641e-01,9.169072508811950684e-01,-6.177044659852981567e-02,9.224788844585418701e-02,4.601171314716339111e-01,8.808898925781250000e-01,2.005206644535064697e-01,-6.530575752258300781e-01,-1.496629357337951660e+00,3.868268430233001709e-01,5.488725006580352783e-02,-8.461992144584655762e-01,-3.922433555126190186e-01,7.505711913108825684e-02,-2.905426323413848877e-01,7.264066338539123535e-01,-5.841689109802246094e-01,1.687354966998100281e-02,-8.459985256195068359e-01,1.729789674282073975e-01,-1.222070977091789246e-01,1.078495681285858154e-01,3.474841117858886719e-01,-9.131652861833572388e-02
-9.291099905967712402e-01,-4.480141103267669678e-01,8.871212601661682129e-01,-3.394513204693794250e-02,9.978191554546356201e-02,4.796320796012878418e-01,8.711167573928833008e-01,2.386404424905776978e-01,-6.993675827980041504e-01,-1.332675814628601074e+00,4.007827937602996826e-01,1.270720176398754120e-02,-9.940136075019836426e-01,-3.207387328147888184e-01,1.629824936389923096e-02,-3.552891314029693604e-01,8.121168017387390137e-01,-5.977190136909484863e-01,1.048713363707065582e-02,-8.799031376838684082e-01,1.133061498403549194e-01,-9.517062455415725708e-02,2.940745651721954346e-01,2.114752680063247681e-01,-4.110365360975265503e-02
-8.712475299835205078e-01,-3.961740434169769287e-01,8.581368923187255859e-01,-3.215795010328292847e-02,1.223854646086692810e-01,4.947098791599273682e-01,8.597963452339172363e-01,2.540182769298553467e-01,-6.823363304138183594e-01,-1.158791780471801758e+00,3.500913679599761963e-01,3.861825913190841675e-02,-1.139803647994995117e+00,-3.612804412841796875e-01,3.433248028159141541e-03,-3.615130782127380371e-01,9.040540456771850586e-01,-4.420069158077239990e-01,-4.269561264663934708e-03,-1.050786614418029785e+00,7.748913764953613281e-02,-1.083328649401664734e-01,6.455786824226379395e-01,-2.919776178896427155e-02,1.242487691342830658e-02
-8.132979869842529297e-01,-3.527035713195800781e-01,8.332400918006896973e-01,-4.554642364382743835e-02,1.537600308656692505e-01,5.018861293792724609e-01,8.499374389648437500e-01,3.393547832965850830e-01,-6.497365236282348633e-01,-1.036696910858154297e+00,2.277313172817230225e-01,5.832035467028617859e-02,-1.243535995483398438e+00,-5.315334200859069824e-01,2.614005841314792633e-02,-3.095039427280426025e-01,1.061035275459289551e+00,-3.766895234584808350e-01,-8.760928176343441010e-03,-1.192404866218566895e+00,8.236306905746459961e-02,-1.574468612670898438e-01,8.647592067718505859e-01,-1.337578296661376953e-01,-1.762073300778865814e-02
-7.584619522094726562e-01,-3.175317943096160889e-01,8.155205249786376953e-01,-6.018399819731712341e-02,1.918534487485885620e-01,5.009319782257080078e-01,8.418059349060058594e-01,4.673528671264648438e-01,-6.248659491539001465e-01,-9.997270703315734863e-01,8.564856648445129395e-02,8.690231293439865112e-02,-1.342071771621704102e+00,-7.524114251136779785e-01,-6.796360760927200317e-02,-3.552510142326354980e-01,1.268655538558959961e+00,-3.663520514965057373e-01,-8.666244894266128540e-02,-1.285235762596130371e+00,1.033665239810943604e-01,-1.816839277744293213e-01,1.006088018417358398e+00,-2.683162391185760498e-01,-4.892751201987266541e-02
-7.040075063705444336e-01,-2.859324812889099121e-01,8.029234409332275391e-01,-6.468296796083450317e-02,2.253214418888092041e-01,4.885680079460144043e-01,8.404449224472045898e-01,5.597206354141235352e-01,-5.669806599617004395e-01,-9.444869756698608398e-01,-3.522240370512008667e-02,8.600003272294998169e-02,-1.465395212173461914e+00,-9.919515848159790039e-01,-1.630415618419647217e-01,-3.342236876487731934e-01,1.438278794288635254e+00,-3.836864829063415527e-01,-1.133377254009246826e-01,-1.322080969810485840e+00,1.566322296857833862e-01,-1.652332991361618042e-01,1.085838079452514648e+00,-3.603512942790985107e-01,-6.842593103647232056e-02
-6.454734206199645996e-01,-2.535719573497772217e-01,7.963640689849853516e-01,-6.416117399930953979e-02,2.476500570774078369e-01,4.664286673069000244e-01,8.467568159103393555e-01,6.045334339141845703e-01,-4.895552098751068115e-01,-8.539212942123413086e-01,-1.010497510433197021e-01,1.152741536498069763e-01,-1.583827495574951172e+00,-1.220971584320068359e+00,-2.434381991624832153e-01,-2.840010523796081543e-01,1.539420127868652344e+00,-4.369751513004302979e-01,-1.333165615797042847e-01,-1.294257402420043945e+00,2.332083284854888916e-01,-1.397261172533035278e-01,1.121575355529785156e+00,-4.478522241115570068e-01,-7.559173554182052612e-02
-5.793670415878295898e-01,-2.177710235118865967e-01,8.014960289001464844e-01,-4.285011813044548035e-02,2.504954636096954346e-01,4.327715337276458740e-01,8.649420142173767090e-01,6.967818737030029297e-01,-4.556866586208343506e-01,-8.357065916061401367e-01,-8.843813836574554443e-02,1.489544212818145752e-01,-1.664579033851623535e+00,-1.375640392303466797e+00,-3.079944550991058350e-01,-2.239562720060348511e-01,1.528940200805664062e+00,-4.923518896102905273e-01,-1.413241475820541382e-01,-1.128976225852966309e+00,3.144160807132720947e-01,-7.554847002029418945e-02,1.056536078453063965e+00,-4.823283851146697998e-01,-1.036403775215148926e-01
-5.007530450820922852e-01,-1.829454302787780762e-01,8.177368640899658203e-01,-2.971823513507843018e-02,2.570600509643554688e-01,3.970557451248168945e-01,8.805587291717529297e-01,7.481038570404052734e-01,-4.330640137195587158e-01,-8.796538114547729492e-01,-1.065180543810129166e-02,2.427140027284622192e-01,-1.731949687004089355e+00,-1.465944766998291016e+00,-3.670426607131958008e-01,-2.363770604133605957e-01,1.416187286376953125e+00,-5.070843696594238281e-01,-1.001149192452430725e-01,-9.260545372962951660e-01,3.796743452548980713e-01,-1.575130387209355831e-03,9.203560352325439453e-01,-4.654901325702667236e-01,-1.368363201618194580e-01
-4.111917614936828613e-01,-1.498139947652816772e-01,8.421806693077087402e-01,-1.828216388821601868e-02,2.602142989635467529e-01,3.655014932155609131e-01,8.935115933418273926e-01,7.358201742172241211e-01,-3.931008875370025635e-01,-9.223401546478271484e-01,1.020474359393119812e-01,3.424441516399383545e-01,-1.739043354988098145e+00,-1.475102305412292480e+00,-3.955535292625427246e-01,-2.943265736103057861e-01,1.240699887275695801e+00,-4.861316680908203125e-01,-2.644829824566841125e-02,-6.814910769462585449e-01,3.907455801963806152e-01,3.509850427508354187e-02,6.967110037803649902e-01,-3.280872404575347900e-01,-1.766149997711181641e-01
-3.133276700973510742e-01,-1.185334771871566772e-01,8.625941276550292969e-01,-1.760214008390903473e-02,2.536605000495910645e-01,3.420742750167846680e-01,9.046168923377990723e-01,6.613343358039855957e-01,-3.396531045436859131e-01,-9.364686608314514160e-01,2.336440086364746094e-01,4.669442474842071533e-01,-1.647897005081176758e+00,-1.434265255928039551e+00,-3.729518949985504150e-01,-3.425239324569702148e-01,1.109800100326538086e+00,-4.951513707637786865e-01,5.301437899470329285e-02,-4.333168566226959229e-01,4.089612960815429688e-01,5.414918810129165649e-02,4.221964478492736816e-01,1.172117772512137890e-03,-1.983533501625061035e-01
-2.075555175542831421e-01,-8.663959056138992310e-02,8.724222779273986816e-01,-1.637746952474117279e-02,2.379577010869979858e-01,3.157112300395965576e-01,9.183868169784545898e-01,5.496098399162292480e-01,-3.044345974922180176e-01,-9.420360326766967773e-01,3.641896545886993408e-01,5.260926485061645508e-01,-1.481882810592651367e+00,-1.328509211540222168e+00,-3.563795089721679688e-01,-4.301002919673919678e-01,1.071410417556762695e+00,-4.417439699172973633e-01,1.856891624629497528e-02,-2.310974597930908203e-01,4.071309864521026611e-01,1.821204274892807007e-02,2.406072616577148438e-01,3.193197548389434814e-01,-1.297726482152938843e-01
-9.710748493671417236e-02,-5.996027216315269470e-02,8.839002847671508789e-01,1.292805280536413193e-02,2.365053743124008179e-01,2.704627811908721924e-01,9.331387877464294434e-01,4.426766633987426758e-01,-3.596309423446655273e-01,-1.006326675415039062e+00,4.896718859672546387e-01,5.088835358619689941e-01,-1.307315230369567871e+00,-1.208084344863891602e+00,-2.616546154022216797e-01,-4.159328937530517578e-01,1.038397192955017090e+00,-4.137446582317352295e-01,-7.879942655563354492e-02,-1.682472378015518188e-01,3.039749562740325928e-01,-3.670095652341842651e-02,3.158367574214935303e-01,3.322205841541290283e-01,-6.970368325710296631e-02
1.227017957717180252e-02,-4.008632525801658630e-02,8.871224522590637207e-01,3.126113116741180420e-02,2.419728934764862061e-01,2.200252860784530640e-01,9.444896578788757324e-01,3.667153418064117432e-01,-4.319272339344024658e-01,-1.183158516883850098e+00,6.127879619598388672e-01,4.553509950637817383e-01,-1.156678676605224609e+00,-1.093964815139770508e+00,-1.523270159959793091e-01,-3.853300511837005615e-01,1.002606391906738281e+00,-5.024859309196472168e-01,-1.669490933418273926e-01,-2.545739412307739258e-01,2.271167188882827759e-01,-3.068503364920616150e-02,5.603692531585693359e-01,3.381143510341644287e-01,-7.743792235851287842e-02
1.173626184463500977e-01,-2.477731183171272278e-02,8.948156237602233887e-01,3.465494513511657715e-02,2.692287564277648926e-01,1.775819957256317139e-01,9.459278583526611328e-01,2.406126111745834351e-01,-4.833357036113739014e-01,-1.437418580055236816e+00,6.464130878448486328e-01,3.741083443164825439e-01,-1.010926365852355957e+00,-1.017868876457214355e+00,-6.842810660600662231e-02,-3.387161195278167725e-01,9.563955664634704590e-01,-5.651245713233947754e-01,-1.549433320760726929e-01,-4.881075918674468994e-01,1.574506312608718872e-01,-4.876485094428062439e-02,8.491930365562438965e-01,2.911104857921600342e-01,-8.707733452320098877e-02
2.241451442241668701e-01,-1.791362836956977844e-02,9.069813489913940430e-01,3.326909616589546204e-02,2.599469423294067383e-01,1.476961970329284668e-01,9.536805748939514160e-01,1.874913275241851807e-01,-4.965920746326446533e-01,-1.712105035781860352e+00,7.573910951614379883e-01,3.297327458858489990e-01,-9.361078143119812012e-01,-8.220025300979614258e-01,2.316738106310367584e-02,-3.022334575653076172e-01,8.134866952896118164e-01,-5.895425677299499512e-01,-1.260630190372467041e-01,-7.143655419349670410e-01,1.375975608825683594e-01,-6.682488322257995605e-02,1.090318560600280762e+00,2.456850707530975342e-01,-4.923488944768905640e-02
3.390781283378601074e-01,-1.633941195905208588e-02,9.290777444839477539e-01,3.819099813699722290e-02,2.568587958812713623e-01,1.387736648321151733e-01,9.556708931922912598e-01,8.728512376546859741e-02,-4.924641251564025879e-01,-1.867499828338623047e+00,8.531090617179870605e-01,3.260042369365692139e-01,-9.950286149978637695e-01,-5.962262749671936035e-01,7.496121525764465332e-02,-2.707331180572509766e-01,5.961245298385620117e-01,-5.227521657943725586e-01,-6.447783112525939941e-02,-9.198697209358215332e-01,1.092418730258941650e-01,-6.430654972791671753e-02,1.177474975585937500e+00,2.150424867868423462e-01,4.514270648360252380e-02
4.616769552230834961e-01,-1.919887401163578033e-02,9.523890614509582520e-01,4.460035264492034912e-02,2.503422796726226807e-01,1.515832692384719849e-01,9.551764726638793945e-01,-6.176834553480148315e-02,-4.682835340499877930e-01,-1.867499947547912598e+00,9.991937279701232910e-01,3.973394036293029785e-01,-1.187363147735595703e+00,-3.347051739692687988e-01,1.203900352120399475e-01,-2.157647162675857544e-01,2.678855657577514648e-01,-2.436355799436569214e-01,2.901852503418922424e-02,-1.062864661216735840e+00,2.341878041625022888e-02,-7.811639457941055298e-02,1.116823196411132812e+00,1.946120113134384155e-01,1.186959296464920044e-01
5.804694890975952148e-01,-1.857738383114337921e-02,9.611058235168457031e-01,7.421264052391052246e-02,2.566794157028198242e-01,1.502750068902969360e-01,9.518537521362304688e-01,-1.634209007024765015e-01,-4.991629719734191895e-01,-1.867499947547912598e+00,1.020653128623962402e+00,3.837683796882629395e-01,-1.292097210884094238e+00,-2.265895456075668335e-01,7.106732577085494995e-02,-1.584240645170211792e-01,1.531397402286529541e-01,1.197016090154647827e-01,1.829709559679031372e-01,-1.146593570709228516e+00,-8.751524239778518677e-02,-1.969172805547714233e-02,9.366722106933593750e-01,2.216730266809463501e-01,1.207961440086364746e-01
7.020641565322875977e-01,-1.847719773650169373e-02,9.695899486541748047e-01,8.272218704223632812e-02,2.585111558437347412e-01,1.153918355703353882e-01,9.555175304412841797e-01,-1.969805210828781128e-01,-5.121632814407348633e-01,-1.867499947547912598e+00,1.027318239212036133e+00,3.394909501075744629e-01,-1.355147361755371094e+00,-1.594494432210922241e-01,5.047238245606422424e-02,-4.418020322918891907e-02,1.352403312921524048e-01,3.643189370632171631e-01,2.258695662021636963e-01,-1.171514749526977539e+00,-1.742583811283111572e-01,-3.324030712246894836e-02,7.007198333740234375e-01,2.600671947002410889e-01,3.059407696127891541e-02
8.278934359550476074e-01,-2.512145787477493286e-02,9.855203032493591309e-01,7.994879037141799927e-02,2.531209886074066162e-01,6.178311631083488464e-02,9.621438384056091309e-01,-1.780033409595489502e-01,-5.021724104881286621e-01,-1.867499947547912598e+00,1.017053604125976562e+00,2.491610795259475708e-01,-1.403770685195922852e+00,-7.024598866701126099e-02,4.051402956247329712e-02,5.482954531908035278e-02,1.121689975261688232e-01,4.765984416007995605e-01,2.147465944290161133e-01,-1.145551085472106934e+00,-1.745299994945526123e-01,-5.397081747651100159e-02,4.564704298973083496e-01,2.188289910554885864e-01,-5.541400238871574402e-02
9.599339365959167480e-01,-2.888946793973445892e-02,9.946100115776062012e-01,8.141335099935531616e-02,2.264686226844787598e-01,5.023136362433433533e-02,9.693093895912170410e-01,-5.894261226058006287e-02,-5.121569037437438965e-01,-1.867499947547912598e+00,9.752064347267150879e-01,1.750182807445526123e-01,-1.387068629264831543e+00,3.442018106579780579e-02,7.006293162703514099e-03,-2.693541347980499268e-02,1.497615128755569458e-01,5.056709051132202148e-01,1.974484026432037354e-01,-1.026476621627807617e+00,-1.745299994945526123e-01,4.978890717029571533e-02,2.452427893877029419e-01,1.757813990116119385e-01,-7.512623071670532227e-02
1.092657804489135742e+00,-2.982583455741405487e-02,9.848987460136413574e-01,7.879580557346343994e-02,2.024042904376983643e-01,1.309737563133239746e-02,9.760390520095825195e-01,9.210164844989776611e-02,-5.295492410659790039e-01,-1.867499947547912598e+00,8.578724265098571777e-01,8.428053557872772217e-02,-1.274438738822937012e+00,1.346862409263849258e-02,-4.221434518694877625e-02,-4.819775000214576721e-02,3.995894193649291992e-01,5.061399936676025391e-01,1.431185603141784668e-01,-9.098082780838012695e-01,-1.745137274265289307e-01,1.257960796356201172e-01,1.595965325832366943e-01,1.966496407985687256e-01,-1.014053300023078918e-01
1.223402380943298340e+00,-3.508858755230903625e-02,9.688921570777893066e-01,4.858100786805152893e-02,1.913416087627410889e-01,-1.557690557092428207e-02,9.801967144012451172e-01,1.689454317092895508e-01,-4.845455586910247803e-01,-1.752232909202575684e+00,7.266896963119506836e-01,6.885427981615066528e-02,-1.143884778022766113e+00,-5.903689563274383545e-02,-6.951553374528884888e-02,-1.174336075782775879e-01,6.294552087783813477e-01,5.061399936676025391e-01,3.383406996726989746e-02,-8.264816403388977051e-01,-1.745299994945526123e-01,4.236400127410888672e-02,1.786914765834808350e-01,2.099895626306533813e-01,-7.794918119907379150e-02
1.350807785987854004e+00,-3.620465844869613647e-02,9.597678780555725098e-01,3.075123578310012817e-02,1.732611060142517090e-01,-8.891830220818519592e-03,9.843555688858032227e-01,1.522094756364822388e-01,-4.344044029712677002e-01,-1.405888080596923828e+00,6.647452712059020996e-01,1.611799597740173340e-01,-1.109929919242858887e+00,-1.406874656677246094e-01,-1.170383244752883911e-01,-2.093584686517715454e-01,8.010465502738952637e-01,5.061399936676025391e-01,-5.906809493899345398e-02,-8.235188126564025879e-01,-1.745299994945526123e-01,8.918187767267227173e-02,5.166471004486083984e-01,-1.518233120441436768e-01,5.116034299135208130e-02
1.467909574508666992e+00,-3.214791789650917053e-02,9.355571269989013672e-01,1.965723745524883270e-02,1.678539514541625977e-01,-1.702345721423625946e-02,9.854688644409179688e-01,1.589251905679702759e-01,-4.043594300746917725e-01,-1.095072269439697266e+00,6.614618301391601562e-01,3.217281103134155273e-01,-1.200806140899658203e+00,-3.548274040222167969e-01,-1.477066278457641602e-01,-1.569145619869232178e-01,1.036872863769531250e+00,4.952842295169830322e-01,-1.027476936578750610e-01,-8.062359094619750977e-01,-1.745299994945526123e-01,5.189856141805648804e-02,7.275414466857910156e-01,-3.431559503078460693e-01,9.495115280151367188e-02
1.582107424736022949e+00,-3.566446527838706970e-02,9.266754388809204102e-01,1.632113568484783173e-02,1.674717366695404053e-01,-1.387607585638761520e-02,9.856441020965576172e-01,2.125010788440704346e-01,-3.719576597213745117e-01,-8.197844624519348145e-01,5.620393753051757812e-01,4.638266563415527344e-01,-1.253102779388427734e+00,-5.935711264610290527e-01,-1.588751524686813354e-01,-1.298926323652267456e-01,1.181458711624145508e+00,4.145360887050628662e-01,-1.451604217290878296e-01,-6.911602616310119629e-01,-1.745299994945526123e-01,2.021040394902229309e-02,7.416975498199462891e-01,-4.290969371795654297e-01,6.848254054784774780e-02
1.693887352943420410e+00,-4.349872469902038574e-02,9.379606842994689941e-01,1.449219230562448502e-02,1.650009006261825562e-01,-6.403266452252864838e-04,9.861867427825927734e-01,2.837522923946380615e-01,-3.093874454498291016e-01,-6.194742918014526367e-01,3.530732095241546631e-01,4.773752689361572266e-01,-1.293951034545898438e+00,-7.739961743354797363e-01,-1.321178376674652100e-01,-1.156090646982192993e-01,1.157272338867187500e+00,3.326783180236816406e-01,-1.288478374481201172e-01,-4.923639595508575439e-01,-1.745299994945526123e-01,-4.612461850047111511e-02,6.010609865188598633e-01,-4.065304100513458252e-01,3.318884968757629395e-02
1.813982844352722168e+00,-5.123932659626007080e-02,9.568530321121215820e-01,1.984770409762859344e-02,1.645765602588653564e-01,2.598604001104831696e-02,9.858221411705017090e-01,3.640796840190887451e-01,-2.338343560695648193e-01,-4.809763729572296143e-01,1.909796148538589478e-01,4.411963820457458496e-01,-1.424382090568542480e+00,-8.737317323684692383e-01,-1.062418520450592041e-01,-8.846603333950042725e-02,1.004056453704833984e+00,2.543601691722869873e-01,-5.788965150713920593e-02,-2.794857323169708252e-01,-1.745299994945526123e-01,-1.367741674184799194e-01,3.834986686706542969e-01,-2.176776677370071411e-01,-1.344843488186597824e-02
1.937712907791137695e+00,-6.145606935024261475e-02,9.726065993309020996e-01,1.302000973373651505e-02,1.597551554441452026e-01,4.129530861973762512e-02,9.862065911293029785e-01,4.173465073108673096e-01,-1.314731389284133911e-01,-3.759289085865020752e-01,9.473382681608200073e-02,4.151170551776885986e-01,-1.591397643089294434e+00,-8.995662927627563477e-01,-8.709284663200378418e-02,-8.912280201911926270e-02,7.530227303504943848e-01,2.137817293405532837e-01,-5.488054361194372177e-03,-1.147291958332061768e-01,-1.327205300331115723e-01,-2.001733779907226562e-01,2.343048155307769775e-01,3.550974652171134949e-02,-8.971917629241943359e-02
2.063227415084838867e+00,-7.432345300912857056e-02,9.802991747856140137e-01,-1.296094618737697601e-02,1.487787812948226929e-01,4.335375502705574036e-02,9.878346920013427734e-01,4.263370037078857422e-01,-2.644707076251506805e-02,-2.814802527427673340e-01,6.145296618342399597e-02,4.085170924663543701e-01,-1.784596085548400879e+00,-8.414215445518493652e-01,-6.127801910042762756e-02,-1.731060296297073364e-01,3.892554640769958496e-01,2.737530171871185303e-01,-3.357756882905960083e-03,3.873506560921669006e-02,-4.389724880456924438e-02,-2.089716941118240356e-01,1.039366275072097778e-01,2.802463173866271973e-01,-1.649964004755020142e-01
2.193166494369506836e+00,-8.511862903833389282e-02,9.814841747283935547e-01,-9.112126193940639496e-03,1.220281422138214111e-01,4.664335027337074280e-02,9.913881421089172363e-01,4.501578807830810547e-01,8.915795013308525085e-03,-1.985478252172470093e-01,4.474477842450141907e-02,3.712229132652282715e-01,-1.867499947547912598e+00,-7.567152976989746094e-01,-5.507637560367584229e-02,-1.588444113731384277e-01,8.144168555736541748e-02,3.534289598464965820e-01,2.306210808455944061e-02,1.773794591426849365e-01,1.974652055650949478e-03,-6.225553154945373535e-02,8.284081518650054932e-02,3.906405568122863770e-01,-1.334856003522872925e-01
2.329767942428588867e+00,-9.219238162040710449e-02,9.801106452941894531e-01,6.424354389309883118e-03,1.145038604736328125e-01,4.199770465493202209e-02,9.925138950347900391e-01,4.632763862609863281e-01,2.625393681228160858e-02,-1.994249373674392700e-01,1.298043970018625259e-02,3.186807036399841309e-01,-1.867499947547912598e+00,-7.482873797416687012e-01,-7.258901745080947876e-02,-9.836721420288085938e-02,2.907006442546844482e-02,3.945009112358093262e-01,3.956058248877525330e-02,2.217952609062194824e-01,3.276978060603141785e-02,1.357248574495315552e-01,1.942038238048553467e-01,3.586341440677642822e-01,-8.093994855880737305e-02
2.466767787933349609e+00,-9.929191321134567261e-02,9.665798544883728027e-01,4.708092287182807922e-02,1.157214194536209106e-01,2.983764000236988068e-02,9.917165040969848633e-01,4.320489466190338135e-01,-5.932143330574035645e-02,-2.159736156463623047e-01,5.230776593089103699e-02,2.206681817770004272e-01,-1.867499947547912598e+00,-7.118525505065917969e-01,-1.156464144587516785e-01,-2.927720081061124802e-03,7.026597857475280762e-02,4.595522880554199219e-01,2.011743187904357910e-02,1.706518679857254028e-01,-1.001499593257904053e-03,2.027975767850875854e-01,3.990988135337829590e-01,3.205419778823852539e-01,-4.824332718271762133e-04
2.582410573959350586e+00,-1.025945618748664856e-01,9.625150561332702637e-01,2.114211022853851318e-02,9.072434157133102417e-02,2.236042544245719910e-02,9.954004883766174316e-01,4.254853427410125732e-01,-3.632671386003494263e-02,-2.524003386497497559e-01,2.486003786325454712e-01,3.362562656402587891e-01,-1.867499947547912598e+00,-6.251491308212280273e-01,-4.101265594363212585e-02,2.279325388371944427e-02,2.353875786066055298e-01,1.333667188882827759e-01,-4.060157015919685364e-02,4.310509935021400452e-02,7.878034561872482300e-02,2.198619693517684937e-01,7.082730531692504883e-01,2.778475880622863770e-01,3.032082505524158478e-02
2.694520235061645508e+00,-1.068719848990440369e-01,9.520086646080017090e-01,8.875783532857894897e-03,8.831247687339782715e-02,3.301570937037467957e-02,9.955059289932250977e-01,3.976565003395080566e-01,-5.439568683505058289e-02,-3.665568530559539795e-01,3.727018237113952637e-01,3.564176857471466064e-01,-1.749361872673034668e+00,-5.925436019897460938e-01,-1.910416223108768463e-02,-3.315095603466033936e-02,4.133566021919250488e-01,-8.482797443866729736e-02,-1.232438459992408752e-01,-1.558045446872711182e-01,1.325236558914184570e-01,1.863404512405395508e-01,9.518439173698425293e-01,2.188760489225387573e-01,3.411057591438293457e-02
2.800534963607788086e+00,-1.067234873771667480e-01,9.576613903045654297e-01,4.835939500480890274e-03,9.587395191192626953e-02,4.778587073087692261e-02,9.942340254783630371e-01,3.507803380489349365e-01,-1.246853992342948914e-01,-5.579226613044738770e-01,4.300796985626220703e-01,3.231270015239715576e-01,-1.575568318367004395e+00,-5.016191005706787109e-01,-1.812843047082424164e-02,-6.618874520063400269e-02,4.340446889400482178e-01,-1.966706216335296631e-01,-1.309121847152709961e-01,-3.675068020820617676e-01,1.184929832816123962e-01,1.348783969879150391e-01,1.037795782089233398e+00,1.660521179437637329e-01,3.197686746716499329e-02
2.906260728836059570e+00,-1.019449383020401001e-01,9.762439727783203125e-01,8.144541643559932709e-03,1.021118834614753723e-01,5.947273224592208862e-02,9.929601550102233887e-01,3.276856243610382080e-01,-2.314095944166183472e-01,-8.457481265068054199e-01,5.006170272827148438e-01,2.752789556980133057e-01,-1.517015457153320312e+00,-3.600858747959136963e-01,-3.070269525051116943e-02,-8.457531780004501343e-02,3.400144279003143311e-01,-1.649993956089019775e-01,-6.324884295463562012e-02,-5.194737315177917480e-01,7.520907372236251831e-02,1.298347711563110352e-01,9.615017771720886230e-01,1.022663414478302002e-01,4.045458883047103882e-02
3.014793872833251953e+00,-1.040468811988830566e-01,9.951756596565246582e-01,1.651286706328392029e-02,1.037423312664031982e-01,6.291227042675018311e-02,9.924751520156860352e-01,2.942640781402587891e-01,-2.974546551704406738e-01,-1.134136080741882324e+00,5.821025967597961426e-01,2.277958840131759644e-01,-1.529329061508178711e+00,-2.117212116718292236e-01,-4.112165793776512146e-02,-9.287029504776000977e-02,2.174989134073257446e-01,-3.389300778508186340e-02,2.879742532968521118e-02,-5.872480273246765137e-01,4.975689575076103210e-02,1.822842657566070557e-01,7.507460713386535645e-01,6.203310191631317139e-02,3.900143131613731384e-02
3.121801614761352539e+00,-1.059546321630477905e-01,1.009154200553894043e+00,2.051648683845996857e-02,1.043405383825302124e-01,6.105647981166839600e-02,9.924536347389221191e-01,2.547451555728912354e-01,-2.691379189491271973e-01,-1.383406758308410645e+00,6.589226126670837402e-01,1.696038246154785156e-01,-1.558846950531005859e+00,-9.954410791397094727e-02,-5.062796920537948608e-02,-1.177148148417472839e-01,1.489766389131546021e-01,6.772063672542572021e-02,9.305831044912338257e-02,-6.017578840255737305e-01,2.157675288617610931e-02,2.556269764900207520e-01,4.550059139728546143e-01,6.933122128248214722e-02,2.905031293630599976e-02
3.237372636795043945e+00,-1.076559796929359436e-01,1.011911988258361816e+00,3.934706328436732292e-04,1.029642820358276367e-01,5.341016873717308044e-02,9.932500123977661133e-01,3.254489004611968994e-01,-2.617860734462738037e-01,-1.767713546752929688e+00,8.005605936050415039e-01,1.512799412012100220e-01,-1.669639706611633301e+00,-9.783323854207992554e-03,-2.842200919985771179e-02,-1.924391835927963257e-01,1.508382409811019897e-01,7.680845260620117188e-02,8.192524313926696777e-02,-5.966081619262695312e-01,4.112841095775365829e-03,2.348074615001678467e-01,1.364486962556838989e-01,1.980827748775482178e-01,-3.008337318897247314e-02
3.351779699325561523e+00,-1.078639328479766846e-01,1.008179545402526855e+00,-1.070030499249696732e-02,9.733334183692932129e-02,5.775399133563041687e-02,9.935171008110046387e-01,2.427805364131927490e-01,-2.621852159500122070e-01,-1.867499947547912598e+00,9.090462923049926758e-01,1.739443540573120117e-01,-1.764145612716674805e+00,5.134993419051170349e-02,-4.161281883716583252e-02,-3.040962517261505127e-01,2.396574765443801880e-01,2.896159142255783081e-02,5.698161572217941284e-02,-6.350641846656799316e-01,-2.113161794841289520e-02,1.384051591157913208e-01,6.845715921372175217e-03,2.092791497707366943e-01,-6.101931259036064148e-02
3.468024969100952148e+00,-1.034607142210006714e-01,9.857620596885681152e-01,-2.371222525835037231e-02,9.085349738597869873e-02,5.915083363652229309e-02,9.938231706619262695e-01,1.406015753746032715e-01,-1.963032037019729614e-01,-1.867499947547912598e+00,9.697497487068176270e-01,2.108202874660491943e-01,-1.812586665153503418e+00,7.901242375373840332e-02,-6.117204576730728149e-02,-3.610170483589172363e-01,3.712173998355865479e-01,2.997360937297344208e-02,5.316732916980981827e-03,-6.554677486419677734e-01,-2.289445139467716217e-02,1.265323460102081299e-01,1.440838072448968887e-02,2.549180388450622559e-01,-5.678943544626235962e-02
3.577746391296386719e+00,-1.014232411980628967e-01,9.539330005645751953e-01,-3.490644693374633789e-02,8.342436701059341431e-02,5.239963904023170471e-02,9.945231080055236816e-01,1.206970736384391785e-01,-1.487072110176086426e-01,-1.867499947547912598e+00,9.736356139183044434e-01,2.523157596588134766e-01,-1.820909500122070312e+00,3.734733909368515015e-02,-9.193867444992065430e-02,-3.734609782695770264e-01,5.840472579002380371e-01,6.005376949906349182e-02,-7.548810541629791260e-02,-6.425113677978515625e-01,-3.433151543140411377e-02,2.530779130756855011e-02,7.911483943462371826e-02,2.968144416809082031e-01,-2.666274458169937134e-02
3.672460556030273438e+00,-9.265516698360443115e-02,9.364055991172790527e-01,-7.588133215904235840e-03,5.578492209315299988e-02,5.362664163112640381e-02,9.969727396965026855e-01,2.431984394788742065e-01,-1.886125653982162476e-01,-1.867499947547912598e+00,1.008252859115600586e+00,3.162928223609924316e-01,-1.858847618103027344e+00,-1.772862672805786133e-02,-2.137102484703063965e-01,-4.021410346031188965e-01,8.157153725624084473e-01,6.480976939201354980e-02,-1.172841712832450867e-01,-6.065760850906372070e-01,-1.069956719875335693e-01,5.850481614470481873e-02,2.998001277446746826e-01,-2.936445525847375393e-04,1.248228698968887329e-01
3.763137102127075195e+00,-7.743378728628158569e-02,9.138467311859130859e-01,-1.142547349445521832e-03,5.434456467628479004e-02,3.719300404191017151e-02,9.978286623954772949e-01,3.862785696983337402e-01,-1.962265819311141968e-01,-1.867499947547912598e+00,9.346106052398681641e-01,3.345142900943756104e-01,-1.835554003715515137e+00,-1.878941357135772705e-01,-2.789544761180877686e-01,-3.456893861293792725e-01,1.005626082420349121e+00,3.926128521561622620e-02,-1.618883311748504639e-01,-6.503010988235473633e-01,-1.065285578370094299e-01,1.027095913887023926e-01,5.518235564231872559e-01,-2.023277282714843750e-01,2.149066627025604248e-01
3.851262807846069336e+00,-7.359136641025543213e-02,9.159328341484069824e-01,-6.670177914202213287e-03,5.089001357555389404e-02,1.824597269296646118e-02,9.985153079032897949e-01,4.812459349632263184e-01,-1.899757832288742065e-01,-1.765977859497070312e+00,7.986356616020202637e-01,4.110011756420135498e-01,-1.795594096183776855e+00,-3.531062304973602295e-01,-2.323473989963531494e-01,-2.652868032455444336e-01,1.046977996826171875e+00,3.444135189056396484e-02,-1.598748564720153809e-01,-6.047345399856567383e-01,-5.525744706392288208e-02,1.356445401906967163e-01,6.606979370117187500e-01,-3.150931000709533691e-01,1.878993511199951172e-01
3.932855844497680664e+00,-7.043214142322540283e-02,9.278507232666015625e-01,-6.336859893053770065e-03,4.907587170600891113e-02,9.537878446280956268e-03,9.987294077873229980e-01,5.246685147285461426e-01,-2.144348174333572388e-01,-1.624416351318359375e+00,6.444005370140075684e-01,3.674375116825103760e-01,-1.802008509635925293e+00,-4.864133000373840332e-01,-1.774818301200866699e-01,-2.165060341358184814e-01,9.842286705970764160e-01,-3.629778278991580009e-03,-1.179137527942657471e-01,-5.191913247108459473e-01,-3.900273144245147705e-02,1.405802816152572632e-01,6.728970408439636230e-01,-3.477233350276947021e-01,1.283815056085586548e-01
4.013118743896484375e+00,-6.200954318046569824e-02,9.399076104164123535e-01,-5.802967585623264313e-03,5.374202504754066467e-02,5.963091738522052765e-03,9.985201954841613770e-01,5.647655129432678223e-01,-2.489548772573471069e-01,-1.555973887443542480e+00,4.997915625572204590e-01,2.874976396560668945e-01,-1.850470185279846191e+00,-5.916610956192016602e-01,-1.375276297330856323e-01,-2.046857029199600220e-01,8.366721868515014648e-01,-7.803884148597717285e-02,-8.947902917861938477e-02,-4.359293580055236816e-01,-4.826190695166587830e-02,1.142722740769386292e-01,6.374942064285278320e-01,-3.052843809127807617e-01,6.740838289260864258e-02
4.095990180969238281e+00,-6.183589249849319458e-02,9.529349207878112793e-01,-4.562436137348413467e-03,5.614677444100379944e-02,9.977064328268170357e-04,9.984115958213806152e-01,6.094602346420288086e-01,-2.617786824703216553e-01,-1.535681009292602539e+00,3.491129875183105469e-01,2.360535115003585815e-01,-1.867499947547912598e+00,-6.203723549842834473e-01,-8.980254083871841431e-02,-2.267096936702728271e-01,5.607811212539672852e-01,-6.550000607967376709e-02,-6.008435785770416260e-02,-3.599064350128173828e-01,-3.612482175230979919e-02,1.257711648941040039e-01,5.942654609680175781e-01,-1.415145844221115112e-01,-4.357680212706327438e-03
4.185315608978271484e+00,-6.045769155025482178e-02,9.554021954536437988e-01,1.020185090601444244e-02,5.988612025976181030e-02,7.256307639181613922e-03,9.981266856193542480e-01,6.492162942886352539e-01,-2.698148190975189209e-01,-1.521450877189636230e+00,1.985045820474624634e-01,1.441019624471664429e-01,-1.867499947547912598e+00,-6.013087034225463867e-01,-5.265479534864425659e-02,-1.842718273401260376e-01,2.016646116971969604e-01,1.292639374732971191e-01,3.568774089217185974e-02,-2.974185645580291748e-01,-6.287620216608047485e-02,1.065515130758285522e-01,5.511928200721740723e-01,6.604842841625213623e-02,-7.322404533624649048e-02
4.280270099639892578e+00,-5.907280370593070984e-02,9.535690546035766602e-01,2.672430872917175293e-02,5.398970842361450195e-02,2.146967500448226929e-02,9.979528784751892090e-01,6.809670329093933105e-01,-2.854477465152740479e-01,-1.488619685173034668e+00,1.018595695495605469e-01,7.874580472707748413e-02,-1.867499947547912598e+00,-6.083038449287414551e-01,-4.032999277114868164e-02,-4.597350209951400757e-02,3.110500052571296692e-02,2.638677656650543213e-01,8.876087516546249390e-02,-2.541519403457641602e-01,-8.023854345083236694e-02,1.048651933670043945e-01,5.765823721885681152e-01,1.689892262220382690e-01,-7.861385494470596313e-02
4.377714633941650391e+00,-5.764820426702499390e-02,9.381074905395507812e-01,6.299844384193420410e-02,4.672724381089210510e-02,3.560573235154151917e-02,9.962831139564514160e-01,6.870787143707275391e-01,-3.467908203601837158e-01,-1.447462916374206543e+00,5.558999255299568176e-02,1.110664755105972290e-02,-1.867499947547912598e+00,-6.048148870468139648e-01,-1.022656559944152832e-01,-1.509549375623464584e-02,3.469731658697128296e-02,3.842627406120300293e-01,8.990429341793060303e-02,-2.954546809196472168e-01,-5.626191198825836182e-02,2.197818607091903687e-01,7.596815824508666992e-01,6.206892058253288269e-02,3.831470012664794922e-02
4.462879657745361328e+00,-4.958825185894966125e-02,9.138705730438232422e-01,9.714150428771972656e-02,4.393471032381057739e-02,2.732229605317115784e-02,9.939249157905578613e-01,6.667311787605285645e-01,-4.504850804805755615e-01,-1.435812115669250488e+00,4.195982590317726135e-02,-1.353397071361541748e-01,-1.867499947547912598e+00,-5.944973230361938477e-01,-1.367403119802474976e-01,1.133216843008995056e-01,9.117151796817779541e-02,4.341422319412231445e-01,1.399609148502349854e-01,-5.186422467231750488e-01,-8.474159240722656250e-02,2.490702867507934570e-01,1.208697795867919922e+00,-6.700661182403564453e-01,1.415659785270690918e-01
4.536919593811035156e+00,-4.988149926066398621e-02,8.938301801681518555e-01,6.759959459304809570e-02,2.574471570551395416e-02,3.621568530797958374e-02,9.967225790023803711e-01,6.769737601280212402e-01,-4.046928286552429199e-01,-1.451114773750305176e+00,2.325174808502197266e-01,6.018299609422683716e-02,-1.867499947547912598e+00,-5.424777269363403320e-01,-8.059658855199813843e-02,6.320004165172576904e-02,2.121890485286712646e-01,1.774129271507263184e-01,1.291362494230270386e-01,-6.175181269645690918e-01,-1.153198769316077232e-03,2.068437933921813965e-01,1.344029068946838379e+00,-8.726599812507629395e-01,1.875132620334625244e-01
4.605958461761474609e+00,-5.282295867800712585e-02,8.717835545539855957e-01,7.658631075173616409e-03,2.243628911674022675e-02,1.835665665566921234e-02,9.995504021644592285e-01,6.923932433128356934e-01,-3.649460673332214355e-01,-1.545712709426879883e+00,6.152563691139221191e-01,3.397283554077148438e-01,-1.448213458061218262e+00,-5.697313547134399414e-01,5.001044273376464844e-02,-1.747531257569789886e-02,4.239661097526550293e-01,-1.175310462713241577e-01,4.146050289273262024e-02,-7.116861939430236816e-01,2.185499966144561768e-01,1.976585835218429565e-01,1.336838960647583008e+00,-8.027502298355102539e-01,1.183191314339637756e-01
4.671331405639648438e+00,-5.187967047095298767e-02,8.672388792037963867e-01,3.700499888509511948e-03,1.909466274082660675e-02,5.031097680330276489e-02,9.985442161560058594e-01,6.356121301651000977e-01,-4.174219667911529541e-01,-1.545945167541503906e+00,6.478275656700134277e-01,3.755587339401245117e-01,-1.408837795257568359e+00,-5.549596548080444336e-01,1.915222033858299255e-02,-7.382073998451232910e-02,5.248986482620239258e-01,-1.294016391038894653e-01,5.488423630595207214e-02,-7.698097825050354004e-01,2.167509794235229492e-01,1.908834129571914673e-01,1.188510656356811523e+00,-7.707912921905517578e-01,1.231978088617324829e-01
4.716323375701904297e+00,-3.483900427818298340e-02,8.638269305229187012e-01,-2.539852447807788849e-02,2.238306961953639984e-02,9.804217517375946045e-02,9.946062564849853516e-01,4.848387837409973145e-01,-3.084020018577575684e-01,-1.519866347312927246e+00,7.059382200241088867e-01,3.955678939819335938e-01,-1.316985487937927246e+00,-5.473671555519104004e-01,-1.266490388661623001e-02,-2.071202099323272705e-01,5.985026955604553223e-01,-1.289819777011871338e-01,6.473218649625778198e-02,-8.278875350952148438e-01,2.204041779041290283e-01,2.190316766500473022e-01,9.540994167327880859e-01,-6.337447762489318848e-01,3.151110187172889709e-02
