3.518707752227783203e+00,-3.618229627609252930e+00,9.820532202720642090e-01,-7.752487808465957642e-02,9.255239367485046387e-02,9.348545670509338379e-01,3.338725864887237549e-01,1.661615967750549316e-01,-1.812902390956878662e-01,-1.855355203151702881e-01,-3.944729268550872803e-01,9.700141102075576782e-02,-7.075148224830627441e-01,-7.177363038063049316e-01,5.923929624259471893e-03,1.562127768993377686e-01,1.600339859724044800e-01,3.545167744159698486e-01,7.176924496889114380e-02,3.196149468421936035e-01,-1.745299994945526123e-01,5.182226896286010742e-01,9.695641696453094482e-02,-6.448674798011779785e-01,2.687942236661911011e-02
3.427295923233032227e+00,-3.557497501373291016e+00,9.839496016502380371e-01,-1.637139916419982910e-01,1.125074625015258789e-01,9.349602460861206055e-01,2.939203083515167236e-01,5.284121036529541016e-01,-2.058138847351074219e-01,-9.819251894950866699e-01,3.452897071838378906e-02,2.353148013353347778e-01,-1.867413401603698730e+00,-9.573279023170471191e-01,-3.278707852587103844e-03,1.183220893144607544e-01,1.841522306203842163e-01,2.277272790670394897e-01,8.473954349756240845e-02,-3.240444883704185486e-02,-1.146524325013160706e-01,1.803983449935913086e-01,5.051029324531555176e-01,-7.968038916587829590e-01,6.301409751176834106e-02
3.335546016693115234e+00,-3.494879007339477539e+00,9.735539555549621582e-01,-1.580814868211746216e-01,7.776317745447158813e-02,9.431519508361816406e-01,2.818289697170257568e-01,5.625267028808593750e-01,-1.011563763022422791e-01,-1.048754692077636719e+00,2.169558256864547729e-01,3.767532706260681152e-01,-1.866137146949768066e+00,-8.946286439895629883e-01,1.490544155240058899e-02,-3.894629655405879021e-03,1.780856996774673462e-01,1.884006112813949585e-01,3.728540986776351929e-02,-1.427459269762039185e-01,-2.848198078572750092e-02,1.405166238546371460e-01,7.525278329849243164e-01,-5.859627127647399902e-01,6.810836493968963623e-04
3.246679067611694336e+00,-3.426947832107543945e+00,9.551213383674621582e-01,-1.479604542255401611e-01,6.431742757558822632e-02,9.462913274765014648e-01,2.801851332187652588e-01,5.104083418846130371e-01,-9.170737862586975098e-02,-1.043793201446533203e+00,2.911958694458007812e-01,3.972034752368927002e-01,-1.669444680213928223e+00,-8.098511695861816406e-01,3.969925269484519958e-02,-4.332554712891578674e-02,2.373076081275939941e-01,1.191289946436882019e-01,-1.846524514257907867e-02,-2.350196391344070435e-01,7.542654126882553101e-02,2.060718089342117310e-01,9.556666016578674316e-01,-4.264540970325469971e-01,2.550503052771091461e-02
3.166642189025878906e+00,-3.358536005020141602e+00,9.332662224769592285e-01,-1.386857926845550537e-01,2.252437733113765717e-02,9.532544016838073730e-01,2.675162851810455322e-01,4.606150686740875244e-01,-5.405194312334060669e-02,-1.078851819038391113e+00,3.677364289760589600e-01,4.550085365772247314e-01,-1.453954935073852539e+00,-7.740265727043151855e-01,1.041393578052520752e-01,-1.263416558504104614e-01,4.561356604099273682e-01,-1.244863197207450867e-01,-1.649546921253204346e-01,-2.055040448904037476e-01,1.940964460372924805e-01,2.047000080347061157e-01,8.449844717979431152e-01,3.223278224468231201e-01,1.459738425910472870e-02
3.079199075698852539e+00,-3.290144443511962891e+00,9.196975827217102051e-01,-1.312833130359649658e-01,3.171623870730400085e-02,9.544406533241271973e-01,2.660861909389495850e-01,3.857671916484832764e-01,-1.296047568321228027e-01,-1.172362804412841797e+00,3.648367524147033691e-01,3.745395839214324951e-01,-1.211033463478088379e+00,-7.845705151557922363e-01,9.216019511222839355e-02,-1.159922853112220764e-01,6.921080946922302246e-01,-3.033995926380157471e-01,-1.938513219356536865e-01,-4.120666086673736572e-01,1.907351613044738770e-01,1.445030272006988525e-01,1.050066232681274414e+00,2.843656539916992188e-01,1.800275966525077820e-02
2.997322082519531250e+00,-3.231590986251831055e+00,9.227689504623413086e-01,-1.312547475099563599e-01,4.955081269145011902e-02,9.537453651428222656e-01,2.658695876598358154e-01,2.798672616481781006e-01,-1.831920892000198364e-01,-1.261220932006835938e+00,3.686078786849975586e-01,2.869212627410888672e-01,-1.066277861595153809e+00,-6.960479021072387695e-01,5.862600728869438171e-02,-1.187571063637733459e-01,7.216841578483581543e-01,-4.207719564437866211e-01,-1.832406520843505859e-01,-6.199229359626770020e-01,1.684150099754333496e-01,1.422083973884582520e-01,1.119253039360046387e+00,2.240760177373886108e-01,4.114302992820739746e-02
2.909086227416992188e+00,-3.166837215423583984e+00,9.393629431724548340e-01,-1.285957694053649902e-01,6.280702352523803711e-02,9.553232192993164062e-01,2.586037814617156982e-01,1.910417526960372925e-01,-2.049686759710311890e-01,-1.384213089942932129e+00,4.254954159259796143e-01,2.455522119998931885e-01,-1.073203921318054199e+00,-5.304362177848815918e-01,3.942769765853881836e-02,-1.045632213354110718e-01,6.208710074424743652e-01,-4.285933375358581543e-01,-1.123507097363471985e-01,-7.602519392967224121e-01,1.677252650260925293e-01,1.915786117315292358e-01,1.064546585083007812e+00,1.360512673854827881e-01,1.030372083187103271e-01
2.814815282821655273e+00,-3.104546546936035156e+00,9.647940397262573242e-01,-1.272787302732467651e-01,7.711111009120941162e-02,9.588239192962646484e-01,2.418899089097976685e-01,1.207045614719390869e-01,-2.276288717985153198e-01,-1.557204484939575195e+00,4.769161343574523926e-01,2.124256938695907593e-01,-1.102229833602905273e+00,-3.530680835247039795e-01,1.000133156776428223e-02,-1.019758507609367371e-01,4.561127126216888428e-01,-2.933623492717742920e-01,-9.978124871850013733e-03,-8.246105313301086426e-01,1.085973754525184631e-01,2.326624989509582520e-01,8.624468445777893066e-01,6.011816114187240601e-02,1.356688886880874634e-01
2.721827030181884766e+00,-3.045101642608642578e+00,9.870764613151550293e-01,-1.253359317779541016e-01,1.028841063380241394e-01,9.568757414817810059e-01,2.410281151533126831e-01,1.159007102251052856e-01,-2.640973329544067383e-01,-1.723748207092285156e+00,5.206175446510314941e-01,1.393181383609771729e-01,-1.144381642341613770e+00,-1.751365661621093750e-01,-3.365027159452438354e-02,-7.476262003183364868e-02,2.285782396793365479e-01,1.166288740932941437e-02,9.713935852050781250e-02,-8.195739984512329102e-01,-1.513378880918025970e-02,2.294090837240219116e-01,5.331996679306030273e-01,8.184074610471725464e-02,6.489799171686172485e-02
2.620247840881347656e+00,-2.989104270935058594e+00,9.967644810676574707e-01,-1.167436763644218445e-01,1.293649971485137939e-01,9.538176059722900391e-01,2.446785122156143188e-01,1.540485173463821411e-01,-3.557910025119781494e-01,-1.867476224899291992e+00,5.611147284507751465e-01,6.803157180547714233e-02,-1.192807197570800781e+00,-5.322948470711708069e-02,-9.361428767442703247e-02,-5.241511762142181396e-02,1.148163527250289917e-01,3.015020191669464111e-01,1.905244737863540649e-01,-7.954344153404235840e-01,-1.460223346948623657e-01,1.533021330833435059e-01,2.293890267610549927e-01,1.766127645969390869e-01,1.279812958091497421e-02
2.522784709930419922e+00,-2.925498247146606445e+00,1.004394888877868652e+00,-1.013898402452468872e-01,1.261248141527175903e-01,9.523965120315551758e-01,2.583670318126678467e-01,1.311341673135757446e-01,-3.845199346542358398e-01,-1.867499947547912598e+00,6.009245514869689941e-01,4.467149451375007629e-02,-1.226442337036132812e+00,5.958065763115882874e-02,-1.007437780499458313e-01,-6.293673068284988403e-02,8.233648538589477539e-02,4.377082288265228271e-01,1.934564709663391113e-01,-7.580808401107788086e-01,-1.745299249887466431e-01,8.821978420019149780e-02,7.136541604995727539e-02,2.144519835710525513e-01,-4.025860875844955444e-02
2.425865650177001953e+00,-2.859871864318847656e+00,1.004724264144897461e+00,-8.227611333131790161e-02,1.093475148081779480e-01,9.564554691314697266e-01,2.578112483024597168e-01,1.912143230438232422e-01,-3.880590498447418213e-01,-1.867499947547912598e+00,6.762177944183349609e-01,5.572459846735000610e-02,-1.304107308387756348e+00,1.430091261863708496e-01,-1.012927517294883728e-01,-1.828794777393341064e-01,1.513649076223373413e-01,4.926854372024536133e-01,1.330012083053588867e-01,-7.030823826789855957e-01,-1.745299994945526123e-01,1.167700663208961487e-01,4.915261268615722656e-02,2.271277308464050293e-01,-4.042281582951545715e-02
2.324171543121337891e+00,-2.789980411529541016e+00,9.911444187164306641e-01,-7.693739980459213257e-02,8.372207731008529663e-02,9.602946043014526367e-01,2.547656893730163574e-01,2.965460121631622314e-01,-3.490103185176849365e-01,-1.867499947547912598e+00,6.671454310417175293e-01,8.459646999835968018e-02,-1.352831125259399414e+00,1.471754461526870728e-01,-9.073589742183685303e-02,-2.689715921878814697e-01,3.125417828559875488e-01,5.061399936676025391e-01,4.460233449935913086e-02,-6.315257549285888672e-01,-1.720397472381591797e-01,5.345677956938743591e-02,5.749300122261047363e-02,2.854126989841461182e-01,-3.684340789914131165e-02
2.235248088836669922e+00,-2.722678899765014648e+00,9.833126664161682129e-01,-5.704469233751296997e-02,5.854567885398864746e-02,9.647091627120971680e-01,2.503087818622589111e-01,4.050208330154418945e-01,-3.227995634078979492e-01,-1.785261273384094238e+00,6.250770688056945801e-01,1.472320854663848877e-01,-1.365845203399658203e+00,1.188007369637489319e-01,-1.003022789955139160e-01,-3.401003777980804443e-01,5.026894211769104004e-01,5.061399936676025391e-01,-1.421215198934078217e-02,-5.028721094131469727e-01,-1.745299994945526123e-01,-4.081837087869644165e-02,9.347746521234512329e-02,1.412979066371917725e-01,4.711264371871948242e-02
2.148899316787719727e+00,-2.662044286727905273e+00,9.757658243179321289e-01,-4.573981836438179016e-02,4.638333618640899658e-02,9.658423066139221191e-01,2.508087754249572754e-01,4.227356910705566406e-01,-2.915409803390502930e-01,-1.572250962257385254e+00,5.613286495208740234e-01,2.118349671363830566e-01,-1.399012327194213867e+00,2.678553014993667603e-02,-1.338501572608947754e-01,-3.591270744800567627e-01,6.562372446060180664e-01,5.061399936676025391e-01,-5.980385094881057739e-02,-4.743653535842895508e-01,-1.745299994945526123e-01,-3.609873726963996887e-02,3.045698702335357666e-01,-1.273164898157119751e-01,1.346818804740905762e-01
2.066513776779174805e+00,-2.604768276214599609e+00,9.663087129592895508e-01,-5.909503251314163208e-02,4.868908599019050598e-02,9.664149284362792969e-01,2.453148216009140015e-01,3.851469159126281738e-01,-2.715941071510314941e-01,-1.317614436149597168e+00,4.127094447612762451e-01,2.529881298542022705e-01,-1.429405689239501953e+00,-1.540438532829284668e-01,-1.722909063100814819e-01,-3.428038060665130615e-01,7.569520473480224609e-01,5.046773552894592285e-01,-8.334830403327941895e-02,-4.946446716785430908e-01,-1.745299994945526123e-01,-2.401826716959476471e-02,4.882362484931945801e-01,-2.971948981285095215e-01,1.482183933258056641e-01
1.985716938972473145e+00,-2.542832136154174805e+00,9.710677862167358398e-01,-6.156081333756446838e-02,5.677667632699012756e-02,9.668921232223510742e-01,2.410523891448974609e-01,4.013437330722808838e-01,-2.370473146438598633e-01,-1.106743693351745605e+00,2.947194278240203857e-01,2.731780707836151123e-01,-1.488831043243408203e+00,-3.485149741172790527e-01,-1.796758323907852173e-01,-2.821153998374938965e-01,8.153355121612548828e-01,4.111386537551879883e-01,-7.575061172246932983e-02,-3.897193968296051025e-01,-1.745299994945526123e-01,-5.605549365282058716e-02,4.630356132984161377e-01,-3.299395143985748291e-01,9.625985473394393921e-02
1.902407407760620117e+00,-2.486208677291870117e+00,9.817367196083068848e-01,-6.452766805887222290e-02,5.967818200588226318e-02,9.653029441833496094e-01,2.458960711956024170e-01,4.278616607189178467e-01,-2.159189432859420776e-01,-1.018887758255004883e+00,2.037837952375411987e-01,2.476110607385635376e-01,-1.599285125732421875e+00,-5.130980014801025391e-01,-1.722597628831863403e-01,-2.284857183694839478e-01,7.863434553146362305e-01,2.749215066432952881e-01,-2.997273765504360199e-02,-2.681995630264282227e-01,-1.597499251365661621e-01,-6.127551570534706116e-02,3.974724411964416504e-01,-2.868306338787078857e-01,3.598218783736228943e-02
1.819146513938903809e+00,-2.422712564468383789e+00,9.930968880653381348e-01,-7.460044324398040771e-02,4.999021440744400024e-02,9.638005495071411133e-01,2.510462403297424316e-01,4.672749936580657959e-01,-1.860651671886444092e-01,-1.014077067375183105e+00,1.478950530290603638e-01,2.601518630981445312e-01,-1.723795294761657715e+00,-5.985494256019592285e-01,-8.955267816781997681e-02,-1.855088472366333008e-01,5.907419919967651367e-01,2.286661416292190552e-01,-1.440407149493694305e-02,-1.518408209085464478e-01,-1.083497926592826843e-01,-6.131171435117721558e-02,3.051482737064361572e-01,-1.500555723905563354e-01,-4.758676886558532715e-02
1.734261631965637207e+00,-2.359898090362548828e+00,1.002322316169738770e+00,-8.272013813257217407e-02,4.118492454290390015e-02,9.618394374847412109e-01,2.575384974479675293e-01,5.090184211730957031e-01,-1.614698916673660278e-01,-1.026799798011779785e+00,1.413565129041671753e-01,2.884704470634460449e-01,-1.854495525360107422e+00,-6.292445063591003418e-01,-4.153848066926002502e-02,-2.116959840059280396e-01,3.315482735633850098e-01,2.009629756212234497e-01,2.704753167927265167e-02,-5.103607103228569031e-02,-6.993611156940460205e-02,-8.864075690507888794e-02,2.200765758752822876e-01,4.055678099393844604e-02,-1.190908849239349365e-01
1.644351005554199219e+00,-2.294685363769531250e+00,1.000158905982971191e+00,-8.279417455196380615e-02,3.937856107950210571e-02,9.614182710647583008e-01,2.593632638454437256e-01,5.360710024833679199e-01,-1.344475895166397095e-01,-1.054659962654113770e+00,1.404616832733154297e-01,3.044089078903198242e-01,-1.867499589920043945e+00,-6.504799127578735352e-01,-7.431372534483671188e-03,-2.197978794574737549e-01,1.129788011312484741e-01,2.847009301185607910e-01,7.553898543119430542e-02,2.833528630435466766e-02,-5.434821546077728271e-02,-1.219111755490303040e-01,1.864703893661499023e-01,2.381346076726913452e-01,-1.441357880830764771e-01
1.554774761199951172e+00,-2.229401111602783203e+00,9.957239627838134766e-01,-7.946861535310745239e-02,4.130077734589576721e-02,9.622154235839843750e-01,2.571390569210052490e-01,5.441834926605224609e-01,-1.347167640924453735e-01,-1.090006470680236816e+00,1.953157931566238403e-01,3.043099939823150635e-01,-1.867499947547912598e+00,-6.572920083999633789e-01,4.181098775006830692e-04,-2.716597616672515869e-01,1.636447943747043610e-02,3.731481730937957764e-01,9.297616779804229736e-02,6.537396460771560669e-02,-2.081633172929286957e-02,-5.556382238864898682e-02,2.153061330318450928e-01,3.790975511074066162e-01,-1.160806417465209961e-01
1.465915203094482422e+00,-2.164434194564819336e+00,9.873079657554626465e-01,-6.787195056676864624e-02,8.067186921834945679e-02,9.580574035644531250e-01,2.664796710014343262e-01,5.055902004241943359e-01,-2.182890027761459351e-01,-1.109763860702514648e+00,2.017387300729751587e-01,2.085835039615631104e-01,-1.707184314727783203e+00,-6.420875787734985352e-01,-4.409540817141532898e-02,-2.641919553279876709e-01,2.892958000302314758e-02,4.394681155681610107e-01,7.008905708789825439e-02,4.659149330109357834e-03,-5.054336786270141602e-02,4.876643046736717224e-02,3.794222474098205566e-01,2.883691787719726562e-01,-7.197503000497817993e-02
1.391995429992675781e+00,-2.104964017868041992e+00,9.829680323600769043e-01,-5.285666882991790771e-02,6.356237828731536865e-02,9.563152194023132324e-01,2.804054915904998779e-01,4.691877961158752441e-01,-2.582222819328308105e-01,-1.163599491119384766e+00,2.043253779411315918e-01,1.775772422552108765e-01,-1.412116050720214844e+00,-5.659999847412109375e-01,1.454230491071939468e-02,-2.488180845975875854e-01,1.327096819877624512e-01,1.757812350988388062e-01,-2.928967028856277466e-02,-1.138208061456680298e-01,5.024544894695281982e-02,1.504421830177307129e-01,6.166384816169738770e-01,1.429922878742218018e-01,-5.089453235268592834e-02
1.323073029518127441e+00,-2.042548418045043945e+00,9.715077280998229980e-01,-4.869598522782325745e-02,5.410770699381828308e-02,9.560196995735168457e-01,2.841256856918334961e-01,3.945937752723693848e-01,-3.068306148052215576e-01,-1.231866002082824707e+00,1.953740864992141724e-01,1.242799162864685059e-01,-1.068803548812866211e+00,-5.542016029357910156e-01,3.268300369381904602e-02,-2.373496443033218384e-01,3.047345280647277832e-01,-1.351483352482318878e-02,-9.370380640029907227e-02,-2.951274216175079346e-01,1.479918956756591797e-01,1.846963912248611450e-01,8.420907258987426758e-01,-2.575198188424110413e-02,8.250631392002105713e-03
1.261248588562011719e+00,-1.985301852226257324e+00,9.640318155288696289e-01,-5.445186793804168701e-02,5.921616032719612122e-02,9.570239782333374023e-01,2.786279916763305664e-01,2.944821417331695557e-01,-3.762120604515075684e-01,-1.328412890434265137e+00,2.159124761819839478e-01,7.773426920175552368e-02,-7.954962849617004395e-01,-5.748198032379150391e-01,4.726972430944442749e-03,-2.575270533561706543e-01,4.807421863079071045e-01,-1.490720212459564209e-01,-7.585436105728149414e-02,-4.908345043659210205e-01,1.941373050212860107e-01,1.790980249643325806e-01,9.341930747032165527e-01,-1.288059055805206299e-01,6.501667946577072144e-02
1.198460102081298828e+00,-1.931921124458312988e+00,9.644830822944641113e-01,-5.420166999101638794e-02,6.998753547668457031e-02,9.574841856956481934e-01,2.745686173439025879e-01,2.212979197502136230e-01,-4.693614542484283447e-01,-1.459463953971862793e+00,3.228012025356292725e-01,3.736833855509757996e-02,-7.119888067245483398e-01,-5.480300784111022949e-01,-3.080250509083271027e-02,-2.690646946430206299e-01,5.891856551170349121e-01,-2.458125948905944824e-01,-3.068426996469497681e-02,-6.373535990715026855e-01,1.858789026737213135e-01,1.671415716409683228e-01,9.015974998474121094e-01,-2.142537981271743774e-01,1.140268445014953613e-01
1.136730074882507324e+00,-1.874341964721679688e+00,9.640045166015625000e-01,-6.334419548511505127e-02,6.994635611772537231e-02,9.546350240707397461e-01,2.824305593967437744e-01,1.667623668909072876e-01,-5.145151019096374512e-01,-1.644073963165283203e+00,4.557568728923797607e-01,4.876885935664176941e-02,-7.537820935249328613e-01,-4.925912320613861084e-01,-1.850232109427452087e-02,-2.706120908260345459e-01,6.234484314918518066e-01,-3.203106522560119629e-01,8.231913670897483826e-03,-7.388802766799926758e-01,1.961775422096252441e-01,1.538320183753967285e-01,7.585885524749755859e-01,-2.247478812932968140e-01,8.769623935222625732e-02
1.074815988540649414e+00,-1.814718008041381836e+00,9.570088386535644531e-01,-8.011805266141891479e-02,6.268668919801712036e-02,9.536930322647094727e-01,2.830567359924316406e-01,1.378393471240997314e-01,-5.506291985511779785e-01,-1.821787953376770020e+00,5.573803186416625977e-01,6.911089271306991577e-02,-8.108148574829101562e-01,-4.191921055316925049e-01,2.006227895617485046e-02,-2.854796051979064941e-01,6.208678483963012695e-01,-4.099273681640625000e-01,3.040540777146816254e-02,-7.998591065406799316e-01,1.731842756271362305e-01,4.881265759468078613e-02,4.890157580375671387e-01,-6.398206204175949097e-02,1.223862543702125549e-02
1.008404135704040527e+00,-1.755748629570007324e+00,9.442096948623657227e-01,-9.033951908349990845e-02,6.394006311893463135e-02,9.553158283233642578e-01,2.740842103958129883e-01,1.090926378965377808e-01,-5.763518810272216797e-01,-1.867499828338623047e+00,6.152032017707824707e-01,7.629053294658660889e-02,-8.719537258148193359e-01,-3.408274650573730469e-01,3.824585303664207458e-02,-3.039668500423431396e-01,6.245156526565551758e-01,-4.772619307041168213e-01,4.013033583760261536e-02,-8.293932080268859863e-01,1.309391409158706665e-01,-9.027703851461410522e-02,2.651913762092590332e-01,7.153153419494628906e-02,-5.209140852093696594e-02
9.406722187995910645e-01,-1.697159409523010254e+00,9.243616461753845215e-01,-9.514864534139633179e-02,7.148718088865280151e-02,9.547075629234313965e-01,2.727082669734954834e-01,1.390553861856460571e-01,-5.840218663215637207e-01,-1.867499947547912598e+00,6.372284889221191406e-01,9.647551178932189941e-02,-9.485455155372619629e-01,-3.016874492168426514e-01,3.978317975997924805e-02,-2.896442711353302002e-01,6.731799244880676270e-01,-4.234013259410858154e-01,4.796571284532546997e-02,-8.516418337821960449e-01,1.108212992548942566e-01,-1.389967054128646851e-01,2.478905320167541504e-01,1.470803916454315186e-01,-5.768553540110588074e-02
8.748652338981628418e-01,-1.642235159873962402e+00,8.994778990745544434e-01,-8.251905441284179688e-02,9.221714735031127930e-02,9.528149366378784180e-01,2.771827280521392822e-01,2.653413116931915283e-01,-5.989073514938354492e-01,-1.855623960494995117e+00,6.307954788208007812e-01,9.325654059648513794e-02,-1.024854660034179688e+00,-3.282231688499450684e-01,1.884312927722930908e-02,-2.143664807081222534e-01,8.147967457771301270e-01,-3.371233344078063965e-01,5.288879945874214172e-02,-8.639791607856750488e-01,4.968336597084999084e-02,-1.547690033912658691e-01,4.310840964317321777e-01,1.807157136499881744e-02,2.697746502235531807e-03
8.178251385688781738e-01,-1.590111136436462402e+00,8.686940670013427734e-01,-9.984990954399108887e-02,9.634632617235183716e-02,9.499145150184631348e-01,2.800174653530120850e-01,3.110283911228179932e-01,-5.083484053611755371e-01,-1.673993468284606934e+00,5.359228253364562988e-01,1.737950444221496582e-01,-1.092439413070678711e+00,-4.641894698143005371e-01,5.633759871125221252e-02,-1.501254141330718994e-01,9.726365804672241211e-01,-2.909430861473083496e-01,3.175706416368484497e-02,-1.011676073074340820e+00,4.337608441710472107e-02,-1.596574336290359497e-01,7.661297917366027832e-01,-1.816233843564987183e-01,5.484020337462425232e-02
7.681498527526855469e-01,-1.535506129264831543e+00,8.453711867332458496e-01,-9.879922121763229370e-02,1.158191114664077759e-01,9.406917691230773926e-01,3.031891286373138428e-01,4.076345264911651611e-01,-4.514818191528320312e-01,-1.449385523796081543e+00,4.527748525142669678e-01,2.074927091598510742e-01,-1.161854028701782227e+00,-6.413123011589050293e-01,-2.130657434463500977e-02,-1.538317203521728516e-01,1.176728129386901855e+00,-2.743001580238342285e-01,-7.761201262474060059e-02,-1.015013337135314941e+00,7.976682484149932861e-02,-1.135163605213165283e-01,9.171671271324157715e-01,-3.180724978446960449e-01,4.038920253515243530e-02
7.230274081230163574e-01,-1.481697201728820801e+00,8.275451064109802246e-01,-1.145349517464637756e-01,1.223030835390090942e-01,9.315089583396911621e-01,3.228230476379394531e-01,4.767255783081054688e-01,-3.914270997047424316e-01,-1.254033803939819336e+00,3.132706880569458008e-01,2.704626023769378662e-01,-1.215257167816162109e+00,-8.577450513839721680e-01,-8.907747268676757812e-02,-1.786298006772994995e-01,1.324441075325012207e+00,-2.940520942211151123e-01,-1.552915424108505249e-01,-1.015394091606140137e+00,1.446377485990524292e-01,-9.369096159934997559e-02,1.023549914360046387e+00,-4.274968802928924561e-01,-1.321079488843679428e-02
6.821165680885314941e-01,-1.418227434158325195e+00,8.208977580070495605e-01,-1.242997199296951294e-01,1.277512609958648682e-01,9.247078895568847656e-01,3.363695442676544189e-01,5.684209465980529785e-01,-3.446721136569976807e-01,-1.147850513458251953e+00,1.919420510530471802e-01,2.718290686607360840e-01,-1.326818227767944336e+00,-1.033792972564697266e+00,-1.692291647195816040e-01,-2.179968506097793579e-01,1.381701707839965820e+00,-3.273481428623199463e-01,-1.773788034915924072e-01,-9.526724219322204590e-01,2.168176472187042236e-01,-6.103015691041946411e-02,1.041252970695495605e+00,-5.159260630607604980e-01,-6.859450787305831909e-02
6.412612795829772949e-01,-1.344580769538879395e+00,8.296985030174255371e-01,-1.303238868713378906e-01,1.358598619699478149e-01,9.140506386756896973e-01,3.592621088027954102e-01,6.568132638931274414e-01,-3.224637806415557861e-01,-1.126134395599365234e+00,1.457190066576004028e-01,2.860516011714935303e-01,-1.524722099304199219e+00,-1.168578267097473145e+00,-2.029153406620025635e-01,-2.299674004316329956e-01,1.353594422340393066e+00,-3.561012148857116699e-01,-1.435026824474334717e-01,-8.119437694549560547e-01,2.843336760997772217e-01,-4.053334239870309830e-03,9.651851058006286621e-01,-5.597796440124511719e-01,-1.225860416889190674e-01
6.004511117935180664e-01,-1.259822607040405273e+00,8.515744209289550781e-01,-1.305901259183883667e-01,1.378581225872039795e-01,9.007633924484252930e-01,3.905977606773376465e-01,6.970601677894592285e-01,-2.490991503000259399e-01,-1.107870817184448242e+00,1.581733673810958862e-01,3.131220340728759766e-01,-1.717794537544250488e+00,-1.226451158523559570e+00,-1.964689791202545166e-01,-2.522554993629455566e-01,1.245672583580017090e+00,-3.533353209495544434e-01,-9.069668501615524292e-02,-5.964574813842773438e-01,3.268442749977111816e-01,5.621461570262908936e-02,7.986158132553100586e-01,-5.138114690780639648e-01,-1.764442473649978638e-01
5.619896650314331055e-01,-1.165813088417053223e+00,8.797901272773742676e-01,-1.285640448331832886e-01,1.393697112798690796e-01,8.889067769050598145e-01,4.170037508010864258e-01,7.078552246093750000e-01,-1.829416453838348389e-01,-1.090287804603576660e+00,2.173555344343185425e-01,3.394764363765716553e-01,-1.846886277198791504e+00,-1.216228008270263672e+00,-2.045012414455413818e-01,-3.134029209613800049e-01,1.085087656974792480e+00,-3.396099507808685303e-01,-2.974800951778888702e-02,-3.566070795059204102e-01,3.237579464912414551e-01,7.241015136241912842e-02,5.361776351928710938e-01,-2.830210924148559570e-01,-2.178200483322143555e-01
5.248807668685913086e-01,-1.071924090385437012e+00,9.038634896278381348e-01,-1.312806755304336548e-01,1.357156783342361450e-01,8.796965479850769043e-01,4.364408850669860840e-01,6.564543247222900391e-01,-1.437408030033111572e-01,-1.061994671821594238e+00,2.659771740436553955e-01,3.836146593093872070e-01,-1.867499947547912598e+00,-1.175285458564758301e+00,-1.985318958759307861e-01,-3.911872506141662598e-01,9.112138152122497559e-01,-2.871869206428527832e-01,2.658256795257329941e-03,-1.201972737908363342e-01,3.242431581020355225e-01,9.389764815568923950e-02,2.068732231855392456e-01,1.354419738054275513e-01,-2.420938462018966675e-01
4.895984828472137451e-01,-9.755651354789733887e-01,9.173259139060974121e-01,-1.254329085350036621e-01,1.333972364664077759e-01,8.743081688880920410e-01,4.495075047016143799e-01,6.118069887161254883e-01,-1.317001730203628540e-01,-1.082734584808349609e+00,3.513559997081756592e-01,4.302966594696044922e-01,-1.861042261123657227e+00,-1.124611735343933105e+00,-2.092988342046737671e-01,-4.639503657817840576e-01,8.248718380928039551e-01,-2.710213959217071533e-01,2.055676840245723724e-02,-1.729784719645977020e-02,3.121061027050018311e-01,3.467896953225135803e-02,1.129142194986343384e-01,3.499637842178344727e-01,-1.592338085174560547e-01
4.575195014476776123e-01,-8.734273910522460938e-01,9.311447739601135254e-01,-9.579659998416900635e-02,1.540472507476806641e-01,8.653429150581359863e-01,4.671981334686279297e-01,6.144168376922607422e-01,-1.770071089267730713e-01,-1.164905905723571777e+00,4.684455990791320801e-01,4.480360746383666992e-01,-1.800111174583435059e+00,-1.028782606124877930e+00,-2.721674740314483643e-01,-5.405433773994445801e-01,8.111385107040405273e-01,-3.120422959327697754e-01,-1.299741957336664200e-02,2.891726978123188019e-02,2.418554872274398804e-01,2.214928716421127319e-02,1.900450885295867920e-01,3.017992377281188965e-01,-1.007053926587104797e-01
4.306611120700836182e-01,-7.695755362510681152e-01,9.329764842987060547e-01,-8.008421957492828369e-02,1.803665608167648315e-01,8.435851931571960449e-01,4.994181394577026367e-01,5.608907938003540039e-01,-2.550412416458129883e-01,-1.236089825630187988e+00,5.136370658874511719e-01,4.095057547092437744e-01,-1.641081571578979492e+00,-9.474653601646423340e-01,-2.507828474044799805e-01,-5.457037687301635742e-01,7.818046212196350098e-01,-3.084307610988616943e-01,-8.188016712665557861e-02,2.228618040680885315e-02,1.534527987241744995e-01,-7.456945255398750305e-03,3.090659677982330322e-01,2.968550026416778564e-01,-9.386788308620452881e-02
4.104773700237274170e-01,-6.640223860740661621e-01,9.270635843276977539e-01,-7.418445497751235962e-02,2.039337307214736938e-01,8.219224810600280762e-01,5.266413688659667969e-01,4.586865305900573730e-01,-2.964112162590026855e-01,-1.298671126365661621e+00,5.292016267776489258e-01,3.588519990444183350e-01,-1.419773459434509277e+00,-8.828620314598083496e-01,-2.049430310726165771e-01,-5.134769678115844727e-01,8.264235258102416992e-01,-4.599981606006622314e-01,-1.722370535135269165e-01,-9.346923232078552246e-02,8.729894459247589111e-02,-3.951811790466308594e-02,5.383348464965820312e-01,2.897153794765472412e-01,-1.042910888791084290e-01
3.961115181446075439e-01,-5.643083453178405762e-01,9.153366088867187500e-01,-8.019649982452392578e-02,2.245444059371948242e-01,8.055335283279418945e-01,5.424610972404479980e-01,3.208374679088592529e-01,-3.449244499206542969e-01,-1.404448032379150391e+00,5.602636337280273438e-01,3.290702998638153076e-01,-1.224635004997253418e+00,-8.375117182731628418e-01,-1.545912623405456543e-01,-4.505048394203186035e-01,8.569591641426086426e-01,-6.018980741500854492e-01,-2.286088913679122925e-01,-3.394900858402252197e-01,6.403515487909317017e-02,-3.380671888589859009e-02,8.716173171997070312e-01,2.614341080188751221e-01,-5.703919008374214172e-02
3.853567838668823242e-01,-4.654919505119323730e-01,9.047623276710510254e-01,-8.699074387550354004e-02,2.422349750995635986e-01,7.902850508689880371e-01,5.560615062713623047e-01,2.012382000684738159e-01,-3.934080004692077637e-01,-1.575087547302246094e+00,6.246937513351440430e-01,3.150738179683685303e-01,-1.111982941627502441e+00,-7.629227638244628906e-01,-1.271064877510070801e-01,-4.343714118003845215e-01,8.505260944366455078e-01,-7.109862565994262695e-01,-2.290395647287368774e-01,-6.161363720893859863e-01,6.803416460752487183e-02,-3.484482178464531898e-03,1.131542801856994629e+00,2.254532575607299805e-01,2.668243274092674255e-02
3.780515193939208984e-01,-3.588066995143890381e-01,9.087467789649963379e-01,-8.779361099004745483e-02,2.559187114238739014e-01,7.800973653793334961e-01,5.641329884529113770e-01,1.181478351354598999e-01,-4.118362963199615479e-01,-1.762224912643432617e+00,7.075290083885192871e-01,3.083938658237457275e-01,-1.131998777389526367e+00,-6.177088022232055664e-01,-9.610278904438018799e-02,-4.131377041339874268e-01,7.413361668586730957e-01,-7.385812401771545410e-01,-1.614044159650802612e-01,-8.568115234375000000e-01,4.176672920584678650e-02,1.814611814916133881e-02,1.242341399192810059e+00,1.747602969408035278e-01,9.187325835227966309e-02
3.733163774013519287e-01,-2.429024726152420044e-01,9.235107898712158203e-01,-8.267312496900558472e-02,2.647031247615814209e-01,7.795456051826477051e-01,5.616102814674377441e-01,4.174211248755455017e-02,-4.391465485095977783e-01,-1.867499947547912598e+00,7.896440029144287109e-01,2.951968014240264893e-01,-1.210302114486694336e+00,-4.126637876033782959e-01,-6.722550839185714722e-02,-4.147991538047790527e-01,5.227644443511962891e-01,-5.946403145790100098e-01,-4.727512598037719727e-02,-1.022262096405029297e+00,-4.289735108613967896e-02,2.533298917114734650e-02,1.190263986587524414e+00,1.215144917368888855e-01,1.167169585824012756e-01
3.669605553150177002e-01,-1.270702779293060303e-01,9.373888373374938965e-01,-7.609475404024124146e-02,2.783234119415283203e-01,7.804448604583740234e-01,5.546634197235107422e-01,-4.307742044329643250e-02,-4.657453894615173340e-01,-1.867499947547912598e+00,8.422314524650573730e-01,2.863737344741821289e-01,-1.288748979568481445e+00,-2.292898446321487427e-01,-4.808246344327926636e-02,-3.873115181922912598e-01,2.727670967578887939e-01,-2.501917779445648193e-01,6.693009287118911743e-02,-1.130031704902648926e+00,-1.649369150400161743e-01,3.425024822354316711e-02,1.017094612121582031e+00,9.514084458351135254e-02,1.089576333761215210e-01
3.607073426246643066e-01,-1.508687250316143036e-02,9.382338523864746094e-01,-7.090914994478225708e-02,2.935777306556701660e-01,7.454978823661804199e-01,5.941522717475891113e-01,-6.099632382392883301e-02,-5.033211708068847656e-01,-1.867499947547912598e+00,8.676617741584777832e-01,2.069228589534759521e-01,-1.327608108520507812e+00,-1.368823796510696411e-01,-5.808476358652114868e-02,-2.093260735273361206e-01,1.617515087127685547e-01,1.764776706695556641e-01,1.465298384428024292e-01,-1.210847258567810059e+00,-1.745299994945526123e-01,9.797952324151992798e-02,8.344610929489135742e-01,5.573195964097976685e-02,5.518833175301551819e-02
3.635678589344024658e-01,1.028007864952087402e-01,9.416439533233642578e-01,-7.092119008302688599e-02,2.947247922420501709e-01,7.207567095756530762e-01,6.233917474746704102e-01,-4.034819081425666809e-02,-5.246123671531677246e-01,-1.867499947547912598e+00,8.461182713508605957e-01,1.544133126735687256e-01,-1.346953392028808594e+00,-6.063092499971389771e-02,-5.913907662034034729e-02,-9.198769927024841309e-02,1.484524905681610107e-01,3.645584583282470703e-01,1.291508823633193970e-01,-1.262005329132080078e+00,-1.745299994945526123e-01,9.266351163387298584e-02,6.841040849685668945e-01,-2.875077724456787109e-02,3.031986299902200699e-03
3.677406013011932373e-01,2.311208695173263550e-01,9.448368549346923828e-01,-6.901948153972625732e-02,2.938164770603179932e-01,7.202728986740112305e-01,6.245919466018676758e-01,6.408607214689254761e-02,-5.394084453582763672e-01,-1.867499947547912598e+00,7.873683571815490723e-01,9.597056359052658081e-02,-1.384466767311096191e+00,3.251073136925697327e-02,-6.541681289672851562e-02,-1.498822867870330811e-01,1.476334184408187866e-01,4.371021687984466553e-01,9.798710048198699951e-02,-1.227364778518676758e+00,-1.745299994945526123e-01,1.605339795351028442e-01,5.637938380241394043e-01,-9.055932611227035522e-02,-3.130110725760459900e-02
3.717269003391265869e-01,3.676538169384002686e-01,9.321691989898681641e-01,-6.743016839027404785e-02,2.740945816040039062e-01,7.177149057388305664e-01,6.365615725517272949e-01,2.380022257566452026e-01,-5.675840377807617188e-01,-1.867499947547912598e+00,7.273921966552734375e-01,7.192073762416839600e-02,-1.408591628074645996e+00,6.064200773835182190e-02,-6.395573168992996216e-02,-2.080714106559753418e-01,3.094456195831298828e-01,5.057748556137084961e-01,2.658000402152538300e-02,-1.140617609024047852e+00,-1.745299994945526123e-01,1.655390113592147827e-01,5.595769286155700684e-01,-7.719187438488006592e-02,-4.156149178743362427e-02
3.758847415447235107e-01,5.019822120666503906e-01,9.187465906143188477e-01,-6.380641460418701172e-02,2.441942393779754639e-01,7.163348793983459473e-01,6.505092382431030273e-01,4.368935823440551758e-01,-5.694035887718200684e-01,-1.867499947547912598e+00,6.667026281356811523e-01,8.515138179063796997e-02,-1.439356923103332520e+00,-1.220780611038208008e-02,-1.087746843695640564e-01,-2.904482483863830566e-01,6.217120289802551270e-01,5.061399936676025391e-01,-6.705000251531600952e-02,-1.046672701835632324e+00,-1.745299994945526123e-01,1.251484453678131104e-01,7.086542844772338867e-01,-2.507224380970001221e-01,8.174315840005874634e-02
3.736025691032409668e-01,6.291620731353759766e-01,9.069663286209106445e-01,-6.882352381944656372e-02,2.345837205648422241e-01,7.174544930458068848e-01,6.522981524467468262e-01,5.215806961059570312e-01,-5.270593166351318359e-01,-1.742200255393981934e+00,5.603894591331481934e-01,1.253875195980072021e-01,-1.491452813148498535e+00,-2.187983691692352295e-01,-2.026510387659072876e-01,-3.191449642181396484e-01,9.659997224807739258e-01,4.653489291667938232e-01,-1.233080774545669556e-01,-9.806081056594848633e-01,-1.745299994945526123e-01,9.678316861391067505e-02,8.476566672325134277e-01,-4.196400642395019531e-01,1.382833272218704224e-01
3.810998201370239258e-01,7.490794658660888672e-01,9.019234180450439453e-01,-7.629528641700744629e-02,2.326134741306304932e-01,7.122671008110046387e-01,6.578340530395507812e-01,5.387594699859619141e-01,-4.596597254276275635e-01,-1.519354343414306641e+00,4.227057099342346191e-01,1.693381071090698242e-01,-1.538977265357971191e+00,-4.779331088066101074e-01,-2.469576150178909302e-01,-2.676323056221008301e-01,1.192416429519653320e+00,4.415163397789001465e-01,-1.193569824099540710e-01,-8.674336075782775879e-01,-1.489650160074234009e-01,6.524185836315155029e-02,8.619765043258666992e-01,-5.009721517562866211e-01,1.089795380830764771e-01
3.928855955600738525e-01,8.728883266448974609e-01,9.130422472953796387e-01,-8.589125424623489380e-02,2.208442389965057373e-01,7.064821124076843262e-01,6.668834686279296875e-01,5.731536746025085449e-01,-3.664391040802001953e-01,-1.392378687858581543e+00,3.077242672443389893e-01,1.987338215112686157e-01,-1.637402176856994629e+00,-7.023375630378723145e-01,-2.527300715446472168e-01,-2.423585653305053711e-01,1.263394236564636230e+00,3.344511389732360840e-01,-9.371963888406753540e-02,-6.791731715202331543e-01,-1.021582409739494324e-01,2.483979985117912292e-02,7.650209069252014160e-01,-5.210251212120056152e-01,4.079055413603782654e-02
4.103628695011138916e-01,1.004868149757385254e+00,9.322918057441711426e-01,-9.825086593627929688e-02,2.078181058168411255e-01,6.956839561462402344e-01,6.805749535560607910e-01,6.399197578430175781e-01,-3.449538052082061768e-01,-1.359696507453918457e+00,2.367286235094070435e-01,2.334789633750915527e-01,-1.763907790184020996e+00,-8.589510321617126465e-01,-1.998837143182754517e-01,-2.253601700067520142e-01,1.172810316085815430e+00,2.467719316482543945e-01,-7.114971429109573364e-02,-4.470127820968627930e-01,-4.584561288356781006e-02,-1.979730278253555298e-02,5.532566905021667480e-01,-3.753412663936614990e-01,-4.186326265335083008e-02
4.334549009799957275e-01,1.136427998542785645e+00,9.523282647132873535e-01,-1.142894327640533447e-01,1.838385462760925293e-01,6.877425909042358398e-01,6.929296255111694336e-01,7.114416956901550293e-01,-2.807690203189849854e-01,-1.333096623420715332e+00,1.997317671775817871e-01,2.814323902130126953e-01,-1.867497682571411133e+00,-9.395237565040588379e-01,-1.037100404500961304e-01,-2.213023453950881958e-01,9.771079421043395996e-01,1.670611798763275146e-01,-1.824172586202621460e-02,-2.118994593620300293e-01,2.857830934226512909e-02,-7.992070913314819336e-02,2.962142527103424072e-01,-6.167623400688171387e-02,-1.204251125454902649e-01
4.563529193401336670e-01,1.264191627502441406e+00,9.636431336402893066e-01,-1.289287507534027100e-01,1.529387831687927246e-01,6.806901097297668457e-01,7.047325968742370605e-01,7.589766979217529297e-01,-2.183891534805297852e-01,-1.310348868370056152e+00,1.474690437316894531e-01,3.492731750011444092e-01,-1.867499947547912598e+00,-9.683265089988708496e-01,-2.483758889138698578e-02,-2.366773337125778198e-01,7.320457696914672852e-01,9.497836232185363770e-02,1.474028639495372772e-02,-4.469931125640869141e-02,1.039770841598510742e-01,-1.126227974891662598e-01,1.701257973909378052e-01,1.920548379421234131e-01,-1.627682894468307495e-01
4.781408309936523438e-01,1.393783450126647949e+00,9.717564582824707031e-01,-1.262723058462142944e-01,1.380115300416946411e-01,6.711504459381103516e-01,7.173320055007934570e-01,7.795791029930114746e-01,-2.029042392969131470e-01,-1.314737439155578613e+00,1.430482417345046997e-01,3.910476863384246826e-01,-1.867499947547912598e+00,-9.525386691093444824e-01,8.137211203575134277e-03,-2.388851493597030640e-01,4.631822705268859863e-01,1.654513739049434662e-02,2.566524222493171692e-02,8.107989281415939331e-02,1.291413903236389160e-01,-4.591338336467742920e-02,1.464514881372451782e-01,2.881620824337005615e-01,-1.124274730682373047e-01
4.978902041912078857e-01,1.524658441543579102e+00,9.713836908340454102e-01,-1.135593652725219727e-01,1.346920877695083618e-01,6.567125916481018066e-01,7.332741022109985352e-01,7.631458044052124023e-01,-2.022658288478851318e-01,-1.322599649429321289e+00,2.068382650613784790e-01,4.045302867889404297e-01,-1.867499947547912598e+00,-9.025984406471252441e-01,2.097558602690696716e-02,-2.401994317770004272e-01,2.621998488903045654e-01,2.067593671381473541e-02,3.426900506019592285e-02,1.495423316955566406e-01,1.137889996170997620e-01,4.818196222186088562e-02,2.295492738485336304e-01,3.477900624275207520e-01,-9.479273110628128052e-02
5.197491645812988281e-01,1.659139752388000488e+00,9.616300463676452637e-01,-9.252115339040756226e-02,1.464460641145706177e-01,6.436526179313659668e-01,7.454560399055480957e-01,6.817737817764282227e-01,-2.268592566251754761e-01,-1.292251467704772949e+00,3.134731054306030273e-01,3.879386484622955322e-01,-1.867499947547912598e+00,-8.597722053527832031e-01,8.810465224087238312e-03,-2.189735472202301025e-01,2.536506354808807373e-01,5.504935979843139648e-02,1.185418013483285904e-02,1.026301607489585876e-01,7.627728581428527832e-02,1.043786779046058655e-01,4.556380212306976318e-01,4.033488631248474121e-01,-5.413921549916267395e-02
5.427673459053039551e-01,1.789443135261535645e+00,9.472855925559997559e-01,-7.875551283359527588e-02,1.462920606136322021e-01,6.394692659378051758e-01,7.506498694419860840e-01,5.988705158233642578e-01,-2.433690875768661499e-01,-1.309112310409545898e+00,4.159932136535644531e-01,3.765632212162017822e-01,-1.807999134063720703e+00,-8.410512208938598633e-01,7.757586427032947540e-03,-2.139053791761398315e-01,4.544759988784790039e-01,-1.030655503273010254e-01,-1.364368945360183716e-01,-7.618265599012374878e-02,1.230254992842674255e-01,1.759614646434783936e-01,8.537813425064086914e-01,3.944005072116851807e-01,1.779025420546531677e-02
5.684818625450134277e-01,1.910838961601257324e+00,9.278556704521179199e-01,-7.363531738519668579e-02,1.572381258010864258e-01,6.399984955787658691e-01,7.485024929046630859e-01,5.037776231765747070e-01,-2.724918425083160400e-01,-1.387872457504272461e+00,4.599500298500061035e-01,3.527809083461761475e-01,-1.643205523490905762e+00,-8.544425964355468750e-01,-2.039601840078830719e-02,-2.043015211820602417e-01,6.930978298187255859e-01,-2.942816615104675293e-01,-2.082096785306930542e-01,-3.456629514694213867e-01,1.738898605108261108e-01,1.779241412878036499e-01,1.228124856948852539e+00,3.534242808818817139e-01,8.362957835197448730e-02
5.893471240997314453e-01,2.029327869415283203e+00,9.272938370704650879e-01,-6.999249756336212158e-02,1.699599921703338623e-01,6.419830918312072754e-01,7.443603873252868652e-01,4.039033949375152588e-01,-3.067423403263092041e-01,-1.503518223762512207e+00,4.988093376159667969e-01,3.054095208644866943e-01,-1.494683027267456055e+00,-7.707266211509704590e-01,-4.837664216756820679e-02,-1.980363428592681885e-01,7.509557008743286133e-01,-4.379494190216064453e-01,-1.908380538225173950e-01,-6.106837391853332520e-01,1.393865048885345459e-01,1.519561558961868286e-01,1.400512814521789551e+00,3.240951001644134521e-01,7.446706295013427734e-02
6.105836033821105957e-01,2.149909019470214844e+00,9.444246888160705566e-01,-6.196125969290733337e-02,1.853067427873611450e-01,6.535263061523437500e-01,7.312493324279785156e-01,3.249991536140441895e-01,-3.272638618946075439e-01,-1.640662074089050293e+00,5.571832060813903809e-01,2.445115000009536743e-01,-1.458453416824340820e+00,-6.136804223060607910e-01,-8.986388146877288818e-02,-2.061240226030349731e-01,6.800981163978576660e-01,-4.583953022956848145e-01,-1.318690627813339233e-01,-8.310734629631042480e-01,7.559920102357864380e-02,1.589228659868240356e-01,1.411756634712219238e+00,2.634190917015075684e-01,9.147927165031433105e-02
6.328317523002624512e-01,2.271434068679809570e+00,9.748774766921997070e-01,-5.234987661242485046e-02,2.035155743360519409e-01,6.653544902801513672e-01,7.163409590721130371e-01,2.888054847717285156e-01,-3.662094175815582275e-01,-1.825902223587036133e+00,6.180786490440368652e-01,2.059570550918579102e-01,-1.472210407257080078e+00,-4.146777391433715820e-01,-1.174947172403335571e-01,-2.007140070199966431e-01,4.747547209262847900e-01,-2.833468019962310791e-01,-7.198974490165710449e-03,-9.795283079147338867e-01,-3.738936409354209900e-02,1.688886433839797974e-01,1.270179986953735352e+00,1.956883966922760010e-01,9.319557994604110718e-02
6.543314456939697266e-01,2.398526906967163086e+00,9.957082271575927734e-01,-3.414600715041160583e-02,2.244199514389038086e-01,6.739367842674255371e-01,7.030497789382934570e-01,2.120117396116256714e-01,-4.297814071178436279e-01,-1.867498040199279785e+00,6.775281429290771484e-01,1.562684327363967896e-01,-1.470591545104980469e+00,-2.324872761964797974e-01,-1.586243510246276855e-01,-1.853281855583190918e-01,2.766198515892028809e-01,2.247661352157592773e-02,1.154527887701988220e-01,-1.045173406600952148e+00,-1.522337496280670166e-01,1.887945383787155151e-01,1.007888674736022949e+00,1.887408643960952759e-01,7.039283961057662964e-02
6.760132908821105957e-01,2.518430709838867188e+00,1.007236957550048828e+00,-3.302028775215148926e-02,2.287239730358123779e-01,6.612664461135864258e-01,7.136677503585815430e-01,1.476967930793762207e-01,-4.579536616802215576e-01,-1.867499947547912598e+00,7.249146103858947754e-01,9.883055090904235840e-02,-1.466326236724853516e+00,-1.270063519477844238e-01,-1.650961935520172119e-01,-1.261369287967681885e-01,1.937101036310195923e-01,2.577037513256072998e-01,1.830879449844360352e-01,-1.087563872337341309e+00,-1.745021939277648926e-01,2.044757306575775146e-01,7.494098544120788574e-01,2.014023810625076294e-01,4.377041757106781006e-02
7.030021548271179199e-01,2.644376516342163086e+00,1.022240638732910156e+00,-4.784955456852912903e-02,2.232069820165634155e-01,6.403888463973999023e-01,7.333424687385559082e-01,8.040161430835723877e-02,-4.693067371845245361e-01,-1.867499947547912598e+00,7.616590261459350586e-01,5.215426534414291382e-02,-1.480302453041076660e+00,-1.714410446584224701e-02,-1.601014286279678345e-01,-1.473184674978256226e-01,1.415349990129470825e-01,3.178115785121917725e-01,1.520970761775970459e-01,-1.082165718078613281e+00,-1.745299994945526123e-01,1.342073380947113037e-01,4.483657777309417725e-01,2.251010686159133911e-01,-4.528294957708567381e-04
7.350793480873107910e-01,2.775960683822631836e+00,1.027224779129028320e+00,-4.034340381622314453e-02,1.951301246881484985e-01,6.446912288665771484e-01,7.380175590515136719e-01,8.557085692882537842e-02,-4.703564345836639404e-01,-1.867499947547912598e+00,8.934427499771118164e-01,2.700913883745670319e-02,-1.592440724372863770e+00,1.490371227264404297e-01,-1.568980962038040161e-01,-2.796911001205444336e-01,1.446938812732696533e-01,3.457536697387695312e-01,1.234836354851722717e-01,-9.833875894546508789e-01,-1.745299994945526123e-01,7.850497215986251831e-02,1.882058084011077881e-01,1.922878473997116089e-01,-3.818417713046073914e-02
7.609671354293823242e-01,2.911716699600219727e+00,1.015999794006347656e+00,-3.692179545760154724e-02,1.788128912448883057e-01,6.570032835006713867e-01,7.314434051513671875e-01,1.403313875198364258e-01,-4.726319611072540283e-01,-1.867499947547912598e+00,9.031896591186523438e-01,5.580955371260643005e-02,-1.622822284698486328e+00,2.507174611091613770e-01,-1.589514315128326416e-01,-3.879374563694000244e-01,2.260915488004684448e-01,4.175612628459930420e-01,8.728264272212982178e-02,-9.224977493286132812e-01,-1.745299994945526123e-01,1.513973772525787354e-01,1.119266226887702942e-01,1.968602240085601807e-01,-3.693588450551033020e-02
7.851260900497436523e-01,3.049763679504394531e+00,9.955025911331176758e-01,-4.216786473989486694e-02,1.588506251573562622e-01,6.540915966033935547e-01,7.383444905281066895e-01,2.408429384231567383e-01,-4.710207283496856689e-01,-1.867499947547912598e+00,8.947345614433288574e-01,6.251148134469985962e-02,-1.638308286666870117e+00,2.711019217967987061e-01,-1.756539940834045410e-01,-4.087111055850982666e-01,4.040577113628387451e-01,4.855323731899261475e-01,2.501511387526988983e-02,-8.418890237808227539e-01,-1.745299994945526123e-01,9.198443591594696045e-02,1.201644763350486755e-01,2.344967126846313477e-01,-3.501011524349451065e-03
8.130617141723632812e-01,3.173704147338867188e+00,9.798061251640319824e-01,-3.411247953772544861e-02,1.245170533657073975e-01,6.532894968986511230e-01,7.460192441940307617e-01,3.816856443881988525e-01,-4.662491083145141602e-01,-1.867499947547912598e+00,8.705199360847473145e-01,9.807183593511581421e-02,-1.637411236763000488e+00,2.327508926391601562e-01,-2.311105430126190186e-01,-4.416798055171966553e-01,6.898662447929382324e-01,5.054822564125061035e-01,-5.562109500169754028e-02,-7.566955089569091797e-01,-1.745299994945526123e-01,3.850204125046730042e-02,2.973407804965972900e-01,1.543685980141162872e-02,7.885365188121795654e-02
8.296034932136535645e-01,3.292813539505004883e+00,9.603826999664306641e-01,-3.462606668472290039e-02,1.227172240614891052e-01,6.480883359909057617e-01,7.508149147033691406e-01,5.068237185478210449e-01,-4.745631515979766846e-01,-1.862927198410034180e+00,7.668938040733337402e-01,1.353832930326461792e-01,-1.595226049423217773e+00,6.827309727668762207e-02,-3.493084013462066650e-01,-4.375253319740295410e-01,9.886273145675659180e-01,4.841602444648742676e-01,-1.483647376298904419e-01,-7.942139506340026855e-01,-1.745299994945526123e-01,6.213800609111785889e-02,5.692338943481445312e-01,-1.663483977317810059e-01,1.495394259691238403e-01
8.492022752761840820e-01,3.401472568511962891e+00,9.564832448959350586e-01,-4.380393773317337036e-02,1.277087628841400146e-01,6.559162139892578125e-01,7.426611781120300293e-01,4.805230796337127686e-01,-3.973413407802581787e-01,-1.600909233093261719e+00,5.893194675445556641e-01,2.384048402309417725e-01,-1.564672946929931641e+00,-1.842104345560073853e-01,-3.747275471687316895e-01,-3.628474771976470947e-01,1.197923302650451660e+00,4.405344426631927490e-01,-1.406554430723190308e-01,-7.599499821662902832e-01,-1.741528809070587158e-01,4.684950038790702820e-02,6.746163964271545410e-01,-2.777555286884307861e-01,1.361957490444183350e-01
8.752276301383972168e-01,3.510156154632568359e+00,9.708722233772277832e-01,-5.404295027256011963e-02,1.272221207618713379e-01,6.531538367271423340e-01,7.445024847984313965e-01,4.830206930637359619e-01,-3.366083502769470215e-01,-1.439652681350708008e+00,4.769870042800903320e-01,3.053472936153411865e-01,-1.641453266143798828e+00,-4.301938712596893311e-01,-3.552420735359191895e-01,-3.017198145389556885e-01,1.257631897926330566e+00,3.488830924034118652e-01,-1.387886255979537964e-01,-6.189786195755004883e-01,-1.389857083559036255e-01,3.267969191074371338e-02,6.118835210800170898e-01,-3.158423304557800293e-01,8.929062634706497192e-02
8.983016014099121094e-01,3.618608713150024414e+00,9.940761923789978027e-01,-7.056280970573425293e-02,1.168314665555953979e-01,6.460862755775451660e-01,7.509619593620300293e-01,5.153607130050659180e-01,-2.978023290634155273e-01,-1.374237298965454102e+00,3.892775774002075195e-01,3.323079645633697510e-01,-1.735910058021545410e+00,-6.316601634025573730e-01,-3.077700734138488770e-01,-2.897631525993347168e-01,1.201922774314880371e+00,2.005627155303955078e-01,-1.541710644960403442e-01,-4.534621834754943848e-01,-8.334361016750335693e-02,1.759004220366477966e-02,4.931794106960296631e-01,-2.623135745525360107e-01,3.454737365245819092e-02
9.267178177833557129e-01,3.727626800537109375e+00,1.021574974060058594e+00,-8.895479887723922729e-02,1.091294512152671814e-01,6.421795487403869629e-01,7.535139322280883789e-01,5.527763962745666504e-01,-2.533358037471771240e-01,-1.327136635780334473e+00,3.236531317234039307e-01,3.545400500297546387e-01,-1.845469594001770020e+00,-7.501274347305297852e-01,-2.055286169052124023e-01,-2.910202443599700928e-01,9.966046214103698730e-01,1.087693497538566589e-01,-1.243243142962455750e-01,-2.918740808963775635e-01,-2.531601302325725555e-02,1.406504586338996887e-02,3.474034965038299561e-01,-1.362283676862716675e-01,-4.281421750783920288e-02
9.561371207237243652e-01,3.834908962249755859e+00,1.040869951248168945e+00,-1.049985289573669434e-01,9.444653242826461792e-02,6.367577910423278809e-01,7.580202221870422363e-01,5.841431617736816406e-01,-2.056253254413604736e-01,-1.271802902221679688e+00,2.403989881277084351e-01,4.133822917938232422e-01,-1.867499828338623047e+00,-8.000832796096801758e-01,-7.458323240280151367e-02,-2.669007778167724609e-01,6.979717016220092773e-01,6.684990227222442627e-02,-4.608784243464469910e-02,-1.428226381540298462e-01,3.602237626910209656e-02,2.899023331701755524e-02,2.234042882919311523e-01,3.623189777135848999e-02,-1.213216856122016907e-01
9.847261905670166016e-01,3.946605920791625977e+00,1.048842310905456543e+00,-1.081834211945533752e-01,9.368024021387100220e-02,6.341081261634826660e-01,7.598863244056701660e-01,6.150257587432861328e-01,-1.814021170139312744e-01,-1.231391787528991699e+00,1.672361344099044800e-01,4.130898118019104004e-01,-1.867499947547912598e+00,-7.938564419746398926e-01,-6.555251311510801315e-04,-2.368162125349044800e-01,3.297785818576812744e-01,1.513574421405792236e-01,2.683770470321178436e-02,-1.946017704904079437e-02,5.407822504639625549e-02,5.555376410484313965e-02,1.517519056797027588e-01,1.426368653774261475e-01,-1.539617627859115601e-01
1.013863563537597656e+00,4.067767620086669922e+00,1.049142479896545410e+00,-8.856790512800216675e-02,9.324559569358825684e-02,6.351430416107177734e-01,7.616129517555236816e-01,6.595203876495361328e-01,-1.885154545307159424e-01,-1.218491792678833008e+00,1.105133146047592163e-01,4.012632966041564941e-01,-1.867499947547912598e+00,-7.695472836494445801e-01,1.945916004478931427e-02,-1.602195650339126587e-01,5.774803087115287781e-02,2.416695952415466309e-01,1.062575727701187134e-01,1.116445362567901611e-01,6.261808425188064575e-02,2.078151106834411621e-01,1.571134328842163086e-01,1.485424339771270752e-01,-1.193249970674514771e-01
1.045622110366821289e+00,4.187733173370361328e+00,1.041605591773986816e+00,-6.932918727397918701e-02,8.585237711668014526e-02,6.325550675392150879e-01,7.666139006614685059e-01,6.929277181625366211e-01,-2.146271467208862305e-01,-1.205486655235290527e+00,8.911544084548950195e-02,4.064324498176574707e-01,-1.867499947547912598e+00,-7.599872350692749023e-01,2.809462510049343109e-02,-1.236590594053268433e-01,3.350839827831464390e-09,2.406241595745086670e-01,1.055643111467361450e-01,2.074345201253890991e-01,8.990214020013809204e-02,3.312155902385711670e-01,2.413025051355361938e-01,1.517042219638824463e-01,-8.249863237142562866e-02
1.079059600830078125e+00,4.308908939361572266e+00,1.019837856292724609e+00,-5.028216913342475891e-02,9.355188161134719849e-02,6.401430964469909668e-01,7.608788013458251953e-01,6.759787797927856445e-01,-2.492367476224899292e-01,-1.165297746658325195e+00,8.836910128593444824e-02,3.876409530639648438e-01,-1.867499947547912598e+00,-7.183461785316467285e-01,1.161865703761577606e-02,-1.090214103460311890e-01,1.438474282622337341e-02,2.788515388965606689e-01,4.904660582542419434e-02,1.982544511556625366e-01,1.221782043576240540e-01,3.408225178718566895e-01,4.398663043975830078e-01,1.396702677011489868e-01,-3.834252431988716125e-02
1.110882520675659180e+00,4.421394348144531250e+00,9.881458878517150879e-01,-3.441183641552925110e-02,9.110114723443984985e-02,6.539077162742614746e-01,7.502806782722473145e-01,6.397386193275451660e-01,-2.931639850139617920e-01,-1.115770816802978516e+00,1.208774223923683167e-01,3.854037523269653320e-01,-1.867499947547912598e+00,-6.448394060134887695e-01,2.136289328336715698e-02,-5.668061971664428711e-02,6.913950294256210327e-02,2.639899849891662598e-01,2.742721699178218842e-02,1.094752773642539978e-01,1.845042258501052856e-01,3.042027652263641357e-01,7.293716669082641602e-01,1.540310382843017578e-01,-5.438310094177722931e-03
1.132643938064575195e+00,4.529611587524414062e+00,9.543498158454895020e-01,-2.083005197346210480e-02,8.660581707954406738e-02,6.612999439239501953e-01,7.448140382766723633e-01,6.043521761894226074e-01,-3.592800498008728027e-01,-1.094896554946899414e+00,2.371907979249954224e-01,3.863985836505889893e-01,-1.867499947547912598e+00,-5.702930688858032227e-01,2.017546258866786957e-02,-4.597003385424613953e-02,1.430262178182601929e-01,2.001453638076782227e-01,-2.217386849224567413e-03,-9.855695068836212158e-03,2.345764189958572388e-01,2.910695672035217285e-01,9.987778663635253906e-01,1.339095830917358398e-01,4.884113371372222900e-02
1.166498184204101562e+00,4.627837181091308594e+00,9.273393750190734863e-01,-1.942529901862144470e-02,8.547699451446533203e-02,6.723144054412841797e-01,7.350575923919677734e-01,5.417207479476928711e-01,-3.857390284538269043e-01,-1.099180221557617188e+00,3.851994872093200684e-01,3.927585780620574951e-01,-1.867499947547912598e+00,-5.222690701484680176e-01,3.906102851033210754e-02,-5.793304368853569031e-02,2.409973591566085815e-01,1.408284753561019897e-01,-5.957085266709327698e-02,-2.141488194465637207e-01,2.579009830951690674e-01,2.071743160486221313e-01,1.228666424751281738e+00,9.176508337259292603e-02,7.650230079889297485e-02
1.185421228408813477e+00,4.714775562286376953e+00,9.337112307548522949e-01,-1.132118701934814453e-02,9.038103371858596802e-02,6.781885027885437012e-01,7.292211651802062988e-01,4.533350765705108643e-01,-4.319189190864562988e-01,-1.105960726737976074e+00,4.330179989337921143e-01,3.600615561008453369e-01,-1.680218815803527832e+00,-4.750393033027648926e-01,4.609412513673305511e-03,-9.060402214527130127e-02,3.263196647167205811e-01,5.965553596615791321e-02,-4.100137203931808472e-02,-4.064731299877166748e-01,2.054659575223922729e-01,1.706445664167404175e-01,1.295189857482910156e+00,5.187357962131500244e-02,5.530415102839469910e-02
