3.093203544616699219e+00,-3.020910024642944336e+00,9.444479942321777344e-01,-8.453726768493652344e-02,2.337121032178401947e-02,9.251258969306945801e-01,3.693904280662536621e-01,-1.909147799015045166e-01,-7.015542685985565186e-02,-8.261532783508300781e-01,1.456201374530792236e-01,1.290919482707977295e-01,-6.356104016304016113e-01,-6.590439379215240479e-02,-1.789215803146362305e-01,-3.375828564167022705e-01,9.509711861610412598e-01,5.061399936676025391e-01,-9.280233085155487061e-02,-5.876047611236572266e-01,-1.685652136802673340e-02,6.781814992427825928e-02,1.089924052357673645e-01,2.490676790475845337e-01,-1.629458814859390259e-01
3.009315967559814453e+00,-2.960008144378662109e+00,9.314419031143188477e-01,-1.005973592400550842e-01,7.373213022947311401e-02,9.207061529159545898e-01,3.697890937328338623e-01,4.199457764625549316e-01,-3.665461540222167969e-01,-1.641546487808227539e+00,4.870631694793701172e-01,1.080636009573936462e-01,-1.404664754867553711e+00,-3.607855439186096191e-01,-2.514984011650085449e-01,-1.894524097442626953e-01,1.243791580200195312e+00,4.949893057346343994e-01,-2.505813539028167725e-02,-7.044996023178100586e-01,-1.174647361040115356e-01,1.134566292166709900e-01,4.239284098148345947e-01,-1.031168997287750244e-01,9.541001636534929276e-04
2.901124954223632812e+00,-2.888308525085449219e+00,9.161663055419921875e-01,-8.596867322921752930e-02,5.223888158798217773e-02,9.330142140388488770e-01,3.454923033714294434e-01,4.821754992008209229e-01,-2.811359763145446777e-01,-1.430217504501342773e+00,4.905029535293579102e-01,1.890354603528976440e-01,-1.471907138824462891e+00,-4.330563247203826904e-01,-2.384890466928482056e-01,-1.700757443904876709e-01,1.351838707923889160e+00,5.057521462440490723e-01,2.710927743464708328e-03,-6.713054776191711426e-01,-1.374918222427368164e-01,1.157198399305343628e-01,6.687297224998474121e-01,-3.278687596321105957e-01,1.308945119380950928e-01
2.824479818344116211e+00,-2.819833755493164062e+00,9.129739999771118164e-01,-9.896148741245269775e-02,2.842030674219131470e-02,9.305461049079895020e-01,3.514012396335601807e-01,4.797224700450897217e-01,-2.567630708217620850e-01,-1.338446140289306641e+00,4.327042996883392334e-01,2.726610004901885986e-01,-1.531651139259338379e+00,-6.300513148307800293e-01,-1.935085058212280273e-01,-1.438033729791641235e-01,1.400048375129699707e+00,4.650623500347137451e-01,1.231103762984275818e-02,-6.264026165008544922e-01,-7.880871742963790894e-02,9.972921013832092285e-02,7.769110202789306641e-01,-4.681328237056732178e-01,1.182245314121246338e-01
2.745209455490112305e+00,-2.744620561599731445e+00,9.245988130569458008e-01,-1.056700050830841064e-01,1.950738020241260529e-02,9.293804168701171875e-01,3.531364202499389648e-01,5.094603896141052246e-01,-2.344893813133239746e-01,-1.262414693832397461e+00,3.554593324661254883e-01,3.207685053348541260e-01,-1.606384992599487305e+00,-7.677780985832214355e-01,-1.684425175189971924e-01,-1.536034345626831055e-01,1.319357275962829590e+00,3.969971835613250732e-01,2.638187631964683533e-02,-4.997327625751495361e-01,-4.576714709401130676e-02,9.292057156562805176e-02,7.391685843467712402e-01,-4.832955896854400635e-01,6.163914129137992859e-02
2.663454055786132812e+00,-2.662803649902343750e+00,9.466902017593383789e-01,-1.103984266519546509e-01,1.672076806426048279e-02,9.272211194038391113e-01,3.574823737144470215e-01,5.439461469650268555e-01,-2.054459899663925171e-01,-1.192026019096374512e+00,2.955400049686431885e-01,3.715306520462036133e-01,-1.693396687507629395e+00,-8.416555523872375488e-01,-8.119272440671920776e-02,-1.354630440473556519e-01,1.121108531951904297e+00,3.328819572925567627e-01,4.390967637300491333e-02,-3.259776830673217773e-01,-2.392861247062683105e-02,7.779563218355178833e-02,5.860901474952697754e-01,-3.519409298896789551e-01,-4.969402775168418884e-02
2.577742815017700195e+00,-2.583379507064819336e+00,9.695861339569091797e-01,-1.137023866176605225e-01,1.317731756716966629e-02,9.274125695228576660e-01,3.560954928398132324e-01,5.810788273811340332e-01,-1.359559744596481323e-01,-1.089627981185913086e+00,2.721090912818908691e-01,3.711947202682495117e-01,-1.775451660156250000e+00,-8.421308398246765137e-01,1.501407125033438206e-03,-9.611558169126510620e-02,8.346808552742004395e-01,3.112103939056396484e-01,1.212124079465866089e-01,-1.661554425954818726e-01,-1.737248711287975311e-02,1.863699965178966522e-02,4.159866273403167725e-01,-1.108054071664810181e-01,-1.207685694098472595e-01
2.493078947067260742e+00,-2.505321979522705078e+00,9.840354919433593750e-01,-1.165477558970451355e-01,-3.943054936826229095e-03,9.293202161788940430e-01,3.503783643245697021e-01,5.925323367118835449e-01,-8.596404641866683960e-02,-1.034703135490417480e+00,2.814756929874420166e-01,4.193435013294219971e-01,-1.865321040153503418e+00,-8.017440438270568848e-01,6.129336729645729065e-02,-9.878930449485778809e-02,5.172790288925170898e-01,2.826689183712005615e-01,1.669689118862152100e-01,-2.248777635395526886e-02,2.139930799603462219e-02,-4.625208675861358643e-02,2.697556912899017334e-01,1.498532444238662720e-01,-2.015987634658813477e-01
2.406030416488647461e+00,-2.423836469650268555e+00,9.794593453407287598e-01,-1.149173304438591003e-01,-1.190232113003730774e-02,9.317756295204162598e-01,3.441605567932128906e-01,6.087446808815002441e-01,-7.748419046401977539e-02,-1.023263931274414062e+00,2.612158358097076416e-01,4.471643567085266113e-01,-1.867499709129333496e+00,-7.816100120544433594e-01,6.772660464048385620e-02,-1.462415158748626709e-01,2.640121281147003174e-01,3.037155568599700928e-01,1.967668980360031128e-01,7.840477675199508667e-02,6.207052618265151978e-02,-3.809987753629684448e-02,2.242889255285263062e-01,3.395767509937286377e-01,-2.385181039571762085e-01
2.315381765365600586e+00,-2.346395254135131836e+00,9.752574563026428223e-01,-1.074562594294548035e-01,-1.124373637139797211e-02,9.393094778060913086e-01,3.256139159202575684e-01,6.439921855926513672e-01,-3.900983929634094238e-02,-1.007747530937194824e+00,2.451608330011367798e-01,5.031244754791259766e-01,-1.867499947547912598e+00,-7.620428204536437988e-01,5.259547010064125061e-02,-1.461638212203979492e-01,6.959266960620880127e-02,3.482575416564941406e-01,2.695457637310028076e-01,1.805719435214996338e-01,1.175259873270988464e-01,8.782185614109039307e-02,1.892600506544113159e-01,4.470566511154174805e-01,-2.256674617528915405e-01
2.222225666046142578e+00,-2.265896081924438477e+00,9.700751900672912598e-01,-8.598589152097702026e-02,4.886311944574117661e-03,9.378680586814880371e-01,3.361339867115020752e-01,6.724936366081237793e-01,-3.415485471487045288e-02,-9.937311410903930664e-01,2.751262784004211426e-01,5.115105509757995605e-01,-1.867499947547912598e+00,-7.185571193695068359e-01,3.358546644449234009e-02,-1.624132096767425537e-01,6.390955299139022827e-03,3.709600865840911865e-01,2.743516862392425537e-01,2.595121860504150391e-01,1.105732172727584839e-01,2.439734339714050293e-01,2.329478114843368530e-01,3.837230503559112549e-01,-1.676858663558959961e-01
2.132481575012207031e+00,-2.186438798904418945e+00,9.456450939178466797e-01,-7.158976048231124878e-02,4.362022131681442261e-02,9.325747489929199219e-01,3.511075377464294434e-01,6.259230971336364746e-01,-5.913496762514114380e-02,-9.635980129241943359e-01,3.021543323993682861e-01,4.607177078723907471e-01,-1.867499947547912598e+00,-6.970024704933166504e-01,9.691104060038924217e-04,-1.007554903626441956e-01,5.427426472306251526e-02,4.550262987613677979e-01,2.477967292070388794e-01,2.470463067293167114e-01,7.618863135576248169e-02,3.463750183582305908e-01,3.787354528903961182e-01,3.316103518009185791e-01,-9.063448756933212280e-02
2.058507680892944336e+00,-2.119989395141601562e+00,9.355460405349731445e-01,-5.502715706825256348e-02,1.659670285880565643e-02,9.279219508171081543e-01,3.683169782161712646e-01,5.777412652969360352e-01,-7.916072756052017212e-02,-8.900998234748840332e-01,4.548708796501159668e-01,5.150612592697143555e-01,-1.867499947547912598e+00,-6.264508962631225586e-01,7.647652924060821533e-02,-1.043569445610046387e-01,1.911920905113220215e-01,1.575058847665786743e-01,1.096725091338157654e-01,1.966234594583511353e-01,1.631108969449996948e-01,4.255601763725280762e-01,6.026663184165954590e-01,3.163425922393798828e-01,-3.169156610965728760e-02
1.990663528442382812e+00,-2.045411825180053711e+00,9.204018115997314453e-01,-5.583004653453826904e-02,-2.459533279761672020e-03,9.290628433227539062e-01,3.656762838363647461e-01,5.185334086418151855e-01,-1.084338277578353882e-01,-8.953050374984741211e-01,5.490944385528564453e-01,5.492087602615356445e-01,-1.791667938232421875e+00,-6.491824388504028320e-01,1.105847433209419250e-01,-1.408911049365997314e-01,4.424321055412292480e-01,-8.898716419935226440e-02,-4.288969933986663818e-02,2.922141551971435547e-02,2.728912234306335449e-01,3.861851692199707031e-01,8.837420940399169922e-01,2.305077016353607178e-01,-3.413206664845347404e-03
1.923546910285949707e+00,-1.977749705314636230e+00,9.108973741531372070e-01,-6.344364583492279053e-02,9.082930046133697033e-04,9.303677678108215332e-01,3.610954582691192627e-01,4.076749682426452637e-01,-1.124974638223648071e-01,-9.147512316703796387e-01,5.232215523719787598e-01,4.910479485988616943e-01,-1.520098567008972168e+00,-6.687550544738769531e-01,1.084178909659385681e-01,-1.376623660326004028e-01,6.246634721755981445e-01,-2.534802556037902832e-01,-8.848941326141357422e-02,-1.998805403709411621e-01,3.123865425586700439e-01,3.122629821300506592e-01,1.082523584365844727e+00,1.334143579006195068e-01,2.663402073085308075e-02
1.854521632194519043e+00,-1.917008876800537109e+00,9.117035865783691406e-01,-6.690705567598342896e-02,1.233185082674026489e-02,9.310522675514221191e-01,3.584871888160705566e-01,3.033749163150787354e-01,-1.605676561594009399e-01,-1.012784481048583984e+00,5.176131129264831543e-01,4.290564656257629395e-01,-1.279184937477111816e+00,-6.328313946723937988e-01,8.297987282276153564e-02,-1.340377926826477051e-01,7.177911400794982910e-01,-3.778545856475830078e-01,-8.424822241067886353e-02,-4.237506389617919922e-01,3.064720630645751953e-01,2.657063901424407959e-01,1.190529465675354004e+00,-1.308134384453296661e-02,9.287118166685104370e-02
1.790690302848815918e+00,-1.857387065887451172e+00,9.216125607490539551e-01,-7.517842948436737061e-02,2.768371812999248505e-02,9.337241053581237793e-01,3.489142358303070068e-01,2.080773562192916870e-01,-1.696064323186874390e-01,-1.170414209365844727e+00,5.490714907646179199e-01,3.855885267257690430e-01,-1.202398538589477539e+00,-5.571647882461547852e-01,5.762020125985145569e-02,-1.301328390836715698e-01,7.074164748191833496e-01,-4.316138029098510742e-01,-6.807890534400939941e-02,-6.033715009689331055e-01,2.646029591560363770e-01,2.474277168512344360e-01,1.130428791046142578e+00,-4.491192474961280823e-02,1.887183040380477905e-01
1.722890973091125488e+00,-1.798001408576965332e+00,9.444027543067932129e-01,-8.058752119541168213e-02,4.676540940999984741e-02,9.372804760932922363e-01,3.358927369117736816e-01,1.450759023427963257e-01,-1.933627575635910034e-01,-1.338040590286254883e+00,5.991708636283874512e-01,3.626925945281982422e-01,-1.194714784622192383e+00,-4.349726438522338867e-01,2.198622375726699829e-02,-1.216743141412734985e-01,6.088123321533203125e-01,-4.066545069217681885e-01,2.064925851300358772e-03,-7.396951317787170410e-01,1.709578186273574829e-01,2.178653180599212646e-01,1.016089677810668945e+00,-2.078552544116973877e-01,1.480817943811416626e-01
1.649659991264343262e+00,-1.738698363304138184e+00,9.711734652519226074e-01,-8.738445490598678589e-02,6.281886249780654907e-02,9.405891895294189453e-01,3.220399916172027588e-01,1.147155463695526123e-01,-2.170841991901397705e-01,-1.515946149826049805e+00,6.344636082649230957e-01,3.367969095706939697e-01,-1.176974415779113770e+00,-2.942411303520202637e-01,-8.052996359765529633e-03,-1.261034309864044189e-01,4.527938961982727051e-01,-2.692043185234069824e-01,1.074909567832946777e-01,-7.699686288833618164e-01,6.255296617746353149e-02,1.872822493314743042e-01,7.268931865692138672e-01,-1.726637333631515503e-01,2.258300967514514923e-02
1.573452472686767578e+00,-1.678927779197692871e+00,9.868281483650207520e-01,-1.004600301384925842e-01,7.074464112520217896e-02,9.395478963851928711e-01,3.196133375167846680e-01,1.008116304874420166e-01,-2.667831778526306152e-01,-1.699815273284912109e+00,6.511988043785095215e-01,2.945636212825775146e-01,-1.146925330162048340e+00,-1.781372129917144775e-01,-1.158281601965427399e-02,-1.093605980277061462e-01,3.012390732765197754e-01,-6.614608317613601685e-02,1.917059123516082764e-01,-7.457700371742248535e-01,-1.977169886231422424e-02,1.318230777978897095e-01,3.391558229923248291e-01,5.183706805109977722e-02,-1.053617149591445923e-01
1.495252370834350586e+00,-1.617066502571105957e+00,9.938498139381408691e-01,-1.010002046823501587e-01,8.004368841648101807e-02,9.371851086616516113e-01,3.241544365882873535e-01,1.378677487373352051e-01,-3.369332551956176758e-01,-1.867488265037536621e+00,6.946160197257995605e-01,2.451440244913101196e-01,-1.138666868209838867e+00,-6.182849034667015076e-02,-2.491866983473300934e-02,-7.843458652496337891e-02,1.809939593076705933e-01,1.327651739120483398e-01,2.307644784450531006e-01,-7.496497035026550293e-01,-8.159352838993072510e-02,6.434887647628784180e-02,9.797741472721099854e-02,1.907129883766174316e-01,-1.865485310554504395e-01
1.417510032653808594e+00,-1.553174614906311035e+00,9.989130496978759766e-01,-8.701366931200027466e-02,7.458351552486419678e-02,9.381467103958129883e-01,3.267211019992828369e-01,9.735809266567230225e-02,-3.589738607406616211e-01,-1.867499947547912598e+00,7.683944702148437500e-01,2.203259766101837158e-01,-1.151376605033874512e+00,5.545368790626525879e-02,-6.179211661219596863e-02,-2.137477993965148926e-01,1.616692841053009033e-01,2.168069034814834595e-01,1.661376953125000000e-01,-7.480500340461730957e-01,-8.923519402742385864e-02,9.289277344942092896e-02,9.668013080954551697e-03,2.218540608882904053e-01,-2.319379299879074097e-01
1.339251995086669922e+00,-1.487669467926025391e+00,9.965783357620239258e-01,-8.178324252367019653e-02,4.645972326397895813e-02,9.425187110900878906e-01,3.206423521041870117e-01,5.284185335040092468e-02,-3.298697173595428467e-01,-1.867499947547912598e+00,8.334144949913024902e-01,2.412081807851791382e-01,-1.164348125457763672e+00,1.382631212472915649e-01,-7.575508952140808105e-02,-4.325340390205383301e-01,2.464925944805145264e-01,1.846538484096527100e-01,2.672924473881721497e-02,-7.347942590713500977e-01,-5.896357074379920959e-02,1.655262112617492676e-01,6.442124140448868275e-04,2.447115629911422729e-01,-2.022856473922729492e-01
1.260252237319946289e+00,-1.419749975204467773e+00,9.769783616065979004e-01,-8.058238029479980469e-02,2.052148804068565369e-02,9.428301453590393066e-01,3.227331340312957764e-01,3.505256772041320801e-02,-3.009615242481231689e-01,-1.867499947547912598e+00,8.628551959991455078e-01,2.692420482635498047e-01,-1.148235917091369629e+00,1.867928802967071533e-01,-8.252362161874771118e-02,-4.961823523044586182e-01,3.465209305286407471e-01,1.868557184934616089e-01,-3.632676228880882263e-02,-7.106996774673461914e-01,-3.004230745136737823e-02,1.356472969055175781e-01,3.606169298291206360e-02,2.966290414333343506e-01,-2.077004164457321167e-01
1.187984228134155273e+00,-1.356931686401367188e+00,9.528642892837524414e-01,-6.800132989883422852e-02,1.242489088326692581e-02,9.442440271377563477e-01,3.219078183174133301e-01,8.617591857910156250e-02,-3.085820376873016357e-01,-1.867499947547912598e+00,8.667644858360290527e-01,2.927711606025695801e-01,-1.087652325630187988e+00,1.834437102079391479e-01,-1.086983084678649902e-01,-4.702020287513732910e-01,4.980435073375701904e-01,1.899395734071731567e-01,-6.335943937301635742e-02,-6.621360182762145996e-01,-5.598534643650054932e-02,6.906862556934356689e-02,9.250325709581375122e-02,2.667533159255981445e-01,-1.513146907091140747e-01
1.118291974067687988e+00,-1.304491162300109863e+00,9.355177283287048340e-01,-3.444674983620643616e-02,3.058122098445892334e-02,9.474347829818725586e-01,3.166157305240631104e-01,2.113384157419204712e-01,-3.570561408996582031e-01,-1.867499947547912598e+00,8.788869976997375488e-01,2.870554625988006592e-01,-1.035400748252868652e+00,1.645441502332687378e-01,-2.290937006473541260e-01,-5.028490424156188965e-01,6.900092959403991699e-01,1.632644236087799072e-01,-8.387783914804458618e-02,-6.458356380462646484e-01,-1.387166827917098999e-01,1.128807216882705688e-01,3.009988367557525635e-01,5.017227493226528168e-03,5.044509097933769226e-02
1.055409431457519531e+00,-1.256086826324462891e+00,9.169809818267822266e-01,-3.665369749069213867e-02,3.573796898126602173e-02,9.443661570549011230e-01,3.248875141143798828e-01,2.830305695533752441e-01,-3.254626393318176270e-01,-1.821145534515380859e+00,7.705947756767272949e-01,2.909738123416900635e-01,-9.369680285453796387e-01,3.807724267244338989e-02,-3.179087638854980469e-01,-4.688816666603088379e-01,8.676603436470031738e-01,1.357714682817459106e-01,-1.158051192760467529e-01,-7.306267023086547852e-01,-1.286731213331222534e-01,1.297461986541748047e-01,5.533907413482666016e-01,-1.091802269220352173e-01,8.130221813917160034e-02
1.002547621726989746e+00,-1.203837037086486816e+00,9.207937717437744141e-01,-3.791268542408943176e-02,2.474809810519218445e-02,9.441592097282409668e-01,3.263641595840454102e-01,2.802470922470092773e-01,-2.947842180728912354e-01,-1.561989784240722656e+00,6.595238447189331055e-01,3.667669594287872314e-01,-8.746917247772216797e-01,-1.181040257215499878e-01,-2.767726480960845947e-01,-3.564017415046691895e-01,9.661007523536682129e-01,1.288520395755767822e-01,-1.323481053113937378e-01,-7.222667932510375977e-01,-8.902079612016677856e-02,1.335675269365310669e-01,6.959288120269775391e-01,-2.366172075271606445e-01,6.157749518752098083e-02
9.535323977470397949e-01,-1.161735892295837402e+00,9.300112128257751465e-01,-3.894915431737899780e-02,3.262903541326522827e-02,9.465860128402709961e-01,3.184230327606201172e-01,2.678370177745819092e-01,-2.603453695774078369e-01,-1.317930221557617188e+00,4.872286915779113770e-01,3.523160517215728760e-01,-8.573009371757507324e-01,-2.980000078678131104e-01,-2.539202570915222168e-01,-2.546835541725158691e-01,1.034856319427490234e+00,7.433221489191055298e-02,-1.210859045386314392e-01,-6.562720537185668945e-01,-1.105074882507324219e-01,1.273391991853713989e-01,6.925372481346130371e-01,-3.043593466281890869e-01,7.296381145715713501e-02
9.057198762893676758e-01,-1.119188785552978516e+00,9.431316256523132324e-01,-4.169816151261329651e-02,4.087925329804420471e-02,9.499227404594421387e-01,3.069803416728973389e-01,2.809228897094726562e-01,-2.665668129920959473e-01,-1.144535779953002930e+00,3.190274238586425781e-01,2.972207665443420410e-01,-9.097478389739990234e-01,-4.613259434700012207e-01,-2.441628277301788330e-01,-1.953499913215637207e-01,1.061598181724548340e+00,-4.833200201392173767e-02,-1.154902800917625427e-01,-5.735064148902893066e-01,-1.396407037973403931e-01,9.804649651050567627e-02,6.423280835151672363e-01,-3.251737356185913086e-01,7.453899085521697998e-02
8.588323593139648438e-01,-1.073668718338012695e+00,9.624041914939880371e-01,-4.622761532664299011e-02,4.058710113167762756e-02,9.508979916572570801e-01,3.033292889595031738e-01,3.115328550338745117e-01,-2.424132227897644043e-01,-1.011995673179626465e+00,2.092354893684387207e-01,2.961659133434295654e-01,-1.031107068061828613e+00,-5.707748532295227051e-01,-1.715659946203231812e-01,-1.128598898649215698e-01,9.783763885498046875e-01,-1.044459715485572815e-01,-7.238629460334777832e-02,-4.669250845909118652e-01,-1.362574547529220581e-01,6.687071174383163452e-02,5.586931705474853516e-01,-3.269375264644622803e-01,5.029162764549255371e-02
8.124243021011352539e-01,-1.031298875808715820e+00,9.829397797584533691e-01,-4.976409301161766052e-02,3.864805772900581360e-02,9.492936134338378906e-01,3.080121576786041260e-01,3.428870141506195068e-01,-2.103611230850219727e-01,-8.806769251823425293e-01,1.184142380952835083e-01,3.147595524787902832e-01,-1.151216506958007812e+00,-6.369011402130126953e-01,-1.044325605034828186e-01,-3.537948429584503174e-02,8.284024000167846680e-01,-1.424356102943420410e-01,1.757289469242095947e-02,-3.476973474025726318e-01,-1.208720058202743530e-01,5.676975846290588379e-02,4.571996033191680908e-01,-3.262968063354492188e-01,7.241747807711362839e-03
7.684248089790344238e-01,-9.892358779907226562e-01,9.977004528045654297e-01,-5.303039401769638062e-02,3.092076629400253296e-02,9.460592865943908691e-01,3.181250691413879395e-01,3.552621304988861084e-01,-1.685300916433334351e-01,-7.501179575920104980e-01,3.887711092829704285e-02,3.383322060108184814e-01,-1.258398771286010742e+00,-6.777918934822082520e-01,-4.876422882080078125e-02,5.533955409191548824e-04,6.613672971725463867e-01,-2.233130186796188354e-01,5.249353870749473572e-02,-2.314596623182296753e-01,-9.019195288419723511e-02,7.843156903982162476e-02,3.588825762271881104e-01,-3.139180839061737061e-01,-2.429118938744068146e-02
7.228828668594360352e-01,-9.474785923957824707e-01,1.005531668663024902e+00,-5.531688034534454346e-02,2.186419814825057983e-02,9.428268074989318848e-01,3.279322981834411621e-01,3.722319006919860840e-01,-1.359701156616210938e-01,-6.455112099647521973e-01,-2.625074610114097595e-02,3.703316152095794678e-01,-1.363308429718017578e+00,-6.818917393684387207e-01,-1.991833746433258057e-02,-1.157450489699840546e-02,4.629038870334625244e-01,-2.898309230804443359e-01,9.239725768566131592e-02,-1.225642785429954529e-01,-6.214584782719612122e-02,1.089818701148033142e-01,2.702117562294006348e-01,-2.870303094387054443e-01,-5.911946296691894531e-02
6.785066127777099609e-01,-9.050260782241821289e-01,1.005844831466674805e+00,-5.678254365921020508e-02,8.503089658915996552e-03,9.394081234931945801e-01,3.379583060741424561e-01,4.001633524894714355e-01,-1.153683960437774658e-01,-5.742097496986389160e-01,-7.160500437021255493e-02,4.151569604873657227e-01,-1.472788095474243164e+00,-6.774515509605407715e-01,1.871867477893829346e-02,-3.901810944080352783e-02,2.847648561000823975e-01,-3.574082255363464355e-01,1.240076050162315369e-01,-2.136458456516265869e-02,-2.928349375724792480e-02,1.454234123229980469e-01,1.994080096483230591e-01,-2.516608834266662598e-01,-1.098519116640090942e-01
6.337933540344238281e-01,-8.602109551429748535e-01,9.987136721611022949e-01,-5.826678872108459473e-02,6.528636440634727478e-03,9.329539537429809570e-01,3.551891148090362549e-01,4.173679649829864502e-01,-1.505862623453140259e-01,-5.226377248764038086e-01,-1.196168884634971619e-01,4.410390257835388184e-01,-1.566623210906982422e+00,-6.746197938919067383e-01,5.769776925444602966e-02,-1.269373577088117599e-02,1.397572606801986694e-01,-3.712819814682006836e-01,1.455959081649780273e-01,6.919050216674804688e-02,-2.124656178057193756e-02,1.937052756547927856e-01,1.380279809236526489e-01,-2.243437767028808594e-01,-1.479230374097824097e-01
5.863825678825378418e-01,-8.133792877197265625e-01,9.834629297256469727e-01,-5.482369288802146912e-02,7.800405379384756088e-03,9.296033382415771484e-01,3.643777072429656982e-01,4.364696145057678223e-01,-1.784820854663848877e-01,-4.832569062709808350e-01,-1.703516691923141479e-01,4.639495611190795898e-01,-1.628505587577819824e+00,-6.730766892433166504e-01,7.071564346551895142e-02,-1.638153381645679474e-02,8.113624900579452515e-02,-3.616907000541687012e-01,1.719028651714324951e-01,1.390951722860336304e-01,-1.996894739568233490e-02,2.158287763595581055e-01,1.300695985555648804e-01,-2.061541378498077393e-01,-1.701195091009140015e-01
5.369091033935546875e-01,-7.645463943481445312e-01,9.646695852279663086e-01,-4.939020797610282898e-02,3.742965869605541229e-03,9.292522668838500977e-01,3.661103248596191406e-01,4.510209560394287109e-01,-1.932777762413024902e-01,-4.340042173862457275e-01,-1.759090572595596313e-01,5.059964060783386230e-01,-1.699569940567016602e+00,-6.810981631278991699e-01,8.686662465333938599e-02,1.523468270897865295e-02,1.227159127593040466e-01,-3.458026051521301270e-01,1.494330167770385742e-01,2.002836614847183228e-01,-6.748045329004526138e-03,2.219516932964324951e-01,1.466780155897140503e-01,-1.567792296409606934e-01,-2.000279128551483154e-01
4.816333949565887451e-01,-7.117895483970642090e-01,9.418357014656066895e-01,-4.310457780957221985e-02,1.677339896559715271e-02,9.303342103958129883e-01,3.637842237949371338e-01,4.409568011760711670e-01,-2.287294119596481323e-01,-3.764320909976959229e-01,-1.725411564111709595e-01,5.121374130249023438e-01,-1.741854548454284668e+00,-7.114338278770446777e-01,6.025886908173561096e-02,-8.937360718846321106e-03,2.194520682096481323e-01,-1.904373615980148315e-01,1.119436472654342651e-01,2.478777021169662476e-01,-2.365305088460445404e-02,2.121262550354003906e-01,1.720443516969680786e-01,-9.197187423706054688e-02,-1.975203901529312134e-01
4.297917485237121582e-01,-6.567562222480773926e-01,9.210211634635925293e-01,-4.073298349976539612e-02,8.416846394538879395e-03,9.325519800186157227e-01,3.586317896842956543e-01,4.245718717575073242e-01,-2.211907207965850830e-01,-3.398455977439880371e-01,-1.283334940671920776e-01,5.677136778831481934e-01,-1.760243415832519531e+00,-7.216343283653259277e-01,6.624907255172729492e-02,-3.180736675858497620e-02,3.178312480449676514e-01,-3.321811556816101074e-02,9.576623886823654175e-02,2.732265889644622803e-01,6.043302826583385468e-03,1.749671101570129395e-01,2.283636778593063354e-01,5.772142112255096436e-02,-2.199150472879409790e-01
3.816431462764739990e-01,-6.073668599128723145e-01,9.129025340080261230e-01,-4.092880710959434509e-02,-6.044832989573478699e-03,9.326378107070922852e-01,3.584341108798980713e-01,3.874226510524749756e-01,-2.170620709657669067e-01,-3.248128294944763184e-01,-6.580056250095367432e-02,5.927187204360961914e-01,-1.747270584106445312e+00,-7.088479399681091309e-01,9.381090849637985229e-02,-5.595622584223747253e-02,3.969294428825378418e-01,-6.339064333587884903e-03,6.535696983337402344e-02,2.790521383285522461e-01,4.362466558814048767e-02,1.795863360166549683e-01,2.775873541831970215e-01,2.672562599182128906e-01,-2.289982587099075317e-01
3.380687832832336426e-01,-5.582757592201232910e-01,9.161896109580993652e-01,-4.075091332197189331e-02,-1.649442873895168304e-02,9.333846569061279297e-01,3.561747074127197266e-01,3.391218781471252441e-01,-2.028506249189376831e-01,-3.463174402713775635e-01,1.092553976923227310e-02,6.079279780387878418e-01,-1.704010844230651855e+00,-6.725405454635620117e-01,1.132181212306022644e-01,-8.440592885017395020e-02,4.643028676509857178e-01,-7.409494370222091675e-02,4.543242044746875763e-03,2.617642283439636230e-01,1.033619195222854614e-01,2.455248087644577026e-01,3.392675518989562988e-01,4.548974633216857910e-01,-1.989358812570571899e-01
2.933019995689392090e-01,-5.097494125366210938e-01,9.319813847541809082e-01,-4.009658843278884888e-02,-7.251481525599956512e-03,9.314994812011718750e-01,3.614532053470611572e-01,2.845993936061859131e-01,-1.890391856431961060e-01,-4.440010488033294678e-01,5.937190353870391846e-02,5.617945194244384766e-01,-1.613883376121520996e+00,-6.058977842330932617e-01,1.149243712425231934e-01,-5.965503305196762085e-02,4.577307701110839844e-01,-1.190223544836044312e-01,-1.629109494388103485e-02,1.471557170152664185e-01,1.375067532062530518e-01,2.855224907398223877e-01,5.013430714607238770e-01,3.751849830150604248e-01,-1.400135308504104614e-01
2.506372034549713135e-01,-4.670540690422058105e-01,9.512091875076293945e-01,-4.589374735951423645e-02,2.227481920272111893e-03,9.289990663528442383e-01,3.672186732292175293e-01,2.190096825361251831e-01,-1.635709404945373535e-01,-5.686317682266235352e-01,1.077655702829360962e-01,5.259927511215209961e-01,-1.510964632034301758e+00,-5.434191823005676270e-01,1.168739423155784607e-01,-3.063207678496837616e-02,4.287897944450378418e-01,-1.530443131923675537e-01,-2.313174121081829071e-02,-1.353905349969863892e-02,1.524870991706848145e-01,2.697533965110778809e-01,6.479341983795166016e-01,2.461006939411163330e-01,-1.073972582817077637e-01
2.097548097372055054e-01,-4.267818927764892578e-01,9.716853499412536621e-01,-5.251397937536239624e-02,9.346175938844680786e-03,9.297779798507690430e-01,3.642359375953674316e-01,1.527102589607238770e-01,-1.317086964845657349e-01,-6.956926584243774414e-01,1.597224920988082886e-01,4.737429320812225342e-01,-1.402867555618286133e+00,-4.617534279823303223e-01,1.090225726366043091e-01,-1.978382095694541931e-02,3.624191880226135254e-01,-1.821918338537216187e-01,-1.199986226856708527e-02,-1.688271313905715942e-01,1.515904068946838379e-01,2.298032641410827637e-01,7.160680890083312988e-01,1.376333832740783691e-01,-8.196754753589630127e-02
1.688424944877624512e-01,-3.896878957748413086e-01,9.905815124511718750e-01,-5.745087191462516785e-02,1.798189058899879456e-02,9.318548440933227539e-01,3.578023910522460938e-01,9.514492005109786987e-02,-1.165611967444419861e-01,-8.295266628265380859e-01,1.966046690940856934e-01,3.905634582042694092e-01,-1.258593559265136719e+00,-3.645558953285217285e-01,8.766032010316848755e-02,-2.369279786944389343e-02,2.644788026809692383e-01,-1.900694668292999268e-01,2.078473754227161407e-02,-3.110986053943634033e-01,1.333117187023162842e-01,1.907719671726226807e-01,7.306355834007263184e-01,1.259667985141277313e-02,-6.096416711807250977e-02
1.282326579093933105e-01,-3.541165292263031006e-01,1.005182385444641113e+00,-5.925610661506652832e-02,2.909436821937561035e-02,9.351211190223693848e-01,3.481245636940002441e-01,5.197137221693992615e-02,-1.404888033866882324e-01,-9.625497460365295410e-01,2.084509432315826416e-01,3.111447393894195557e-01,-1.090302109718322754e+00,-2.797112762928009033e-01,5.874957144260406494e-02,-3.702453151345252991e-02,1.877372860908508301e-01,-1.839568167924880981e-01,5.772909894585609436e-02,-4.156547188758850098e-01,9.783759713172912598e-02,1.740307509899139404e-01,6.670246124267578125e-01,-7.594797015190124512e-02,-2.902149409055709839e-02
8.937206119298934937e-02,-3.204665184020996094e-01,1.013769865036010742e+00,-6.392284482717514038e-02,3.731780126690864563e-02,9.366985559463500977e-01,3.422237932682037354e-01,5.279944278299808502e-03,-1.632708758115768433e-01,-1.093759059906005859e+00,2.330383509397506714e-01,2.538814544677734375e-01,-9.249995946884155273e-01,-2.165171653032302856e-01,4.447356611490249634e-02,-3.419418260455131531e-02,1.357091665267944336e-01,-1.845856606960296631e-01,8.856488019227981567e-02,-4.991371929645538330e-01,6.467562168836593628e-02,1.657308936119079590e-01,5.603024363517761230e-01,-1.505302488803863525e-01,-2.286559529602527618e-02
5.011150613427162170e-02,-2.880087196826934814e-01,1.014781713485717773e+00,-7.120736688375473022e-02,3.976884484291076660e-02,9.383416175842285156e-01,3.359508216381072998e-01,-3.883283585309982300e-02,-1.911021918058395386e-01,-1.227611303329467773e+00,2.523078024387359619e-01,1.972379237413406372e-01,-7.467582225799560547e-01,-1.571663618087768555e-01,4.292559996247291565e-02,-4.700214415788650513e-02,9.256254136562347412e-02,-1.960273683071136475e-01,1.053618714213371277e-01,-5.666741728782653809e-01,2.850953117012977600e-02,1.330882608890533447e-01,4.231617450714111328e-01,-2.012257128953933716e-01,-4.770086333155632019e-02
1.113771274685859680e-02,-2.536581456661224365e-01,1.008132696151733398e+00,-8.005674928426742554e-02,3.955416008830070496e-02,9.384920001029968262e-01,3.335553109645843506e-01,-9.023763984441757202e-02,-2.018162012100219727e-01,-1.345118761062622070e+00,2.806363701820373535e-01,1.674151122570037842e-01,-5.890743732452392578e-01,-1.022293716669082642e-01,5.504311621189117432e-02,-5.656133592128753662e-02,5.845304578542709351e-02,-2.161997556686401367e-01,9.711474180221557617e-02,-6.283870339393615723e-01,6.457439740188419819e-04,8.562159538269042969e-02,2.838381826877593994e-01,-2.315497994422912598e-01,-8.609185367822647095e-02
-2.997343987226486206e-02,-2.196983247995376587e-01,9.982221126556396484e-01,-8.148684352636337280e-02,4.013836011290550232e-02,9.402851462364196777e-01,3.280436396598815918e-01,-1.352379620075225830e-01,-2.231084406375885010e-01,-1.431909680366516113e+00,3.247618079185485840e-01,1.456853449344635010e-01,-4.595496356487274170e-01,-3.412549197673797607e-02,6.067701429128646851e-02,-8.754691481590270996e-02,2.911183051764965057e-02,-2.511950135231018066e-01,8.476801216602325439e-02,-6.715748310089111328e-01,-3.665207698941230774e-02,1.344774011522531509e-02,1.688425391912460327e-01,-2.956622540950775146e-01,-8.384937793016433716e-02
-7.250863313674926758e-02,-1.831302344799041748e-01,9.825142621994018555e-01,-8.250421285629272461e-02,3.505046293139457703e-02,9.427238106727600098e-01,3.213041722774505615e-01,-1.760694831609725952e-01,-2.329564541578292847e-01,-1.496197938919067383e+00,3.840888738632202148e-01,1.496940553188323975e-01,-3.782486319541931152e-01,2.668165229260921478e-02,7.722435891628265381e-02,-1.004891768097877502e-01,2.427045814692974091e-02,-2.874528765678405762e-01,7.260010391473770142e-02,-7.035207152366638184e-01,-5.177650228142738342e-02,-1.816578209400177002e-02,9.676442295312881470e-02,-3.225643932819366455e-01,-9.254914522171020508e-02
-1.185215190052986145e-01,-1.447197943925857544e-01,9.657346010208129883e-01,-8.565573394298553467e-02,3.009431064128875732e-02,9.442575573921203613e-01,3.164412379264831543e-01,-2.092868238687515259e-01,-2.503070533275604248e-01,-1.534560203552246094e+00,4.287406206130981445e-01,1.494055390357971191e-01,-3.270190954208374023e-01,6.956965476274490356e-02,8.933397382497787476e-02,-9.256306290626525879e-02,4.382814094424247742e-02,-3.038403689861297607e-01,8.245020359754562378e-02,-7.279075384140014648e-01,-6.048314645886421204e-02,-1.463217567652463913e-02,8.655453473329544067e-02,-3.286713063716888428e-01,-9.061154723167419434e-02
-1.710943728685379028e-01,-1.045532748103141785e-01,9.491411447525024414e-01,-8.612140268087387085e-02,2.735015191137790680e-02,9.445656538009643555e-01,3.156433999538421631e-01,-2.101949155330657959e-01,-2.757000625133514404e-01,-1.560057520866394043e+00,4.622473418712615967e-01,1.446356326341629028e-01,-2.921449244022369385e-01,1.022297963500022888e-01,8.762785047292709351e-02,-8.076151460409164429e-02,8.756347745656967163e-02,-2.811260223388671875e-01,1.197180524468421936e-01,-7.568899393081665039e-01,-7.222863286733627319e-02,-1.902093924582004547e-02,1.685140579938888550e-01,-3.096066713333129883e-01,-8.935060352087020874e-02
-2.303538173437118530e-01,-6.182475760579109192e-02,9.310259222984313965e-01,-8.748632669448852539e-02,2.764140442013740540e-02,9.441108703613281250e-01,3.166019320487976074e-01,-1.784939914941787720e-01,-2.934652566909790039e-01,-1.572530627250671387e+00,4.793149530887603760e-01,1.335610896348953247e-01,-2.732407748699188232e-01,1.203332468867301941e-01,8.508723229169845581e-02,-3.947754576802253723e-02,1.373190283775329590e-01,-1.785255521535873413e-01,1.559318900108337402e-01,-7.970710396766662598e-01,-8.103012293577194214e-02,1.694115344434976578e-03,2.800047695636749268e-01,-1.746578216552734375e-01,-5.243027582764625549e-02
-2.903636097908020020e-01,-2.200944349169731140e-02,9.209752082824707031e-01,-7.822623103857040405e-02,4.890461266040802002e-02,9.438213109970092773e-01,3.173173367977142334e-01,-1.197298020124435425e-01,-3.344590961933135986e-01,-1.555219411849975586e+00,4.742438495159149170e-01,9.326079487800598145e-02,-2.642324864864349365e-01,1.246484145522117615e-01,2.821555919945240021e-02,-2.369890548288822174e-02,1.912017315626144409e-01,2.391492947936058044e-02,2.191065847873687744e-01,-7.994413971900939941e-01,-1.117696985602378845e-01,4.872788116335868835e-02,3.674261868000030518e-01,-1.111754402518272400e-01,-4.089172929525375366e-02
-3.465253412723541260e-01,1.720086857676506042e-02,9.174323081970214844e-01,-6.016806140542030334e-02,8.110925555229187012e-02,9.416546225547790527e-01,3.210726380348205566e-01,-7.712945807725191116e-03,-4.054872393608093262e-01,-1.522184610366821289e+00,4.472481310367584229e-01,3.147360309958457947e-02,-2.623414099216461182e-01,1.283336132764816284e-01,-4.991448670625686646e-02,-1.043973583728075027e-02,2.354135662317276001e-01,3.189580738544464111e-01,2.733742594718933105e-01,-7.790572047233581543e-01,-1.739782392978668213e-01,8.057273179292678833e-02,4.428454637527465820e-01,-1.228038072586059570e-01,-8.251002989709377289e-03
-3.989827334880828857e-01,5.552323535084724426e-02,9.218372702598571777e-01,-6.008920446038246155e-02,9.310898929834365845e-02,9.347547292709350586e-01,3.375701308250427246e-01,6.652502715587615967e-02,-4.176657795906066895e-01,-1.463763713836669922e+00,3.719468116760253906e-01,3.812079085037112236e-03,-2.678658664226531982e-01,6.401170790195465088e-02,-1.197683215141296387e-01,-4.177612438797950745e-02,3.557083606719970703e-01,5.061101913452148438e-01,2.486859261989593506e-01,-7.602505683898925781e-01,-1.745299994945526123e-01,1.301776766777038574e-01,5.156167149543762207e-01,-2.042345851659774780e-01,4.112401232123374939e-02
-4.535253345966339111e-01,9.515594691038131714e-02,9.402090907096862793e-01,-7.936154305934906006e-02,8.886555582284927368e-02,9.351595640182495117e-01,3.335885107517242432e-01,7.570003718137741089e-02,-3.771610558032989502e-01,-1.350121974945068359e+00,2.759612202644348145e-01,2.882941439747810364e-02,-3.091680407524108887e-01,-5.387989431619644165e-02,-1.493404805660247803e-01,-1.253294348716735840e-01,4.696430265903472900e-01,5.061399936676025391e-01,1.582329869270324707e-01,-7.181004285812377930e-01,-1.745299994945526123e-01,1.120405197143554688e-01,5.046550035476684570e-01,-2.298978120088577271e-01,6.782436370849609375e-02
-5.073845386505126953e-01,1.341302394866943359e-01,9.642857313156127930e-01,-7.402036339044570923e-02,7.567648589611053467e-02,9.383780956268310547e-01,3.289993703365325928e-01,1.540520787239074707e-01,-3.584780097007751465e-01,-1.219387292861938477e+00,2.516146302223205566e-01,5.175691470503807068e-02,-4.048891663551330566e-01,-1.247592866420745850e-01,-1.716487407684326172e-01,-1.666684746742248535e-01,5.096442699432373047e-01,4.830197989940643311e-01,9.689005464315414429e-02,-5.735368728637695312e-01,-1.704032272100448608e-01,1.006065756082534790e-01,3.963575363159179688e-01,-2.149139344692230225e-01,6.138597801327705383e-02
-5.560076832771301270e-01,1.717167794704437256e-01,9.821317791938781738e-01,-7.144279032945632935e-02,6.476327776908874512e-02,9.414990544319152832e-01,3.229258954524993896e-01,1.876370757818222046e-01,-3.034705221652984619e-01,-1.054582118988037109e+00,2.401261478662490845e-01,1.068203747272491455e-01,-5.623663663864135742e-01,-2.510996460914611816e-01,-1.758591383695602417e-01,-1.685519367456436157e-01,5.984065532684326172e-01,3.860880136489868164e-01,6.228472292423248291e-02,-4.444442987442016602e-01,-1.649195402860641479e-01,6.624752283096313477e-02,2.905190587043762207e-01,-1.902840733528137207e-01,4.446558281779289246e-02
-6.037250161170959473e-01,2.066824138164520264e-01,9.977731704711914062e-01,-7.384733855724334717e-02,5.075213313102722168e-02,9.445352554321289062e-01,3.159492015838623047e-01,1.920777559280395508e-01,-2.303577810525894165e-01,-8.670216798782348633e-01,2.175180912017822266e-01,1.624426841735839844e-01,-7.251405715942382812e-01,-3.769353330135345459e-01,-1.510006189346313477e-01,-1.492430716753005981e-01,6.416630744934082031e-01,2.495508790016174316e-01,5.961564555764198303e-02,-3.368247151374816895e-01,-1.449666321277618408e-01,3.262625262141227722e-02,2.077837288379669189e-01,-1.733275800943374634e-01,1.915444619953632355e-02
-6.470176577568054199e-01,2.425744682550430298e-01,1.009488821029663086e+00,-7.701877504587173462e-02,4.177453741431236267e-02,9.455817341804504395e-01,3.133659064769744873e-01,2.001025527715682983e-01,-1.705276370048522949e-01,-6.889287233352661133e-01,1.678336709737777710e-01,2.007032781839370728e-01,-8.586026430130004883e-01,-4.793738126754760742e-01,-1.165673732757568359e-01,-1.235163435339927673e-01,6.068449020385742188e-01,1.329665631055831909e-01,7.904461026191711426e-02,-2.527768313884735107e-01,-1.211583241820335388e-01,2.677522599697113037e-02,1.537736207246780396e-01,-1.746459603309631348e-01,-1.046455651521682739e-02
-6.902613043785095215e-01,2.773371338844299316e-01,1.012999296188354492e+00,-8.168143033981323242e-02,3.744996711611747742e-02,9.447860121726989746e-01,3.151269257068634033e-01,2.229982465505599976e-01,-1.392647027969360352e-01,-5.510983467102050781e-01,1.219268813729286194e-01,2.576274573802947998e-01,-1.002226829528808594e+00,-5.584639906883239746e-01,-9.123072773218154907e-02,-1.130157411098480225e-01,5.113635063171386719e-01,5.451529100537300110e-02,8.919147402048110962e-02,-1.786273419857025146e-01,-1.026611030101776123e-01,5.556839704513549805e-02,1.090295687317848206e-01,-1.797449737787246704e-01,-4.672356322407722473e-02
-7.327356934547424316e-01,3.122860491275787354e-01,1.010086536407470703e+00,-8.491094410419464111e-02,3.588743880391120911e-02,9.447473287582397461e-01,3.145707249641418457e-01,2.518860399723052979e-01,-1.080642938613891602e-01,-4.412508308887481689e-01,8.359302580356597900e-02,3.082639276981353760e-01,-1.154429674148559570e+00,-6.223073005676269531e-01,-6.403473764657974243e-02,-9.085001051425933838e-02,3.918971717357635498e-01,-3.995494544506072998e-02,1.329277902841567993e-01,-1.073774248361587524e-01,-9.340171515941619873e-02,7.588820904493331909e-02,6.626515835523605347e-02,-1.900036931037902832e-01,-6.974560022354125977e-02
-7.755534648895263672e-01,3.486989438533782959e-01,1.001419901847839355e+00,-8.673736453056335449e-02,3.686413541436195374e-02,9.437154531478881836e-01,3.170469403266906738e-01,2.792171835899353027e-01,-9.208758920431137085e-02,-3.500711321830749512e-01,4.808209836483001709e-02,3.554977178573608398e-01,-1.287016391754150391e+00,-6.715595126152038574e-01,-3.777255862951278687e-02,-4.774530231952667236e-02,2.555023729801177979e-01,-1.283074319362640381e-01,1.746604144573211670e-01,-4.023275896906852722e-02,-9.003879874944686890e-02,9.588564187288284302e-02,4.088709130883216858e-02,-2.203559279441833496e-01,-8.277157694101333618e-02
-8.167553544044494629e-01,3.828095793724060059e-01,9.873315095901489258e-01,-9.519001841545104980e-02,4.242305830121040344e-02,9.385576844215393066e-01,3.290115296840667725e-01,2.927567958831787109e-01,-1.111181974411010742e-01,-2.988301813602447510e-01,-3.250173851847648621e-02,3.707012236118316650e-01,-1.373133778572082520e+00,-7.199002504348754883e-01,-1.759089902043342590e-02,-3.314128145575523376e-02,9.791938215494155884e-02,-1.912498623132705688e-01,2.157463878393173218e-01,-1.317746122367680073e-03,-9.247961640357971191e-02,1.178888529539108276e-01,3.344313800334930420e-02,-2.443730086088180542e-01,-1.129103600978851318e-01
-8.607789278030395508e-01,4.216770529747009277e-01,9.721830487251281738e-01,-9.277519583702087402e-02,4.026133194565773010e-02,9.354761242866516113e-01,3.386092185974121094e-01,3.212166428565979004e-01,-1.156285405158996582e-01,-2.628849744796752930e-01,-8.081903308629989624e-02,3.917352259159088135e-01,-1.427408933639526367e+00,-7.328193783760070801e-01,1.462315954267978668e-02,-3.039818024262785912e-03,6.289612501859664917e-04,-2.121395766735076904e-01,2.008130997419357300e-01,5.037130042910575867e-02,-8.482535928487777710e-02,1.219483464956283569e-01,5.043564364314079285e-02,-2.589980065822601318e-01,-1.247634515166282654e-01
-9.092036485671997070e-01,4.667449295520782471e-01,9.538938999176025391e-01,-8.925579488277435303e-02,4.160313680768013000e-02,9.352623820304870605e-01,3.399806320667266846e-01,3.454752862453460693e-01,-1.216434612870216370e-01,-2.324060797691345215e-01,-1.018520966172218323e-01,4.086459577083587646e-01,-1.479914784431457520e+00,-7.441725134849548340e-01,2.775610983371734619e-02,-1.717189140617847443e-02,1.066165423253551126e-04,-2.112167328596115112e-01,2.380513101816177368e-01,9.608627110719680786e-02,-7.857885211706161499e-02,1.038362160325050354e-01,8.061303198337554932e-02,-2.334565967321395874e-01,-1.632100641727447510e-01
-9.623231291770935059e-01,5.150387883186340332e-01,9.386484026908874512e-01,-8.511782437562942505e-02,4.388099908828735352e-02,9.360760450363159180e-01,3.385129272937774658e-01,3.590832054615020752e-01,-1.276745498180389404e-01,-2.143713086843490601e-01,-1.008102893829345703e-01,4.171076118946075439e-01,-1.515103459358215332e+00,-7.708699107170104980e-01,3.468561917543411255e-02,-1.606994122266769409e-02,1.122118979692459106e-01,-1.567292213439941406e-01,1.949344426393508911e-01,1.364048272371292114e-01,-7.374913990497589111e-02,7.022215425968170166e-02,1.195100247859954834e-01,-1.840091794729232788e-01,-2.052317559719085693e-01
-1.019264817237854004e+00,5.670302510261535645e-01,9.245461225509643555e-01,-8.330792188644409180e-02,4.599483683705329895e-02,9.382981061935424805e-01,3.324769139289855957e-01,3.615826070308685303e-01,-1.262102574110031128e-01,-2.048990726470947266e-01,-7.030122727155685425e-02,4.104648530483245850e-01,-1.532894492149353027e+00,-7.834470868110656738e-01,3.073912672698497772e-02,-1.398453395813703537e-02,2.099677622318267822e-01,1.231831032782793045e-02,1.341304928064346313e-01,1.574362516403198242e-01,-7.238073647022247314e-02,7.547433488070964813e-03,1.658449023962020874e-01,-3.540498018264770508e-02,-2.151703238487243652e-01
-1.070484757423400879e+00,6.179581284523010254e-01,9.188581705093383789e-01,-8.414320647716522217e-02,1.194928213953971863e-02,9.394778609275817871e-01,3.319013416767120361e-01,3.501333892345428467e-01,-7.809489220380783081e-02,-2.007057517766952515e-01,-8.798299357295036316e-03,4.587638676166534424e-01,-1.510133504867553711e+00,-7.656860351562500000e-01,9.658022969961166382e-02,-3.960633277893066406e-02,3.089933991432189941e-01,2.985747158527374268e-02,7.386228442192077637e-02,1.809937506914138794e-01,2.045304980129003525e-03,1.276686694473028183e-02,1.989627033472061157e-01,2.405804395675659180e-01,-2.989514768123626709e-01
-1.121938943862915039e+00,6.668956279754638672e-01,9.212868809700012207e-01,-7.647900283336639404e-02,-1.968328654766082764e-02,9.408064484596252441e-01,3.296160399913787842e-01,3.427578210830688477e-01,-2.126626856625080109e-02,-2.185580879449844360e-01,9.019234031438827515e-02,5.037017464637756348e-01,-1.475469827651977539e+00,-7.164337038993835449e-01,1.514524966478347778e-01,-7.545822858810424805e-02,3.979638814926147461e-01,-4.308171942830085754e-02,-1.895143795991316438e-04,1.688822060823440552e-01,7.449076324701309204e-02,3.769426047801971436e-02,2.988952994346618652e-01,4.907988905906677246e-01,-2.981057763099670410e-01
-1.169987559318542480e+00,7.180373072624206543e-01,9.368952512741088867e-01,-7.246936857700347900e-02,-9.004554711282253265e-03,9.424552917480468750e-01,3.262593150138854980e-01,3.207364380359649658e-01,-2.389309555292129517e-02,-2.920269072055816650e-01,1.545122861862182617e-01,4.821878373622894287e-01,-1.419420242309570312e+00,-6.505178213119506836e-01,1.405099183320999146e-01,-7.565253227949142456e-02,4.179518818855285645e-01,-1.082487851381301880e-01,-3.110047057271003723e-02,5.561920255422592163e-02,1.141095235943794250e-01,1.190961897373199463e-01,4.675800502300262451e-01,4.950605630874633789e-01,-2.136267721652984619e-01
-1.218853116035461426e+00,7.645681500434875488e-01,9.571999311447143555e-01,-7.269359380006790161e-02,1.145900599658489227e-02,9.394831657409667969e-01,3.345978260040283203e-01,2.781881690025329590e-01,-6.101057305932044983e-02,-4.060324728488922119e-01,1.618926823139190674e-01,4.183982908725738525e-01,-1.284610271453857422e+00,-5.742783546447753906e-01,1.256888508796691895e-01,-3.539142385125160217e-02,3.842829763889312744e-01,-1.409576982259750366e-01,-4.480232298374176025e-02,-1.355687379837036133e-01,1.121636629104614258e-01,1.469047069549560547e-01,6.686612963676452637e-01,3.262151181697845459e-01,-1.382320672273635864e-01
-1.263798832893371582e+00,8.053877353668212891e-01,9.773913621902465820e-01,-7.651947438716888428e-02,2.781660109758377075e-02,9.376161098480224609e-01,3.380044698715209961e-01,2.301622331142425537e-01,-9.679324179887771606e-02,-5.419275760650634766e-01,1.802745014429092407e-01,3.715014457702636719e-01,-1.152171373367309570e+00,-4.980536103248596191e-01,1.073769256472587585e-01,-1.187843177467584610e-02,3.248201012611389160e-01,-1.545156687498092651e-01,-3.762628510594367981e-02,-3.173979520797729492e-01,1.067378818988800049e-01,1.532749831676483154e-01,7.735235691070556641e-01,2.014640718698501587e-01,-9.059670567512512207e-02
-1.307930111885070801e+00,8.456157445907592773e-01,9.956454038619995117e-01,-7.920861989259719849e-02,4.086208343505859375e-02,9.367863535881042480e-01,3.383601307868957520e-01,1.890965551137924194e-01,-1.336791366338729858e-01,-7.009899020195007324e-01,1.813248693943023682e-01,2.997187674045562744e-01,-9.864835739135742188e-01,-4.094470441341400146e-01,8.796703815460205078e-02,-2.201450522989034653e-03,2.433304786682128906e-01,-1.531005799770355225e-01,-2.191348001360893250e-02,-4.670069515705108643e-01,8.502149581909179688e-02,1.440758556127548218e-01,7.810128331184387207e-01,1.073828712105751038e-01,-7.475157082080841064e-02
-1.351526618003845215e+00,8.829905986785888672e-01,1.009989976882934570e+00,-8.336964249610900879e-02,5.395339056849479675e-02,9.352923035621643066e-01,3.396569192409515381e-01,1.601875722408294678e-01,-1.870201528072357178e-01,-8.802753686904907227e-01,1.882461160421371460e-01,2.343501001596450806e-01,-8.270452618598937988e-01,-3.326340615749359131e-01,6.256807595491409302e-02,-5.956180393695831299e-03,1.701502501964569092e-01,-1.418986022472381592e-01,1.501717139035463333e-02,-5.931696891784667969e-01,5.416940897703170776e-02,1.338791549205780029e-01,7.217102050781250000e-01,1.588028296828269958e-02,-7.911123335361480713e-02
-1.395027041435241699e+00,9.175577759742736816e-01,1.017955064773559570e+00,-8.769435435533523560e-02,6.447747349739074707e-02,9.338997602462768555e-01,3.405636250972747803e-01,1.440725624561309814e-01,-2.509989738464355469e-01,-1.068311333656311035e+00,1.894681006669998169e-01,1.643055826425552368e-01,-6.625316143035888672e-01,-2.702950835227966309e-01,4.239355772733688354e-02,-4.595768637955188751e-03,1.204255521297454834e-01,-1.351540088653564453e-01,4.756459966301918030e-02,-6.935307383537292480e-01,2.882717177271842957e-02,1.360963433980941772e-01,6.133490800857543945e-01,-6.777107715606689453e-02,-6.748601049184799194e-02
-1.438561916351318359e+00,9.518586397171020508e-01,1.020174980163574219e+00,-9.206158667802810669e-02,7.217247039079666138e-02,9.329155683517456055e-01,3.405647873878479004e-01,1.244042217731475830e-01,-3.133148252964019775e-01,-1.240714907646179199e+00,2.023652642965316772e-01,1.039022728800773621e-01,-5.305418372154235840e-01,-2.108910381793975830e-01,2.593667991459369659e-02,-1.672816649079322815e-02,8.455325663089752197e-02,-1.376178413629531860e-01,7.509347051382064819e-02,-7.708042860031127930e-01,1.573109999299049377e-02,1.535908579826354980e-01,4.815161824226379395e-01,-1.536829471588134766e-01,-8.201250433921813965e-02
-1.482623100280761719e+00,9.877539277076721191e-01,1.017136216163635254e+00,-9.231186658143997192e-02,7.590539753437042236e-02,9.313885569572448730e-01,3.438491523265838623e-01,1.129334121942520142e-01,-3.650619685649871826e-01,-1.398437857627868652e+00,2.214971333742141724e-01,5.279226973652839661e-02,-4.150409400463104248e-01,-1.405337303876876831e-01,1.530866604298353195e-02,-3.278321772813796997e-02,5.199351906776428223e-02,-1.558179557323455811e-01,9.548760205507278442e-02,-8.229339718818664551e-01,-3.725297516211867332e-03,1.272665858268737793e-01,3.381290435791015625e-01,-2.304108291864395142e-01,-1.086736097931861877e-01
-1.527697324752807617e+00,1.023900747299194336e+00,1.008983612060546875e+00,-1.029566526412963867e-01,8.157153427600860596e-02,9.326547980308532715e-01,3.360075950622558594e-01,4.786549881100654602e-02,-3.909895122051239014e-01,-1.506165862083435059e+00,2.203101664781570435e-01,3.366099670529365540e-02,-3.354475498199462891e-01,-9.091605246067047119e-02,1.248025149106979370e-02,-5.058792233467102051e-02,2.606202475726604462e-02,-1.824647188186645508e-01,9.912177920341491699e-02,-8.999090790748596191e-01,-3.839128091931343079e-02,7.306631654500961304e-02,2.478975951671600342e-01,-3.030044436454772949e-01,-1.007887125015258789e-01
-1.575615406036376953e+00,1.064882993698120117e+00,9.955247640609741211e-01,-8.816706389188766479e-02,7.685572654008865356e-02,9.334377646446228027e-01,3.391367197036743164e-01,5.564519762992858887e-02,-4.237300157546997070e-01,-1.602377891540527344e+00,2.858696579933166504e-01,1.167244184762239456e-02,-3.040648102760314941e-01,-1.879643462598323822e-02,1.277294568717479706e-02,-2.617594227194786072e-02,5.323235318064689636e-02,-2.033877670764923096e-01,9.597143530845642090e-02,-9.065878391265869141e-01,-4.967922717332839966e-02,4.579488933086395264e-02,2.154038697481155396e-01,-3.487951159477233887e-01,-1.114338189363479614e-01
-1.628638625144958496e+00,1.107934355735778809e+00,9.793517589569091797e-01,-8.276420831680297852e-02,7.203943282365798950e-02,9.329839348793029785e-01,3.427847027778625488e-01,6.289447098970413208e-02,-4.561583995819091797e-01,-1.672877192497253418e+00,3.373717367649078369e-01,3.153193276375532150e-03,-2.887760102748870850e-01,3.079430386424064636e-02,1.284783799201250076e-02,9.755916893482208252e-03,9.255096316337585449e-02,-1.895503252744674683e-01,1.166204959154129028e-01,-9.172312617301940918e-01,-5.592507123947143555e-02,3.448719903826713562e-02,2.499554008245468140e-01,-3.455469906330108643e-01,-1.104653477668762207e-01
-1.687461495399475098e+00,1.152364134788513184e+00,9.628558158874511719e-01,-9.254170954227447510e-02,7.459428906440734863e-02,9.320997595787048340e-01,3.421428501605987549e-01,3.764986619353294373e-02,-4.550061225891113281e-01,-1.694836258888244629e+00,3.339030742645263672e-01,9.828118607401847839e-03,-2.772533595561981201e-01,5.019950866699218750e-02,8.181503973901271820e-03,2.322153933346271515e-02,1.171066313982009888e-01,-1.105737015604972839e-01,1.641741842031478882e-01,-9.552890062332153320e-01,-7.554705440998077393e-02,2.887521684169769287e-02,3.465183675289154053e-01,-2.840231657028198242e-01,-9.692993015050888062e-02
-1.752012610435485840e+00,1.197289228439331055e+00,9.495436549186706543e-01,-8.432714641094207764e-02,8.799868822097778320e-02,9.288026690483093262e-01,3.499582409858703613e-01,5.678073689341545105e-02,-4.816022217273712158e-01,-1.671413064002990723e+00,3.343373537063598633e-01,-1.797773316502571106e-02,-2.603675127029418945e-01,8.054978400468826294e-02,-3.256226330995559692e-02,5.530815944075584412e-02,1.436135768890380859e-01,6.651458144187927246e-02,2.153342217206954956e-01,-9.402562379837036133e-01,-1.064277142286300659e-01,3.556206822395324707e-02,4.102734625339508057e-01,-2.181594669818878174e-01,-6.394179910421371460e-02
-1.815692782402038574e+00,1.241221189498901367e+00,9.406906366348266602e-01,-5.097966641187667847e-02,1.170842796564102173e-01,9.235128164291381836e-01,3.616855442523956299e-01,1.473144441843032837e-01,-5.452992916107177734e-01,-1.633334517478942871e+00,3.443775773048400879e-01,-9.818132966756820679e-02,-2.383460700511932373e-01,1.102037802338600159e-01,-1.208925023674964905e-01,6.894780695438385010e-02,2.103884965181350708e-01,3.297024667263031006e-01,2.833877801895141602e-01,-8.992055654525756836e-01,-1.598255634307861328e-01,9.822241216897964478e-02,5.029106140136718750e-01,-2.108020931482315063e-01,-1.314097084105014801e-02
-1.873567938804626465e+00,1.284870505332946777e+00,9.317376613616943359e-01,-3.819588571786880493e-02,1.390603035688400269e-01,9.142213463783264160e-01,3.786853551864624023e-01,2.002099752426147461e-01,-5.555030703544616699e-01,-1.555140018463134766e+00,2.892807126045227051e-01,-1.369701623916625977e-01,-2.009444981813430786e-01,2.043752558529376984e-02,-1.979122012853622437e-01,6.074558198451995850e-02,4.524079561233520508e-01,5.061399936676025391e-01,2.835778295993804932e-01,-9.174555540084838867e-01,-1.745299994945526123e-01,1.659714430570602417e-01,6.650313138961791992e-01,-3.084205090999603271e-01,4.925357177853584290e-02
-1.927469968795776367e+00,1.330694556236267090e+00,9.417435526847839355e-01,-5.143399536609649658e-02,1.329803913831710815e-01,9.131343960762023926e-01,3.819113671779632568e-01,2.118958681821823120e-01,-5.057230591773986816e-01,-1.448924779891967773e+00,2.191924303770065308e-01,-1.179265975952148438e-01,-2.070813030004501343e-01,-1.115757822990417480e-01,-2.330736815929412842e-01,-3.879879415035247803e-02,6.502651572227478027e-01,5.061399936676025391e-01,1.772597879171371460e-01,-8.931299448013305664e-01,-1.745299994945526123e-01,1.526720970869064331e-01,7.273604273796081543e-01,-4.013267159461975098e-01,1.043294370174407959e-01
-1.982162117958068848e+00,1.373615860939025879e+00,9.784538149833679199e-01,-6.146662309765815735e-02,1.034256145358085632e-01,9.193968772888183594e-01,3.744788169860839844e-01,2.387216240167617798e-01,-4.284634888172149658e-01,-1.311059594154357910e+00,1.772045195102691650e-01,-7.737232744693756104e-02,-2.568441033363342285e-01,-1.771244108676910400e-01,-1.560054123401641846e-01,-1.972271315753459930e-02,6.156674623489379883e-01,5.054996609687805176e-01,1.390879601240158081e-01,-7.412337660789489746e-01,-1.745299994945526123e-01,7.610017806291580200e-02,5.917877554893493652e-01,-3.749669194221496582e-01,1.188693195581436157e-01
-2.029384374618530273e+00,1.416244983673095703e+00,1.002328634262084961e+00,-6.326653808355331421e-02,8.527831733226776123e-02,9.233753085136413574e-01,3.689214289188385010e-01,2.325652390718460083e-01,-3.502885401248931885e-01,-1.117084026336669922e+00,1.831159591674804688e-01,2.498863730579614639e-03,-3.958745002746582031e-01,-3.504601120948791504e-01,-1.354252398014068604e-01,-4.736610129475593567e-02,7.820945382118225098e-01,3.408239185810089111e-01,1.091703549027442932e-01,-6.099823117256164551e-01,-1.616553366184234619e-01,3.166938945651054382e-02,4.968208670616149902e-01,-3.730138838291168213e-01,9.369090944528579712e-02
-2.075217962265014648e+00,1.456023454666137695e+00,1.023506641387939453e+00,-7.072050124406814575e-02,7.527883350849151611e-02,9.237897992134094238e-01,3.687059283256530762e-01,2.223885506391525269e-01,-2.795675694942474365e-01,-9.218881130218505859e-01,1.783909499645233154e-01,8.090180903673171997e-02,-5.605514049530029297e-01,-5.193217992782592773e-01,-1.322131305932998657e-01,-8.160659670829772949e-02,8.717677593231201172e-01,1.958011686801910400e-01,8.250938355922698975e-02,-5.030688643455505371e-01,-1.449480652809143066e-01,1.140363793820142746e-02,4.101773202419281006e-01,-3.771386742591857910e-01,8.329711109399795532e-02
-2.121908903121948242e+00,1.494707942008972168e+00,1.041673183441162109e+00,-7.561965286731719971e-02,6.852573901414871216e-02,9.239325523376464844e-01,3.686930537223815918e-01,2.212764620780944824e-01,-2.172824740409851074e-01,-7.430610656738281250e-01,1.621378660202026367e-01,1.494429111480712891e-01,-7.217910289764404297e-01,-6.460101008415222168e-01,-1.249143332242965698e-01,-9.996130317449569702e-02,8.684321045875549316e-01,7.753586769104003906e-02,8.697410672903060913e-02,-3.911665380001068115e-01,-1.347208023071289062e-01,-1.564890495501458645e-03,3.160812854766845703e-01,-3.762390017509460449e-01,7.904542982578277588e-02
-2.163866281509399414e+00,1.535398602485656738e+00,1.053444027900695801e+00,-8.112876117229461670e-02,6.287208199501037598e-02,9.228562116622924805e-01,3.712164759635925293e-01,2.289834618568420410e-01,-1.664433628320693970e-01,-5.893265008926391602e-01,1.287789791822433472e-01,1.981357187032699585e-01,-8.628899455070495605e-01,-7.342184782028198242e-01,-1.081468611955642700e-01,-1.193287000060081482e-01,7.839427590370178223e-01,-7.812348660081624985e-03,9.213129431009292603e-02,-2.946079671382904053e-01,-1.169906035065650940e-01,-4.630868323147296906e-03,2.357744723558425903e-01,-3.626222908496856689e-01,4.975721985101699829e-02
-2.207674741744995117e+00,1.575914859771728516e+00,1.056584119796752930e+00,-8.646430820226669312e-02,6.482429802417755127e-02,9.213299155235290527e-01,3.734607398509979248e-01,2.593751847743988037e-01,-1.416439265012741089e-01,-4.855067431926727295e-01,8.571843057870864868e-02,2.456315457820892334e-01,-9.973361492156982422e-01,-7.942773699760437012e-01,-9.957445412874221802e-02,-1.233684718608856201e-01,6.370276808738708496e-01,-4.932642728090286255e-02,1.318157911300659180e-01,-2.114997059106826782e-01,-1.100456193089485168e-01,1.585266925394535065e-02,1.677581965923309326e-01,-3.531574010848999023e-01,1.220412179827690125e-02
-2.250436067581176758e+00,1.617140293121337891e+00,1.048563957214355469e+00,-9.095368534326553345e-02,7.884707301855087280e-02,9.200689792633056641e-01,3.728051483631134033e-01,2.816023230552673340e-01,-1.455118209123611450e-01,-3.959834575653076172e-01,3.852441906929016113e-02,2.802605032920837402e-01,-1.139257550239562988e+00,-8.261125683784484863e-01,-1.075882390141487122e-01,-1.240669935941696167e-01,4.124930202960968018e-01,2.963202446699142456e-02,1.931483447551727295e-01,-1.419621706008911133e-01,-1.275116056203842163e-01,3.710477054119110107e-02,1.080073490738868713e-01,-3.396728038787841797e-01,-1.787544228136539459e-02
-2.297719478607177734e+00,1.661003708839416504e+00,1.030349612236022949e+00,-9.602613002061843872e-02,1.006431132555007935e-01,9.212610721588134766e-01,3.632188439369201660e-01,3.008018732070922852e-01,-1.573450416326522827e-01,-3.162978589534759521e-01,-2.076599374413490295e-02,3.034009337425231934e-01,-1.268736124038696289e+00,-8.571057319641113281e-01,-1.209563389420509338e-01,-6.341673433780670166e-02,1.839777827262878418e-01,1.787486821413040161e-01,2.615983784198760986e-01,-8.973864465951919556e-02,-1.591293811798095703e-01,2.255489490926265717e-02,7.207006216049194336e-02,-3.180549144744873047e-01,-5.088665708899497986e-02
-2.346993684768676758e+00,1.707502961158752441e+00,1.010148048400878906e+00,-1.015806198120117188e-01,1.119595915079116821e-01,9.219608306884765625e-01,3.565594851970672607e-01,3.063949346542358398e-01,-1.589976698160171509e-01,-2.633329033851623535e-01,-5.530333891510963440e-02,3.301827013492584229e-01,-1.386237859725952148e+00,-8.964124917984008789e-01,-1.185215115547180176e-01,4.060848802328109741e-02,5.620057508349418640e-02,2.739907503128051758e-01,3.314775824546813965e-01,-3.462190181016921997e-02,-1.658119112253189087e-01,1.169750746339559555e-02,4.734610766172409058e-02,-2.973982393741607666e-01,-9.896589070558547974e-02
-2.393573284149169922e+00,1.757862329483032227e+00,9.899090528488159180e-01,-1.006396189332008362e-01,1.151400208473205566e-01,9.211620092391967773e-01,3.578757345676422119e-01,3.115642368793487549e-01,-1.678259819746017456e-01,-2.270964980125427246e-01,-9.623921662569046021e-02,3.442555069923400879e-01,-1.440180897712707520e+00,-9.142779111862182617e-01,-1.159692481160163879e-01,4.564223065972328186e-02,4.144109040498733521e-02,3.282292485237121582e-01,3.337880074977874756e-01,1.196115370839834213e-02,-1.609149873256683350e-01,4.295232240110635757e-03,6.465267390012741089e-02,-2.707763016223907471e-01,-1.280467957258224487e-01
-2.443717241287231445e+00,1.809360146522521973e+00,9.717928171157836914e-01,-9.825158864259719849e-02,1.109492480754852295e-01,9.215036034584045410e-01,3.589818477630615234e-01,3.161461651325225830e-01,-1.708663702011108398e-01,-1.908220797777175903e-01,-1.098125502467155457e-01,3.612188398838043213e-01,-1.484775900840759277e+00,-8.889790773391723633e-01,-1.044763177633285522e-01,1.955864764750003815e-02,8.242463320493698120e-02,3.730360865592956543e-01,3.042982518672943115e-01,5.264705047011375427e-02,-1.468356996774673462e-01,-1.113170292228460312e-02,1.047967374324798584e-01,-2.164820283651351929e-01,-1.537653654813766479e-01
-2.490108489990234375e+00,1.861318469047546387e+00,9.675449132919311523e-01,-8.899036794900894165e-02,6.850645691156387329e-02,9.215561747550964355e-01,3.716473579406738281e-01,3.475328683853149414e-01,-1.313045769929885864e-01,-1.726465374231338501e-01,-4.651905596256256104e-02,4.360999464988708496e-01,-1.524943113327026367e+00,-8.100947141647338867e-01,-1.767453365027904510e-02,-2.746649831533432007e-02,1.702606081962585449e-01,2.265253663063049316e-01,2.126961201429367065e-01,1.127465143799781799e-01,-7.196690142154693604e-02,1.766934804618358612e-02,1.604798734188079834e-01,-1.147723942995071411e-01,-1.883559674024581909e-01
-2.536708593368530273e+00,1.917680382728576660e+00,9.630309939384460449e-01,-8.539457619190216064e-02,2.745790220797061920e-02,9.223149418830871582e-01,3.758842349052429199e-01,3.640050888061523438e-01,-9.069238603115081787e-02,-1.635579168796539307e-01,1.170517597347497940e-02,4.794321358203887939e-01,-1.527075052261352539e+00,-7.561533451080322266e-01,6.382347643375396729e-02,-4.944709688425064087e-02,2.642938196659088135e-01,1.420144736766815186e-01,1.126695945858955383e-01,1.435073465108871460e-01,1.111737173050642014e-02,3.835286945104598999e-02,2.340522855520248413e-01,8.651927858591079712e-02,-2.417940795421600342e-01
-2.584662437438964844e+00,1.971293687820434570e+00,9.649867415428161621e-01,-7.933200895786285400e-02,-8.371016010642051697e-03,9.241095185279846191e-01,3.737083375453948975e-01,3.671444952487945557e-01,-3.945897147059440613e-02,-1.755790859460830688e-01,9.670977294445037842e-02,5.192193984985351562e-01,-1.508123636245727539e+00,-7.014445066452026367e-01,1.247412189841270447e-01,-7.683650404214859009e-02,3.595424592494964600e-01,2.502997964620590210e-02,6.216400861740112305e-02,1.556072533130645752e-01,8.526278287172317505e-02,6.355789303779602051e-02,3.177570104598999023e-01,3.674317896366119385e-01,-2.701999545097351074e-01
-2.630243062973022461e+00,2.020768165588378906e+00,9.719791412353515625e-01,-8.309481292963027954e-02,-1.049533137120306492e-03,9.201790690422058105e-01,3.825762867927551270e-01,3.175793290138244629e-01,-7.982996106147766113e-02,-2.335222065448760986e-01,7.267080247402191162e-02,4.547595381736755371e-01,-1.411770701408386230e+00,-6.789203286170959473e-01,1.385244876146316528e-01,-5.272486805915832520e-02,4.279628694057464600e-01,-8.189494907855987549e-02,9.446498937904834747e-03,7.786638289690017700e-02,1.100154146552085876e-01,1.593642532825469971e-01,4.689079821109771729e-01,5.061399340629577637e-01,-2.289236634969711304e-01
-2.673109054565429688e+00,2.072709560394287109e+00,9.927079081535339355e-01,-7.054402679204940796e-02,1.087081525474786758e-02,9.247280359268188477e-01,3.738761544227600098e-01,3.173831999301910400e-01,-5.224801227450370789e-02,-3.371841013431549072e-01,1.299323439598083496e-01,4.338189363479614258e-01,-1.301661849021911621e+00,-5.717668533325195312e-01,1.083000674843788147e-01,-4.484945908188819885e-02,3.898094892501831055e-01,-1.112384796142578125e-01,1.064553949981927872e-02,-7.068338990211486816e-02,1.309689134359359741e-01,1.665087342262268066e-01,6.636382937431335449e-01,4.324722886085510254e-01,-1.526324450969696045e-01
-2.715739727020263672e+00,2.117623805999755859e+00,1.012279629707336426e+00,-6.819811463356018066e-02,2.560265921056270599e-02,9.244995713233947754e-01,3.741578757762908936e-01,2.775403559207916260e-01,-8.168646693229675293e-02,-4.852959513664245605e-01,1.319868713617324829e-01,3.622541725635528564e-01,-1.176723718643188477e+00,-4.992568194866180420e-01,8.617437630891799927e-02,-2.303780615329742432e-02,3.580118119716644287e-01,-1.319707185029983521e-01,2.405924536287784576e-02,-2.327161878347396851e-01,1.312234997749328613e-01,1.802554577589035034e-01,8.006296157836914062e-01,2.993423044681549072e-01,-1.265776455402374268e-01
-2.756028890609741211e+00,2.159694910049438477e+00,1.030664682388305664e+00,-6.794551014900207520e-02,4.071754962205886841e-02,9.252620935440063477e-01,3.709656298160552979e-01,2.275374382734298706e-01,-1.176874563097953796e-01,-6.290830969810485840e-01,1.058449298143386841e-01,2.609882652759552002e-01,-9.713450074195861816e-01,-4.192921519279479980e-01,5.944666266441345215e-02,-1.449191477149724960e-02,2.983920276165008545e-01,-1.444330960512161255e-01,2.965920604765415192e-02,-3.923967182636260986e-01,1.104556694626808167e-01,1.723432093858718872e-01,8.620027303695678711e-01,1.751607358455657959e-01,-9.690540283918380737e-02
-2.798124074935913086e+00,2.202783823013305664e+00,1.048531413078308105e+00,-6.852012127637863159e-02,5.027071759104728699e-02,9.243085384368896484e-01,3.720638751983642578e-01,1.795857846736907959e-01,-1.520930826663970947e-01,-7.833684086799621582e-01,1.309470683336257935e-01,2.192357331514358521e-01,-8.093228340148925781e-01,-3.271289467811584473e-01,4.501231759786605835e-02,-2.826387062668800354e-03,2.175966948270797729e-01,-1.403408348560333252e-01,4.725180566310882568e-02,-4.986686110496520996e-01,8.910842984914779663e-02,1.676458418369293213e-01,8.197343349456787109e-01,7.452709227800369263e-02,-1.056636497378349304e-01
-2.838798999786376953e+00,2.241561174392700195e+00,1.059168100357055664e+00,-7.219553738832473755e-02,5.946628376841545105e-02,9.231554865837097168e-01,3.728745877742767334e-01,1.384243369102478027e-01,-1.963368058204650879e-01,-9.409852027893066406e-01,1.635505259037017822e-01,1.811347156763076782e-01,-6.699653863906860352e-01,-2.582822144031524658e-01,2.889245003461837769e-02,-1.396009232848882675e-03,1.604269295930862427e-01,-1.285863220691680908e-01,6.836545467376708984e-02,-5.992797613143920898e-01,5.762909352779388428e-02,1.545238196849822998e-01,7.304046750068664551e-01,-1.231069210916757584e-02,-8.233053237199783325e-02
-2.881524562835693359e+00,2.281077623367309570e+00,1.062880158424377441e+00,-7.573220133781433105e-02,6.091376394033432007e-02,9.208252429962158203e-01,3.776704370975494385e-01,7.372111082077026367e-02,-1.962468475103378296e-01,-1.058639526367187500e+00,2.016148567199707031e-01,1.466774642467498779e-01,-5.441979765892028809e-01,-1.853354126214981079e-01,2.776446938514709473e-02,8.504932629875838757e-04,1.095805913209915161e-01,-1.192840412259101868e-01,8.359835296869277954e-02,-6.566346883773803711e-01,5.680250376462936401e-02,1.680538654327392578e-01,5.807300209999084473e-01,-6.662196666002273560e-02,-8.694434911012649536e-02
-2.925966024398803711e+00,2.320508956909179688e+00,1.059361338615417480e+00,-8.360662311315536499e-02,5.732902884483337402e-02,9.203483462333679199e-01,3.777329623699188232e-01,5.322573333978652954e-02,-2.524546682834625244e-01,-1.234952449798583984e+00,2.373583316802978516e-01,1.209535747766494751e-01,-4.241486191749572754e-01,-1.057273522019386292e-01,3.322727978229522705e-02,-2.527680993080139160e-02,5.099501833319664001e-02,-1.115499585866928101e-01,1.098680421710014343e-01,-6.977846622467041016e-01,5.555217340588569641e-02,1.613610982894897461e-01,3.949545025825500488e-01,-6.852610409259796143e-02,-1.118449047207832336e-01
-2.966436862945556641e+00,2.361364364624023438e+00,1.044554591178894043e+00,-1.041854843497276306e-01,4.207070916891098022e-02,9.162570834159851074e-01,3.845106065273284912e-01,7.283126935362815857e-03,-2.532737255096435547e-01,-1.390175223350524902e+00,2.713517844676971436e-01,1.285588443279266357e-01,-3.523437678813934326e-01,-5.719456821680068970e-02,8.100520819425582886e-02,-2.211678307503461838e-03,1.344084925949573517e-02,-1.154087632894515991e-01,9.169461578130722046e-02,-7.398524880409240723e-01,8.882270753383636475e-02,1.418200433254241943e-01,1.824711412191390991e-01,4.733764380216598511e-02,-1.722366660833358765e-01
-3.009720325469970703e+00,2.401196479797363281e+00,1.025957822799682617e+00,-1.232412755489349365e-01,4.252211004495620728e-02,9.128189086914062500e-01,3.869949579238891602e-01,-4.691003635525703430e-02,-2.784810960292816162e-01,-1.513604044914245605e+00,2.779954373836517334e-01,1.256645619869232178e-01,-3.062722086906433105e-01,-3.574584051966667175e-02,9.201832115650177002e-02,2.176873199641704559e-02,4.603717476129531860e-03,-9.970499575138092041e-02,9.566548466682434082e-02,-7.944941520690917969e-01,8.189821988344192505e-02,9.664802998304367065e-02,4.676065221428871155e-02,1.247190535068511963e-01,-2.185290455818176270e-01
-3.057907581329345703e+00,2.444957733154296875e+00,1.004454851150512695e+00,-1.146077886223793030e-01,4.010704159736633301e-02,9.113424420356750488e-01,3.933337926864624023e-01,-3.352880477905273438e-02,-3.215970396995544434e-01,-1.624909520149230957e+00,3.237363100051879883e-01,1.089196652173995972e-01,-2.678981125354766846e-01,1.734159886837005615e-02,7.560775429010391235e-02,3.523080050945281982e-02,3.840777650475502014e-02,-9.556529670953750610e-02,1.660211980342864990e-01,-8.001542091369628906e-01,7.118403166532516479e-02,8.303058147430419922e-02,4.242297261953353882e-02,1.518045961856842041e-01,-2.454735189676284790e-01
