3.621813535690307617e+00,-3.701078891754150391e+00,9.394091963768005371e-01,-6.957391649484634399e-02,3.788287565112113953e-02,9.287824034690856934e-01,3.620601594448089600e-01,-2.287845462560653687e-01,-1.086690425872802734e-01,-3.723672628402709961e-01,1.014376282691955566e-01,4.004867374897003174e-02,-8.583898097276687622e-02,7.427665591239929199e-02,7.915911264717578888e-03,-8.730106055736541748e-02,2.617971599102020264e-01,4.533793032169342041e-02,2.561816014349460602e-02,-5.286640524864196777e-01,-7.914336025714874268e-02,9.989298880100250244e-02,1.730031222105026245e-01,-5.921147391200065613e-02,3.857201710343360901e-02
3.573513984680175781e+00,-3.661677598953247070e+00,9.385356903076171875e-01,-9.322579950094223022e-02,4.798654466867446899e-02,9.370141029357910156e-01,3.331827819347381592e-01,1.542019695043563843e-01,-2.771790325641632080e-01,-9.494384527206420898e-01,2.696639895439147949e-01,1.163105517625808716e-01,-4.444688260555267334e-01,-1.541989147663116455e-01,1.224090252071619034e-02,-5.216760933399200439e-02,5.835433602333068848e-01,-4.936585202813148499e-02,2.702416107058525085e-02,-6.499556303024291992e-01,-1.138081923127174377e-01,5.624551326036453247e-02,4.254749119281768799e-01,-2.020494937896728516e-01,6.524483114480972290e-02
3.529794216156005859e+00,-3.619948863983154297e+00,9.534469842910766602e-01,-9.178824722766876221e-02,4.644932597875595093e-02,9.340829849243164062e-01,3.419156968593597412e-01,1.880394816398620605e-01,-2.456489801406860352e-01,-9.173424839973449707e-01,2.408661842346191406e-01,1.234988048672676086e-01,-4.964543879032135010e-01,-2.639425694942474365e-01,-2.590902149677276611e-02,-7.399589568376541138e-02,6.950771212577819824e-01,-1.983808353543281555e-02,2.514092810451984406e-02,-5.527482628822326660e-01,-1.064842119812965393e-01,5.653820559382438660e-02,3.714413344860076904e-01,-2.216107398271560669e-01,8.088366687297821045e-02
3.486475706100463867e+00,-3.582029581069946289e+00,9.708556532859802246e-01,-9.036961197853088379e-02,4.725570231676101685e-02,9.296692013740539551e-01,3.539991080760955811e-01,2.147070616483688354e-01,-2.233149558305740356e-01,-8.719467520713806152e-01,2.170815616846084595e-01,1.440506875514984131e-01,-5.788189768791198730e-01,-3.731190860271453857e-01,-7.605978101491928101e-02,-1.322427242994308472e-01,7.466976046562194824e-01,5.634879693388938904e-02,2.216118201613426208e-02,-4.454587697982788086e-01,-1.020717844367027283e-01,7.262847572565078735e-02,2.960497736930847168e-01,-2.413696199655532837e-01,8.122581988573074341e-02
3.445566654205322266e+00,-3.543433189392089844e+00,9.833835363388061523e-01,-9.214330464601516724e-02,4.921836778521537781e-02,9.262155294418334961e-01,3.622318506240844727e-01,2.268693447113037109e-01,-2.033915966749191284e-01,-8.033674359321594238e-01,1.822508126497268677e-01,1.700757592916488647e-01,-6.755326390266418457e-01,-4.549018740653991699e-01,-1.058227717876434326e-01,-1.546095311641693115e-01,7.017694711685180664e-01,1.071735695004463196e-01,4.990429431200027466e-02,-3.513878285884857178e-01,-9.973856061697006226e-02,8.698093146085739136e-02,2.224391102790832520e-01,-2.449068725109100342e-01,6.315494328737258911e-02
3.407074928283691406e+00,-3.506497621536254883e+00,9.888862371444702148e-01,-9.334647655487060547e-02,5.672863125801086426e-02,9.234675168991088867e-01,3.677989542484283447e-01,2.447540909051895142e-01,-1.748230010271072388e-01,-7.181444168090820312e-01,1.529351621866226196e-01,2.037884443998336792e-01,-7.903960943222045898e-01,-5.240135788917541504e-01,-9.169846773147583008e-02,-1.112982481718063354e-01,5.854439139366149902e-01,1.688582748174667358e-01,8.480164408683776855e-02,-2.730705440044403076e-01,-1.096079945564270020e-01,1.063777431845664978e-01,1.609804332256317139e-01,-2.449240833520889282e-01,4.053350910544395447e-02
3.368494033813476562e+00,-3.469327688217163086e+00,9.897765517234802246e-01,-9.624585509300231934e-02,5.045624822378158569e-02,9.223739504814147949e-01,3.706983029842376709e-01,2.412537783384323120e-01,-1.483111381530761719e-01,-6.547189950942993164e-01,1.756450682878494263e-01,2.763535976409912109e-01,-9.635160565376281738e-01,-6.026812195777893066e-01,-6.668645143508911133e-02,-9.736718237400054932e-02,5.038604140281677246e-01,5.356389284133911133e-02,1.018388718366622925e-01,-1.865462362766265869e-01,-9.340821951627731323e-02,1.241936981678009033e-01,9.834935516119003296e-02,-2.500793933868408203e-01,8.374998345971107483e-03
3.330063819885253906e+00,-3.430494070053100586e+00,9.821775555610656738e-01,-1.009457260370254517e-01,4.613348096609115601e-02,9.222348928451538086e-01,3.703571557998657227e-01,2.497942149639129639e-01,-1.196125745773315430e-01,-6.011660099029541016e-01,1.753872931003570557e-01,3.500905334949493408e-01,-1.121830701828002930e+00,-6.677991151809692383e-01,-5.242158472537994385e-02,-1.032671630382537842e-01,3.926065266132354736e-01,-1.187631953507661819e-02,1.438591629266738892e-01,-1.182184666395187378e-01,-7.940147817134857178e-02,1.353542357683181763e-01,5.888266488909721375e-02,-2.588786482810974121e-01,-2.856622636318206787e-02
3.290357351303100586e+00,-3.389108419418334961e+00,9.673326611518859863e-01,-1.043179854750633240e-01,6.026728078722953796e-02,9.215541481971740723e-01,3.690848350524902344e-01,2.572512328624725342e-01,-1.273977458477020264e-01,-5.571327805519104004e-01,1.477238088846206665e-01,3.930973410606384277e-01,-1.250580072402954102e+00,-7.245628833770751953e-01,-5.772437155246734619e-02,-6.792587041854858398e-02,2.348061949014663696e-01,1.645312458276748657e-02,1.891191154718399048e-01,-6.471282243728637695e-02,-9.856521338224411011e-02,1.498514413833618164e-01,3.844251111149787903e-02,-2.864941954612731934e-01,-4.561876505613327026e-02
3.248623371124267578e+00,-3.348238468170166016e+00,9.480787515640258789e-01,-1.067879647016525269e-01,7.775226235389709473e-02,9.219912290573120117e-01,3.639822900295257568e-01,2.553915381431579590e-01,-1.463278979063034058e-01,-5.129808783531188965e-01,8.997759222984313965e-02,3.755638301372528076e-01,-1.335904359817504883e+00,-7.826861143112182617e-01,-7.569260150194168091e-02,-4.826528020203113556e-03,8.884961158037185669e-02,1.176295876502990723e-01,2.518202960491180420e-01,-1.717819646000862122e-02,-1.226082071661949158e-01,1.376668810844421387e-01,2.833695895969867706e-02,-3.071246445178985596e-01,-7.293584197759628296e-02
3.205750703811645508e+00,-3.304536342620849609e+00,9.306993484497070312e-01,-1.093413829803466797e-01,8.621696382761001587e-02,9.217644333839416504e-01,3.618859350681304932e-01,2.535029649734497070e-01,-1.643725931644439697e-01,-4.827755391597747803e-01,3.878236189484596252e-02,3.854577243328094482e-01,-1.392023444175720215e+00,-8.234974741935729980e-01,-8.026841282844543457e-02,4.745325073599815369e-02,1.349804364144802094e-02,1.581902652978897095e-01,2.950622141361236572e-01,2.549839206039905548e-02,-1.265849322080612183e-01,1.195204630494117737e-01,3.370531275868415833e-02,-3.084691166877746582e-01,-9.416542947292327881e-02
3.159898042678833008e+00,-3.255218505859375000e+00,9.150070548057556152e-01,-1.071873605251312256e-01,9.059693664312362671e-02,9.201515316963195801e-01,3.655464947223663330e-01,2.448229193687438965e-01,-1.782904565334320068e-01,-4.371686279773712158e-01,3.134421771392226219e-03,3.723524212837219238e-01,-1.404933452606201172e+00,-8.318728804588317871e-01,-8.406943827867507935e-02,-1.465203147381544113e-02,2.915385551750659943e-02,1.997805535793304443e-01,3.340028226375579834e-01,6.526729464530944824e-02,-1.236783936619758606e-01,9.775724261999130249e-02,6.651493161916732788e-02,-2.811312377452850342e-01,-1.301373392343521118e-01
3.114944458007812500e+00,-3.203500509262084961e+00,9.096017479896545410e-01,-1.020036041736602783e-01,7.156480103731155396e-02,9.202941060066223145e-01,3.708538115024566650e-01,2.351065725088119507e-01,-1.481851190328598022e-01,-3.815234899520874023e-01,6.926612928509712219e-03,3.764649033546447754e-01,-1.378689050674438477e+00,-7.886541485786437988e-01,-2.465558238327503204e-02,-7.889650762081146240e-03,9.526081383228302002e-02,1.629842817783355713e-01,2.692296206951141357e-01,9.911660850048065186e-02,-8.024544268846511841e-02,8.246012777090072632e-02,1.303877234458923340e-01,-2.029159963130950928e-01,-1.602191925048828125e-01
3.071274042129516602e+00,-3.148749828338623047e+00,9.122733473777770996e-01,-1.000809445977210999e-01,3.198696300387382507e-02,9.215543270111083984e-01,3.737623691558837891e-01,2.499672919511795044e-01,-8.950988948345184326e-02,-3.639504909515380859e-01,6.262638419866561890e-02,4.161589145660400391e-01,-1.367455601692199707e+00,-7.463831305503845215e-01,5.613079667091369629e-02,-5.844712629914283752e-02,2.087882012128829956e-01,7.187181711196899414e-02,1.481840908527374268e-01,1.210953593254089355e-01,-2.723571669775992632e-04,7.130395621061325073e-02,2.009002864360809326e-01,-2.533528208732604980e-02,-1.971236765384674072e-01
3.024789810180664062e+00,-3.096243143081665039e+00,9.145886898040771484e-01,-9.939219802618026733e-02,-6.549619138240814209e-03,9.244192242622375488e-01,3.681403994560241699e-01,2.447121590375900269e-01,-3.543108329176902771e-02,-3.519897460937500000e-01,1.179003939032554626e-01,4.498982429504394531e-01,-1.328003525733947754e+00,-7.072771191596984863e-01,1.256063431501388550e-01,-7.462789863348007202e-02,3.025725185871124268e-01,1.306473510339856148e-03,7.627381384372711182e-02,1.227854937314987183e-01,8.507256209850311279e-02,8.467639237642288208e-02,2.711415886878967285e-01,2.524966299533843994e-01,-2.073256075382232666e-01
2.978283405303955078e+00,-3.044045925140380859e+00,9.231829047203063965e-01,-9.396522492170333862e-02,-2.332171052694320679e-02,9.259977340698242188e-01,3.649038374423980713e-01,2.330106496810913086e-01,2.732405846472829580e-04,-3.469619750976562500e-01,1.663339287042617798e-01,4.479534626007080078e-01,-1.273944973945617676e+00,-6.345455050468444824e-01,1.632762104272842407e-01,-9.184005111455917358e-02,3.369906544685363770e-01,-5.787678435444831848e-02,-1.018324587494134903e-02,1.036054566502571106e-01,1.360533535480499268e-01,1.231520548462867737e-01,3.357372283935546875e-01,4.745878577232360840e-01,-1.932914108037948608e-01
2.931422472000122070e+00,-2.992311000823974609e+00,9.435597658157348633e-01,-8.427331596612930298e-02,-7.343044504523277283e-03,9.268307685852050781e-01,3.658261597156524658e-01,2.217167764902114868e-01,-2.016063220798969269e-02,-4.007766842842102051e-01,1.707738041877746582e-01,3.878204226493835449e-01,-1.175869107246398926e+00,-5.298451781272888184e-01,1.441725492477416992e-01,-6.696815043687820435e-02,2.881487011909484863e-01,-7.599477469921112061e-02,-2.458500303328037262e-02,-2.662724256515502930e-02,1.101374775171279907e-01,1.059960946440696716e-01,4.979027211666107178e-01,3.783198297023773193e-01,-1.571371853351593018e-01
2.887212991714477539e+00,-2.950071334838867188e+00,9.621775746345520020e-01,-8.292821049690246582e-02,1.200653798878192902e-02,9.235841631889343262e-01,3.741270601749420166e-01,1.794830560684204102e-01,-4.113553091883659363e-02,-4.466770887374877930e-01,1.567342728376388550e-01,3.126181662082672119e-01,-1.046913027763366699e+00,-4.556436836719512939e-01,1.223767399787902832e-01,-2.231015823781490326e-02,2.461678385734558105e-01,-9.927527606487274170e-02,-3.075200691819190979e-02,-1.865527331829071045e-01,8.446662873029708862e-02,1.283519119024276733e-01,6.162695288658142090e-01,2.617030739784240723e-01,-1.244996339082717896e-01
2.844687223434448242e+00,-2.904167175292968750e+00,9.814309477806091309e-01,-7.800904661417007446e-02,2.507205121219158173e-02,9.256737232208251953e-01,3.693429231643676758e-01,1.550589650869369507e-01,-6.329545378684997559e-02,-5.264961123466491699e-01,1.573612242937088013e-01,2.495821714401245117e-01,-9.459099769592285156e-01,-3.598393499851226807e-01,9.387403726577758789e-02,-2.085809595882892609e-02,1.813211888074874878e-01,-1.102849841117858887e-01,2.857203362509608269e-03,-3.246002793312072754e-01,7.761470973491668701e-02,1.492686271667480469e-01,6.705341339111328125e-01,1.394940912723541260e-01,-9.588593244552612305e-02
2.802158832550048828e+00,-2.863245487213134766e+00,9.950684905052185059e-01,-8.001682907342910767e-02,3.867423161864280701e-02,9.308869838714599609e-01,3.543317615985870361e-01,1.487648636102676392e-01,-1.298505663871765137e-01,-6.735795736312866211e-01,1.735621839761734009e-01,2.097261697053909302e-01,-8.712028861045837402e-01,-2.801171541213989258e-01,6.068890169262886047e-02,-4.411170259118080139e-02,1.178678646683692932e-01,-1.224928647279739380e-01,4.970341175794601440e-02,-4.429404437541961670e-01,5.044157803058624268e-02,1.483734250068664551e-01,6.285970807075500488e-01,4.532191529870033264e-02,-7.923279702663421631e-02
2.759413957595825195e+00,-2.825249671936035156e+00,1.002403974533081055e+00,-7.771214097738265991e-02,4.812246188521385193e-02,9.345631003379821777e-01,3.438559472560882568e-01,1.531327068805694580e-01,-1.700655519962310791e-01,-8.167166113853454590e-01,1.603513807058334351e-01,1.306611746549606323e-01,-7.354602217674255371e-01,-2.062649875879287720e-01,4.082333669066429138e-02,-6.082110106945037842e-02,7.581552118062973022e-02,-1.186667457222938538e-01,7.087378203868865967e-02,-5.210447907447814941e-01,1.415329147130250931e-02,1.472695767879486084e-01,5.288570523262023926e-01,-3.772336244583129883e-02,-7.306402921676635742e-02
2.717147588729858398e+00,-2.787413358688354492e+00,1.002791404724121094e+00,-8.122888207435607910e-02,5.573521926999092102e-02,9.364594221115112305e-01,3.366588354110717773e-01,1.506017297506332397e-01,-2.282828688621520996e-01,-9.391542077064514160e-01,1.603986024856567383e-01,8.821251243352890015e-02,-6.298300623893737793e-01,-1.421933174133300781e-01,2.703184820711612701e-02,-9.278216212987899780e-02,4.527951404452323914e-02,-1.355716437101364136e-01,1.037825047969818115e-01,-5.829893946647644043e-01,-2.031385898590087891e-02,1.362460553646087646e-01,3.821886479854583740e-01,-1.031255647540092468e-01,-9.077597409486770630e-02
2.674418926239013672e+00,-2.745517969131469727e+00,9.918007254600524902e-01,-9.641907364130020142e-02,4.746204614639282227e-02,9.352975487709045410e-01,3.371486961841583252e-01,1.177414879202842712e-01,-2.490746676921844482e-01,-1.051163554191589355e+00,1.818016022443771362e-01,1.008971482515335083e-01,-5.743078589439392090e-01,-8.766856789588928223e-02,5.981053411960601807e-02,-1.072928234934806824e-01,1.525538135319948196e-02,-1.571015715599060059e-01,9.474206715822219849e-02,-6.446214914321899414e-01,-5.458978004753589630e-03,1.281639635562896729e-01,2.175723016262054443e-01,-7.186295092105865479e-02,-1.329915374517440796e-01
2.629686594009399414e+00,-2.703103065490722656e+00,9.737285375595092773e-01,-1.124028936028480530e-01,3.329288959503173828e-02,9.317813515663146973e-01,3.435704410076141357e-01,8.513672649860382080e-02,-2.508465945720672607e-01,-1.178561568260192871e+00,2.225961089134216309e-01,1.413953453302383423e-01,-5.380029082298278809e-01,-4.229344800114631653e-02,1.019674688577651978e-01,-8.904798328876495361e-02,1.753632444888353348e-03,-1.797586679458618164e-01,8.757828921079635620e-02,-7.094485759735107422e-01,2.141146361827850342e-02,9.551308304071426392e-02,8.420777320861816406e-02,3.041633218526840210e-02,-1.731011867523193359e-01
2.584571361541748047e+00,-2.661334514617919922e+00,9.575802683830261230e-01,-1.317566931247711182e-01,3.253025189042091370e-02,9.282644391059875488e-01,3.462760746479034424e-01,7.473884616047143936e-03,-2.598707973957061768e-01,-1.253557801246643066e+00,2.324473559856414795e-01,1.572845727205276489e-01,-4.925961196422576904e-01,-2.892257273197174072e-02,1.159056946635246277e-01,-6.212169677019119263e-02,1.323038525879383087e-02,-1.858199834823608398e-01,9.406900405883789062e-02,-7.748227119445800781e-01,1.936017535626888275e-02,5.699119716882705688e-02,1.310401130467653275e-02,7.449010014533996582e-02,-2.012873291969299316e-01
2.533879518508911133e+00,-2.615926504135131836e+00,9.396156668663024902e-01,-1.241981312632560730e-01,2.518743462860584259e-02,9.265227317810058594e-01,3.542541861534118652e-01,2.145475521683692932e-02,-2.768479883670806885e-01,-1.310744166374206543e+00,2.816140651702880859e-01,1.476237773895263672e-01,-4.304445385932922363e-01,1.952297985553741455e-02,1.178581640124320984e-01,-2.027332037687301636e-02,5.837044492363929749e-02,-1.611474752426147461e-01,1.160101071000099182e-01,-7.778725624084472656e-01,2.545294910669326782e-02,6.205915659666061401e-02,4.343330487608909607e-02,1.104550734162330627e-01,-2.275524288415908813e-01
2.479749441146850586e+00,-2.569934129714965820e+00,9.269899725914001465e-01,-1.139907389879226685e-01,3.264876827597618103e-02,9.244455099105834961e-01,3.624094426631927490e-01,4.288877174258232117e-02,-3.139537274837493896e-01,-1.356251835823059082e+00,2.976740598678588867e-01,1.186028942465782166e-01,-3.586466312408447266e-01,5.480413883924484253e-02,9.069264680147171021e-02,2.530199475586414337e-02,1.032029837369918823e-01,-7.318648695945739746e-02,1.548894196748733521e-01,-7.572516798973083496e-01,1.143687288276851177e-03,7.469640672206878662e-02,1.217900961637496948e-01,1.162291690707206726e-01,-2.231948077678680420e-01
2.421418666839599609e+00,-2.527007102966308594e+00,9.239193797111511230e-01,-9.019431471824645996e-02,7.274591177701950073e-02,9.226456880569458008e-01,3.678286373615264893e-01,9.882779419422149658e-02,-3.744628727436065674e-01,-1.369132041931152344e+00,2.630465924739837646e-01,1.857336796820163727e-02,-2.636284530162811279e-01,8.765652030706405640e-02,-7.319922093302011490e-03,4.586651176214218140e-02,1.242144256830215454e-01,1.213820353150367737e-01,2.062372565269470215e-01,-7.243438363075256348e-01,-1.066724583506584167e-01,9.314866364002227783e-02,2.104355543851852417e-01,-9.910604916512966156e-03,-8.678995072841644287e-02
2.364290237426757812e+00,-2.482398033142089844e+00,9.191374778747558594e-01,-5.060848966240882874e-02,1.042985096573829651e-01,9.165369272232055664e-01,3.827801346778869629e-01,1.793857663869857788e-01,-4.597965776920318604e-01,-1.368093013763427734e+00,2.578395307064056396e-01,-6.918449699878692627e-02,-2.048211693763732910e-01,1.153348088264465332e-01,-1.012553945183753967e-01,7.970400899648666382e-02,2.002470046281814575e-01,3.898659348487854004e-01,2.736069858074188232e-01,-6.807225942611694336e-01,-1.737304627895355225e-01,1.558115333318710327e-01,3.312756419181823730e-01,-1.117351874709129333e-01,-1.212397962808609009e-02
2.310981750488281250e+00,-2.436345338821411133e+00,9.116323590278625488e-01,-4.214239493012428284e-02,1.237746402621269226e-01,9.054019451141357422e-01,4.039198160171508789e-01,2.254254817962646484e-01,-4.814211726188659668e-01,-1.337630748748779297e+00,1.925477385520935059e-01,-1.114965602755546570e-01,-1.627051681280136108e-01,-1.105334516614675522e-02,-1.708538830280303955e-01,7.904475182294845581e-02,4.809624850749969482e-01,5.061399936676025391e-01,2.785319089889526367e-01,-7.188599705696105957e-01,-1.745299994945526123e-01,2.318345755338668823e-01,5.239005684852600098e-01,-2.227159291505813599e-01,4.169990867376327515e-02
2.261162281036376953e+00,-2.389572381973266602e+00,9.317481517791748047e-01,-6.980448216199874878e-02,1.194567009806632996e-01,9.061447978019714355e-01,3.996986746788024902e-01,2.149313539266586304e-01,-4.249774515628814697e-01,-1.255205512046813965e+00,1.090533956885337830e-01,-8.545105904340744019e-02,-1.868390589952468872e-01,-1.284765452146530151e-01,-1.882525831460952759e-01,-2.379371970891952515e-02,5.507120490074157715e-01,5.061399936676025391e-01,1.891837120056152344e-01,-6.828864812850952148e-01,-1.745299994945526123e-01,1.931980103254318237e-01,5.049471259117126465e-01,-2.619213461875915527e-01,4.648183286190032959e-02
2.208834409713745117e+00,-2.346847057342529297e+00,9.637153148651123047e-01,-7.828535139560699463e-02,9.676500409841537476e-02,9.078125357627868652e-01,4.004801809787750244e-01,2.584651410579681396e-01,-3.639235794544219971e-01,-1.135628938674926758e+00,8.035780489444732666e-02,-5.008729919791221619e-02,-2.612254619598388672e-01,-1.819385290145874023e-01,-1.736522912979125977e-01,-7.502111047506332397e-02,4.822311103343963623e-01,5.032816529273986816e-01,1.155294328927993774e-01,-5.186815857887268066e-01,-1.632748395204544067e-01,1.558952480554580688e-01,3.352179825305938721e-01,-2.124706059694290161e-01,4.250856861472129822e-02
2.160978555679321289e+00,-2.303930997848510742e+00,9.850891828536987305e-01,-8.506498485803604126e-02,7.520542293787002563e-02,9.107411503791809082e-01,3.970625102519989014e-01,2.690292298793792725e-01,-2.982208430767059326e-01,-1.002994775772094727e+00,1.206479743123054504e-01,4.912528395652770996e-02,-4.543642997741699219e-01,-3.123854994773864746e-01,-1.480989307165145874e-01,-1.076602637767791748e-01,5.509125590324401855e-01,3.497872352600097656e-01,7.736326009035110474e-02,-3.740314543247222900e-01,-1.402613222599029541e-01,1.024738773703575134e-01,1.928165555000305176e-01,-1.595167368650436401e-01,7.494693621993064880e-03
2.116477251052856445e+00,-2.262448072433471680e+00,1.002169966697692871e+00,-9.655712544918060303e-02,5.403801426291465759e-02,9.137734174728393555e-01,3.908641934394836426e-01,2.475565969944000244e-01,-2.112810015678405762e-01,-8.423463106155395508e-01,1.723904907703399658e-01,1.719398051500320435e-01,-6.905024051666259766e-01,-4.160932600498199463e-01,-8.953255414962768555e-02,-1.131561398506164551e-01,5.261906385421752930e-01,2.284783571958541870e-01,6.161516159772872925e-02,-2.799600958824157715e-01,-1.015617549419403076e-01,6.891237199306488037e-02,1.173357591032981873e-01,-1.271522790193557739e-01,-3.686705604195594788e-02
2.073884725570678711e+00,-2.221463918685913086e+00,1.012622356414794922e+00,-1.085031926631927490e-01,4.066751152276992798e-02,9.173126220703125000e-01,3.809340298175811768e-01,2.445338517427444458e-01,-1.549055725336074829e-01,-6.938511133193969727e-01,2.010700404644012451e-01,2.904903292655944824e-01,-9.191010594367980957e-01,-5.137625932693481445e-01,-4.563745111227035522e-02,-1.242986172437667847e-01,4.691057205200195312e-01,7.958611100912094116e-02,7.023183256387710571e-02,-2.134690582752227783e-01,-6.944419443607330322e-02,7.073745876550674438e-02,7.291188836097717285e-02,-1.151336058974266052e-01,-6.445996463298797607e-02
2.030319213867187500e+00,-2.181562900543212891e+00,1.012297034263610840e+00,-1.170241087675094604e-01,3.719441592693328857e-02,9.184696674346923828e-01,3.759460747241973877e-01,2.509312331676483154e-01,-1.085081398487091064e-01,-5.719832777976989746e-01,1.870587468147277832e-01,3.706121146678924561e-01,-1.085424184799194336e+00,-5.862357616424560547e-01,-2.827929705381393433e-02,-1.333604454994201660e-01,3.569917380809783936e-01,-1.085806544870138168e-02,1.314671933650970459e-01,-1.521721780300140381e-01,-5.900972709059715271e-02,7.391881197690963745e-02,3.745355084538459778e-02,-1.143298298120498657e-01,-9.046757966279983521e-02
1.986581563949584961e+00,-2.140313863754272461e+00,1.002492904663085938e+00,-1.218207627534866333e-01,4.335469380021095276e-02,9.219228625297546387e-01,3.651552200317382812e-01,2.615118920803070068e-01,-8.554609864950180054e-02,-4.585420489311218262e-01,1.667488366365432739e-01,4.274201989173889160e-01,-1.249333262443542480e+00,-6.430482268333435059e-01,-2.231314219534397125e-02,-1.114362999796867371e-01,2.046622335910797119e-01,-2.451521903276443481e-02,1.721372455358505249e-01,-9.467524290084838867e-02,-6.914369761943817139e-02,6.511752307415008545e-02,1.293298788368701935e-02,-1.285093873739242554e-01,-9.451553225517272949e-02
1.942089319229125977e+00,-2.099529266357421875e+00,9.813933372497558594e-01,-1.259918361902236938e-01,6.072428822517395020e-02,9.248983263969421387e-01,3.535558581352233887e-01,2.734632492065429688e-01,-9.037141501903533936e-02,-3.797595202922821045e-01,1.070440188050270081e-01,4.409407079219818115e-01,-1.388230085372924805e+00,-7.221032977104187012e-01,-4.526305198669433594e-02,-5.700225755572319031e-02,8.114767819643020630e-02,7.284460961818695068e-02,2.300988435745239258e-01,-4.950534924864768982e-02,-9.523808956146240234e-02,4.619006440043449402e-02,8.231547544710338116e-04,-1.493690758943557739e-01,-1.007016822695732117e-01
1.898424863815307617e+00,-2.055973291397094727e+00,9.586757421493530273e-01,-1.366159915924072266e-01,8.333442360162734985e-02,9.222860932350158691e-01,3.518235087394714355e-01,2.730453908443450928e-01,-1.166490316390991211e-01,-3.282046616077423096e-01,3.918954753316938877e-04,4.304377436637878418e-01,-1.491796493530273438e+00,-8.080661296844482422e-01,-5.935147032141685486e-02,2.461651898920536041e-02,7.065394311212003231e-04,1.524001061916351318e-01,2.754388153553009033e-01,-2.004281058907508850e-02,-1.214235052466392517e-01,4.214197769761085510e-02,4.436526069184765220e-05,-1.709616631269454956e-01,-1.406771242618560791e-01
1.850890159606933594e+00,-2.006562232971191406e+00,9.380035996437072754e-01,-1.314103901386260986e-01,8.525405079126358032e-02,9.258592128753662109e-01,3.438716828823089600e-01,2.941759824752807617e-01,-1.047982797026634216e-01,-2.789889872074127197e-01,-4.706514626741409302e-02,4.176217913627624512e-01,-1.530797243118286133e+00,-8.355112075805664062e-01,-6.366538256406784058e-02,3.097211197018623352e-02,2.724975161254405975e-02,1.775983721017837524e-01,3.245488107204437256e-01,3.572947159409523010e-02,-1.148445159196853638e-01,-8.656365098431706429e-04,2.335642836987972260e-02,-1.757006943225860596e-01,-1.581696569919586182e-01
1.802568078041076660e+00,-1.956965804100036621e+00,9.254215359687805176e-01,-1.340069323778152466e-01,7.905184477567672729e-02,9.250972867012023926e-01,3.463927209377288818e-01,2.821853756904602051e-01,-1.059963405132293701e-01,-2.359055876731872559e-01,-9.103281795978546143e-02,3.808451592922210693e-01,-1.539575099945068359e+00,-8.428272604942321777e-01,-2.054877579212188721e-02,4.781851917505264282e-02,1.082546859979629517e-01,1.514082998037338257e-01,2.842589020729064941e-01,7.222253829240798950e-02,-9.446364641189575195e-02,-3.182304278016090393e-02,5.170256271958351135e-02,-1.245192661881446838e-01,-1.808057725429534912e-01
1.752786040306091309e+00,-1.903880000114440918e+00,9.225323200225830078e-01,-1.319994032382965088e-01,4.113535210490226746e-02,9.239991903305053711e-01,3.565241992473602295e-01,2.739692628383636475e-01,-6.166906654834747314e-02,-2.082604765892028809e-01,-5.144793167710304260e-02,4.128189384937286377e-01,-1.545940279960632324e+00,-8.448892831802368164e-01,5.208997428417205811e-02,-5.182966589927673340e-02,3.184239566326141357e-01,-3.845706582069396973e-03,1.715783923864364624e-01,1.244458779692649841e-01,-3.139262646436691284e-02,-4.465043172240257263e-02,8.683028817176818848e-02,1.920392969623208046e-03,-1.848628520965576172e-01
1.700336456298828125e+00,-1.846852898597717285e+00,9.173625707626342773e-01,-1.406240165233612061e-01,-2.428711159154772758e-03,9.254329204559326172e-01,3.518420755863189697e-01,2.423366904258728027e-01,1.255175843834877014e-02,-2.035498917102813721e-01,1.727201603353023529e-02,4.556344151496887207e-01,-1.562348365783691406e+00,-8.404406905174255371e-01,1.346553862094879150e-01,-7.066025584936141968e-02,4.675164818763732910e-01,-1.300075799226760864e-01,1.222678273916244507e-01,1.471818983554840088e-01,6.439530849456787109e-02,-4.852685332298278809e-02,1.256995499134063721e-01,2.401058375835418701e-01,-2.743113934993743896e-01
1.645643115043640137e+00,-1.792947053909301758e+00,9.193983078002929688e-01,-1.431835144758224487e-01,-2.107062377035617828e-02,9.282422065734863281e-01,3.426674008369445801e-01,2.032766342163085938e-01,5.577806010842323303e-02,-2.326909899711608887e-01,1.020985990762710571e-01,4.659697115421295166e-01,-1.563370108604431152e+00,-8.111488223075866699e-01,1.745299845933914185e-01,-9.336467087268829346e-02,5.775795578956604004e-01,-2.694661021232604980e-01,3.934259712696075439e-02,1.417302638292312622e-01,1.112659648060798645e-01,-2.358183450996875763e-02,1.691626906394958496e-01,4.902845919132232666e-01,-2.697940170764923096e-01
1.589024424552917480e+00,-1.736435055732727051e+00,9.398198723793029785e-01,-1.486412137746810913e-01,-5.353072192519903183e-03,9.256601333618164062e-01,3.478942811489105225e-01,1.708765625953674316e-01,3.490554168820381165e-02,-3.334576189517974854e-01,1.353926658630371094e-01,4.199075996875762939e-01,-1.490074872970581055e+00,-7.314954996109008789e-01,1.745299994945526123e-01,-5.919151380658149719e-02,5.619547963142395020e-01,-3.530991375446319580e-01,2.247168868780136108e-02,4.733138531446456909e-02,9.856059402227401733e-02,3.513602539896965027e-02,2.637477517127990723e-01,4.913490712642669678e-01,-2.063542157411575317e-01
1.532082080841064453e+00,-1.679924130439758301e+00,9.688238501548767090e-01,-1.460746228694915771e-01,1.236903108656406403e-02,9.257876276969909668e-01,3.484630882740020752e-01,1.590142697095870972e-01,1.150447875261306763e-02,-4.715670347213745117e-01,1.584135442972183228e-01,3.629255890846252441e-01,-1.326935768127441406e+00,-5.559963583946228027e-01,1.551865488290786743e-01,-1.318778935819864273e-02,3.868378400802612305e-01,-3.501515388488769531e-01,4.558207839727401733e-02,-1.480333060026168823e-01,8.085878938436508179e-02,4.896479845046997070e-02,4.757611453533172607e-01,2.939662635326385498e-01,-1.417688131332397461e-01
1.475991487503051758e+00,-1.625154137611389160e+00,9.922202825546264648e-01,-1.496542096138000488e-01,3.691649809479713440e-02,9.246789216995239258e-01,3.481518626213073730e-01,1.256373375654220581e-01,-2.920596860349178314e-02,-6.226651072502136230e-01,1.684547066688537598e-01,2.933824062347412109e-01,-1.166950702667236328e+00,-4.085657298564910889e-01,1.170063987374305725e-01,1.610678806900978088e-02,2.119139730930328369e-01,-3.059578239917755127e-01,6.818610429763793945e-02,-3.290044665336608887e-01,5.476144328713417053e-02,7.569919526576995850e-02,5.738613605499267578e-01,1.478201150894165039e-01,-8.505701273679733276e-02
1.422505021095275879e+00,-1.574229001998901367e+00,1.009593367576599121e+00,-1.542120575904846191e-01,5.837101861834526062e-02,9.235378503799438477e-01,3.462502956390380859e-01,8.826920390129089355e-02,-7.019451260566711426e-02,-8.013443946838378906e-01,1.854914426803588867e-01,2.365850806236267090e-01,-9.977636337280273438e-01,-2.948195934295654297e-01,7.560716569423675537e-02,-1.094329752959311008e-03,7.789223641157150269e-02,-2.560009062290191650e-01,1.196288540959358215e-01,-4.875946938991546631e-01,2.235637418925762177e-02,8.310474455356597900e-02,5.932783484458923340e-01,2.814678288996219635e-02,-6.504068523645401001e-02
1.367561697959899902e+00,-1.528908133506774902e+00,1.015401840209960938e+00,-1.611859649419784546e-01,7.765600085258483887e-02,9.223506450653076172e-01,3.424294292926788330e-01,5.893911421298980713e-02,-1.265642940998077393e-01,-1.005476236343383789e+00,2.178645879030227661e-01,1.777544021606445312e-01,-8.651449680328369141e-01,-2.153110355138778687e-01,3.945601359009742737e-02,-2.894475497305393219e-02,5.177890852792188525e-05,-2.185311615467071533e-01,1.706527471542358398e-01,-6.396584510803222656e-01,-3.245135769248008728e-02,6.296751648187637329e-02,5.769992470741271973e-01,-8.864313364028930664e-02,-3.265512362122535706e-02
1.315330862998962402e+00,-1.482395052909851074e+00,1.008262157440185547e+00,-1.719064563512802124e-01,8.698341995477676392e-02,9.191284775733947754e-01,3.436349034309387207e-01,2.850203774869441986e-02,-1.834897547960281372e-01,-1.238753080368041992e+00,2.899984717369079590e-01,1.604037433862686157e-01,-8.071520924568176270e-01,-1.750824302434921265e-01,2.821553312242031097e-02,-5.505995079874992371e-02,7.697311232846004714e-09,-2.201253324747085571e-01,1.874029636383056641e-01,-7.712258696556091309e-01,-5.277878791093826294e-02,5.002161115407943726e-02,5.212773084640502930e-01,-1.658162325620651245e-01,-7.641828060150146484e-02
1.264946103096008301e+00,-1.438337087631225586e+00,9.907273650169372559e-01,-1.848550885915756226e-01,9.247644245624542236e-02,9.168428778648376465e-01,3.415784537792205811e-01,-3.668531542643904686e-03,-2.400991767644882202e-01,-1.488287091255187988e+00,3.890071809291839600e-01,1.609744429588317871e-01,-8.299534320831298828e-01,-1.418038308620452881e-01,3.295265883207321167e-02,-5.698328837752342224e-02,7.652790401380116236e-09,-2.199142277240753174e-01,1.709852814674377441e-01,-9.024836421012878418e-01,-6.661471724510192871e-02,3.439512476325035095e-02,4.600767195224761963e-01,-1.990632414817810059e-01,-1.128480806946754456e-01
1.215463995933532715e+00,-1.394580364227294922e+00,9.653002619743347168e-01,-1.930650472640991211e-01,9.829994291067123413e-02,9.170769453048706055e-01,3.347131907939910889e-01,-4.795443266630172729e-02,-2.876948714256286621e-01,-1.697557568550109863e+00,4.897560179233551025e-01,1.529823839664459229e-01,-8.702774047851562500e-01,-9.912442415952682495e-02,3.605221211910247803e-02,-5.454318597912788391e-02,5.499252583831548691e-04,-2.225627452135086060e-01,1.577617973089218140e-01,-1.041465163230895996e+00,-8.201043307781219482e-02,4.475425928831100464e-02,4.678631424903869629e-01,-2.435474395751953125e-01,-9.739375114440917969e-02
1.161550045013427734e+00,-1.344872117042541504e+00,9.354865550994873047e-01,-2.031959593296051025e-01,1.013681590557098389e-01,9.161431193351745605e-01,3.303297162055969238e-01,-6.612071394920349121e-02,-3.429049849510192871e-01,-1.867451906204223633e+00,5.864877700805664062e-01,1.575279384851455688e-01,-9.374072551727294922e-01,-6.466447561979293823e-02,3.966508060693740845e-02,-4.244790971279144287e-02,2.761483378708362579e-02,-2.355698943138122559e-01,1.673288196325302124e-01,-1.168437719345092773e+00,-7.944690436124801636e-02,8.587574213743209839e-02,5.451117753982543945e-01,-2.591437101364135742e-01,-8.692207932472229004e-02
1.101684212684631348e+00,-1.290077328681945801e+00,9.077229499816894531e-01,-2.277164310216903687e-01,1.147364228963851929e-01,9.102773070335388184e-01,3.261532783508300781e-01,-1.431009024381637573e-01,-3.874646723270416260e-01,-1.867499947547912598e+00,5.872199535369873047e-01,1.379114389419555664e-01,-9.580405354499816895e-01,-7.117852568626403809e-02,2.522584237158298492e-02,-4.067369922995567322e-02,6.449082493782043457e-02,-1.789908409118652344e-01,2.189274430274963379e-01,-1.287402868270874023e+00,-9.493680298328399658e-02,1.037784814834594727e-01,6.624157428741455078e-01,-2.265343070030212402e-01,-1.094786375761032104e-01
1.035066246986389160e+00,-1.231390595436096191e+00,8.855563998222351074e-01,-2.161366939544677734e-01,1.398072242736816406e-01,9.053925275802612305e-01,3.376436531543731689e-01,-9.763764590024948120e-02,-4.563052356243133545e-01,-1.867499947547912598e+00,6.280331611633300781e-01,6.371796131134033203e-02,-9.889147281646728516e-01,-6.070385128259658813e-02,-3.501215204596519470e-02,-2.071753703057765961e-02,1.391098201274871826e-01,4.804516956210136414e-02,2.633024156093597412e-01,-1.303341746330261230e+00,-9.111046046018600464e-02,1.986812800168991089e-01,8.378582596778869629e-01,-2.866610288619995117e-01,-3.791775554418563843e-02
9.684473872184753418e-01,-1.171991229057312012e+00,8.684628605842590332e-01,-2.101988941431045532e-01,1.747814267873764038e-01,8.952903151512145996e-01,3.517429828643798828e-01,3.668987378478050232e-02,-5.074487924575805664e-01,-1.867499947547912598e+00,6.015257239341735840e-01,-1.521287858486175537e-02,-1.010913848876953125e+00,-7.888314872980117798e-02,-1.191716790199279785e-01,-3.085798118263483047e-03,1.996639966964721680e-01,3.988077044486999512e-01,3.293236196041107178e-01,-1.307131052017211914e+00,-1.077561080455780029e-01,2.673916518688201904e-01,9.775629043579101562e-01,-3.972952663898468018e-01,4.476592689752578735e-02
8.945015668869018555e-01,-1.108727812767028809e+00,8.555014729499816895e-01,-2.261461466550827026e-01,2.013329565525054932e-01,8.864946365356445312e-01,3.499288856983184814e-01,2.209551036357879639e-01,-5.345773100852966309e-01,-1.866069316864013672e+00,4.830753803253173828e-01,-5.966260656714439392e-02,-1.017697095870971680e+00,-2.601038217544555664e-01,-2.097063958644866943e-01,-6.707660853862762451e-02,5.375146269798278809e-01,5.061399936676025391e-01,2.528901696205139160e-01,-1.328595757484436035e+00,-1.430544704198837280e-01,2.951108515262603760e-01,1.109470605850219727e+00,-5.094822645187377930e-01,1.108586117625236511e-01
8.210975527763366699e-01,-1.038437604904174805e+00,8.664339780807495117e-01,-2.680685818195343018e-01,1.754653006792068481e-01,8.850129842758178711e-01,3.377917110919952393e-01,3.061397075653076172e-01,-4.298385679721832275e-01,-1.687365055084228516e+00,3.452591598033905029e-01,-1.658185385167598724e-02,-1.067857623100280762e+00,-4.755340218544006348e-01,-1.660367995500564575e-01,-9.617993980646133423e-02,7.676164507865905762e-01,5.061399936676025391e-01,1.530395597219467163e-01,-1.288652658462524414e+00,-1.519341170787811279e-01,1.999333500862121582e-01,1.137930631637573242e+00,-5.887136459350585938e-01,1.501886397600173950e-01
7.476537823677062988e-01,-9.696220755577087402e-01,8.737661838531494141e-01,-2.913215160369873047e-01,1.564671993255615234e-01,8.836337327957153320e-01,3.314230442047119141e-01,3.684293329715728760e-01,-3.323799967765808105e-01,-1.449897408485412598e+00,2.108496427536010742e-01,5.751409754157066345e-02,-1.165696620941162109e+00,-7.337198257446289062e-01,-1.268969774246215820e-01,-5.419614911079406738e-02,1.023397922515869141e+00,5.061399936676025391e-01,1.713386476039886475e-01,-1.184750795364379883e+00,-1.351776421070098877e-01,1.465991139411926270e-01,1.109075784683227539e+00,-6.480444073677062988e-01,1.347663551568984985e-01
6.674832105636596680e-01,-8.983574509620666504e-01,8.905509114265441895e-01,-2.820812463760375977e-01,1.275686174631118774e-01,8.887857794761657715e-01,3.379589319229125977e-01,4.879080653190612793e-01,-2.484284788370132446e-01,-1.231670975685119629e+00,1.290044933557510376e-01,9.310947358608245850e-02,-1.300358653068542480e+00,-9.248867034912109375e-01,-9.181068837642669678e-02,-3.068763762712478638e-02,1.166101455688476562e+00,5.061399936676025391e-01,1.728716194629669189e-01,-9.580618739128112793e-01,-1.066789254546165466e-01,9.991925954818725586e-02,9.827213883399963379e-01,-6.683539748191833496e-01,1.005394011735916138e-01
5.846749544143676758e-01,-8.236241340637207031e-01,9.126232862472534180e-01,-2.758383750915527344e-01,1.045437604188919067e-01,8.946011662483215332e-01,3.356672525405883789e-01,5.786504149436950684e-01,-1.488106995820999146e-01,-1.066607236862182617e+00,8.175633847713470459e-02,1.262060552835464478e-01,-1.477254509925842285e+00,-1.105327606201171875e+00,-6.025319918990135193e-02,-3.186842799186706543e-02,1.221865057945251465e+00,4.226903617382049561e-01,1.666647046804428101e-01,-7.243856787681579590e-01,-7.606889307498931885e-02,6.018466502428054810e-02,8.056101202964782715e-01,-6.228563189506530762e-01,3.240859508514404297e-02
4.966573715209960938e-01,-7.417315840721130371e-01,9.340318441390991211e-01,-2.756187915802001953e-01,8.693291246891021729e-02,8.933824896812438965e-01,3.440126180648803711e-01,6.459246277809143066e-01,-9.581049531698226929e-02,-9.923046231269836426e-01,4.120240360498428345e-02,1.633548736572265625e-01,-1.668645858764648438e+00,-1.225082039833068848e+00,-1.445606071501970291e-02,-4.254501312971115112e-02,1.150599002838134766e+00,3.665414452552795410e-01,1.651713699102401733e-01,-4.986703991889953613e-01,-4.125374928116798401e-02,2.209866605699062347e-02,5.853587388992309570e-01,-4.511221349239349365e-01,-3.930239006876945496e-02
4.078947305679321289e-01,-6.557328701019287109e-01,9.516748785972595215e-01,-2.820144891738891602e-01,5.680105462670326233e-02,8.917970657348632812e-01,3.491983711719512939e-01,6.923996210098266602e-01,-2.182147838175296783e-02,-9.397900700569152832e-01,4.249436035752296448e-02,2.491855621337890625e-01,-1.856998085975646973e+00,-1.252287983894348145e+00,3.112126141786575317e-02,-1.106591746211051941e-01,9.530513286590576172e-01,3.609477877616882324e-01,1.772763580083847046e-01,-2.836900353431701660e-01,3.079608827829360962e-02,-2.081200480461120605e-02,3.281501531600952148e-01,-9.006731212139129639e-02,-1.680757999420166016e-01
3.213204443454742432e-01,-5.752463936805725098e-01,9.650760889053344727e-01,-2.824895679950714111e-01,2.822759002447128296e-02,8.903841972351074219e-01,3.558354079723358154e-01,7.070413231849670410e-01,1.460594963282346725e-02,-9.082434773445129395e-01,1.324127893894910812e-02,3.346165716648101807e-01,-1.867499947547912598e+00,-1.216148495674133301e+00,1.328530013561248779e-01,-1.035864353179931641e-01,6.578193902969360352e-01,3.772993981838226318e-01,1.967609524726867676e-01,-1.173213720321655273e-01,8.688256889581680298e-02,-5.533840134739875793e-02,1.517587304115295410e-01,2.552435994148254395e-01,-2.075991481542587280e-01
2.296743541955947876e-01,-4.930315911769866943e-01,9.733771681785583496e-01,-2.721727490425109863e-01,1.996870338916778564e-02,8.961099982261657715e-01,3.500144183635711670e-01,7.272146344184875488e-01,6.500985473394393921e-02,-9.202540516853332520e-01,7.578583899885416031e-03,3.893928527832031250e-01,-1.867499947547912598e+00,-1.162987947463989258e+00,1.745262444019317627e-01,-5.636980384588241577e-02,4.367289543151855469e-01,2.781684398651123047e-01,2.318792790174484253e-01,-4.999443143606185913e-02,1.140805557370185852e-01,-2.182487398386001587e-03,1.793219894170761108e-01,3.595815300941467285e-01,-1.621373891830444336e-01
1.332526654005050659e-01,-4.114821255207061768e-01,9.838420748710632324e-01,-2.501114308834075928e-01,3.747615590691566467e-02,8.952276110649108887e-01,3.668886721134185791e-01,7.238301038742065430e-01,5.718890950083732605e-02,-9.531501531600952148e-01,8.103725314140319824e-02,3.838668167591094971e-01,-1.867499947547912598e+00,-1.061591267585754395e+00,1.547678112983703613e-01,-6.852889060974121094e-02,3.055690228939056396e-01,1.586999893188476562e-01,2.204627245664596558e-01,-3.650904446840286255e-02,8.819487690925598145e-02,1.326484531164169312e-01,3.199506700038909912e-01,3.418432474136352539e-01,-1.077978983521461487e-01
3.854585066437721252e-02,-3.273488879203796387e-01,9.824342131614685059e-01,-2.333359420299530029e-01,6.158972159028053284e-02,8.921148777008056641e-01,3.819582164287567139e-01,6.672886013984680176e-01,1.755400374531745911e-02,-9.898689985275268555e-01,1.853451728820800781e-01,3.484356105327606201e-01,-1.867499947547912598e+00,-9.548690915107727051e-01,1.227206960320472717e-01,-9.074071049690246582e-02,2.942377626895904541e-01,1.359667181968688965e-01,1.647766530513763428e-01,-1.635185033082962036e-01,8.338435739278793335e-02,2.220685482025146484e-01,6.423665285110473633e-01,2.897271811962127686e-01,-4.006490111351013184e-02
-5.112839117646217346e-02,-2.457860410213470459e-01,9.706119298934936523e-01,-2.192469984292984009e-01,6.290960311889648438e-02,8.975400924682617188e-01,3.773524761199951172e-01,5.914414525032043457e-01,8.666312322020530701e-03,-1.039921998977661133e+00,3.433765769004821777e-01,3.297356665134429932e-01,-1.867490530014038086e+00,-8.616037964820861816e-01,1.344496905803680420e-01,-3.742275387048721313e-02,3.987147212028503418e-01,-2.057036571204662323e-02,8.428641408681869507e-02,-3.667891323566436768e-01,1.538833528757095337e-01,2.419267594814300537e-01,1.022072315216064453e+00,2.149604707956314087e-01,-4.379361867904663086e-03
-1.325081437826156616e-01,-1.672586947679519653e-01,9.510078430175781250e-01,-2.105527818202972412e-01,6.725237518548965454e-02,9.014899134635925293e-01,3.721029162406921387e-01,4.922222793102264404e-01,-1.783539168536663055e-02,-1.121387004852294922e+00,3.991635441780090332e-01,3.169021606445312500e-01,-1.682680010795593262e+00,-8.143457770347595215e-01,1.278966367244720459e-01,-4.056648164987564087e-02,5.676690936088562012e-01,-2.625977098941802979e-01,-2.327933721244335175e-02,-6.313259601593017578e-01,2.061743736267089844e-01,2.133201807737350464e-01,1.325169682502746582e+00,1.760280728340148926e-01,3.247027471661567688e-02
-2.130415290594100952e-01,-9.217631816864013672e-02,9.333541393280029297e-01,-2.115853130817413330e-01,9.366992115974426270e-02,9.019642472267150879e-01,3.645794093608856201e-01,3.592560887336730957e-01,-9.093864262104034424e-02,-1.269272446632385254e+00,4.330360293388366699e-01,2.921265363693237305e-01,-1.536830425262451172e+00,-7.868804335594177246e-01,7.416056841611862183e-02,-4.594499245285987854e-02,7.106716036796569824e-01,-4.388267099857330322e-01,-5.379885435104370117e-02,-9.313155412673950195e-01,1.868422925472259521e-01,1.903178840875625610e-01,1.480599403381347656e+00,1.383423060178756714e-01,5.071726813912391663e-02
-3.046516478061676025e-01,-1.351478695869445801e-02,9.353058934211730957e-01,-2.037485688924789429e-01,1.212348714470863342e-01,9.038154482841491699e-01,3.562391102313995361e-01,2.389015257358551025e-01,-1.702454686164855957e-01,-1.448143839836120605e+00,5.133601427078247070e-01,2.129203379154205322e-01,-1.472504854202270508e+00,-6.551389098167419434e-01,1.294382102787494659e-02,-1.722502335906028748e-02,6.901116967201232910e-01,-5.069358944892883301e-01,-2.731730788946151733e-02,-1.125242114067077637e+00,1.264922767877578735e-01,2.019099444150924683e-01,1.423541426658630371e+00,1.036064475774765015e-01,3.847072646021842957e-02
-4.039645195007324219e-01,6.678516417741775513e-02,9.507559537887573242e-01,-1.998273283243179321e-01,1.479061394929885864e-01,9.063253998756408691e-01,3.417120277881622314e-01,1.417254507541656494e-01,-2.448442429304122925e-01,-1.661592245101928711e+00,5.913405418395996094e-01,1.626424640417098999e-01,-1.462931752204895020e+00,-4.709324836730957031e-01,-5.995724350214004517e-02,-6.383727770298719406e-03,5.210232734680175781e-01,-3.605551421642303467e-01,1.048539653420448303e-01,-1.231767416000366211e+00,5.850842688232660294e-03,1.894712001085281372e-01,1.198091983795166016e+00,1.044205650687217712e-01,-6.501555908471345901e-03
-5.089715719223022461e-01,1.503459066152572632e-01,9.649895429611206055e-01,-2.025135159492492676e-01,1.771807670593261719e-01,9.041643142700195312e-01,3.317863643169403076e-01,6.128093600273132324e-02,-3.223243355751037598e-01,-1.841699242591857910e+00,6.484114527702331543e-01,1.195610687136650085e-01,-1.457185626029968262e+00,-3.183573186397552490e-01,-1.213583871722221375e-01,3.172595798969268799e-02,3.355476856231689453e-01,-5.611363053321838379e-02,2.081869244575500488e-01,-1.250397801399230957e+00,-9.270457923412322998e-02,1.787428408861160278e-01,8.350687026977539062e-01,2.248335033655166626e-01,-7.851810753345489502e-02
-6.119403839111328125e-01,2.314552217721939087e-01,9.717193841934204102e-01,-2.019547373056411743e-01,2.080474644899368286e-01,8.948579430580139160e-01,3.393520414829254150e-01,-3.825477510690689087e-02,-4.134111106395721436e-01,-1.867499947547912598e+00,6.898190379142761230e-01,4.700844734907150269e-02,-1.454788923263549805e+00,-1.668027341365814209e-01,-2.012144476175308228e-01,8.325186371803283691e-02,1.158089414238929749e-01,3.416042625904083252e-01,3.461218476295471191e-01,-1.225358366966247559e+00,-1.744988262653350830e-01,1.217070594429969788e-01,4.278438389301300049e-01,3.410922586917877197e-01,-1.238065809011459351e-01
-7.176240682601928711e-01,3.235434591770172119e-01,9.826493263244628906e-01,-1.805818676948547363e-01,1.949577778577804565e-01,8.972998857498168945e-01,3.524692058563232422e-01,-7.766249775886535645e-02,-4.489421546459197998e-01,-1.867499947547912598e+00,7.374374866485595703e-01,2.327022328972816467e-02,-1.459887266159057617e+00,4.484861274249851704e-04,-2.265563607215881348e-01,-2.945173531770706177e-02,4.758292809128761292e-02,4.670633673667907715e-01,2.479178011417388916e-01,-1.125269770622253418e+00,-1.745299994945526123e-01,5.322021991014480591e-02,1.607908159494400024e-01,2.854675948619842529e-01,-1.348962187767028809e-01
-8.278249502182006836e-01,4.199583232402801514e-01,9.884372353553771973e-01,-1.577404141426086426e-01,1.635098010301589966e-01,9.141258001327514648e-01,3.357924222946166992e-01,-4.234791547060012817e-02,-4.508256614208221436e-01,-1.867499947547912598e+00,8.084090352058410645e-01,8.703094720840454102e-02,-1.536966800689697266e+00,1.571074128150939941e-01,-2.083566784858703613e-01,-3.118129372596740723e-01,1.107013523578643799e-01,3.942039012908935547e-01,1.488718241453170776e-01,-1.012587666511535645e+00,-1.567790210247039795e-01,1.705798357725143433e-01,9.734090417623519897e-02,2.038397341966629028e-01,-1.052073687314987183e-01
-9.326773881912231445e-01,5.159861445426940918e-01,9.786690473556518555e-01,-1.451479941606521606e-01,1.379381418228149414e-01,9.186472892761230469e-01,3.405764698982238770e-01,4.964349418878555298e-02,-4.448963999748229980e-01,-1.867499947547912598e+00,7.948415279388427734e-01,9.392580389976501465e-02,-1.535437345504760742e+00,2.204386889934539795e-01,-2.015818208456039429e-01,-3.813289999961853027e-01,2.530583739280700684e-01,5.042632222175598145e-01,5.305718630552291870e-02,-9.191425442695617676e-01,-1.155860722064971924e-01,2.383644729852676392e-01,1.650639474391937256e-01,1.825573593378067017e-01,-1.163335219025611877e-01
-1.032641053199768066e+00,6.106086969375610352e-01,9.594323635101318359e-01,-1.367776244878768921e-01,1.285874247550964355e-01,9.252668619155883789e-01,3.296034634113311768e-01,1.914018392562866211e-01,-4.171905815601348877e-01,-1.867499947547912598e+00,7.019657492637634277e-01,1.239293962717056274e-01,-1.496082305908203125e+00,1.151047125458717346e-01,-2.113065570592880249e-01,-3.367526829242706299e-01,6.471974849700927734e-01,5.061399936676025391e-01,-4.841393791139125824e-03,-8.394101262092590332e-01,-1.635876744985580444e-01,1.257967203855514526e-01,2.581003606319427490e-01,1.211573034524917603e-01,-8.150780946016311646e-02
-1.131290912628173828e+00,7.013837099075317383e-01,9.440970420837402344e-01,-1.371153742074966431e-01,1.188403889536857605e-01,9.296543598175048828e-01,3.206542432308197021e-01,3.164148330688476562e-01,-3.569639027118682861e-01,-1.786278367042541504e+00,6.059160828590393066e-01,1.532922536134719849e-01,-1.516827225685119629e+00,-5.857846885919570923e-02,-2.401341944932937622e-01,-3.126347064971923828e-01,1.015139222145080566e+00,5.061399936676025391e-01,-4.042104631662368774e-02,-8.649034500122070312e-01,-1.745299994945526123e-01,1.122493520379066467e-01,5.787683725357055664e-01,-2.182771861553192139e-01,4.621180519461631775e-02
-1.224073886871337891e+00,7.857289314270019531e-01,9.228193163871765137e-01,-1.559153646230697632e-01,1.175606623291969299e-01,9.266989231109619141e-01,3.210904002189636230e-01,3.580642938613891602e-01,-2.969932556152343750e-01,-1.535716414451599121e+00,4.669549465179443359e-01,1.819797754287719727e-01,-1.569816827774047852e+00,-3.537756800651550293e-01,-2.704030573368072510e-01,-2.292675673961639404e-01,1.363957047462463379e+00,5.061399936676025391e-01,-3.378481790423393250e-02,-8.864525556564331055e-01,-1.580254286527633667e-01,1.271220892667770386e-01,8.062515854835510254e-01,-4.269987046718597412e-01,1.258240938186645508e-01
-1.313477635383605957e+00,8.711138963699340820e-01,9.236513972282409668e-01,-1.770921349525451660e-01,9.778457134962081909e-02,9.228250980377197266e-01,3.278268277645111084e-01,4.106110334396362305e-01,-2.175184786319732666e-01,-1.338305234909057617e+00,2.957065701484680176e-01,2.343899309635162354e-01,-1.640946030616760254e+00,-6.622421145439147949e-01,-1.769900470972061157e-01,-1.299238801002502441e-01,1.511885046958923340e+00,5.061399936676025391e-01,6.160241365432739258e-02,-7.909480333328247070e-01,-1.055793762207031250e-01,8.881974220275878906e-02,8.399704694747924805e-01,-5.334871411323547363e-01,1.125530973076820374e-01
-1.411445617675781250e+00,9.601505994796752930e-01,9.438818097114562988e-01,-1.758008450269699097e-01,6.512095779180526733e-02,9.211069941520690918e-01,3.411968350410461426e-01,5.164900422096252441e-01,-1.396394819021224976e-01,-1.220772624015808105e+00,1.840252131223678589e-01,2.652664780616760254e-01,-1.738043427467346191e+00,-8.639662861824035645e-01,-1.073087230324745178e-01,-1.077944487333297729e-01,1.469778895378112793e+00,4.736008048057556152e-01,9.970396757125854492e-02,-5.606585144996643066e-01,-3.866251185536384583e-02,6.381601095199584961e-02,7.102975845336914062e-01,-5.134277939796447754e-01,4.835155978798866272e-02
-1.515626549720764160e+00,1.057901740074157715e+00,9.688720703125000000e-01,-1.751505881547927856e-01,4.553249850869178772e-02,9.180213809013366699e-01,3.528254628181457520e-01,6.050790548324584961e-01,-7.534171640872955322e-02,-1.147658348083496094e+00,1.218868792057037354e-01,2.788908481597900391e-01,-1.856391668319702148e+00,-9.808834791183471680e-01,-5.584435909986495972e-02,-1.206482276320457458e-01,1.304956197738647461e+00,4.053259193897247314e-01,1.113706454634666443e-01,-3.063398897647857666e-01,6.907696835696697235e-03,4.387266933917999268e-02,4.797718226909637451e-01,-3.234630525112152100e-01,-5.605597794055938721e-02
-1.617247939109802246e+00,1.154227733612060547e+00,9.875159263610839844e-01,-1.785931885242462158e-01,1.455583889037370682e-02,9.162008166313171387e-01,3.584251999855041504e-01,6.771013140678405762e-01,-6.295503117144107819e-03,-1.098992943763732910e+00,4.788080975413322449e-02,3.313224017620086670e-01,-1.867499947547912598e+00,-1.020022988319396973e+00,6.090103182941675186e-03,-1.770257353782653809e-01,1.042815446853637695e+00,3.768768906593322754e-01,1.340947747230529785e-01,-1.184050738811492920e-01,7.521015405654907227e-02,2.194973826408386230e-02,3.114967346191406250e-01,2.113871462643146515e-02,-1.936202943325042725e-01
-1.718413472175598145e+00,1.251683354377746582e+00,1.001232862472534180e+00,-1.756071448326110840e-01,6.547247059643268585e-03,9.173107147216796875e-01,3.572958707809448242e-01,7.225201129913330078e-01,3.803760185837745667e-02,-1.080291271209716797e+00,-4.098677076399326324e-03,3.366968035697937012e-01,-1.867499947547912598e+00,-1.018563508987426758e+00,4.661962762475013733e-02,-1.972563713788986206e-01,7.361379265785217285e-01,3.630450963973999023e-01,1.638780534267425537e-01,6.861439440399408340e-03,1.089266389608383179e-01,4.661086574196815491e-02,2.490701973438262939e-01,2.476948648691177368e-01,-2.078326642513275146e-01
-1.823939442634582520e+00,1.349175810813903809e+00,1.015821456909179688e+00,-1.666111201047897339e-01,2.329450286924839020e-02,9.204695224761962891e-01,3.527520298957824707e-01,7.646678686141967773e-01,7.086849212646484375e-02,-1.091953754425048828e+00,-8.117531985044479370e-02,3.281241953372955322e-01,-1.867499947547912598e+00,-9.616581201553344727e-01,8.134630322456359863e-02,-1.054059043526649475e-01,3.556354641914367676e-01,3.473442494869232178e-01,2.142729908227920532e-01,1.299438029527664185e-01,1.029122769832611084e-01,1.348979175090789795e-01,2.090784162282943726e-01,3.085069656372070312e-01,-1.603865772485733032e-01
-1.934370994567871094e+00,1.446319341659545898e+00,1.015964388847351074e+00,-1.509434878826141357e-01,4.024638980627059937e-02,9.193555712699890137e-01,3.610839545726776123e-01,7.931478619575500488e-01,6.002559512853622437e-02,-1.137771964073181152e+00,-8.255108445882797241e-02,3.015661239624023438e-01,-1.867499947547912598e+00,-9.194863438606262207e-01,8.726334571838378906e-02,-1.094609498977661133e-02,1.240127161145210266e-01,3.206010162830352783e-01,2.621525824069976807e-01,2.112649977207183838e-01,7.505542784929275513e-02,1.974860429763793945e-01,2.696147859096527100e-01,3.957751393318176270e-01,-1.369564235210418701e-01
-2.042594432830810547e+00,1.546578407287597656e+00,1.015074729919433594e+00,-1.327012926340103149e-01,6.729982793331146240e-02,9.136416316032409668e-01,3.783122003078460693e-01,7.761928439140319824e-01,1.986512914299964905e-02,-1.168519139289855957e+00,3.605511039495468140e-03,2.147241383790969849e-01,-1.867499947547912598e+00,-8.717114925384521484e-01,7.041765004396438599e-02,-2.831303514540195465e-03,7.688713818788528442e-02,3.188022375106811523e-01,2.384833544492721558e-01,1.821941584348678589e-01,3.172317519783973694e-02,2.210563570261001587e-01,4.815111458301544189e-01,4.480613172054290771e-01,-9.364531189203262329e-02
-2.144985914230346680e+00,1.642305374145507812e+00,1.001903414726257324e+00,-1.211868822574615479e-01,7.618527859449386597e-02,9.110722541809082031e-01,3.865965902805328369e-01,7.067612409591674805e-01,-1.043949509039521217e-03,-1.195220828056335449e+00,1.515958160161972046e-01,2.656604349613189697e-01,-1.867499947547912598e+00,-7.867694497108459473e-01,7.123173773288726807e-02,-2.360155619680881500e-02,1.336446106433868408e-01,2.307694554328918457e-01,1.234855726361274719e-01,2.670666947960853577e-02,7.174488902091979980e-02,2.571732997894287109e-01,8.608875870704650879e-01,4.160919487476348877e-01,-4.793510586023330688e-02
-2.231198549270629883e+00,1.732692241668701172e+00,9.876878261566162109e-01,-1.218886822462081909e-01,5.968803167343139648e-02,9.107003211975097656e-01,3.901350796222686768e-01,6.069141030311584473e-01,-5.203859414905309677e-03,-1.221547961235046387e+00,3.263207674026489258e-01,3.256386816501617432e-01,-1.867499947547912598e+00,-7.653614282608032227e-01,1.120757758617401123e-01,-4.600067064166069031e-02,3.456877768039703369e-01,4.640391841530799866e-02,5.940583068877458572e-03,-2.086495310068130493e-01,1.951918751001358032e-01,2.606287300586700439e-01,1.246524930000305176e+00,3.625714778900146484e-01,1.950225094333291054e-03
-2.318610906600952148e+00,1.817099809646606445e+00,9.779046773910522461e-01,-1.278929263353347778e-01,6.447805464267730713e-02,9.097307920455932617e-01,3.897126019001007080e-01,4.622430503368377686e-01,-4.815164580941200256e-02,-1.257387399673461914e+00,4.128299653530120850e-01,3.418638408184051514e-01,-1.744451642036437988e+00,-7.625295519828796387e-01,1.091463118791580200e-01,-3.195521980524063110e-02,5.152622461318969727e-01,-8.949936926364898682e-02,-1.934410817921161652e-02,-4.981359243392944336e-01,1.914711147546768188e-01,1.913517117500305176e-01,1.465855360031127930e+00,3.334723711013793945e-01,-4.136838950216770172e-03
-2.406475305557250977e+00,1.901899337768554688e+00,9.816170930862426758e-01,-1.289487630128860474e-01,7.808165997266769409e-02,9.099107384681701660e-01,3.864426016807556152e-01,3.268941342830657959e-01,-8.979670703411102295e-02,-1.338585138320922852e+00,4.708417057991027832e-01,3.075135350227355957e-01,-1.610731840133666992e+00,-6.842957735061645508e-01,8.553208410739898682e-02,-2.656640112400054932e-02,6.027234792709350586e-01,-2.547196745872497559e-01,-5.441333726048469543e-02,-7.472808957099914551e-01,1.465771943330764771e-01,1.512941271066665649e-01,1.518476128578186035e+00,2.782789170742034912e-01,-1.489809434860944748e-02
-2.498016595840454102e+00,1.988361835479736328e+00,9.994089007377624512e-01,-1.264914125204086304e-01,1.037333384156227112e-01,9.116072058677673340e-01,3.771095871925354004e-01,2.052282691001892090e-01,-1.491561681032180786e-01,-1.488227605819702148e+00,5.380781292915344238e-01,2.303026616573333740e-01,-1.544467687606811523e+00,-5.374965071678161621e-01,2.420318312942981720e-02,-2.624545886646956205e-04,5.344579815864562988e-01,-2.583714425563812256e-01,4.666395019739866257e-03,-9.236741065979003906e-01,8.261279761791229248e-02,1.564911752939224243e-01,1.399443268775939941e+00,2.038515806198120117e-01,1.179365348070859909e-02
-2.596574306488037109e+00,2.079095602035522461e+00,1.031652450561523438e+00,-1.224830076098442078e-01,1.291251480579376221e-01,9.162591695785522461e-01,3.588784039020538330e-01,1.229588612914085388e-01,-2.313651293516159058e-01,-1.620255231857299805e+00,6.093506217002868652e-01,1.831452399492263794e-01,-1.507083892822265625e+00,-3.448749482631683350e-01,-4.818328842520713806e-02,-1.063152030110359192e-02,3.574402928352355957e-01,-1.075833663344383240e-01,1.017518714070320129e-01,-9.910128116607666016e-01,3.775785118341445923e-02,2.061346024274826050e-01,1.125901222229003906e+00,1.406238824129104614e-01,2.601704001426696777e-02
-2.696288585662841797e+00,2.169374704360961914e+00,1.053996443748474121e+00,-1.214264631271362305e-01,1.548572629690170288e-01,9.158616065979003906e-01,3.499605655670166016e-01,7.682497799396514893e-02,-2.985350191593170166e-01,-1.756734013557434082e+00,6.736131906509399414e-01,1.445096135139465332e-01,-1.499896526336669922e+00,-1.908900588750839233e-01,-1.102456152439117432e-01,-1.748129352927207947e-02,2.110902070999145508e-01,1.299401074647903442e-01,2.195634245872497559e-01,-9.826456308364868164e-01,-2.006046660244464874e-02,2.742226123809814453e-01,7.369285225868225098e-01,2.274136394262313843e-01,-1.569098047912120819e-02
-2.801729917526245117e+00,2.256739139556884766e+00,1.070731401443481445e+00,-1.206298768520355225e-01,1.732566654682159424e-01,9.097422957420349121e-01,3.574906289577484131e-01,5.837346985936164856e-02,-3.607030510902404785e-01,-1.867475152015686035e+00,7.382368445396423340e-01,1.030653566122055054e-01,-1.495776534080505371e+00,-7.035763561725616455e-02,-1.659691631793975830e-01,-1.627381518483161926e-02,1.427276283502578735e-01,3.283174335956573486e-01,2.943766415119171143e-01,-9.674725532531738281e-01,-1.232000142335891724e-01,2.265869677066802979e-01,3.525152206420898438e-01,2.975162565708160400e-01,-3.883544728159904480e-02
-2.901942968368530273e+00,2.352204799652099609e+00,1.089397311210632324e+00,-9.797041863203048706e-02,1.518939286470413208e-01,9.125044345855712891e-01,3.669681847095489502e-01,4.172749072313308716e-02,-4.170447885990142822e-01,-1.867499947547912598e+00,8.627334833145141602e-01,1.025787219405174255e-01,-1.544681549072265625e+00,1.214423477649688721e-01,-1.688699275255203247e-01,-1.517653316259384155e-01,1.103813499212265015e-01,4.244486391544342041e-01,2.074071317911148071e-01,-8.781798481941223145e-01,-1.492701768875122070e-01,1.195955425500869751e-01,6.999813765287399292e-02,2.417992353439331055e-01,-1.632009148597717285e-01
-3.004407882690429688e+00,2.448181390762329102e+00,1.097846627235412598e+00,-8.347085118293762207e-02,1.361321210861206055e-01,9.182526469230651855e-01,3.623709380626678467e-01,2.962614968419075012e-02,-4.355051219463348389e-01,-1.867499947547912598e+00,9.168595671653747559e-01,8.894987404346466064e-02,-1.557841181755065918e+00,2.342169731855392456e-01,-1.791266798973083496e-01,-2.835347056388854980e-01,2.080596983432769775e-01,4.554496109485626221e-01,1.304061710834503174e-01,-8.444411158561706543e-01,-1.542620360851287842e-01,1.479762941598892212e-01,7.644644356332719326e-04,1.789799034595489502e-01,-1.762731373310089111e-01
-3.102417707443237305e+00,2.549727678298950195e+00,1.079269051551818848e+00,-7.900617271661758423e-02,1.129760742187500000e-01,9.227407574653625488e-01,3.599220514297485352e-01,7.243965566158294678e-02,-3.948109149932861328e-01,-1.867499947547912598e+00,9.352223277091979980e-01,1.184022873640060425e-01,-1.575552582740783691e+00,2.502763867378234863e-01,-1.935497522354125977e-01,-3.460902869701385498e-01,4.549336731433868408e-01,5.061399936676025391e-01,4.491393268108367920e-02,-7.988398671150207520e-01,-1.385660320520401001e-01,1.816809475421905518e-01,1.125114504247903824e-02,2.235993444919586182e-01,-1.517555415630340576e-01
-3.202456235885620117e+00,2.649972677230834961e+00,1.065740942955017090e+00,-9.852526336908340454e-02,7.839917391538619995e-02,9.250732660293579102e-01,3.583096265792846680e-01,1.497897058725357056e-01,-3.585365712642669678e-01,-1.867499947547912598e+00,8.845148086547851562e-01,1.774376928806304932e-01,-1.564278721809387207e+00,1.733974367380142212e-01,-1.232274025678634644e-01,-2.739267051219940186e-01,6.699928641319274902e-01,4.950676560401916504e-01,-1.931966689880937338e-04,-7.471703886985778809e-01,-1.170497834682464600e-01,6.438426673412322998e-02,5.602568760514259338e-02,2.798054814338684082e-01,-1.358613967895507812e-01
-3.295107364654541016e+00,2.743011236190795898e+00,1.040186882019042969e+00,-9.686759114265441895e-02,5.940925329923629761e-02,9.263990521430969238e-01,3.589874804019927979e-01,3.102402985095977783e-01,-3.083853125572204590e-01,-1.867499947547912598e+00,8.060846924781799316e-01,2.533329725265502930e-01,-1.541478395462036133e+00,6.921908259391784668e-02,-1.618128120899200439e-01,-2.962611019611358643e-01,9.705327749252319336e-01,5.046391487121582031e-01,-3.983760997653007507e-02,-6.564434766769409180e-01,-1.306452900171279907e-01,-5.026293173432350159e-02,1.026732176542282104e-01,2.482766956090927124e-01,-9.424123913049697876e-02
-3.396931648254394531e+00,2.825013399124145508e+00,1.019796967506408691e+00,-6.664551794528961182e-02,5.153854936361312866e-02,9.277409911155700684e-01,3.635915815830230713e-01,4.213213622570037842e-01,-2.719574570655822754e-01,-1.656075596809387207e+00,7.815464138984680176e-01,2.511974573135375977e-01,-1.556050777435302734e+00,-3.686771169304847717e-02,-3.227161169052124023e-01,-3.328738212585449219e-01,1.259493589401245117e+00,5.060373544692993164e-01,-9.341847151517868042e-02,-5.457258224487304688e-01,-1.736392974853515625e-01,-3.099341504275798798e-02,2.711638808250427246e-01,-2.280510216951370239e-02,1.639367640018463135e-02
-3.482628107070922852e+00,2.900688171386718750e+00,9.948666095733642578e-01,-8.125448226928710938e-02,4.210440441966056824e-02,9.278985261917114258e-01,3.614267408847808838e-01,4.210030436515808105e-01,-2.555879056453704834e-01,-1.398112654685974121e+00,6.552998423576354980e-01,2.849640548229217529e-01,-1.587138652801513672e+00,-2.783913314342498779e-01,-3.459278643131256104e-01,-2.658770978450775146e-01,1.445627570152282715e+00,5.058761239051818848e-01,-8.523928374052047729e-02,-5.723631978034973145e-01,-1.745299994945526123e-01,-2.877388335764408112e-02,4.875916540622711182e-01,-2.016360014677047729e-01,1.033456698060035706e-01
-3.551449060440063477e+00,2.990232467651367188e+00,9.917783141136169434e-01,-9.451125562191009521e-02,4.746652022004127502e-02,9.293186664581298828e-01,3.538097441196441650e-01,4.514893889427185059e-01,-1.767116189002990723e-01,-1.192569255828857422e+00,5.137033462524414062e-01,3.538119792938232422e-01,-1.635769128799438477e+00,-6.064506769180297852e-01,-1.953987628221511841e-01,-1.859052628278732300e-01,1.542862057685852051e+00,3.082697689533233643e-01,4.316088557243347168e-02,-5.039687752723693848e-01,-1.618060618638992310e-01,-6.429287791252136230e-02,5.109376907348632812e-01,-2.544560730457305908e-01,5.552273616194725037e-02
-3.638713598251342773e+00,3.070415973663330078e+00,1.007730126380920410e+00,-1.081828847527503967e-01,3.707465901970863342e-02,9.263647794723510742e-01,3.588457405567169189e-01,5.060521960258483887e-01,-1.218714043498039246e-01,-1.049800157546997070e+00,3.982417583465576172e-01,3.450816571712493896e-01,-1.713014960289001465e+00,-7.716217041015625000e-01,-1.114595234394073486e-01,-1.307289749383926392e-01,1.416542530059814453e+00,2.808631956577301025e-01,8.503456413745880127e-02,-3.612957298755645752e-01,-1.122192889451980591e-01,-5.499373748898506165e-02,4.311552941799163818e-01,-2.301701605319976807e-01,-8.153907954692840576e-03
-3.733861446380615234e+00,3.154321670532226562e+00,1.025113701820373535e+00,-1.189400181174278259e-01,3.250110521912574768e-02,9.263782501220703125e-01,3.558374941349029541e-01,5.746867060661315918e-01,-1.107011884450912476e-01,-9.539251327514648438e-01,2.959111034870147705e-01,3.486340045928955078e-01,-1.810500383377075195e+00,-8.200548291206359863e-01,-6.232067570090293884e-02,-1.012815162539482117e-01,1.131137728691101074e+00,3.766142129898071289e-01,1.132279559969902039e-01,-1.871053129434585571e-01,-8.172953873872756958e-02,-5.281988903880119324e-02,2.767019569873809814e-01,-8.141972124576568604e-02,-5.704075843095779419e-02
