-2.850858926773071289e+00,-2.942809343338012695e+00,7.606564164161682129e-01,-4.369936138391494751e-02,2.114056795835494995e-01,4.092706143856048584e-01,8.865075111389160156e-01,-5.115297436714172363e-01,-7.187265902757644653e-02,2.173661738634109497e-01,7.939880490303039551e-01,-6.632364392280578613e-01,1.912486106157302856e-01,-6.663808226585388184e-01,-1.726630330085754395e-02,-5.173375457525253296e-02,7.224925756454467773e-01,-4.010469317436218262e-01,-8.344490081071853638e-03,1.607668027281761169e-02,0.000000000000000000e+00,0.000000000000000000e+00,1.766531020402908325e-01,8.669956773519515991e-02,-3.074857890605926514e-01,-7.535789012908935547e-01,4.044552147388458252e-02,4.803439602255821228e-02,-2.029405832290649414e-01,1.695380806922912598e-01,-8.911728858947753906e-01,-4.360521733760833740e-01
-2.806850671768188477e+00,-2.887438058853149414e+00,7.585296630859375000e-01,-4.789432138204574585e-02,2.319293916225433350e-01,4.215257167816162109e-01,8.753461837768554688e-01,-8.753959536552429199e-01,-2.848402410745620728e-02,1.943850815296173096e-01,1.403903007507324219e+00,-7.530200481414794922e-01,2.641717493534088135e-01,-5.835311412811279297e-01,-4.329505935311317444e-02,-7.631134241819381714e-02,6.619548797607421875e-01,-4.862148463726043701e-01,-4.596273228526115417e-02,3.446854650974273682e-02,0.000000000000000000e+00,0.000000000000000000e+00,3.261451423168182373e-01,1.462019830942153931e-01,-2.600117623805999756e-01,-9.135677814483642578e-01,1.748222261667251587e-01,8.324969559907913208e-02,-2.656251788139343262e-01,1.263520270586013794e-01,-1.210298061370849609e+00,-7.245678901672363281e-01
-2.761583328247070312e+00,-2.835293292999267578e+00,7.680590152740478516e-01,-4.335116595029830933e-02,2.372467815876007080e-01,4.094551801681518555e-01,8.798756003379821777e-01,-1.051946163177490234e+00,2.532318932935595512e-03,2.453973591327667236e-01,1.400504827499389648e+00,-6.990758776664733887e-01,2.678920328617095947e-01,-4.310496747493743896e-01,-4.416961222887039185e-02,-4.937411099672317505e-02,5.013327002525329590e-01,-4.431027770042419434e-01,-2.908388152718544006e-02,1.000333577394485474e-01,0.000000000000000000e+00,0.000000000000000000e+00,4.314101636409759521e-01,1.565365344285964966e-01,-2.654777467250823975e-01,-9.821409583091735840e-01,1.862330585718154907e-01,3.004596754908561707e-02,-2.904888689517974854e-01,1.282871514558792114e-01,-1.364791154861450195e+00,-7.691707015037536621e-01
-2.715641498565673828e+00,-2.779424667358398438e+00,7.778806090354919434e-01,-5.242136865854263306e-02,2.351863682270050049e-01,3.890705406665802002e-01,8.891363739967346191e-01,-1.007523298263549805e+00,-3.341159969568252563e-02,2.720500230789184570e-01,1.035364151000976562e+00,-8.975099027156829834e-02,1.248123720288276672e-01,-2.814567983150482178e-01,-4.656017292290925980e-03,5.085523426532745361e-02,3.326178789138793945e-01,-3.088385462760925293e-01,-3.072508424520492554e-02,1.957401335239410400e-01,0.000000000000000000e+00,0.000000000000000000e+00,5.360661149024963379e-01,2.086244225502014160e-01,-2.746354937553405762e-01,-1.085498929023742676e+00,1.594571620225906372e-01,-1.076623983681201935e-02,-3.071509301662445068e-01,1.488437354564666748e-01,-1.518347620964050293e+00,-6.837405562400817871e-01
-2.658684968948364258e+00,-2.713759660720825195e+00,7.891923785209655762e-01,-2.242822945117950439e-02,2.295577228069305420e-01,3.747714161872863770e-01,8.979680538177490234e-01,-1.030653715133666992e+00,-6.012093648314476013e-02,3.348251283168792725e-01,8.456386327743530273e-01,-9.592181444168090820e-02,8.114594221115112305e-02,-9.214509278535842896e-02,-5.947661399841308594e-02,1.534979641437530518e-01,1.817647516727447510e-01,-8.266945183277130127e-02,4.936939477920532227e-02,2.499076128005981445e-01,0.000000000000000000e+00,0.000000000000000000e+00,6.256471872329711914e-01,1.478600800037384033e-01,-2.828759253025054932e-01,-1.147522687911987305e+00,1.607135087251663208e-01,-4.052337631583213806e-02,-4.863113164901733398e-01,1.428565680980682373e-01,-1.695724368095397949e+00,-1.733556687831878662e-01
-2.604876279830932617e+00,-2.647904872894287109e+00,7.983278632164001465e-01,1.423381036147475243e-03,2.247303873300552368e-01,3.630957603454589844e-01,9.042431712150573730e-01,-1.037016749382019043e+00,-1.104919835925102234e-01,3.612769842147827148e-01,6.585665941238403320e-01,-1.346850246191024780e-01,6.021797284483909607e-02,2.631591074168682098e-02,-1.138883680105209351e-01,2.542715966701507568e-01,1.361949592828750610e-01,1.828291714191436768e-01,1.298342943191528320e-01,2.901481688022613525e-01,0.000000000000000000e+00,0.000000000000000000e+00,6.652058362960815430e-01,8.091349154710769653e-02,-3.260538578033447266e-01,-1.178857088088989258e+00,2.421021312475204468e-01,4.360975872259587049e-04,-5.358048081398010254e-01,1.697533577680587769e-01,-1.752632498741149902e+00,-1.372058391571044922e-01
-2.544178009033203125e+00,-2.578848600387573242e+00,8.074944019317626953e-01,1.792372786439955235e-04,2.099305987358093262e-01,3.540008366107940674e-01,9.113794565200805664e-01,-9.826332330703735352e-01,-8.130933344364166260e-02,4.430789649486541748e-01,5.536057353019714355e-01,-1.453765779733657837e-01,6.318488717079162598e-02,1.020574271678924561e-01,-1.401077955961227417e-01,2.685855329036712646e-01,1.338675618171691895e-01,3.265531659126281738e-01,1.408306658267974854e-01,3.132523596286773682e-01,0.000000000000000000e+00,0.000000000000000000e+00,6.822167634963989258e-01,7.243712991476058960e-02,-3.285508155822753906e-01,-1.212348699569702148e+00,2.718492150306701660e-01,3.903000056743621826e-02,-5.642964839935302734e-01,1.912526637315750122e-01,-1.770491480827331543e+00,-1.391495615243911743e-01
-2.482432842254638672e+00,-2.507271289825439453e+00,8.148618340492248535e-01,-1.421470101922750473e-02,1.782788336277008057e-01,3.560106456279754639e-01,9.172082543373107910e-01,-8.504907488822937012e-01,-7.561472803354263306e-02,4.701242446899414062e-01,4.876427054405212402e-01,-1.421835422515869141e-01,7.311125844717025757e-02,1.597077399492263794e-01,-1.423954665660858154e-01,1.158170923590660095e-01,1.713144481182098389e-01,3.782064318656921387e-01,7.758165895938873291e-02,3.176450431346893311e-01,0.000000000000000000e+00,0.000000000000000000e+00,6.939797997474670410e-01,9.836582094430923462e-02,-2.144945859909057617e-01,-1.256121993064880371e+00,2.247277945280075073e-01,1.248878240585327148e-01,-5.458799600601196289e-01,1.828764826059341431e-01,-1.765256285667419434e+00,-1.581789851188659668e-01
-2.419195890426635742e+00,-2.432508468627929688e+00,8.126338124275207520e-01,-3.969090804457664490e-02,1.526070833206176758e-01,3.757968544960021973e-01,9.131880402565002441e-01,-7.317225933074951172e-01,-9.137219190597534180e-02,3.925032019615173340e-01,4.840222001075744629e-01,-1.581830084323883057e-01,1.033156886696815491e-01,1.464550346136093140e-01,-1.175349131226539612e-01,-1.121723931282758713e-02,2.907775938510894775e-01,4.080772399902343750e-01,-1.342520676553249359e-02,2.874860763549804688e-01,0.000000000000000000e+00,0.000000000000000000e+00,6.321857571601867676e-01,1.188706606626510620e-01,-1.660516560077667236e-01,-1.280388951301574707e+00,2.107733190059661865e-01,1.910477131605148315e-01,-4.843856394290924072e-01,1.785800755023956299e-01,-1.677727341651916504e+00,-1.399514675140380859e-01
-2.361386299133300781e+00,-2.357000827789306641e+00,8.074676990509033203e-01,-6.034874171018600464e-02,1.366066634654998779e-01,4.077121317386627197e-01,9.008148908615112305e-01,-6.503685712814331055e-01,-9.858059883117675781e-02,2.957350015640258789e-01,5.495768189430236816e-01,-2.996843457221984863e-01,1.446439325809478760e-01,1.080223638564348221e-02,-1.222751215100288391e-01,-1.609787642955780029e-01,5.174532532691955566e-01,3.071980774402618408e-01,-9.836049377918243408e-02,2.069514542818069458e-01,0.000000000000000000e+00,0.000000000000000000e+00,5.275195240974426270e-01,1.389810740947723389e-01,-1.564767509698867798e-01,-1.300613045692443848e+00,1.600256711244583130e-01,2.474232763051986694e-01,-4.159919917583465576e-01,1.763389706611633301e-01,-1.569573760032653809e+00,-1.282183825969696045e-01
-2.309566259384155273e+00,-2.288047552108764648e+00,7.981666326522827148e-01,-7.699409127235412598e-02,1.367236971855163574e-01,4.439949095249176025e-01,8.821831345558166504e-01,-6.022407412528991699e-01,-1.107467859983444214e-01,1.946305632591247559e-01,6.058663725852966309e-01,-3.506897687911987305e-01,1.437717974185943604e-01,-2.420454174280166626e-01,-1.376192867755889893e-01,-2.227230966091156006e-01,7.850313186645507812e-01,1.560711115598678589e-01,-1.634288132190704346e-01,9.687626361846923828e-02,0.000000000000000000e+00,0.000000000000000000e+00,3.896190226078033447e-01,1.628404259681701660e-01,-1.521586030721664429e-01,-1.327748060226440430e+00,1.180621907114982605e-01,2.917225956916809082e-01,-3.698691129684448242e-01,1.609008014202117920e-01,-1.435379385948181152e+00,-1.180969327688217163e-01
-2.258111476898193359e+00,-2.220731735229492188e+00,7.913396954536437988e-01,-8.447966724634170532e-02,1.375365853309631348e-01,4.849652051925659180e-01,8.595089316368103027e-01,-5.133036971092224121e-01,-1.287105828523635864e-01,9.823904186487197876e-02,5.987924933433532715e-01,-3.819288015365600586e-01,8.920145034790039062e-02,-4.884353578090667725e-01,-1.712828874588012695e-01,-2.882547080516815186e-01,9.306034445762634277e-01,4.063327237963676453e-02,-1.639756560325622559e-01,-2.640108764171600342e-02,0.000000000000000000e+00,0.000000000000000000e+00,2.348654270172119141e-01,1.997390538454055786e-01,-1.801770776510238647e-01,-1.352757096290588379e+00,8.192776888608932495e-02,3.599556088447570801e-01,-3.253269791603088379e-01,1.564071774482727051e-01,-1.325428366661071777e+00,-1.100461632013320923e-01
-2.204936742782592773e+00,-2.147936105728149414e+00,7.907298803329467773e-01,-8.716088533401489258e-02,1.336114704608917236e-01,5.154669880867004395e-01,8.419291973114013672e-01,-3.603368401527404785e-01,-1.289143115282058716e-01,1.138616446405649185e-02,5.159338116645812988e-01,-3.763686120510101318e-01,3.029014542698860168e-02,-6.911455988883972168e-01,-1.973248422145843506e-01,-3.312415182590484619e-01,9.268574714660644531e-01,-3.769758343696594238e-02,-1.207213401794433594e-01,-1.392488628625869751e-01,0.000000000000000000e+00,0.000000000000000000e+00,1.242331191897392273e-01,2.362708598375320435e-01,-1.892798393964767456e-01,-1.418389439582824707e+00,7.080419361591339111e-02,4.488841295242309570e-01,-2.935643792152404785e-01,1.491653025150299072e-01,-1.284492373466491699e+00,-1.229508221149444580e-01
-2.145790338516235352e+00,-2.070544242858886719e+00,7.949454784393310547e-01,-8.763778209686279297e-02,1.258008331060409546e-01,5.400184392929077148e-01,8.275710344314575195e-01,-1.791959553956985474e-01,-1.026265770196914673e-01,-8.067862689495086670e-02,4.012166261672973633e-01,-2.960230112075805664e-01,-3.602913022041320801e-02,-8.083266615867614746e-01,-1.998972594738006592e-01,-3.832550942897796631e-01,7.653130888938903809e-01,-3.206130489706993103e-02,-5.727856606245040894e-02,-2.312330603599548340e-01,0.000000000000000000e+00,0.000000000000000000e+00,5.676436051726341248e-02,2.499153167009353638e-01,-1.837268918752670288e-01,-1.506619453430175781e+00,5.044180899858474731e-02,5.306656956672668457e-01,-2.775344252586364746e-01,1.497149169445037842e-01,-1.271897792816162109e+00,-1.107469946146011353e-01
-2.083112955093383789e+00,-1.987185001373291016e+00,7.978251576423645020e-01,-8.477769792079925537e-02,1.185818538069725037e-01,5.757707357406616211e-01,8.045117259025573730e-01,-2.185044344514608383e-03,-5.705613270401954651e-02,-2.249161452054977417e-01,2.818831503391265869e-01,-7.350988686084747314e-02,-8.972834050655364990e-02,-8.291251659393310547e-01,-2.008740454912185669e-01,-4.416190087795257568e-01,4.873780906200408936e-01,8.731485903263092041e-02,3.271209308877587318e-03,-3.428011834621429443e-01,0.000000000000000000e+00,0.000000000000000000e+00,3.355488181114196777e-02,2.786608934402465820e-01,-1.948136985301971436e-01,-1.602697134017944336e+00,2.314335852861404419e-02,6.096459627151489258e-01,-2.434492409229278564e-01,1.355336904525756836e-01,-1.275418877601623535e+00,-1.359245032072067261e-01
-2.014920234680175781e+00,-1.899890661239624023e+00,7.991782426834106445e-01,-7.486052811145782471e-02,9.952607005834579468e-02,6.189011931419372559e-01,7.755331993103027344e-01,1.418121308088302612e-01,7.374137174338102341e-03,-4.186155200004577637e-01,2.140162885189056396e-01,2.490700632333755493e-01,-1.303134113550186157e-01,-7.811393141746520996e-01,-1.771435290575027466e-01,-3.967063128948211670e-01,2.330895215272903442e-01,2.118235230445861816e-01,3.571338579058647156e-02,-4.645049273967742920e-01,0.000000000000000000e+00,0.000000000000000000e+00,6.849251687526702881e-02,3.081105649471282959e-01,-2.037740945816040039e-01,-1.682519316673278809e+00,1.548096654005348682e-03,6.798977255821228027e-01,-2.167118936777114868e-01,1.190788224339485168e-01,-1.272945642471313477e+00,-1.407968699932098389e-01
-1.951899886131286621e+00,-1.810854673385620117e+00,8.113378286361694336e-01,-3.181498125195503235e-02,1.005613058805465698e-01,6.210836768150329590e-01,7.766146659851074219e-01,1.865125298500061035e-01,-4.704606905579566956e-02,-4.315106272697448730e-01,2.734733223915100098e-01,3.324198126792907715e-01,-1.122709587216377258e-01,-7.065692543983459473e-01,-1.895904392004013062e-01,-3.511469066143035889e-01,1.595499068498611450e-01,2.598428428173065186e-01,2.534545026719570160e-02,-4.874037802219390869e-01,0.000000000000000000e+00,0.000000000000000000e+00,1.240698620676994324e-01,2.515740394592285156e-01,-1.799514442682266235e-01,-1.732394695281982422e+00,-1.016971934586763382e-02,6.963183283805847168e-01,-2.506824135780334473e-01,5.535618588328361511e-02,-1.277440309524536133e+00,-1.085146665573120117e-01
-1.892018198966979980e+00,-1.723218917846679688e+00,8.228346109390258789e-01,3.324500750750303268e-03,1.084906756877899170e-01,5.851755142211914062e-01,8.036095499992370605e-01,7.237469404935836792e-02,-1.412129253149032593e-01,-2.281532734632492065e-01,4.756413698196411133e-01,2.367769926786422729e-01,-3.866092860698699951e-02,-6.288855671882629395e-01,-1.616519689559936523e-01,-2.838272452354431152e-01,2.103380262851715088e-01,1.652646064758300781e-01,-4.701181128621101379e-02,-3.943656682968139648e-01,0.000000000000000000e+00,0.000000000000000000e+00,1.459838747978210449e-01,1.786942780017852783e-01,-1.915752142667770386e-01,-1.654006600379943848e+00,2.201681211590766907e-02,6.475755572319030762e-01,-2.999096512794494629e-01,2.349087037146091461e-02,-1.271205186843872070e+00,-1.287230253219604492e-01
-1.831760644912719727e+00,-1.641295909881591797e+00,8.262173533439636230e-01,1.076332014054059982e-02,1.015000119805335999e-01,5.628882050514221191e-01,8.202065825462341309e-01,-1.376849710941314697e-01,-1.054564341902732849e-01,6.122804246842861176e-03,6.601060032844543457e-01,6.595361977815628052e-02,5.845407024025917053e-02,-5.515734553337097168e-01,-1.200713887810707092e-01,-2.229540646076202393e-01,2.900972366333007812e-01,-3.412897884845733643e-02,-1.128584295511245728e-01,-3.030707538127899170e-01,0.000000000000000000e+00,0.000000000000000000e+00,1.838423311710357666e-01,1.599530130624771118e-01,-2.137279361486434937e-01,-1.515715003013610840e+00,6.701386999338865280e-03,5.695679187774658203e-01,-3.259517252445220947e-01,5.249521508812904358e-02,-1.268621087074279785e+00,-1.266512423753738403e-01
-1.771898150444030762e+00,-1.563172817230224609e+00,8.232946991920471191e-01,8.007188327610492706e-03,9.817265719175338745e-02,5.443193316459655762e-01,8.330752849578857422e-01,-3.533212840557098389e-01,-4.328837245702743530e-02,1.592232286930084229e-01,7.373526096343994141e-01,-8.222394436597824097e-02,1.111907288432121277e-01,-4.726742506027221680e-01,-7.499857991933822632e-02,-2.176606953144073486e-01,3.291392326354980469e-01,-1.699594110250473022e-01,-1.492585241794586182e-01,-1.902685314416885376e-01,0.000000000000000000e+00,0.000000000000000000e+00,2.195559442043304443e-01,1.613259017467498779e-01,-2.287956178188323975e-01,-1.362392067909240723e+00,-8.093044906854629517e-02,4.658571779727935791e-01,-3.448209464550018311e-01,9.081717580556869507e-02,-1.280667424201965332e+00,-1.444201469421386719e-01
-1.715011239051818848e+00,-1.486987352371215820e+00,8.226203918457031250e-01,-8.312371937790885568e-05,1.005449369549751282e-01,5.120683312416076660e-01,8.530396819114685059e-01,-5.226792693138122559e-01,1.984216272830963135e-02,2.902563810348510742e-01,6.464921236038208008e-01,-1.827369630336761475e-01,1.370870620012283325e-01,-3.923218846321105957e-01,-1.945492066442966461e-02,-1.637117415666580200e-01,3.373109698295593262e-01,-2.132595628499984741e-01,-1.069338321685791016e-01,-6.968455761671066284e-02,0.000000000000000000e+00,0.000000000000000000e+00,2.757675945758819580e-01,1.184650510549545288e-01,-2.257854044437408447e-01,-1.235048174858093262e+00,-5.594163015484809875e-02,3.428774476051330566e-01,-3.639729619026184082e-01,1.359289139509201050e-01,-1.299166679382324219e+00,-1.408072710037231445e-01
-1.654514908790588379e+00,-1.409192085266113281e+00,8.266311883926391602e-01,-8.933325298130512238e-03,9.644193202257156372e-02,4.837464392185211182e-01,8.698324561119079590e-01,-5.968498587608337402e-01,2.816014550626277924e-02,3.094727098941802979e-01,3.888649642467498779e-01,-1.374685019254684448e-01,9.083032608032226562e-02,-2.728767991065979004e-01,3.736257180571556091e-02,-1.028425320982933044e-01,3.077912330627441406e-01,-1.467995047569274902e-01,-2.936891280114650726e-02,1.657646335661411285e-02,0.000000000000000000e+00,0.000000000000000000e+00,3.489076197147369385e-01,1.237984150648117065e-01,-1.981414258480072021e-01,-1.162679553031921387e+00,-5.903635546565055847e-02,2.640140354633331299e-01,-3.627529442310333252e-01,1.470734775066375732e-01,-1.358686923980712891e+00,-1.138349175453186035e-01
-1.593483090400695801e+00,-1.328591585159301758e+00,8.293155431747436523e-01,-2.432265318930149078e-02,9.114871919155120850e-02,4.335006475448608398e-01,8.962017297744750977e-01,-6.236224174499511719e-01,4.431058466434478760e-02,1.956130862236022949e-01,1.642013341188430786e-01,3.381945565342903137e-02,1.831108331680297852e-02,-1.797759830951690674e-01,8.281765133142471313e-02,-2.351130172610282898e-02,3.157758414745330811e-01,1.055906414985656738e-01,2.297613583505153656e-02,1.195440143346786499e-01,0.000000000000000000e+00,0.000000000000000000e+00,3.822733461856842041e-01,1.645757257938385010e-01,-1.883336156606674194e-01,-1.072200536727905273e+00,-6.430252641439437866e-02,2.140908241271972656e-01,-3.621455729007720947e-01,1.698676645755767822e-01,-1.430392622947692871e+00,-7.477871328592300415e-02
-1.532940149307250977e+00,-1.249087333679199219e+00,8.386971950531005859e-01,-3.810789063572883606e-02,7.399697601795196533e-02,3.961053490638732910e-01,9.144248366355895996e-01,-5.929924845695495605e-01,8.924647420644760132e-02,1.325156688690185547e-01,8.979851007461547852e-02,1.418740153312683105e-01,-6.629766430705785751e-03,-1.270322054624557495e-01,1.116422489285469055e-01,-8.579588611610233784e-04,3.402659893035888672e-01,3.004493415355682373e-01,2.696177177131175995e-02,1.656109541654586792e-01,0.000000000000000000e+00,0.000000000000000000e+00,3.966937959194183350e-01,1.973213106393814087e-01,-1.952850073575973511e-01,-9.546422362327575684e-01,-8.850094676017761230e-02,2.169601172208786011e-01,-3.566337823867797852e-01,2.077383846044540405e-01,-1.517524957656860352e+00,-6.962791830301284790e-02
-1.472245216369628906e+00,-1.169450879096984863e+00,8.433620333671569824e-01,-5.868948996067047119e-02,4.772130027413368225e-02,3.801290094852447510e-01,9.218351840972900391e-01,-5.060641765594482422e-01,1.311121582984924316e-01,8.549001067876815796e-02,9.820187836885452271e-02,1.954427659511566162e-01,-2.074814960360527039e-02,-1.604731529951095581e-01,1.372538655996322632e-01,-9.957820177078247070e-02,4.000516831874847412e-01,2.265582233667373657e-01,-3.315728902816772461e-02,1.475670635700225830e-01,0.000000000000000000e+00,0.000000000000000000e+00,3.959670662879943848e-01,2.623069882392883301e-01,-2.389273196458816528e-01,-8.210250735282897949e-01,-8.405957370996475220e-02,2.485600411891937256e-01,-3.261339068412780762e-01,2.260957956314086914e-01,-1.524120450019836426e+00,-8.036743104457855225e-02
-1.414792537689208984e+00,-1.088868021965026855e+00,8.450424671173095703e-01,-4.232995957136154175e-02,4.105303063988685608e-02,3.958097100257873535e-01,9.164373874664306641e-01,-4.116820394992828369e-01,7.615000754594802856e-02,5.044888705015182495e-02,1.471390128135681152e-01,3.113529272377490997e-02,2.850917167961597443e-02,-2.319641858339309692e-01,8.487356454133987427e-02,-2.167099118232727051e-01,4.219487309455871582e-01,9.039184451103210449e-02,-1.416727714240550995e-02,5.135678127408027649e-02,0.000000000000000000e+00,0.000000000000000000e+00,4.004639685153961182e-01,2.519169449806213379e-01,-3.431365489959716797e-01,-7.227499485015869141e-01,-1.276858747005462646e-01,2.910885512828826904e-01,-3.705941438674926758e-01,2.198261916637420654e-01,-1.471932530403137207e+00,-1.224193498492240906e-01
-1.363317608833312988e+00,-1.012724637985229492e+00,8.444224596023559570e-01,-2.561851032078266144e-02,5.280962958931922913e-02,4.014382064342498779e-01,9.140033721923828125e-01,-3.526011407375335693e-01,2.749892883002758026e-02,8.680675178766250610e-02,2.016444355249404907e-01,-4.407394677400588989e-02,4.062648862600326538e-02,-3.380821049213409424e-01,3.331760317087173462e-02,-2.639405131340026855e-01,3.744281530380249023e-01,2.063542790710926056e-02,1.496354769915342331e-02,-2.625754103064537048e-02,0.000000000000000000e+00,0.000000000000000000e+00,3.877590000629425049e-01,2.032026499509811401e-01,-3.982238471508026123e-01,-6.625354290008544922e-01,-1.471008956432342529e-01,2.956727445125579834e-01,-4.246407151222229004e-01,2.157411128282546997e-01,-1.424113273620605469e+00,-1.232559978961944580e-01
-1.311432838439941406e+00,-9.420174956321716309e-01,8.496231436729431152e-01,-3.041428513824939728e-03,6.578910350799560547e-02,4.107284843921661377e-01,9.093759655952453613e-01,-2.933144271373748779e-01,-3.307719901204109192e-02,9.075540304183959961e-02,2.540906965732574463e-01,1.294203847646713257e-02,5.276393145322799683e-03,-4.063376784324645996e-01,-5.040299147367477417e-03,-2.793074250221252441e-01,2.257334887981414795e-01,5.652635917067527771e-02,1.853556558489799500e-02,-7.359223067760467529e-02,0.000000000000000000e+00,0.000000000000000000e+00,3.771184384822845459e-01,1.724354326725006104e-01,-4.421101808547973633e-01,-6.470513343811035156e-01,-1.341021209955215454e-01,2.979662716388702393e-01,-4.712703227996826172e-01,2.031078636646270752e-01,-1.407146215438842773e+00,-1.194586381316184998e-01
-1.256630897521972656e+00,-8.746210336685180664e-01,8.551537990570068359e-01,2.952522970736026764e-02,8.705069124698638916e-02,4.383981525897979736e-01,8.940679430961608887e-01,-3.039480447769165039e-01,-1.190304383635520935e-01,5.735905468463897705e-02,3.749844729900360107e-01,2.318348735570907593e-01,-2.724572084844112396e-02,-4.687941670417785645e-01,-5.795432627201080322e-02,-2.099514603614807129e-01,1.132314950227737427e-01,1.890946030616760254e-01,4.978282004594802856e-02,-1.407050639390945435e-01,0.000000000000000000e+00,0.000000000000000000e+00,3.549397289752960205e-01,1.161926016211509705e-01,-4.616020023822784424e-01,-6.537159085273742676e-01,-9.320540726184844971e-02,2.842975854873657227e-01,-5.371122360229492188e-01,1.827488541603088379e-01,-1.431375145912170410e+00,-1.105193644762039185e-01
-1.203179836273193359e+00,-8.091285228729248047e-01,8.611693382263183594e-01,5.538612604141235352e-02,1.050282716751098633e-01,4.617210626602172852e-01,8.790421485900878906e-01,-3.534590303897857666e-01,-1.729704886674880981e-01,4.863753914833068848e-02,4.583514928817749023e-01,3.225088715553283691e-01,-4.055341705679893494e-03,-5.026056170463562012e-01,-1.075606420636177063e-01,-1.168619096279144287e-01,6.605809926986694336e-02,2.846384644508361816e-01,8.614780008792877197e-02,-1.753087937831878662e-01,0.000000000000000000e+00,0.000000000000000000e+00,3.453553617000579834e-01,6.172028183937072754e-02,-4.500575959682464600e-01,-6.611298322677612305e-01,-3.833186253905296326e-02,2.634588778018951416e-01,-6.050518155097961426e-01,1.662538498640060425e-01,-1.487655639648437500e+00,-9.727278351783752441e-02
-1.150680661201477051e+00,-7.446305751800537109e-01,8.555998206138610840e-01,6.984496861696243286e-02,1.179892346262931824e-01,4.573211967945098877e-01,8.786680698394775391e-01,-4.417563676834106445e-01,-1.745299994945526123e-01,9.492183476686477661e-02,4.687322974205017090e-01,2.176582962274551392e-01,3.346174955368041992e-02,-4.981527626514434814e-01,-1.227564066648483276e-01,-8.529531955718994141e-02,7.588700950145721436e-02,3.450961709022521973e-01,8.581326156854629517e-02,-1.492689847946166992e-01,0.000000000000000000e+00,0.000000000000000000e+00,3.491015136241912842e-01,-3.312189073767513037e-04,-4.136860966682434082e-01,-6.400902867317199707e-01,4.452180117368698120e-02,2.181365489959716797e-01,-6.848022937774658203e-01,1.838871538639068604e-01,-1.552976846694946289e+00,-5.863058194518089294e-02
-1.095435857772827148e+00,-6.800910830497741699e-01,8.451700210571289062e-01,4.952770844101905823e-02,1.071850433945655823e-01,4.262417554855346680e-01,8.968703150749206543e-01,-5.044184923171997070e-01,-7.770465314388275146e-02,1.295639872550964355e-01,3.756796121597290039e-01,1.210031881928443909e-01,4.370423033833503723e-02,-4.520678818225860596e-01,-4.646447673439979553e-02,-1.020137220621109009e-01,1.388911157846450806e-01,1.753485053777694702e-01,4.097370430827140808e-02,-6.538382917642593384e-02,0.000000000000000000e+00,0.000000000000000000e+00,3.734209239482879639e-01,-7.271857932209968567e-03,-3.475348353385925293e-01,-5.873031020164489746e-01,1.653399914503097534e-01,1.168506965041160583e-01,-7.041495442390441895e-01,2.785057723522186279e-01,-1.565686821937561035e+00,-4.054574295878410339e-02
-1.040752291679382324e+00,-6.196524500846862793e-01,8.291765451431274414e-01,1.588020659983158112e-02,9.657138586044311523e-02,3.920091390609741211e-01,9.147407412528991699e-01,-5.743089914321899414e-01,6.010046601295471191e-02,1.666861027479171753e-01,2.614209055900573730e-01,8.508810400962829590e-02,3.561453148722648621e-02,-4.225380420684814453e-01,4.508382081985473633e-02,-7.009950280189514160e-02,2.270059287548065186e-01,7.441402971744537354e-02,2.906720340251922607e-02,3.879398480057716370e-02,0.000000000000000000e+00,0.000000000000000000e+00,3.957467377185821533e-01,1.661510206758975983e-02,-2.628874778747558594e-01,-5.582300424575805664e-01,2.405057847499847412e-01,1.126368716359138489e-02,-6.791450381278991699e-01,3.539265692234039307e-01,-1.531955122947692871e+00,-2.658357098698616028e-02
-9.822461009025573730e-01,-5.581652522087097168e-01,8.114938139915466309e-01,-2.598553895950317383e-02,8.402597159147262573e-02,3.614718616008758545e-01,9.282254576683044434e-01,-6.368609070777893066e-01,1.991758644580841064e-01,1.774803251028060913e-01,1.513092815876007080e-01,1.616604030132293701e-01,-4.953111987560987473e-03,-3.798075020313262939e-01,1.478667706251144409e-01,-1.304631493985652924e-02,2.969436645507812500e-01,-3.681785613298416138e-02,4.086123779416084290e-02,1.365147978067398071e-01,0.000000000000000000e+00,0.000000000000000000e+00,4.103876352310180664e-01,5.413459613919258118e-02,-1.448585391044616699e-01,-5.726867914199829102e-01,2.627108991146087646e-01,-7.495965808629989624e-02,-6.157345175743103027e-01,3.962493836879730225e-01,-1.433898925781250000e+00,3.694080561399459839e-02
-9.214604496955871582e-01,-4.949945211410522461e-01,7.945765256881713867e-01,-4.040346667170524597e-02,7.746579498052597046e-02,3.481143712997436523e-01,9.333718419075012207e-01,-6.786679029464721680e-01,2.596497237682342529e-01,1.358966678380966187e-01,9.006766229867935181e-02,2.209051847457885742e-01,-4.741173610091209412e-02,-3.090861439704895020e-01,1.745299994945526123e-01,-4.056718666106462479e-03,3.586258292198181152e-01,-2.148437052965164185e-01,3.941775485873222351e-02,1.945531666278839111e-01,0.000000000000000000e+00,0.000000000000000000e+00,4.428129792213439941e-01,8.237896114587783813e-02,-5.021586269140243530e-02,-6.755620837211608887e-01,2.521425187587738037e-01,-1.461948752403259277e-01,-5.791422724723815918e-01,4.412564635276794434e-01,-1.270347952842712402e+00,3.032161667943000793e-02
-8.609804511070251465e-01,-4.349269568920135498e-01,7.710911035537719727e-01,-4.738921672105789185e-02,7.545305043458938599e-02,3.484861254692077637e-01,9.330694079399108887e-01,-6.958264112472534180e-01,2.921109795570373535e-01,1.086167395114898682e-01,1.141771599650382996e-01,2.788535058498382568e-01,-6.283988058567047119e-02,-2.425509691238403320e-01,1.745299994945526123e-01,-4.442624747753143311e-02,4.297355711460113525e-01,-3.752707242965698242e-01,-2.725381776690483093e-02,2.332964688539505005e-01,0.000000000000000000e+00,0.000000000000000000e+00,4.770464599132537842e-01,8.388160169124603271e-02,6.634244322776794434e-02,-8.462924361228942871e-01,2.261800915002822876e-01,-1.424296349287033081e-01,-5.801125764846801758e-01,4.118202328681945801e-01,-1.148297190666198730e+00,-1.844923943281173706e-02
-8.033730983734130859e-01,-3.844167888164520264e-01,7.497279047966003418e-01,-4.613992199301719666e-02,7.120802998542785645e-02,3.521016538143157959e-01,9.321078062057495117e-01,-7.109737396240234375e-01,3.160418570041656494e-01,1.193686127662658691e-01,2.536104321479797363e-01,1.661233603954315186e-01,-2.311910502612590790e-02,-1.595030277967453003e-01,1.745299994945526123e-01,-8.378726989030838013e-02,4.826698303222656250e-01,-3.727397322654724121e-01,-3.951637819409370422e-02,2.477087825536727905e-01,0.000000000000000000e+00,0.000000000000000000e+00,4.878642261028289795e-01,6.098905950784683228e-02,1.573784500360488892e-01,-9.995816946029663086e-01,1.416245549917221069e-01,-9.031168371438980103e-02,-5.936667323112487793e-01,4.045422673225402832e-01,-1.029199719429016113e+00,-5.632312968373298645e-02
-7.528855800628662109e-01,-3.407000899314880371e-01,7.290459871292114258e-01,-4.233886301517486572e-02,8.283907175064086914e-02,3.730437457561492920e-01,9.231378436088562012e-01,-8.264471888542175293e-01,3.103649616241455078e-01,6.650044023990631104e-02,5.172561407089233398e-01,-2.702402137219905853e-02,2.046916075050830841e-02,-1.586205810308456421e-01,1.739219874143600464e-01,-1.074181422591209412e-01,5.896746516227722168e-01,-2.548566162586212158e-01,-5.637789145112037659e-02,2.076873481273651123e-01,0.000000000000000000e+00,0.000000000000000000e+00,4.492248594760894775e-01,5.681363120675086975e-02,1.717458367347717285e-01,-1.137274503707885742e+00,9.764292091131210327e-02,-1.931197009980678558e-02,-6.204224228858947754e-01,3.990543484687805176e-01,-9.094518423080444336e-01,-9.821034222841262817e-02
-7.042039632797241211e-01,-3.018521070480346680e-01,7.117938399314880371e-01,-3.928880393505096436e-02,1.152483746409416199e-01,4.091824591159820557e-01,9.042919278144836426e-01,-9.373014569282531738e-01,2.642214000225067139e-01,-1.108499709516763687e-02,6.836898922920227051e-01,-1.048358380794525146e-01,6.338820676319301128e-04,-3.102799355983734131e-01,1.745299994945526123e-01,-1.278326958417892456e-01,7.883387207984924316e-01,-2.359786033630371094e-01,-5.680111423134803772e-02,1.246432811021804810e-01,0.000000000000000000e+00,0.000000000000000000e+00,3.307931721210479736e-01,5.491900071501731873e-02,1.467691808938980103e-01,-1.236641407012939453e+00,6.429732590913772583e-02,7.162996381521224976e-02,-6.267890334129333496e-01,4.406342208385467529e-01,-7.959709763526916504e-01,-1.570943742990493774e-01
-6.550340056419372559e-01,-2.730798423290252686e-01,6.995100378990173340e-01,-7.202159613370895386e-02,1.410029679536819458e-01,4.218275547027587891e-01,8.927444219589233398e-01,-1.042594194412231445e+00,2.986898124217987061e-01,-9.250898659229278564e-02,8.174636363983154297e-01,-2.232413738965988159e-01,-2.738464064896106720e-02,-5.218804478645324707e-01,1.519613265991210938e-01,-2.440406233072280884e-01,9.855182170867919922e-01,-2.407839298248291016e-01,-1.311728656291961670e-01,6.252027302980422974e-02,0.000000000000000000e+00,0.000000000000000000e+00,1.886693090200424194e-01,8.631770312786102295e-02,1.461240053176879883e-01,-1.335179805755615234e+00,-2.623503468930721283e-02,1.606808602809906006e-01,-5.759071111679077148e-01,5.285039544105529785e-01,-7.412875294685363770e-01,-1.298038810491561890e-01
-6.072844266891479492e-01,-2.455275505781173706e-01,6.901296377182006836e-01,-8.362579345703125000e-02,1.774193197488784790e-01,4.330861866474151611e-01,8.797530531883239746e-01,-1.103292226791381836e+00,3.074876964092254639e-01,-1.092350631952285767e-01,8.837475776672363281e-01,-2.963204979896545410e-01,-4.032366350293159485e-02,-7.642437815666198730e-01,5.903789401054382324e-02,-3.169954419136047363e-01,1.160601854324340820e+00,-2.817718982696533203e-01,-1.525320261716842651e-01,-1.930727995932102203e-02,0.000000000000000000e+00,0.000000000000000000e+00,5.591909959912300110e-02,8.748113363981246948e-02,1.485630869865417480e-01,-1.462340474128723145e+00,-9.793238341808319092e-02,2.554068863391876221e-01,-5.208148360252380371e-01,5.549920797348022461e-01,-6.862198710441589355e-01,-9.321903437376022339e-02
-5.563791990280151367e-01,-2.173945605754852295e-01,6.849329471588134766e-01,-8.244947344064712524e-02,2.083696424961090088e-01,4.447200596332550049e-01,8.671841025352478027e-01,-1.102133631706237793e+00,3.046845793724060059e-01,-1.082634329795837402e-01,8.919906020164489746e-01,-3.527640700340270996e-01,-3.964976593852043152e-02,-9.913685917854309082e-01,-8.406662940979003906e-02,-3.507021963596343994e-01,1.271749496459960938e+00,-3.532943725585937500e-01,-1.605222821235656738e-01,-1.060939207673072815e-01,0.000000000000000000e+00,0.000000000000000000e+00,-2.355323173105716705e-02,1.189450398087501526e-01,1.235493347048759460e-01,-1.579560279846191406e+00,-1.375106424093246460e-01,3.504734635353088379e-01,-4.651513993740081787e-01,5.175552368164062500e-01,-6.205041408538818359e-01,-5.684220790863037109e-02
-4.994272589683532715e-01,-1.879452764987945557e-01,6.880701184272766113e-01,-7.547505199909210205e-02,2.266736626625061035e-01,4.347645044326782227e-01,8.682755231857299805e-01,-1.010589599609375000e+00,3.410550951957702637e-01,-7.753703743219375610e-02,8.350586891174316406e-01,-3.765212893486022949e-01,-6.080701947212219238e-02,-1.166071534156799316e+00,-2.079852521419525146e-01,-3.547343313694000244e-01,1.260821700096130371e+00,-4.051531851291656494e-01,-1.592042595148086548e-01,-1.429803222417831421e-01,0.000000000000000000e+00,0.000000000000000000e+00,-4.051522165536880493e-02,1.832528710365295410e-01,7.136622816324234009e-02,-1.647964715957641602e+00,-1.335064768791198730e-01,4.419543743133544922e-01,-4.234527647495269775e-01,4.728845357894897461e-01,-6.212488412857055664e-01,-3.374573588371276855e-02
-4.324583411216735840e-01,-1.580111533403396606e-01,6.999330520629882812e-01,-6.550968438386917114e-02,2.396353334188461304e-01,4.167315363883972168e-01,8.744245171546936035e-01,-8.434301018714904785e-01,3.792450726032257080e-01,-2.622776105999946594e-02,7.013381123542785645e-01,-3.527265787124633789e-01,-8.864911645650863647e-02,-1.264922380447387695e+00,-3.051551878452301025e-01,-4.006549417972564697e-01,1.142017364501953125e+00,-4.050087034702301025e-01,-1.186843216419219971e-01,-1.600625663995742798e-01,0.000000000000000000e+00,0.000000000000000000e+00,3.452022327110171318e-03,2.707029581069946289e-01,3.429947793483734131e-02,-1.685381650924682617e+00,-1.530482470989227295e-01,4.962813556194305420e-01,-3.881177604198455811e-01,4.472419321537017822e-01,-6.593429446220397949e-01,-7.177701336331665516e-04
-3.562316894531250000e-01,-1.290489435195922852e-01,7.182196974754333496e-01,-4.610091820359230042e-02,2.346038073301315308e-01,4.016359746456146240e-01,8.840386271476745605e-01,-5.697228312492370605e-01,3.805086910724639893e-01,-4.100525751709938049e-03,4.544097483158111572e-01,-2.051396667957305908e-01,-1.247852966189384460e-01,-1.256767630577087402e+00,-3.516482412815093994e-01,-4.736550152301788330e-01,9.486078619956970215e-01,-3.609177768230438232e-01,-5.359846353530883789e-02,-1.695415675640106201e-01,0.000000000000000000e+00,0.000000000000000000e+00,1.123947352170944214e-01,3.653360605239868164e-01,-9.829050395637750626e-04,-1.657636642456054688e+00,-1.152757480740547180e-01,5.554625988006591797e-01,-3.430911600589752197e-01,3.865363895893096924e-01,-7.223308086395263672e-01,2.865913324058055878e-02
-2.755011618137359619e-01,-1.022543236613273621e-01,7.311034202575683594e-01,-4.013534262776374817e-02,2.258898019790649414e-01,3.891417086124420166e-01,8.921500444412231445e-01,-3.436024487018585205e-01,4.080369174480438232e-01,-6.121285259723663330e-04,2.687072753906250000e-01,5.733736231923103333e-02,-1.473883688449859619e-01,-1.233207702636718750e+00,-3.390649259090423584e-01,-5.163715481758117676e-01,8.135763406753540039e-01,-3.515870273113250732e-01,1.408490445464849472e-02,-1.861334592103958130e-01,0.000000000000000000e+00,0.000000000000000000e+00,2.160462737083435059e-01,4.605940878391265869e-01,-2.249356731772422791e-02,-1.520753502845764160e+00,-1.268597394227981567e-01,5.220320224761962891e-01,-2.898238897323608398e-01,3.544442355632781982e-01,-7.520564198493957520e-01,5.624946206808090210e-02
-1.873614639043807983e-01,-7.568308711051940918e-02,7.390777468681335449e-01,-1.895331405103206635e-02,2.021814882755279541e-01,3.665415346622467041e-01,9.079706668853759766e-01,-1.281058490276336670e-01,4.072221517562866211e-01,-3.949755802750587463e-02,1.717265695333480835e-01,3.096006214618682861e-01,-8.800267428159713745e-02,-1.110991239547729492e+00,-3.259426951408386230e-01,-5.799849033355712891e-01,7.749921083450317383e-01,-3.013383150100708008e-01,-2.133781090378761292e-02,-1.859501004219055176e-01,0.000000000000000000e+00,0.000000000000000000e+00,3.265981972217559814e-01,4.865015745162963867e-01,-6.236067041754722595e-02,-1.313290953636169434e+00,-8.019445091485977173e-02,4.641955792903900146e-01,-2.675487399101257324e-01,2.974695265293121338e-01,-7.743937969207763672e-01,8.432479202747344971e-02
-9.362905472517013550e-02,-5.238670483231544495e-02,7.500989437103271484e-01,2.662033215165138245e-02,2.040983140468597412e-01,3.169566988945007324e-01,9.258367419242858887e-01,-3.751905634999275208e-02,2.845494151115417480e-01,-8.997377008199691772e-02,2.405560314655303955e-01,3.159342408180236816e-01,-3.344685211777687073e-02,-1.002498149871826172e+00,-2.556369900703430176e-01,-5.188893675804138184e-01,7.559037208557128906e-01,-2.818563282489776611e-01,-1.057209447026252747e-01,-1.479665488004684448e-01,0.000000000000000000e+00,0.000000000000000000e+00,3.843748569488525391e-01,4.228341281414031982e-01,-1.608549803495407104e-01,-1.091483592987060547e+00,-8.900837600231170654e-02,3.568356037139892578e-01,-3.407937288284301758e-01,2.557534277439117432e-01,-8.444774746894836426e-01,5.539491400122642517e-02
2.365471562370657921e-03,-3.461212292313575745e-02,7.571033835411071777e-01,6.215692311525344849e-02,2.222587317228317261e-01,2.436641603708267212e-01,9.420006871223449707e-01,-8.643498271703720093e-02,1.515054255723953247e-01,-2.425863221287727356e-02,4.553638994693756104e-01,3.157656490802764893e-01,-2.857377752661705017e-02,-9.231417775154113770e-01,-1.579172015190124512e-01,-4.105243086814880371e-01,7.102558612823486328e-01,-3.494217991828918457e-01,-1.843966990709304810e-01,-5.417419224977493286e-02,0.000000000000000000e+00,0.000000000000000000e+00,4.369659125804901123e-01,3.272255659103393555e-01,-2.744252681732177734e-01,-9.020015597343444824e-01,-1.147779896855354309e-01,2.167571634054183960e-01,-4.257408380508422852e-01,2.535038292407989502e-01,-9.603434205055236816e-01,3.416016697883605957e-02
9.560834616422653198e-02,-2.076059579849243164e-02,7.658909559249877930e-01,8.456780016422271729e-02,2.383767366409301758e-01,1.727939099073410034e-01,9.519280791282653809e-01,-2.616378664970397949e-01,4.568054154515266418e-02,2.671198733150959015e-02,7.414964437484741211e-01,2.539675533771514893e-01,-3.365381062030792236e-02,-8.278439640998840332e-01,-7.281078398227691650e-02,-2.941268384456634521e-01,6.477028727531433105e-01,-3.854710459709167480e-01,-1.793940514326095581e-01,4.759951680898666382e-02,0.000000000000000000e+00,0.000000000000000000e+00,4.899383187294006348e-01,2.252886742353439331e-01,-3.950577974319458008e-01,-7.218249440193176270e-01,-1.488554626703262329e-01,6.310425698757171631e-02,-4.935539364814758301e-01,2.885376513004302979e-01,-1.128208279609680176e+00,2.968197688460350037e-02
1.869482696056365967e-01,-1.186824962496757507e-02,7.770129442214965820e-01,9.951195865869522095e-02,2.489267736673355103e-01,1.150235161185264587e-01,9.565052986145019531e-01,-4.890455007553100586e-01,1.771504245698451996e-02,1.046059876680374146e-01,9.725433588027954102e-01,1.904610544443130493e-01,8.712409995496273041e-03,-6.894364356994628906e-01,-1.172546762973070145e-02,-1.901533901691436768e-01,5.288203358650207520e-01,-4.021444618701934814e-01,-1.532317548990249634e-01,1.473416239023208618e-01,0.000000000000000000e+00,0.000000000000000000e+00,5.590716600418090820e-01,1.471000760793685913e-01,-4.898399412631988525e-01,-6.194239854812622070e-01,-2.023992091417312622e-01,-6.752803176641464233e-02,-5.357511043548583984e-01,3.067738413810729980e-01,-1.332057833671569824e+00,3.203350305557250977e-02
2.847951054573059082e-01,-7.531543727964162827e-03,7.938407659530639648e-01,1.221654638648033142e-01,2.473263442516326904e-01,8.062067627906799316e-02,9.578129053115844727e-01,-6.687767505645751953e-01,7.623571902513504028e-03,1.682267338037490845e-01,1.044027686119079590e+00,1.553029268980026245e-01,8.579332381486892700e-02,-4.842100739479064941e-01,-7.384612690657377243e-03,-1.163005679845809937e-01,3.522404730319976807e-01,-3.453476428985595703e-01,-9.748477488756179810e-02,2.101780921220779419e-01,0.000000000000000000e+00,0.000000000000000000e+00,6.603457927703857422e-01,1.139597222208976746e-01,-5.791622996330261230e-01,-6.430155038833618164e-01,-3.050549328327178955e-01,-1.610126346349716187e-01,-5.745317339897155762e-01,3.391296863555908203e-01,-1.520328402519226074e+00,3.997777029871940613e-02
3.884958028793334961e-01,-6.481305696070194244e-03,8.097376227378845215e-01,1.505349129438400269e-01,2.422195971012115479e-01,4.949639365077018738e-02,9.571933150291442871e-01,-7.884175181388854980e-01,-3.310007229447364807e-02,2.257648110389709473e-01,9.512917399406433105e-01,1.445061415433883667e-01,1.364691406488418579e-01,-2.825960814952850342e-01,-3.838641569018363953e-02,-7.228539325296878815e-03,1.926435977220535278e-01,-1.581811010837554932e-01,-1.161789800971746445e-02,2.517317533493041992e-01,0.000000000000000000e+00,0.000000000000000000e+00,7.581612467765808105e-01,9.659975767135620117e-02,-6.442955136299133301e-01,-7.429234385490417480e-01,-3.037357926368713379e-01,-2.185471057891845703e-01,-6.378871202468872070e-01,3.792255520820617676e-01,-1.695081233978271484e+00,5.748437345027923584e-02
4.921767711639404297e-01,-4.903269931674003601e-03,8.193711638450622559e-01,1.763508617877960205e-01,2.361691296100616455e-01,1.133712660521268845e-02,9.555082321166992188e-01,-8.480342626571655273e-01,-8.749010413885116577e-02,3.069632351398468018e-01,7.343066334724426270e-01,1.914672106504440308e-01,1.316707581281661987e-01,-1.459608972072601318e-01,-9.637908637523651123e-02,8.145012706518173218e-02,1.404621303081512451e-01,1.431167274713516235e-01,1.307971179485321045e-01,2.954562604427337646e-01,0.000000000000000000e+00,0.000000000000000000e+00,8.297477960586547852e-01,6.942153722047805786e-02,-7.049760818481445312e-01,-8.548266887664794922e-01,-2.289919257164001465e-01,-2.362434118986129761e-01,-7.021442055702209473e-01,4.050979316234588623e-01,-1.843021392822265625e+00,6.590566039085388184e-02
6.004192233085632324e-01,-5.895405076444149017e-03,8.285230398178100586e-01,1.718853861093521118e-01,2.314210087060928345e-01,-4.135188832879066467e-02,9.566555023193359375e-01,-8.805106282234191895e-01,-1.359883248805999756e-01,2.853211164474487305e-01,4.651774764060974121e-01,2.525815665721893311e-01,4.694980010390281677e-02,-4.647756740450859070e-02,-1.255355477333068848e-01,2.071959972381591797e-01,1.262199878692626953e-01,3.607875406742095947e-01,1.767270565032958984e-01,3.700364828109741211e-01,0.000000000000000000e+00,0.000000000000000000e+00,8.608283996582031250e-01,5.894225090742111206e-02,-7.096973657608032227e-01,-9.398755431175231934e-01,-1.551634967327117920e-01,-2.422904074192047119e-01,-7.125183343887329102e-01,4.018145501613616943e-01,-1.867498278617858887e+00,6.225709989666938782e-02
7.143639326095581055e-01,-1.294959615916013718e-02,8.388199210166931152e-01,1.498172283172607422e-01,2.299732267856597900e-01,-1.009245067834854126e-01,9.562851786613464355e-01,-8.885371685028076172e-01,-1.086125671863555908e-01,2.572280168533325195e-01,2.157231867313385010e-01,2.307480126619338989e-01,-2.438723295927047729e-02,3.482414409518241882e-02,-1.407348811626434326e-01,3.083264827728271484e-01,1.109311208128929138e-01,4.457816183567047119e-01,1.704986840486526489e-01,4.497329890727996826e-01,0.000000000000000000e+00,0.000000000000000000e+00,8.755366802215576172e-01,4.524921625852584839e-02,-6.646009683609008789e-01,-1.020393610000610352e+00,-1.004465594887733459e-01,-2.068375647068023682e-01,-7.005290985107421875e-01,3.601166605949401855e-01,-1.867499947547912598e+00,3.321262821555137634e-02
8.287925124168395996e-01,-2.069286629557609558e-02,8.446588516235351562e-01,1.087424680590629578e-01,2.092932462692260742e-01,-1.329505145549774170e-01,9.626502990722656250e-01,-8.477968573570251465e-01,-4.063412919640541077e-02,3.566610515117645264e-01,9.975315630435943604e-02,1.659799814224243164e-01,-4.366311430931091309e-02,1.225068047642707825e-01,-1.210787594318389893e-01,2.667400538921356201e-01,1.453812569379806519e-01,4.759471714496612549e-01,1.444092243909835815e-01,5.179232954978942871e-01,0.000000000000000000e+00,0.000000000000000000e+00,8.839976191520690918e-01,1.065305396914482117e-01,-5.784220695495605469e-01,-1.103850722312927246e+00,-3.192140534520149231e-02,-3.331969678401947021e-02,-6.457222104072570801e-01,1.759003698825836182e-01,-1.843757510185241699e+00,-2.423434518277645111e-02
9.429194927215576172e-01,-2.446505613625049591e-02,8.383920192718505859e-01,6.958439201116561890e-02,1.932707130908966064e-01,-1.356089860200881958e-01,9.692340493202209473e-01,-8.023334145545959473e-01,-4.582107439637184143e-02,3.506634831428527832e-01,8.543593436479568481e-02,1.646081805229187012e-01,-5.818073451519012451e-02,1.400770694017410278e-01,-8.292738348245620728e-02,1.938135474920272827e-01,3.114129900932312012e-01,5.061399936676025391e-01,9.025248885154724121e-02,5.376773476600646973e-01,0.000000000000000000e+00,0.000000000000000000e+00,8.215608000755310059e-01,1.466801911592483521e-01,-5.047190785408020020e-01,-1.085030198097229004e+00,-6.985107064247131348e-02,6.522063910961151123e-02,-5.607382059097290039e-01,3.716596961021423340e-02,-1.705613255500793457e+00,-3.966894000768661499e-02
1.055900692939758301e+00,-3.030213527381420135e-02,8.273621797561645508e-01,1.978906989097595215e-02,1.864277869462966919e-01,-1.342987418174743652e-01,9.730451703071594238e-01,-7.317701578140258789e-01,-5.248666927218437195e-02,2.098049819469451904e-01,1.107440441846847534e-01,1.770445108413696289e-01,-3.084067627787590027e-02,8.038032054901123047e-02,-3.917752578854560852e-02,8.181590586900711060e-02,5.202552676200866699e-01,5.054966211318969727e-01,-8.947484195232391357e-03,5.297039151191711426e-01,0.000000000000000000e+00,0.000000000000000000e+00,7.152337431907653809e-01,1.951046884059906006e-01,-4.241395592689514160e-01,-1.039220452308654785e+00,-1.273240298032760620e-01,1.009096875786781311e-01,-4.572141170501708984e-01,-3.934422135353088379e-02,-1.508127450942993164e+00,-6.406381726264953613e-02
1.163184523582458496e+00,-3.056786023080348969e-02,8.160122632980346680e-01,1.722917892038822174e-02,1.647334843873977661e-01,-8.638086169958114624e-02,9.823972582817077637e-01,-6.470156311988830566e-01,-1.265417933464050293e-01,1.835563629865646362e-01,2.377345710992813110e-01,-5.164764449000358582e-02,8.597341179847717285e-02,-3.500013798475265503e-02,-7.729487866163253784e-02,-8.750267326831817627e-02,8.120513558387756348e-01,4.031720161437988281e-01,-8.588256686925888062e-02,3.831581771373748779e-01,0.000000000000000000e+00,0.000000000000000000e+00,6.305727958679199219e-01,2.278913408517837524e-01,-3.912513256072998047e-01,-9.970741271972656250e-01,-1.590320467948913574e-01,1.363705098628997803e-01,-4.261040389537811279e-01,-6.260274350643157959e-02,-1.229335308074951172e+00,-7.131405174732208252e-02
1.260983705520629883e+00,-2.931447327136993408e-02,7.977142930030822754e-01,1.668554171919822693e-02,1.579434871673583984e-01,-6.201970577239990234e-02,9.853572845458984375e-01,-6.109147667884826660e-01,-1.606222391128540039e-01,9.961259365081787109e-02,3.900502622127532959e-01,-1.930853277444839478e-01,1.198148131370544434e-01,-2.376288324594497681e-01,-1.173122823238372803e-01,-1.230828240513801575e-01,1.086396694183349609e+00,3.390875458717346191e-01,-1.437968909740447998e-01,2.552742362022399902e-01,0.000000000000000000e+00,0.000000000000000000e+00,5.032747387886047363e-01,2.813775539398193359e-01,-3.770982623100280762e-01,-9.786311388015747070e-01,-2.517322897911071777e-01,1.389182507991790771e-01,-4.035762846469879150e-01,-1.887614652514457703e-02,-9.500323534011840820e-01,-9.094482660293579102e-02
1.357715010643005371e+00,-3.247101604938507080e-02,7.898626327514648438e-01,6.355863064527511597e-03,1.503456681966781616e-01,-3.756576031446456909e-02,9.878990650177001953e-01,-4.952003061771392822e-01,-1.692048609256744385e-01,3.128430247306823730e-02,4.100506603717803955e-01,-2.634676098823547363e-01,9.810622036457061768e-02,-4.411119222640991211e-01,-1.124704778194427490e-01,-1.394136846065521240e-01,1.203413367271423340e+00,2.702560126781463623e-01,-1.769592314958572388e-01,1.491802483797073364e-01,0.000000000000000000e+00,0.000000000000000000e+00,3.508169054985046387e-01,3.784326910972595215e-01,-3.324766755104064941e-01,-9.882894158363342285e-01,-2.723420262336730957e-01,1.863825023174285889e-01,-3.497806191444396973e-01,5.909151583909988403e-02,-6.975181102752685547e-01,-8.837254345417022705e-02
1.452578067779541016e+00,-3.851044550538063049e-02,7.947034835815429688e-01,-1.175321754999458790e-03,1.476901471614837646e-01,-7.370174862444400787e-03,9.890055060386657715e-01,-3.188244998455047607e-01,-1.686864644289016724e-01,-6.368954479694366455e-02,3.072931170463562012e-01,-2.497167587280273438e-01,7.043331116437911987e-02,-6.142213344573974609e-01,-7.978542894124984741e-02,-1.576336920261383057e-01,1.145018339157104492e+00,2.181051969528198242e-01,-1.547449827194213867e-01,6.238501518964767456e-02,0.000000000000000000e+00,0.000000000000000000e+00,2.154371887445449829e-01,4.059973061084747314e-01,-1.972500085830688477e-01,-1.101596355438232422e+00,-2.546088695526123047e-01,2.667890787124633789e-01,-2.655091285705566406e-01,1.003584489226341248e-01,-5.292494297027587891e-01,-5.837961100041866302e-03
1.554083466529846191e+00,-4.669810831546783447e-02,8.053420782089233398e-01,-6.415063049644231796e-03,1.409973353147506714e-01,4.090543836355209351e-02,9.891437292098999023e-01,-1.392200738191604614e-01,-1.464730352163314819e-01,-1.815612912178039551e-01,2.061184644699096680e-01,-1.241381689906120300e-01,2.552842907607555389e-02,-6.972512602806091309e-01,-5.056076869368553162e-02,-1.824025660753250122e-01,9.365079998970031738e-01,1.912232190370559692e-01,-8.899948000907897949e-02,-5.095162615180015564e-02,0.000000000000000000e+00,0.000000000000000000e+00,1.117865517735481262e-01,3.987689614295959473e-01,-1.185243204236030579e-01,-1.259527921676635742e+00,-1.939329653978347778e-01,3.594415783882141113e-01,-1.857686638832092285e-01,1.773873269557952881e-01,-4.001721143722534180e-01,5.233451724052429199e-02
1.660913348197937012e+00,-5.701975896954536438e-02,8.171084523200988770e-01,-1.445096079260110855e-02,1.314711272716522217e-01,9.047506749629974365e-02,9.870768785476684570e-01,2.867102855816483498e-03,-9.346700459718704224e-02,-2.879675328731536865e-01,1.670618057250976562e-01,5.763807892799377441e-02,-4.788034036755561829e-02,-6.961702704429626465e-01,-5.552732199430465698e-02,-2.370293587446212769e-01,6.123351454734802246e-01,2.055128216743469238e-01,-3.846903890371322632e-02,-1.650486141443252563e-01,0.000000000000000000e+00,0.000000000000000000e+00,3.615410625934600830e-02,3.886139690876007080e-01,-9.444015473127365112e-02,-1.423867821693420410e+00,-1.866210997104644775e-01,4.490023851394653320e-01,-9.958678483963012695e-02,2.167670130729675293e-01,-3.187979757785797119e-01,5.319224298000335693e-02
1.772684931755065918e+00,-6.626424938440322876e-02,8.208739757537841797e-01,-9.286643005907535553e-03,1.184779331088066101e-01,1.427540630102157593e-01,9.825975894927978516e-01,1.266890764236450195e-01,-4.071612656116485596e-02,-3.854747116565704346e-01,1.393791139125823975e-01,2.348703145980834961e-01,-1.183150038123130798e-01,-6.663075089454650879e-01,-1.335802376270294189e-01,-3.509418964385986328e-01,3.103163540363311768e-01,2.464997470378875732e-01,-2.427129074931144714e-02,-2.983907163143157959e-01,0.000000000000000000e+00,0.000000000000000000e+00,1.151474316429812461e-05,3.643476366996765137e-01,-8.813776075839996338e-02,-1.601609706878662109e+00,-1.507178992033004761e-01,5.156894922256469727e-01,-4.135452583432197571e-02,1.848118901252746582e-01,-2.687460184097290039e-01,9.100836701691150665e-03
1.886657595634460449e+00,-7.554133981466293335e-02,8.251277804374694824e-01,1.127710379660129547e-02,1.026846170425415039e-01,2.040016353130340576e-01,9.735050201416015625e-01,2.180300205945968628e-01,3.327609226107597351e-02,-3.605023920536041260e-01,1.333333849906921387e-01,3.376393318176269531e-01,-1.001066863536834717e-01,-6.421891450881958008e-01,-2.370545268058776855e-01,-4.110382199287414551e-01,1.194685921072959900e-01,2.705450356006622314e-01,9.474029764533042908e-03,-4.457136988639831543e-01,0.000000000000000000e+00,0.000000000000000000e+00,7.197681348770856857e-03,3.194876611232757568e-01,-1.078330427408218384e-01,-1.789499282836914062e+00,-1.212703362107276917e-01,5.581623315811157227e-01,-2.571941539645195007e-02,1.555991917848587036e-01,-2.367613166570663452e-01,2.878365572541952133e-03
2.003556489944458008e+00,-7.956263422966003418e-02,8.281936049461364746e-01,4.735516756772994995e-02,8.312580734491348267e-02,2.267804741859436035e-01,9.692358970642089844e-01,2.892788350582122803e-01,6.238199770450592041e-02,-2.199049741029739380e-01,1.869690120220184326e-01,3.410143554210662842e-01,-4.257882758975028992e-02,-5.858933925628662109e-01,-3.195664286613464355e-01,-3.880102336406707764e-01,5.956096947193145752e-02,3.133954405784606934e-01,3.182343766093254089e-02,-5.365289449691772461e-01,0.000000000000000000e+00,0.000000000000000000e+00,3.821509703993797302e-02,2.225748002529144287e-01,-1.094351410865783691e-01,-1.867499947547912598e+00,-7.817728072404861450e-02,5.438652634620666504e-01,-8.838545531034469604e-02,1.016992479562759399e-01,-2.068831324577331543e-01,1.461559627205133438e-02
2.120474576950073242e+00,-8.500719815492630005e-02,8.200503587722778320e-01,9.646705538034439087e-02,8.381630480289459229e-02,2.069875746965408325e-01,9.699614048004150391e-01,2.648436427116394043e-01,-5.699067842215299606e-03,-1.459067910909652710e-01,3.634528815746307373e-01,3.091114163398742676e-01,3.616804629564285278e-02,-5.334214568138122559e-01,-3.668091297149658203e-01,-2.908558249473571777e-01,9.400407224893569946e-02,3.695208430290222168e-01,1.677024178206920624e-02,-5.013086199760437012e-01,0.000000000000000000e+00,0.000000000000000000e+00,6.932286173105239868e-02,1.224645227193832397e-01,-1.403771787881851196e-01,-1.867499947547912598e+00,-1.205200795084238052e-02,4.921148717403411865e-01,-1.699156463146209717e-01,4.511907324194908142e-02,-2.205431759357452393e-01,6.998184602707624435e-03
2.222634792327880859e+00,-8.611932396888732910e-02,8.153904080390930176e-01,9.051842987537384033e-02,7.217501848936080933e-02,1.553035378456115723e-01,9.810596108436584473e-01,1.652973890304565430e-01,-3.859058022499084473e-02,-3.264725953340530396e-02,6.353087425231933594e-01,2.547993063926696777e-01,7.311630994081497192e-02,-4.874103367328643799e-01,-2.772632539272308350e-01,-1.665624529123306274e-01,1.810248047113418579e-01,1.107029318809509277e-01,-4.506643116474151611e-02,-3.696427047252655029e-01,0.000000000000000000e+00,0.000000000000000000e+00,1.357800811529159546e-01,1.518028825521469116e-01,-1.903564333915710449e-01,-1.716933727264404297e+00,-6.075082719326019287e-02,4.745037555694580078e-01,-1.763885915279388428e-01,8.927012979984283447e-02,-2.600741386413574219e-01,-1.832868531346321106e-02
2.318483829498291016e+00,-8.942551165819168091e-02,8.064104914665222168e-01,7.569707185029983521e-02,7.456751167774200439e-02,1.133734136819839478e-01,9.878543019294738770e-01,-1.078753173351287842e-02,-3.580251708626747131e-02,7.552523165941238403e-02,8.688607215881347656e-01,1.768209934234619141e-01,8.368072658777236938e-02,-4.522430896759033203e-01,-1.993691474199295044e-01,-1.327255964279174805e-01,2.619054615497589111e-01,-3.585060313344001770e-02,-1.244533658027648926e-01,-2.465047240257263184e-01,0.000000000000000000e+00,0.000000000000000000e+00,2.081247866153717041e-01,1.378577053546905518e-01,-2.268540412187576294e-01,-1.511176109313964844e+00,-1.254948824644088745e-01,4.405375123023986816e-01,-1.897109299898147583e-01,1.961340159177780151e-01,-3.668436408042907715e-01,-2.891195006668567657e-02
2.408174037933349609e+00,-8.951779454946517944e-02,8.099226355552673340e-01,7.072889059782028198e-02,8.022110164165496826e-02,9.264580905437469482e-02,9.899387359619140625e-01,-1.953341066837310791e-01,-6.268496066331863403e-02,1.196573525667190552e-01,9.362755417823791504e-01,1.278566867113113403e-01,8.134780079126358032e-02,-3.638609051704406738e-01,-1.584249734878540039e-01,-1.160305514931678772e-01,2.472224384546279907e-01,-1.093257144093513489e-01,-1.358927488327026367e-01,-1.607254445552825928e-01,0.000000000000000000e+00,0.000000000000000000e+00,2.947810590267181396e-01,1.113604605197906494e-01,-2.297983169555664062e-01,-1.353704094886779785e+00,-1.215758398175239563e-01,3.593885898590087891e-01,-2.445250153541564941e-01,2.415758371353149414e-01,-5.101782083511352539e-01,-2.836665697395801544e-02
2.497660875320434570e+00,-8.599650859832763672e-02,8.219158649444580078e-01,7.203589379787445068e-02,8.320709317922592163e-02,7.844858616590499878e-02,9.908245205879211426e-01,-3.291010856628417969e-01,-9.989278763532638550e-02,1.676308065652847290e-01,8.188877105712890625e-01,9.439507871866226196e-02,8.376596868038177490e-02,-2.429567724466323853e-01,-1.381207853555679321e-01,-1.051247119903564453e-01,1.905499100685119629e-01,-8.953855186700820923e-02,-8.087357878684997559e-02,-9.527714550495147705e-02,0.000000000000000000e+00,0.000000000000000000e+00,4.221517145633697510e-01,1.070325374603271484e-01,-2.111562192440032959e-01,-1.348254680633544922e+00,-5.327758938074111938e-02,2.839306592941284180e-01,-3.215184211730957031e-01,2.171420753002166748e-01,-7.256857156753540039e-01,2.055267617106437683e-02
2.590358257293701172e+00,-8.805261552333831787e-02,8.324635624885559082e-01,6.631563603878021240e-02,8.451144397258758545e-02,5.250939726829528809e-02,9.928256869316101074e-01,-4.009434878826141357e-01,-9.296525269746780396e-02,2.600799798965454102e-01,5.746611356735229492e-01,8.504987508058547974e-02,7.723998278379440308e-02,-1.258801519870758057e-01,-1.011812910437583923e-01,-7.431461662054061890e-02,1.349243074655532837e-01,3.450439544394612312e-03,-3.599548246711492538e-03,-8.182950317859649658e-03,0.000000000000000000e+00,0.000000000000000000e+00,5.744037628173828125e-01,1.438331454992294312e-01,-1.787759214639663696e-01,-1.444176554679870605e+00,5.546100065112113953e-02,2.759573757648468018e-01,-3.938907384872436523e-01,1.549872606992721558e-01,-1.050812244415283203e+00,-6.920385360717773438e-02
2.684064149856567383e+00,-9.028969705104827881e-02,8.385193943977355957e-01,4.186242446303367615e-02,8.167989552021026611e-02,9.544450789690017700e-03,9.957333207130432129e-01,-4.431631565093994141e-01,-4.291990771889686584e-02,3.777258694171905518e-01,3.058299720287322998e-01,9.252110868692398071e-02,6.370895355939865112e-02,-2.423331141471862793e-02,-4.970538243651390076e-02,-2.719100378453731537e-02,9.763199836015701294e-02,8.704316616058349609e-02,4.996537044644355774e-02,1.151942610740661621e-01,0.000000000000000000e+00,0.000000000000000000e+00,7.306320071220397949e-01,1.838962286710739136e-01,-1.172958761453628540e-01,-1.555112123489379883e+00,1.465759575366973877e-01,3.062978386878967285e-01,-3.781738877296447754e-01,8.291774243116378784e-02,-1.371063590049743652e+00,-2.548996210098266602e-01
2.784042835235595703e+00,-9.349524974822998047e-02,8.394000530242919922e-01,-7.132919854484498501e-04,8.183164894580841064e-02,-4.542212560772895813e-02,9.956102967262268066e-01,-5.126317739486694336e-01,4.680300876498222351e-02,4.193326532840728760e-01,1.265163421630859375e-01,1.568897515535354614e-01,4.494945518672466278e-03,4.485044628381729126e-02,-1.349007012322545052e-03,-6.183103658258914948e-03,1.110251992940902710e-01,9.671889990568161011e-02,3.637508302927017212e-02,2.435710132122039795e-01,0.000000000000000000e+00,0.000000000000000000e+00,8.843611478805541992e-01,2.317808121442794800e-01,-1.819260790944099426e-02,-1.675655126571655273e+00,1.949850022792816162e-01,3.104778528213500977e-01,-3.278098702430725098e-01,7.878839224576950073e-02,-1.681296944618225098e+00,-3.095909655094146729e-01
2.882747173309326172e+00,-9.463155269622802734e-02,8.395471572875976562e-01,-2.139781974256038666e-02,7.539109140634536743e-02,-7.640285044908523560e-02,9.939923882484436035e-01,-5.691680908203125000e-01,9.283566474914550781e-02,3.662449717521667480e-01,3.192805498838424683e-02,1.568481773138046265e-01,-2.902768179774284363e-02,1.122860386967658997e-01,-1.579492911696434021e-02,-4.791294783353805542e-02,1.549983471632003784e-01,7.642894983291625977e-02,1.135936938226222992e-02,3.170455396175384521e-01,0.000000000000000000e+00,0.000000000000000000e+00,1.021822094917297363e+00,2.782939076423645020e-01,6.425290554761886597e-02,-1.796530961990356445e+00,2.522888779640197754e-01,2.594501078128814697e-01,-3.204746842384338379e-01,9.305822849273681641e-02,-1.867499947547912598e+00,-3.493871390819549561e-01
2.982041358947753906e+00,-9.182709455490112305e-02,8.262008428573608398e-01,-4.366642236709594727e-02,6.769834458827972412e-02,-1.010558083653450012e-01,9.916138052940368652e-01,-5.726987123489379883e-01,1.407334655523300171e-01,3.900381624698638916e-01,3.577516227960586548e-02,1.935665905475616455e-01,-3.004454448819160461e-02,1.596530973911285400e-01,-3.433994576334953308e-02,-5.537329614162445068e-02,2.304633557796478271e-01,1.019297018647193909e-01,-3.609938547015190125e-02,3.673262596130371094e-01,0.000000000000000000e+00,0.000000000000000000e+00,1.047199606895446777e+00,3.220920860767364502e-01,1.070841550827026367e-01,-1.826907753944396973e+00,2.862869203090667725e-01,1.451285183429718018e-01,-2.625177502632141113e-01,1.370235830545425415e-01,-1.867499947547912598e+00,-4.258355796337127686e-01
3.076529502868652344e+00,-9.080772846937179565e-02,8.058539628982543945e-01,-7.265690714120864868e-02,6.245873868465423584e-02,-1.146916523575782776e-01,9.887697696685791016e-01,-5.426443815231323242e-01,1.705429404973983765e-01,2.896381318569183350e-01,8.858628571033477783e-02,2.265368998050689697e-01,-5.957636050879955292e-03,1.408873349428176880e-01,-2.248328737914562225e-02,-5.347420647740364075e-02,4.026122689247131348e-01,1.369800269603729248e-01,-1.098824292421340942e-01,3.845434784889221191e-01,0.000000000000000000e+00,0.000000000000000000e+00,1.047199964523315430e+00,3.756929636001586914e-01,1.411678493022918701e-01,-1.838228464126586914e+00,2.963038980960845947e-01,1.050913259387016296e-01,-1.962302029132843018e-01,1.680155098438262939e-01,-1.867499947547912598e+00,-4.672776758670806885e-01
3.161651849746704102e+00,-8.368457853794097900e-02,7.911493182182312012e-01,-5.497953295707702637e-02,4.244552180171012878e-02,-7.242107391357421875e-02,9.949526786804199219e-01,-5.039135217666625977e-01,7.873685657978057861e-02,2.333352118730545044e-01,2.141337841749191284e-01,-3.402616130188107491e-03,1.341029107570648193e-01,9.037083387374877930e-02,-8.293975889682769775e-02,-1.802782267332077026e-01,6.428390741348266602e-01,1.015620380640029907e-01,-1.476250886917114258e-01,2.665851116180419922e-01,0.000000000000000000e+00,0.000000000000000000e+00,1.047199964523315430e+00,4.353691041469573975e-01,6.999231874942779541e-02,-1.834091782569885254e+00,3.158985078334808350e-01,2.126529663801193237e-01,-2.191528826951980591e-01,1.697234064340591431e-01,-1.867499947547912598e+00,-4.564599692821502686e-01
3.239725589752197266e+00,-6.978195905685424805e-02,7.738885879516601562e-01,-3.430022299289703369e-02,4.300314188003540039e-02,-3.954439237713813782e-02,9.977025985717773438e-01,-5.049999356269836426e-01,8.528216741979122162e-03,1.957953423261642456e-01,3.474575579166412354e-01,-1.308918148279190063e-01,2.178966253995895386e-01,-5.569014325737953186e-02,-1.491724252700805664e-01,-2.428414225578308105e-01,8.522179126739501953e-01,4.272969067096710205e-02,-1.836313605308532715e-01,1.542278081178665161e-01,0.000000000000000000e+00,0.000000000000000000e+00,8.983837366104125977e-01,4.117738604545593262e-01,-6.498976796865463257e-02,-1.733224749565124512e+00,2.311627864837646484e-01,3.734799027442932129e-01,-2.339318841695785522e-01,1.527849137783050537e-01,-1.867250919342041016e+00,-3.524460196495056152e-01
3.314568996429443359e+00,-6.529998034238815308e-02,7.756571769714355469e-01,-2.686160616576671600e-02,3.601336106657981873e-02,-1.834442839026451111e-02,9.988217949867248535e-01,-4.380303025245666504e-01,-1.606137305498123169e-02,1.802680939435958862e-01,4.028112292289733887e-01,-2.010386288166046143e-01,1.990180611610412598e-01,-1.877277195453643799e-01,-1.319252550601959229e-01,-2.440901696681976318e-01,9.030164480209350586e-01,2.529669925570487976e-02,-1.779453009366989136e-01,7.112339884042739868e-02,0.000000000000000000e+00,0.000000000000000000e+00,6.918401718139648438e-01,4.314365983009338379e-01,-1.699899584054946899e-01,-1.624312877655029297e+00,1.078913807868957520e-01,4.424998164176940918e-01,-2.322799265384674072e-01,1.513308286666870117e-01,-1.683481931686401367e+00,-2.763034999370574951e-01
3.384539365768432617e+00,-6.243021041154861450e-02,7.843969464302062988e-01,-2.161121554672718048e-02,3.431600704789161682e-02,-2.948221052065491676e-03,9.991729855537414551e-01,-3.558140695095062256e-01,-3.941627219319343567e-02,1.525741666555404663e-01,4.080940783023834229e-01,-2.222126424312591553e-01,1.502099484205245972e-01,-3.089177012443542480e-01,-9.378250688314437866e-02,-2.414242476224899292e-01,8.156059980392456055e-01,8.344587869942188263e-03,-1.407604664564132690e-01,1.794330775737762451e-02,0.000000000000000000e+00,0.000000000000000000e+00,5.497995615005493164e-01,3.810934722423553467e-01,-1.656813770532608032e-01,-1.641797542572021484e+00,7.949479669332504272e-02,4.950577616691589355e-01,-2.495016753673553467e-01,1.463665366172790527e-01,-1.544347763061523438e+00,-2.178448587656021118e-01
3.454229831695556641e+00,-5.553185194730758667e-02,7.915781736373901367e-01,-1.579167507588863373e-02,3.834303840994834900e-02,1.133218407630920410e-02,9.990755915641784668e-01,-2.763907015323638916e-01,-7.275426387786865234e-02,9.955457597970962524e-02,3.906191587448120117e-01,-1.895537972450256348e-01,9.842875599861145020e-02,-4.086993336677551270e-01,-7.158973067998886108e-02,-2.543381750583648682e-01,6.200466752052307129e-01,-1.994448341429233551e-02,-1.153747215867042542e-01,-3.118414245545864105e-02,0.000000000000000000e+00,0.000000000000000000e+00,4.487312138080596924e-01,2.986150085926055908e-01,-1.207456290721893311e-01,-1.722863793373107910e+00,7.522686570882797241e-02,5.498900413513183594e-01,-2.833259105682373047e-01,1.368506252765655518e-01,-1.483017563819885254e+00,-1.785107254981994629e-01
3.527650117874145508e+00,-5.474433675408363342e-02,7.969260215759277344e-01,2.220532624050974846e-03,4.202245175838470459e-02,3.623154759407043457e-02,9.984570145606994629e-01,-2.078395187854766846e-01,-1.147876009345054626e-01,6.842347979545593262e-02,3.942916095256805420e-01,-6.355618685483932495e-02,3.901757299900054932e-02,-4.593956172466278076e-01,-7.759480923414230347e-02,-3.028164505958557129e-01,3.507749140262603760e-01,5.855357740074396133e-03,-8.617632091045379639e-02,-1.064074486494064331e-01,0.000000000000000000e+00,0.000000000000000000e+00,3.572826683521270752e-01,2.219422012567520142e-01,-8.668255805969238281e-02,-1.831614613533020020e+00,5.572598427534103394e-02,6.042472124099731445e-01,-3.226682841777801514e-01,1.196672543883323669e-01,-1.469724655151367188e+00,-1.651100814342498779e-01
3.608032464981079102e+00,-5.311614274978637695e-02,7.962059378623962402e-01,2.946166694164276123e-02,4.295090958476066589e-02,8.708502352237701416e-02,9.948384165763854980e-01,-1.492078006267547607e-01,-1.745171695947647095e-01,-2.682072483003139496e-02,4.231692850589752197e-01,9.492963552474975586e-02,-1.933888904750347137e-02,-4.969924688339233398e-01,-1.150925830006599426e-01,-3.204913139343261719e-01,1.322338283061981201e-01,1.272076070308685303e-01,3.329706145450472832e-03,-2.233714759349822998e-01,0.000000000000000000e+00,0.000000000000000000e+00,2.383325248956680298e-01,1.035220995545387268e-01,-7.724057883024215698e-02,-1.867499947547912598e+00,6.196114420890808105e-02,6.683211922645568848e-01,-3.720691204071044922e-01,7.347962260246276855e-02,-1.474107265472412109e+00,-1.811906695365905762e-01
3.691851854324340820e+00,-5.173186585307121277e-02,7.982318401336669922e-01,4.006596654653549194e-02,3.393282741308212280e-02,1.301874965429306030e-01,9.900982379913330078e-01,-1.058554202318191528e-01,-1.745299696922302246e-01,-8.237702399492263794e-02,4.883175492286682129e-01,1.711435765027999878e-01,-2.304289117455482483e-02,-5.220080018043518066e-01,-1.331910789012908936e-01,-2.351124286651611328e-01,4.199701547622680664e-02,2.118619084358215332e-01,5.542124062776565552e-02,-3.097810149192810059e-01,0.000000000000000000e+00,0.000000000000000000e+00,1.470473706722259521e-01,3.075926378369331360e-02,-6.526695936918258667e-02,-1.867499947547912598e+00,2.232708968222141266e-02,7.249371409416198730e-01,-4.008477926254272461e-01,5.082915350794792175e-02,-1.472869038581848145e+00,-1.778040826320648193e-01
3.773239612579345703e+00,-4.833214730024337769e-02,7.874490022659301758e-01,8.167511969804763794e-02,3.054490871727466583e-02,1.399700045585632324e-01,9.863085746765136719e-01,-1.511135250329971313e-01,-1.745299994945526123e-01,4.159624129533767700e-02,6.390933990478515625e-01,7.661994546651840210e-02,8.631015568971633911e-02,-5.138145089149475098e-01,-2.062011510133743286e-01,-1.996824592351913452e-01,5.425871536135673523e-02,3.161734044551849365e-01,6.010185554623603821e-02,-3.206496238708496094e-01,0.000000000000000000e+00,0.000000000000000000e+00,9.009154886007308960e-02,-5.112642049789428711e-02,-4.801858589053153992e-02,-1.867499947547912598e+00,-4.137556254863739014e-02,7.552770376205444336e-01,-4.641770720481872559e-01,-1.532473368570208549e-03,-1.478357195854187012e+00,-1.505855023860931396e-01
3.847171783447265625e+00,-4.510737583041191101e-02,7.671837806701660156e-01,9.499180316925048828e-02,2.454831637442111969e-02,1.078104674816131592e-01,9.893183708190917969e-01,-4.071129560470581055e-01,-1.745299994945526123e-01,1.078060269355773926e-01,1.026470184326171875e+00,-5.580059885978698730e-01,1.652619093656539917e-01,-4.796807169914245605e-01,-1.736026704311370850e-01,-6.693109124898910522e-02,8.957238495349884033e-02,3.684174418449401855e-01,9.604024142026901245e-02,-2.407635450363159180e-01,0.000000000000000000e+00,0.000000000000000000e+00,1.097989752888679504e-01,-1.057123765349388123e-01,-1.367407739162445068e-01,-1.867499947547912598e+00,1.544357389211654663e-01,7.465001940727233887e-01,-5.243292450904846191e-01,-1.775733078829944134e-03,-1.475763440132141113e+00,-1.888067126274108887e-01
3.910842895507812500e+00,-4.031492397189140320e-02,7.524538636207580566e-01,1.073050424456596375e-01,1.560128945857286453e-02,1.073720157146453857e-01,9.882881641387939453e-01,-5.224999785423278809e-01,-1.745299994945526123e-01,1.291847378015518188e-01,1.110776543617248535e+00,-7.170505523681640625e-01,2.085214704275131226e-01,-4.432224333286285400e-01,-1.817881166934967041e-01,-5.219164863228797913e-02,1.521815806627273560e-01,1.638488620519638062e-01,9.085672348737716675e-02,-1.881369054317474365e-01,0.000000000000000000e+00,0.000000000000000000e+00,2.629711627960205078e-01,-2.297214791178703308e-02,-1.487537324428558350e-01,-1.867499947547912598e+00,1.076778571587055922e-04,7.073174715042114258e-01,-5.316781997680664062e-01,1.822747290134429932e-02,-1.428840160369873047e+00,-2.441578209400177002e-01
3.967060089111328125e+00,-4.040221124887466431e-02,7.384184598922729492e-01,7.989449799060821533e-02,4.406627733260393143e-03,1.122489944100379944e-01,9.904532432556152344e-01,-5.751746296882629395e-01,-6.330583244562149048e-02,1.565896868705749512e-01,1.033264517784118652e+00,-6.098127365112304688e-01,1.583787053823471069e-01,-4.461514055728912354e-01,-1.365581899881362915e-01,-1.272714734077453613e-01,3.049612343311309814e-01,-8.402235060930252075e-02,1.537357177585363388e-02,-1.295203268527984619e-01,0.000000000000000000e+00,0.000000000000000000e+00,3.659464120864868164e-01,1.644697785377502441e-02,-5.400379300117492676e-01,-1.047499060630798340e+00,-3.155205845832824707e-01,6.013053655624389648e-01,-4.780799448490142822e-01,1.139178499579429626e-01,-1.350127816200256348e+00,-2.498008608818054199e-01
4.022670745849609375e+00,-4.013703390955924988e-02,7.342180609703063965e-01,6.735921651124954224e-02,-3.558562020771205425e-04,1.163541823625564575e-01,9.909209609031677246e-01,-6.059312224388122559e-01,-2.091578580439090729e-02,1.898663491010665894e-01,8.526772260665893555e-01,-5.638533830642700195e-01,1.590294837951660156e-01,-4.098384380340576172e-01,-1.135688796639442444e-01,-1.524058431386947632e-01,3.739791810512542725e-01,-8.084706962108612061e-02,2.319506183266639709e-02,-8.072904497385025024e-02,0.000000000000000000e+00,0.000000000000000000e+00,3.698544204235076904e-01,4.620938748121261597e-02,-5.226573348045349121e-01,-9.682733416557312012e-01,-3.532133996486663818e-01,4.855588376522064209e-01,-4.854036271572113037e-01,1.966285705566406250e-01,-1.290242552757263184e+00,-1.508775055408477783e-01
4.062897205352783203e+00,-2.596492879092693329e-02,7.298417687416076660e-01,3.639018163084983826e-02,1.376599632203578949e-02,1.574085354804992676e-01,9.867668151855468750e-01,-6.313372254371643066e-01,-3.448526933789253235e-02,2.353996336460113525e-01,5.404832959175109863e-01,-3.988108336925506592e-01,8.031424880027770996e-02,-4.141556918621063232e-01,-1.177428513765335083e-01,-2.817377746105194092e-01,4.508766233921051025e-01,-9.067798405885696411e-02,2.817098237574100494e-02,-1.049466803669929504e-01,0.000000000000000000e+00,0.000000000000000000e+00,4.034251272678375244e-01,8.330217003822326660e-02,-4.902728796005249023e-01,-8.970418572425842285e-01,-2.365961521863937378e-01,3.808974921703338623e-01,-4.304094314575195312e-01,1.534125953912734985e-01,-1.330591917037963867e+00,-1.633369773626327515e-01
