3.039225816726684570e+00,-3.124498605728149414e+00,8.256029486656188965e-01,-8.187165111303329468e-02,1.077200695872306824e-01,9.706788063049316406e-01,1.986857950687408447e-01,2.025118768215179443e-01,-1.088379174470901489e-01,2.346433401107788086e-01,1.193173974752426147e-01,-5.626794695854187012e-01,8.555129915475845337e-02,-6.697677373886108398e-01,-1.520492881536483765e-01,-7.558784633874893188e-02,1.571879237890243530e-01,2.878256440162658691e-01,4.640721902251243591e-02,-2.206206023693084717e-01,0.000000000000000000e+00,0.000000000000000000e+00,-3.483818471431732178e-01,6.483219563961029053e-02,-2.755015790462493896e-01,-1.124815702438354492e+00,-1.350594405084848404e-02,4.306185543537139893e-01,-2.416358590126037598e-01,6.848593801259994507e-02,-4.439255297183990479e-01,-9.322086721658706665e-02
2.958042860031127930e+00,-3.069624662399291992e+00,8.327040076255798340e-01,-1.214397922158241272e-01,1.435482203960418701e-01,9.783012866973876953e-01,8.702236413955688477e-02,8.049739524722099304e-03,-1.528781056404113770e-01,-2.547998130321502686e-01,3.488650321960449219e-01,-5.930803418159484863e-01,8.860635757446289062e-02,-8.117935657501220703e-01,-3.366679251194000244e-01,-1.693317741155624390e-01,1.669330149888992310e-01,1.763865649700164795e-01,7.538679242134094238e-02,-4.510256946086883545e-01,0.000000000000000000e+00,0.000000000000000000e+00,7.627277169376611710e-03,2.239300310611724854e-01,-2.540472149848937988e-01,-1.816458821296691895e+00,8.888372033834457397e-02,7.225530743598937988e-01,-2.964365184307098389e-01,-1.174756810069084167e-01,-1.091015338897705078e+00,-3.769949376583099365e-01
2.876383543014526367e+00,-3.016563653945922852e+00,8.256539702415466309e-01,-1.047817990183830261e-01,1.361801773309707642e-01,9.805833697319030762e-01,9.450921416282653809e-02,1.382701005786657333e-02,-1.622637063264846802e-01,-2.587780654430389404e-01,4.758893251419067383e-01,-3.710305988788604736e-01,3.589658066630363464e-02,-7.511153221130371094e-01,-3.225245773792266846e-01,-2.330382168292999268e-01,1.581777781248092651e-01,1.493272483348846436e-01,3.075138852000236511e-02,-4.273782968521118164e-01,0.000000000000000000e+00,0.000000000000000000e+00,4.266186058521270752e-02,2.368305176496505737e-01,-3.006340861320495605e-01,-1.637000918388366699e+00,5.018103867769241333e-02,6.892010569572448730e-01,-2.722790539264678955e-01,-9.553439170122146606e-02,-1.084800124168395996e+00,-3.567532598972320557e-01
2.798574209213256836e+00,-2.958833932876586914e+00,8.118086457252502441e-01,-9.594869613647460938e-02,1.407312750816345215e-01,9.787449240684509277e-01,1.142230331897735596e-01,-7.196054607629776001e-02,-1.440827399492263794e-01,-1.172661334276199341e-01,6.792303919792175293e-01,-2.540068030357360840e-01,6.867813318967819214e-02,-6.794890165328979492e-01,-2.861612439155578613e-01,-2.352490872144699097e-01,2.009924352169036865e-01,9.130850434303283691e-02,-2.202790603041648865e-02,-3.638683855533599854e-01,0.000000000000000000e+00,0.000000000000000000e+00,3.985988721251487732e-02,1.980680674314498901e-01,-3.603206276893615723e-01,-1.373472213745117188e+00,5.959263071417808533e-02,6.013101935386657715e-01,-2.823336720466613770e-01,-7.594905793666839600e-02,-1.057525277137756348e+00,-3.226927220821380615e-01
2.729300498962402344e+00,-2.899856805801391602e+00,7.944643497467041016e-01,-9.201591461896896362e-02,1.032920405268669128e-01,9.800524711608886719e-01,1.426919251680374146e-01,-6.886797398328781128e-02,-2.354198880493640900e-02,1.235610246658325195e-02,7.538946866989135742e-01,3.039880990982055664e-01,7.469658553600311279e-02,-6.284143328666687012e-01,-1.746247708797454834e-01,-2.443227022886276245e-01,3.252812325954437256e-01,-8.867497742176055908e-02,-1.595363467931747437e-01,-2.691463232040405273e-01,0.000000000000000000e+00,0.000000000000000000e+00,1.101537570357322693e-01,2.305928617715835571e-01,-3.595435023307800293e-01,-1.158131957054138184e+00,8.236943744122982025e-03,5.310220718383789062e-01,-2.539478540420532227e-01,6.827514618635177612e-03,-1.079561591148376465e+00,-2.745659947395324707e-01
2.655100345611572266e+00,-2.840723991394042969e+00,7.850640416145324707e-01,-9.627495706081390381e-02,9.459236264228820801e-02,9.735866785049438477e-01,1.841533184051513672e-01,-2.677552402019500732e-01,-1.104604452848434448e-02,8.044059574604034424e-02,9.770633578300476074e-01,2.336006611585617065e-01,8.189120143651962280e-02,-6.276512742042541504e-01,-1.039164215326309204e-01,-1.791254132986068726e-01,4.778456091880798340e-01,-2.143475413322448730e-01,-1.901054233312606812e-01,-1.523412764072418213e-01,0.000000000000000000e+00,0.000000000000000000e+00,1.702419817447662354e-01,2.122084200382232666e-01,-3.234679102897644043e-01,-9.750090241432189941e-01,1.650403439998626709e-02,4.132560193538665771e-01,-2.842538654804229736e-01,5.161236599087715149e-02,-1.127088546752929688e+00,-2.240966111421585083e-01
2.585090875625610352e+00,-2.789852619171142578e+00,7.860754728317260742e-01,-1.061542704701423645e-01,9.612015634775161743e-02,9.625977873802185059e-01,2.299948930740356445e-01,-4.593853950500488281e-01,7.819302380084991455e-03,1.788454055786132812e-01,1.034519672393798828e+00,1.643257588148117065e-01,9.612842649221420288e-02,-5.488413572311401367e-01,-4.998975992202758789e-02,-1.352559924125671387e-01,4.574650526046752930e-01,-2.844371497631072998e-01,-1.863245815038681030e-01,-1.834190078079700470e-02,0.000000000000000000e+00,0.000000000000000000e+00,2.640024125576019287e-01,1.998191475868225098e-01,-2.827911376953125000e-01,-9.236876368522644043e-01,4.087985679507255554e-02,2.846503555774688721e-01,-3.105951249599456787e-01,4.207797348499298096e-02,-1.184088587760925293e+00,-2.449859976768493652e-01
2.509454965591430664e+00,-2.734808683395385742e+00,7.960789799690246582e-01,-1.062779426574707031e-01,1.034070402383804321e-01,9.558061957359313965e-01,2.538630962371826172e-01,-5.856161117553710938e-01,3.570817783474922180e-02,2.772239148616790771e-01,9.444308876991271973e-01,9.864380955696105957e-02,1.404071152210235596e-01,-3.977575600147247314e-01,-2.466459199786186218e-02,-8.632133156061172485e-02,3.572000265121459961e-01,-2.790432870388031006e-01,-1.278625279664993286e-01,6.681822240352630615e-02,0.000000000000000000e+00,0.000000000000000000e+00,3.665471971035003662e-01,1.965938955545425415e-01,-2.694961130619049072e-01,-9.728637337684631348e-01,4.335687682032585144e-02,1.931951493024826050e-01,-3.226908743381500244e-01,1.816250756382942200e-02,-1.297835946083068848e+00,-2.239564657211303711e-01
2.428933382034301758e+00,-2.682288885116577148e+00,8.111051321029663086e-01,-1.031407937407493591e-01,1.107320711016654968e-01,9.506828188896179199e-01,2.707444727420806885e-01,-6.406050324440002441e-01,1.858364231884479523e-02,3.512043058872222900e-01,7.021365761756896973e-01,6.254533678293228149e-02,1.600819677114486694e-01,-2.358349859714508057e-01,-2.149751596152782440e-02,-3.711616992950439453e-02,2.467745244503021240e-01,-1.714452356100082397e-01,-4.087955877184867859e-02,1.415575891733169556e-01,0.000000000000000000e+00,0.000000000000000000e+00,4.486259222030639648e-01,1.884470731019973755e-01,-2.740935981273651123e-01,-1.016651272773742676e+00,4.813310503959655762e-02,1.176059320569038391e-01,-3.467389345169067383e-01,3.797746077179908752e-02,-1.459042549133300781e+00,-2.274748235940933228e-01
2.348817825317382812e+00,-2.631085157394409180e+00,8.223006725311279297e-01,-1.043950021266937256e-01,1.179955229163169861e-01,9.376601576805114746e-01,3.097936809062957764e-01,-6.692232489585876465e-01,-2.846637926995754242e-02,3.796165585517883301e-01,4.017760753631591797e-01,8.783420175313949585e-02,9.561198204755783081e-02,-1.079436242580413818e-01,-3.113044239580631256e-02,5.233921855688095093e-02,1.687759310007095337e-01,3.985981643199920654e-02,5.162840336561203003e-02,2.401244044303894043e-01,0.000000000000000000e+00,0.000000000000000000e+00,5.248425602912902832e-01,1.649921536445617676e-01,-2.487934976816177368e-01,-1.067411303520202637e+00,8.085989207029342651e-02,9.073515981435775757e-02,-3.574101030826568604e-01,2.964148856699466705e-02,-1.582151174545288086e+00,-2.271170169115066528e-01
2.261059045791625977e+00,-2.580613613128662109e+00,8.316334486007690430e-01,-9.039356559514999390e-02,1.138485893607139587e-01,9.185764789581298828e-01,3.675387203693389893e-01,-6.487900614738464355e-01,-4.665666818618774414e-02,3.540827929973602295e-01,1.518019884824752808e-01,1.621815860271453857e-01,4.114272072911262512e-02,4.139855131506919861e-02,-6.502133607864379883e-02,1.732080429792404175e-01,8.407486230134963989e-02,3.046742677688598633e-01,1.369912028312683105e-01,3.666075766086578369e-01,0.000000000000000000e+00,0.000000000000000000e+00,6.608600020408630371e-01,1.593006104230880737e-01,-2.052624523639678955e-01,-1.187824964523315430e+00,1.115416660904884338e-01,1.725208610296249390e-01,-3.856811225414276123e-01,5.513072013854980469e-02,-1.774280786514282227e+00,-1.780682355165481567e-01
2.176293849945068359e+00,-2.524019002914428711e+00,8.414675593376159668e-01,-7.766091078519821167e-02,9.838458150625228882e-02,9.062170386314392090e-01,4.038068652153015137e-01,-6.427589058876037598e-01,-2.276650257408618927e-02,3.187296986579895020e-01,6.046570837497711182e-02,1.676302403211593628e-01,-8.198572322726249695e-03,1.405758261680603027e-01,-8.626273274421691895e-02,2.070942670106887817e-01,9.356572479009628296e-02,4.081299006938934326e-01,1.380657106637954712e-01,4.527803063392639160e-01,0.000000000000000000e+00,0.000000000000000000e+00,7.383092641830444336e-01,1.578977853059768677e-01,-1.268256157636642456e-01,-1.259053111076354980e+00,7.180339843034744263e-02,1.986807584762573242e-01,-3.904266655445098877e-01,5.816149711608886719e-02,-1.864973425865173340e+00,-1.793932616710662842e-01
2.094805002212524414e+00,-2.467184543609619141e+00,8.458625078201293945e-01,-7.209518551826477051e-02,6.836079806089401245e-02,9.029967188835144043e-01,4.180023670196533203e-01,-6.070795059204101562e-01,1.861895062029361725e-02,3.656156063079833984e-01,4.762394726276397705e-02,1.719112247228622437e-01,-9.152419865131378174e-03,2.112816870212554932e-01,-8.360475301742553711e-02,1.248862296342849731e-01,1.479831784963607788e-01,4.630703926086425781e-01,8.101844042539596558e-02,4.866637587547302246e-01,0.000000000000000000e+00,0.000000000000000000e+00,7.780038118362426758e-01,1.902870088815689087e-01,-2.777692303061485291e-02,-1.327405452728271484e+00,3.994905576109886169e-02,2.222641408443450928e-01,-3.570343255996704102e-01,6.989663094282150269e-02,-1.864931583404541016e+00,-2.099222540855407715e-01
2.010520458221435547e+00,-2.406098842620849609e+00,8.395966291427612305e-01,-7.189444452524185181e-02,2.087476849555969238e-02,9.057386517524719238e-01,4.171724915504455566e-01,-5.291913151741027832e-01,5.412388965487480164e-02,3.019132614135742188e-01,6.346635520458221436e-02,2.179248332977294922e-01,-8.054153993725776672e-03,2.504520118236541748e-01,-3.514523804187774658e-02,5.136893689632415771e-02,2.528009116649627686e-01,5.044077038764953613e-01,-5.198967177420854568e-03,4.837686419486999512e-01,0.000000000000000000e+00,0.000000000000000000e+00,7.630139589309692383e-01,2.440428584814071655e-01,4.740141704678535461e-02,-1.382934689521789551e+00,5.925050005316734314e-02,2.377745509147644043e-01,-2.803412377834320068e-01,1.088494658470153809e-01,-1.754906415939331055e+00,-2.718328237533569336e-01
1.930595993995666504e+00,-2.348084688186645508e+00,8.335580825805664062e-01,-6.303243339061737061e-02,-2.599259838461875916e-03,9.200334548950195312e-01,3.867280781269073486e-01,-4.363052248954772949e-01,1.858676597476005554e-02,1.736167520284652710e-01,9.014260768890380859e-02,8.848318457603454590e-02,7.533702999353408813e-02,2.336252927780151367e-01,-7.740098051726818085e-03,-7.587002217769622803e-02,4.120956659317016602e-01,5.043917894363403320e-01,-6.053110212087631226e-02,4.080300927162170410e-01,0.000000000000000000e+00,0.000000000000000000e+00,7.130119204521179199e-01,2.821314036846160889e-01,7.223090529441833496e-02,-1.415055155754089355e+00,2.997762151062488556e-02,2.737823426723480225e-01,-2.450525462627410889e-01,1.523637920618057251e-01,-1.603623032569885254e+00,-2.773114740848541260e-01
1.854190587997436523e+00,-2.297039985656738281e+00,8.248412609100341797e-01,-5.680010095238685608e-02,5.480187479406595230e-03,9.367837905883789062e-01,3.452244102954864502e-01,-3.931280672550201416e-01,-4.951011016964912415e-02,1.029729917645454407e-01,1.777884662151336670e-01,-9.581730514764785767e-02,1.603005677461624146e-01,1.177779063582420349e-01,-3.193687275052070618e-02,-1.935157775878906250e-01,6.152818202972412109e-01,4.499703049659729004e-01,-9.732616692781448364e-02,2.866203784942626953e-01,0.000000000000000000e+00,0.000000000000000000e+00,6.342868208885192871e-01,2.887329161167144775e-01,5.454833060503005981e-02,-1.453759193420410156e+00,-3.169542877003550529e-03,3.121359944343566895e-01,-2.512117028236389160e-01,1.527241468429565430e-01,-1.424049496650695801e+00,-2.382927238941192627e-01
1.784225702285766602e+00,-2.247078418731689453e+00,8.153982758522033691e-01,-5.834184959530830383e-02,1.802083663642406464e-02,9.516246318817138672e-01,3.011345565319061279e-01,-3.555690646171569824e-01,-1.006508842110633850e-01,4.201065748929977417e-02,2.495585680007934570e-01,-1.908117681741714478e-01,1.708528250455856323e-01,-5.199693143367767334e-02,-6.633432209491729736e-02,-2.738316953182220459e-01,7.688744664192199707e-01,3.892756700515747070e-01,-1.183679923415184021e-01,1.618421077728271484e-01,0.000000000000000000e+00,0.000000000000000000e+00,4.748266637325286865e-01,2.960434257984161377e-01,1.025239564478397369e-02,-1.453704476356506348e+00,1.952897291630506516e-03,3.381821513175964355e-01,-2.576874792575836182e-01,1.360703557729721069e-01,-1.217363595962524414e+00,-1.914041191339492798e-01
1.716427803039550781e+00,-2.193418502807617188e+00,8.178453445434570312e-01,-5.675058811902999878e-02,1.990055665373802185e-02,9.620614051818847656e-01,2.661224305629730225e-01,-2.562761008739471436e-01,-1.147254705429077148e-01,-4.139930009841918945e-02,2.412093728780746460e-01,-2.168681025505065918e-01,1.235167235136032104e-01,-2.081004083156585693e-01,-5.398599430918693542e-02,-2.932128608226776123e-01,7.800207734107971191e-01,3.222862184047698975e-01,-1.113558337092399597e-01,5.651326477527618408e-02,0.000000000000000000e+00,0.000000000000000000e+00,3.229703009128570557e-01,3.104983270168304443e-01,-3.721569851040840149e-02,-1.461962223052978516e+00,-5.325208883732557297e-03,3.869280517101287842e-01,-2.415477037429809570e-01,1.480407863855361938e-01,-1.036916375160217285e+00,-2.391993403434753418e-01
1.646100759506225586e+00,-2.144132375717163086e+00,8.245911002159118652e-01,-5.777323618531227112e-02,2.101030759513378143e-02,9.697210192680358887e-01,2.363512814044952393e-01,-1.506188809871673584e-01,-1.159267276525497437e-01,-1.019245609641075134e-01,2.191968560218811035e-01,-1.877490133047103882e-01,6.854934990406036377e-02,-3.389972746372222900e-01,-5.287636816501617432e-02,-3.213212490081787109e-01,6.756986379623413086e-01,2.367289811372756958e-01,-6.901601701974868774e-02,-4.246631637215614319e-02,0.000000000000000000e+00,0.000000000000000000e+00,2.156803160905838013e-01,2.890705764293670654e-01,-5.220114067196846008e-02,-1.544903993606567383e+00,-7.000034209340810776e-03,4.482792019844055176e-01,-2.285552471876144409e-01,1.314508616924285889e-01,-9.825825095176696777e-01,-2.542160153388977051e-01
1.574361205101013184e+00,-2.090198516845703125e+00,8.301952481269836426e-01,-5.612013861536979675e-02,2.462903223931789398e-02,9.781062006950378418e-01,1.988774538040161133e-01,-3.859460353851318359e-02,-1.038443893194198608e-01,-1.716238111257553101e-01,1.849588006734848022e-01,-8.099028468132019043e-02,-6.251485086977481842e-03,-4.132709801197052002e-01,-3.940903022885322571e-02,-3.311966657638549805e-01,4.593257308006286621e-01,2.164768725633621216e-01,-4.697304219007492065e-02,-1.502782702445983887e-01,0.000000000000000000e+00,0.000000000000000000e+00,1.525422334671020508e-01,2.787669003009796143e-01,-8.664084970951080322e-02,-1.647165298461914062e+00,3.465828252956271172e-03,5.166738033294677734e-01,-2.291077822446823120e-01,1.245404481887817383e-01,-9.900386333465576172e-01,-2.478552758693695068e-01
1.499175429344177246e+00,-2.036641597747802734e+00,8.345308303833007812e-01,-5.188278853893280029e-02,3.633650392293930054e-02,9.840881824493408203e-01,1.660068780183792114e-01,5.725961551070213318e-02,-9.873548895120620728e-02,-2.688960134983062744e-01,1.704492717981338501e-01,6.359741091728210449e-02,-7.196046411991119385e-02,-4.689278602600097656e-01,-7.425835728645324707e-02,-3.962863385677337646e-01,2.356206327676773071e-01,1.914504170417785645e-01,-4.573493264615535736e-03,-2.424122393131256104e-01,0.000000000000000000e+00,0.000000000000000000e+00,1.239943206310272217e-01,2.674129903316497803e-01,-1.233206987380981445e-01,-1.748318433761596680e+00,-5.070771556347608566e-03,5.770593881607055664e-01,-2.430582791566848755e-01,1.147385686635971069e-01,-1.009516954421997070e+00,-2.454516738653182983e-01
1.419682621955871582e+00,-1.980979323387145996e+00,8.352592587471008301e-01,-4.268896579742431641e-02,5.025937780737876892e-02,9.890511631965637207e-01,1.320206373929977417e-01,1.422070413827896118e-01,-8.543922007083892822e-02,-3.699786663055419922e-01,1.769708395004272461e-01,2.279535382986068726e-01,-9.840910136699676514e-02,-5.210605263710021973e-01,-1.224265918135643005e-01,-4.419907927513122559e-01,9.554591774940490723e-02,2.406727224588394165e-01,4.439109191298484802e-02,-3.314653038978576660e-01,0.000000000000000000e+00,0.000000000000000000e+00,1.326338797807693481e-01,2.449838072061538696e-01,-1.591715067625045776e-01,-1.801925182342529297e+00,-1.157362200319766998e-02,6.160680651664733887e-01,-2.532768845558166504e-01,8.553227782249450684e-02,-1.046765208244323730e+00,-2.544109523296356201e-01
1.342179298400878906e+00,-1.926082134246826172e+00,8.369604945182800293e-01,-3.106769733130931854e-02,6.760378926992416382e-02,9.912965297698974609e-01,1.086078882217407227e-01,1.861967891454696655e-01,-6.098363175988197327e-02,-3.470144271850585938e-01,2.084084600210189819e-01,3.578881323337554932e-01,-7.351916283369064331e-02,-5.330460071563720703e-01,-1.731387227773666382e-01,-5.112479329109191895e-01,3.853296488523483276e-02,3.054224848747253418e-01,6.436692923307418823e-02,-3.842992782592773438e-01,0.000000000000000000e+00,0.000000000000000000e+00,1.573725789785385132e-01,2.048449814319610596e-01,-1.861391812562942505e-01,-1.759302616119384766e+00,1.063127815723419189e-02,6.347955465316772461e-01,-2.851780951023101807e-01,2.929489873349666595e-02,-1.091692447662353516e+00,-2.423983067274093628e-01
1.266737818717956543e+00,-1.871843457221984863e+00,8.322013020515441895e-01,-2.074234932661056519e-02,1.137867420911788940e-01,9.861779808998107910e-01,1.186395063996315002e-01,1.436618119478225708e-01,-1.230636835098266602e-01,-2.459524422883987427e-01,3.170661330223083496e-01,2.974503934383392334e-01,-2.711020037531852722e-02,-5.202955603599548340e-01,-2.317721694707870483e-01,-5.033781528472900391e-01,5.837222933769226074e-02,3.610772490501403809e-01,4.700968414545059204e-02,-3.591456115245819092e-01,0.000000000000000000e+00,0.000000000000000000e+00,1.363995969295501709e-01,1.023827269673347473e-01,-2.200493812561035156e-01,-1.568167448043823242e+00,4.429790377616882324e-02,6.100541353225708008e-01,-3.643821179866790771e-01,-5.723450705409049988e-02,-1.132426381111145020e+00,-2.430728226900100708e-01
1.200193405151367188e+00,-1.820147395133972168e+00,8.269550800323486328e-01,-1.655613072216510773e-02,1.143999546766281128e-01,9.816690087318420410e-01,1.515404731035232544e-01,2.375760860741138458e-02,-1.061332970857620239e-01,-8.588582277297973633e-02,4.777363538742065430e-01,1.793553978204727173e-01,2.544158487580716610e-04,-4.830651879310607910e-01,-1.817621290683746338e-01,-4.383476078510284424e-01,1.249957084655761719e-01,1.356615275144577026e-01,-4.282278567552566528e-02,-2.762857973575592041e-01,0.000000000000000000e+00,0.000000000000000000e+00,1.450224220752716064e-01,5.905093252658843994e-02,-2.209846675395965576e-01,-1.303572773933410645e+00,4.288138821721076965e-02,5.613297224044799805e-01,-4.155501425266265869e-01,-7.947951555252075195e-02,-1.180426120758056641e+00,-2.635702192783355713e-01
1.139438390731811523e+00,-1.765954256057739258e+00,8.175212144851684570e-01,-2.097104676067829132e-02,1.091633662581443787e-01,9.742158055305480957e-01,1.963342279195785522e-01,-1.501910835504531860e-01,-5.278446897864341736e-02,6.528861075639724731e-02,6.449672579765319824e-01,2.868296392261981964e-02,5.553856119513511658e-02,-4.684068858623504639e-01,-1.244932338595390320e-01,-3.504379987716674805e-01,2.168737500905990601e-01,4.263741138856858015e-04,-1.055847555398941040e-01,-1.671521961688995361e-01,0.000000000000000000e+00,0.000000000000000000e+00,1.810846924781799316e-01,2.357005514204502106e-02,-1.744561046361923218e-01,-1.014779329299926758e+00,6.687430292367935181e-02,4.671759903430938721e-01,-4.700802564620971680e-01,-7.115071266889572144e-02,-1.226308941841125488e+00,-2.796687781810760498e-01
1.086025238037109375e+00,-1.716012239456176758e+00,8.117181658744812012e-01,-3.450019657611846924e-02,1.008312329649925232e-01,9.656490087509155273e-01,2.369911372661590576e-01,-3.352913856506347656e-01,2.772367745637893677e-02,1.699672639369964600e-01,7.236973643302917480e-01,-7.452379167079925537e-02,1.016899868845939636e-01,-4.655390977859497070e-01,-6.685245037078857422e-02,-3.024487793445587158e-01,3.032374680042266846e-01,-7.924716174602508545e-02,-9.761729091405868530e-02,-6.314983963966369629e-02,0.000000000000000000e+00,0.000000000000000000e+00,2.359986305236816406e-01,1.846403069794178009e-02,-1.365478038787841797e-01,-7.718015909194946289e-01,1.006378456950187683e-01,3.262347579002380371e-01,-5.118721723556518555e-01,-1.831869035959243774e-02,-1.290703773498535156e+00,-2.506403028964996338e-01
1.031900525093078613e+00,-1.669450521469116211e+00,8.118538856506347656e-01,-4.220198839902877808e-02,9.522613137960433960e-02,9.558240771293640137e-01,2.748659253120422363e-01,-4.758298695087432861e-01,9.191311150789260864e-02,2.270378172397613525e-01,6.825538873672485352e-01,-1.504452973604202271e-01,1.368839293718338013e-01,-4.298151731491088867e-01,-1.941590197384357452e-02,-2.576149702072143555e-01,3.577875494956970215e-01,-1.375268697738647461e-01,-6.439665704965591431e-02,2.639513649046421051e-02,0.000000000000000000e+00,0.000000000000000000e+00,3.571894168853759766e-01,2.433188073337078094e-02,-1.172104403376579285e-01,-6.978128552436828613e-01,1.366791576147079468e-01,1.947629749774932861e-01,-5.606817603111267090e-01,3.996095433831214905e-02,-1.380240797996520996e+00,-1.933910101652145386e-01
9.778882861137390137e-01,-1.619764685630798340e+00,8.099359273910522461e-01,-5.482429265975952148e-02,8.353276550769805908e-02,9.446904659271240234e-01,3.123724162578582764e-01,-5.753733515739440918e-01,1.588674783706665039e-01,2.572650015354156494e-01,5.375663042068481445e-01,-1.493617594242095947e-01,1.089019179344177246e-01,-3.734478652477264404e-01,4.091525822877883911e-02,-2.105639427900314331e-01,3.722194433212280273e-01,-1.896121948957443237e-01,-3.385211154818534851e-02,1.091145947575569153e-01,0.000000000000000000e+00,0.000000000000000000e+00,5.086945891380310059e-01,6.112049892544746399e-02,-1.334195733070373535e-01,-7.562355995178222656e-01,8.542634546756744385e-02,8.608634769916534424e-02,-5.737392306327819824e-01,8.150158077478408813e-02,-1.512727499008178711e+00,-1.571070402860641479e-01
9.231524467468261719e-01,-1.568188548088073730e+00,8.013646602630615234e-01,-7.552124559879302979e-02,6.205255538225173950e-02,9.314916729927062988e-01,3.503844141960144043e-01,-6.464026570320129395e-01,2.209779918193817139e-01,1.959252059459686279e-01,3.257807791233062744e-01,-1.959250122308731079e-02,3.592979162931442261e-02,-2.949393093585968018e-01,1.253762841224670410e-01,-1.496335417032241821e-01,3.439737856388092041e-01,-2.458434253931045532e-01,-1.792015135288238525e-02,2.072486430406570435e-01,0.000000000000000000e+00,0.000000000000000000e+00,6.166499257087707520e-01,1.106959283351898193e-01,-1.063058972358703613e-01,-8.090637922286987305e-01,7.900758087635040283e-02,1.861233264207839966e-02,-5.767503976821899414e-01,1.041942238807678223e-01,-1.644390583038330078e+00,-1.288943886756896973e-01
8.656819462776184082e-01,-1.516846537590026855e+00,7.905438542366027832e-01,-8.916987478733062744e-02,4.937574267387390137e-02,9.190165400505065918e-01,3.808140754699707031e-01,-6.997059583663940430e-01,2.690538465976715088e-01,9.464500844478607178e-02,1.894383728504180908e-01,6.876199692487716675e-02,-2.876443788409233093e-02,-2.057390809059143066e-01,1.737038642168045044e-01,-8.174297213554382324e-02,3.237217068672180176e-01,-2.820842266082763672e-01,-1.189813762903213501e-02,2.919792234897613525e-01,0.000000000000000000e+00,0.000000000000000000e+00,6.986811757087707520e-01,1.324280947446823120e-01,-1.740942336618900299e-02,-8.911479711532592773e-01,6.608903408050537109e-02,2.401158586144447327e-02,-5.730892419815063477e-01,9.569268673658370972e-02,-1.751176476478576660e+00,-1.063470244407653809e-01
8.077837824821472168e-01,-1.466976165771484375e+00,7.763803005218505859e-01,-8.916652202606201172e-02,4.869694262742996216e-02,9.133612513542175293e-01,3.942703902721405029e-01,-7.066511511802673340e-01,2.840886414051055908e-01,6.056762859225273132e-02,2.002232670783996582e-01,1.199791431427001953e-01,-3.552884608507156372e-02,-1.368613243103027344e-01,1.743832826614379883e-01,-3.832559287548065186e-02,3.694487512111663818e-01,-2.321063429117202759e-01,-2.603089669719338417e-03,3.182850480079650879e-01,0.000000000000000000e+00,0.000000000000000000e+00,7.484019398689270020e-01,1.516203880310058594e-01,5.270694941282272339e-02,-9.864566326141357422e-01,2.969817258417606354e-02,8.290116488933563232e-02,-5.625476241111755371e-01,9.315807372331619263e-02,-1.778405547142028809e+00,-1.161233782768249512e-01
7.524616122245788574e-01,-1.418861269950866699e+00,7.596796154975891113e-01,-8.013390004634857178e-02,5.543571710586547852e-02,9.154555201530456543e-01,3.904441595077514648e-01,-6.978369355201721191e-01,2.452998757362365723e-01,7.571414113044738770e-03,3.215968608856201172e-01,2.260352857410907745e-02,1.899692788720130920e-02,-1.357408314943313599e-01,1.745217889547348022e-01,4.720626398921012878e-03,5.122197270393371582e-01,-1.689532101154327393e-01,4.687409847974777222e-03,2.814541459083557129e-01,0.000000000000000000e+00,0.000000000000000000e+00,7.411347627639770508e-01,1.592266857624053955e-01,8.325933665037155151e-02,-1.057913184165954590e+00,2.040723338723182678e-02,1.630948632955551147e-01,-5.566006302833557129e-01,1.219262927770614624e-01,-1.703616619110107422e+00,-1.774549037218093872e-01
7.030805349349975586e-01,-1.374045848846435547e+00,7.395985722541809082e-01,-7.975554466247558594e-02,7.359430193901062012e-02,9.223585128784179688e-01,3.707798123359680176e-01,-7.768433690071105957e-01,1.997192949056625366e-01,-2.477350272238254547e-02,5.478219985961914062e-01,-1.199372261762619019e-01,6.633477658033370972e-02,-2.485714554786682129e-01,1.745123863220214844e-01,1.483241096138954163e-02,7.127044200897216797e-01,-1.656924486160278320e-01,-1.203685719519853592e-02,1.841003149747848511e-01,0.000000000000000000e+00,0.000000000000000000e+00,6.680762171745300293e-01,1.732976585626602173e-01,5.926072597503662109e-02,-1.119496583938598633e+00,-9.682093746960163116e-03,2.253484576940536499e-01,-5.397120714187622070e-01,1.720438450574874878e-01,-1.528595566749572754e+00,-2.418804168701171875e-01
6.629281044006347656e-01,-1.326374769210815430e+00,7.218789458274841309e-01,-9.540640562772750854e-02,8.348414301872253418e-02,9.249809384346008301e-01,3.582432568073272705e-01,-8.338132500648498535e-01,1.981189250946044922e-01,-4.984226450324058533e-02,6.990908980369567871e-01,-2.397794574499130249e-01,5.822148174047470093e-02,-4.459369480609893799e-01,1.167565956711769104e-01,-9.060827642679214478e-02,9.247435331344604492e-01,-1.814483702182769775e-01,-1.085263565182685852e-01,9.880598634481430054e-02,0.000000000000000000e+00,0.000000000000000000e+00,5.193265080451965332e-01,2.281530946493148804e-01,1.203838177025318146e-02,-1.149789452552795410e+00,-1.527970936149358749e-02,2.898702621459960938e-01,-4.800873994827270508e-01,2.086625993251800537e-01,-1.301785945892333984e+00,-3.168402612209320068e-01
6.242120265960693359e-01,-1.280095815658569336e+00,7.081136107444763184e-01,-1.115680932998657227e-01,9.642770141363143921e-02,9.274060130119323730e-01,3.437620997428894043e-01,-8.551130890846252441e-01,1.913721710443496704e-01,-6.116499006748199463e-02,7.895272374153137207e-01,-3.257912397384643555e-01,1.753966324031352997e-02,-6.660782098770141602e-01,1.124562043696641922e-02,-1.926392614841461182e-01,1.091584324836730957e+00,-2.308786362409591675e-01,-1.720077246427536011e-01,7.095906883478164673e-03,0.000000000000000000e+00,0.000000000000000000e+00,3.274255394935607910e-01,2.833306491374969482e-01,-3.324611857533454895e-02,-1.155101418495178223e+00,-1.172109786421060562e-02,3.546032011508941650e-01,-4.420086741447448730e-01,2.533613145351409912e-01,-1.111118555068969727e+00,-3.423921167850494385e-01
5.886453390121459961e-01,-1.225191831588745117e+00,7.026564478874206543e-01,-1.214336007833480835e-01,1.101781576871871948e-01,9.308313727378845215e-01,3.266001641750335693e-01,-8.177407979965209961e-01,1.942413747310638428e-01,-5.492026731371879578e-02,7.918141484260559082e-01,-3.895389139652252197e-01,-2.546267025172710419e-02,-8.443697690963745117e-01,-1.183396726846694946e-01,-2.881171703338623047e-01,1.160723209381103516e+00,-2.793541848659515381e-01,-1.861850172281265259e-01,-8.663687109947204590e-02,0.000000000000000000e+00,0.000000000000000000e+00,1.786850392818450928e-01,2.856445312500000000e-01,-3.748182207345962524e-02,-1.243051290512084961e+00,2.383727580308914185e-02,4.540757536888122559e-01,-4.132239818572998047e-01,2.766638994216918945e-01,-1.025108456611633301e+00,-3.134898543357849121e-01
5.531639456748962402e-01,-1.161636114120483398e+00,7.098880410194396973e-01,-1.236771717667579651e-01,1.200740337371826172e-01,9.317454099655151367e-01,3.195883631706237793e-01,-6.986174583435058594e-01,2.092225551605224609e-01,-4.569271206855773926e-02,7.000859975814819336e-01,-4.080006480216979980e-01,-6.798656284809112549e-02,-9.703924059867858887e-01,-2.064400613307952881e-01,-3.447584509849548340e-01,1.132673740386962891e+00,-3.058145940303802490e-01,-1.509426534175872803e-01,-1.777466535568237305e-01,0.000000000000000000e+00,0.000000000000000000e+00,1.132933571934700012e-01,2.965149879455566406e-01,-5.046011880040168762e-02,-1.413601279258728027e+00,6.781734526157379150e-03,5.423753261566162109e-01,-3.995173871517181396e-01,3.177678287029266357e-01,-1.008535027503967285e+00,-2.762243151664733887e-01
5.173215270042419434e-01,-1.089676260948181152e+00,7.263301610946655273e-01,-1.226279959082603455e-01,1.274465173482894897e-01,9.291190505027770996e-01,3.247422277927398682e-01,-5.113041400909423828e-01,2.254049032926559448e-01,-4.188667982816696167e-02,5.278981328010559082e-01,-3.515664041042327881e-01,-1.139576062560081482e-01,-1.042581677436828613e+00,-2.541343867778778076e-01,-3.878087401390075684e-01,1.034984588623046875e+00,-3.001959919929504395e-01,-1.007126122713088989e-01,-2.438185513019561768e-01,0.000000000000000000e+00,0.000000000000000000e+00,1.000625789165496826e-01,3.139978349208831787e-01,-5.411373078823089600e-02,-1.577766776084899902e+00,7.599615957587957382e-03,6.211182475090026855e-01,-3.504619896411895752e-01,2.779906392097473145e-01,-1.017112374305725098e+00,-2.715236246585845947e-01
4.832934737205505371e-01,-1.010361194610595703e+00,7.460283637046813965e-01,-1.066732630133628845e-01,1.246504113078117371e-01,9.285821914672851562e-01,3.328936696052551270e-01,-2.514517009258270264e-01,2.476132810115814209e-01,-7.728745043277740479e-02,2.686865627765655518e-01,-1.311197578907012939e-01,-1.552461087703704834e-01,-1.019213795661926270e+00,-2.892488837242126465e-01,-4.747090041637420654e-01,8.764072060585021973e-01,-2.722007930278778076e-01,-4.538387805223464966e-02,-2.649993896484375000e-01,0.000000000000000000e+00,0.000000000000000000e+00,1.808883100748062134e-01,3.330503106117248535e-01,-9.055776149034500122e-02,-1.720162272453308105e+00,2.586619742214679718e-02,7.228268384933471680e-01,-2.801450490951538086e-01,2.155734300613403320e-01,-1.047955751419067383e+00,-2.502283453941345215e-01
4.510725140571594238e-01,-9.309772253036499023e-01,7.610133290290832520e-01,-9.851769357919692993e-02,1.171789765357971191e-01,9.270579814910888672e-01,3.422380089759826660e-01,-9.750352054834365845e-02,2.872228026390075684e-01,-1.049921736121177673e-01,1.710604876279830933e-01,1.404781639575958252e-01,-1.848656535148620605e-01,-9.733685851097106934e-01,-2.911705672740936279e-01,-5.659222602844238281e-01,7.111489772796630859e-01,-2.143858075141906738e-01,-1.778365112841129303e-02,-2.860752940177917480e-01,0.000000000000000000e+00,0.000000000000000000e+00,2.360640019178390503e-01,3.678783476352691650e-01,-1.078141257166862488e-01,-1.738309741020202637e+00,8.640180341899394989e-03,7.314732074737548828e-01,-2.294638901948928833e-01,2.331214994192123413e-01,-1.057548165321350098e+00,-2.097163200378417969e-01
4.215573966503143311e-01,-8.483108282089233398e-01,7.732302546501159668e-01,-8.040434867143630981e-02,1.173353567719459534e-01,9.227064251899719238e-01,3.583021461963653564e-01,2.674297988414764404e-02,2.990347743034362793e-01,-1.609839498996734619e-01,1.211718395352363586e-01,3.147482275962829590e-01,-1.180367469787597656e-01,-9.056157469749450684e-01,-2.847790420055389404e-01,-6.342800259590148926e-01,5.971294045448303223e-01,-1.789906471967697144e-01,-7.905982434749603271e-03,-2.862898707389831543e-01,0.000000000000000000e+00,0.000000000000000000e+00,3.177436888217926025e-01,3.950231075286865234e-01,-1.188959032297134399e-01,-1.702634572982788086e+00,5.523789674043655396e-03,7.054739594459533691e-01,-2.088951021432876587e-01,2.433016002178192139e-01,-1.079423666000366211e+00,-1.493451744318008423e-01
3.943870961666107178e-01,-7.622498273849487305e-01,7.854937911033630371e-01,-5.779092013835906982e-02,1.423747688531875610e-01,9.051514267921447754e-01,3.963465392589569092e-01,1.109478026628494263e-01,2.329101562500000000e-01,-1.185062527656555176e-01,1.529586017131805420e-01,2.815745174884796143e-01,-6.271693855524063110e-02,-8.296086192131042480e-01,-2.960937917232513428e-01,-6.949878334999084473e-01,5.498260259628295898e-01,-1.953626424074172974e-01,-4.486340284347534180e-02,-2.398333996534347534e-01,0.000000000000000000e+00,0.000000000000000000e+00,3.764910697937011719e-01,3.819067478179931641e-01,-1.528734713792800903e-01,-1.603047132492065430e+00,7.057538721710443497e-03,6.442528963088989258e-01,-2.336263358592987061e-01,2.338368743658065796e-01,-1.117082238197326660e+00,-5.108947679400444031e-02
3.712403476238250732e-01,-6.733331680297851562e-01,7.883566617965698242e-01,-4.934266582131385803e-02,1.793169230222702026e-01,8.736487627029418945e-01,4.496093988418579102e-01,1.328917741775512695e-01,1.221385449171066284e-01,-9.775588661432266235e-02,2.433407604694366455e-01,2.767034173011779785e-01,-5.130848288536071777e-02,-7.757007479667663574e-01,-2.477169185876846313e-01,-6.581780314445495605e-01,5.044539570808410645e-01,-1.825369447469711304e-01,-1.095648705959320068e-01,-1.499846279621124268e-01,0.000000000000000000e+00,0.000000000000000000e+00,3.943055570125579834e-01,3.405534923076629639e-01,-1.870525777339935303e-01,-1.449775695800781250e+00,-8.943043649196624756e-03,5.252487659454345703e-01,-2.764975428581237793e-01,1.996060460805892944e-01,-1.136267900466918945e+00,-2.179733477532863617e-02
3.533295094966888428e-01,-5.810229778289794922e-01,7.878338694572448730e-01,-4.789591580629348755e-02,2.131285816431045532e-01,8.376441001892089844e-01,5.006341338157653809e-01,5.105828493833541870e-02,2.363731339573860168e-02,-6.577153503894805908e-02,4.406583905220031738e-01,2.656420767307281494e-01,-5.177633091807365417e-02,-7.321063876152038574e-01,-1.905764192342758179e-01,-5.672815442085266113e-01,5.183001756668090820e-01,-2.999718189239501953e-01,-1.897905319929122925e-01,-5.187290161848068237e-02,0.000000000000000000e+00,0.000000000000000000e+00,4.161927402019500732e-01,2.985283732414245605e-01,-2.160869836807250977e-01,-1.259168624877929688e+00,-4.097509197890758514e-03,3.834173679351806641e-01,-3.170139491558074951e-01,1.727610677480697632e-01,-1.161442756652832031e+00,-5.814645066857337952e-02
3.402827978134155273e-01,-4.928503632545471191e-01,7.820414900779724121e-01,-5.296916514635086060e-02,2.430454641580581665e-01,8.061273694038391113e-01,5.369188189506530762e-01,-1.741075217723846436e-01,-2.073725685477256775e-02,8.534963242709636688e-03,7.773721218109130859e-01,2.112799286842346191e-01,-2.306155860424041748e-03,-7.045258283615112305e-01,-1.501782834529876709e-01,-4.463023245334625244e-01,5.396611094474792480e-01,-4.153331518173217773e-01,-2.383225560188293457e-01,2.164056897163391113e-02,0.000000000000000000e+00,0.000000000000000000e+00,4.707422554492950439e-01,2.644792497158050537e-01,-2.228303551673889160e-01,-1.094133257865905762e+00,-2.100596390664577484e-02,2.260735929012298584e-01,-3.731640279293060303e-01,1.509631723165512085e-01,-1.241198658943176270e+00,-3.149745613336563110e-02
3.302929103374481201e-01,-4.070376455783843994e-01,7.741201519966125488e-01,-6.622811406850814819e-02,2.619400322437286377e-01,7.721190452575683594e-01,5.751812458038330078e-01,-4.373025298118591309e-01,1.133270468562841415e-02,1.112032979726791382e-01,1.056235313415527344e+00,1.395842283964157104e-01,7.178934663534164429e-02,-6.547693014144897461e-01,-9.918084740638732910e-02,-3.755227625370025635e-01,5.266371965408325195e-01,-4.994824528694152832e-01,-2.418386191129684448e-01,1.170994564890861511e-01,0.000000000000000000e+00,0.000000000000000000e+00,5.371155142784118652e-01,2.638050019741058350e-01,-2.478123158216476440e-01,-9.880086779594421387e-01,-4.606665298342704773e-02,6.433951109647750854e-02,-4.146998226642608643e-01,1.651089340448379517e-01,-1.365872740745544434e+00,-2.478075679391622543e-03
3.225265741348266602e-01,-3.155682682991027832e-01,7.760558128356933594e-01,-7.127017527818679810e-02,2.743764221668243408e-01,7.389858365058898926e-01,6.111775636672973633e-01,-6.592552661895751953e-01,4.024721309542655945e-02,1.837489455938339233e-01,1.171359181404113770e+00,7.260373979806900024e-02,1.207253932952880859e-01,-5.220499634742736816e-01,-4.615699872374534607e-02,-2.865599691867828369e-01,4.089686572551727295e-01,-5.032331347465515137e-01,-1.872337311506271362e-01,2.261569947004318237e-01,0.000000000000000000e+00,0.000000000000000000e+00,6.324537396430969238e-01,2.832199633121490479e-01,-2.852993309497833252e-01,-1.014431118965148926e+00,-6.958615779876708984e-02,-4.294158145785331726e-02,-4.421969056129455566e-01,1.727510988712310791e-01,-1.511023044586181641e+00,-1.850471086800098419e-02
3.161142468452453613e-01,-2.176775485277175903e-01,7.836355566978454590e-01,-6.262802332639694214e-02,2.877937853336334229e-01,7.110187411308288574e-01,6.385176777839660645e-01,-8.205060958862304688e-01,1.344732474535703659e-02,2.333166897296905518e-01,1.113031029701232910e+00,2.585426345467567444e-02,1.327102482318878174e-01,-3.338634371757507324e-01,-3.828647360205650330e-02,-2.052458077669143677e-01,2.368523627519607544e-01,-3.789746165275573730e-01,-9.102260321378707886e-02,3.157243132591247559e-01,0.000000000000000000e+00,0.000000000000000000e+00,7.317599654197692871e-01,2.979914247989654541e-01,-3.151983618736267090e-01,-1.096058607101440430e+00,-2.007326297461986542e-02,-1.029175743460655212e-01,-4.880978167057037354e-01,2.021598964929580688e-01,-1.650003552436828613e+00,-6.451102439314126968e-03
3.087829351425170898e-01,-1.196897849440574646e-01,7.905033826828002930e-01,-4.552562162280082703e-02,3.033454418182373047e-01,6.865650415420532227e-01,6.591944694519042969e-01,-9.320724606513977051e-01,-5.482747033238410950e-02,2.736066877841949463e-01,9.282006621360778809e-01,2.152480185031890869e-02,1.184940040111541748e-01,-1.882729232311248779e-01,-7.969482243061065674e-02,-1.176488921046257019e-01,1.556929349899291992e-01,-1.419949382543563843e-01,1.135220285505056381e-02,3.797327578067779541e-01,0.000000000000000000e+00,0.000000000000000000e+00,8.038054704666137695e-01,2.978671491146087646e-01,-3.409994840621948242e-01,-1.162326216697692871e+00,1.911447755992412567e-02,-1.257809102535247803e-01,-5.432870984077453613e-01,2.492745518684387207e-01,-1.755353808403015137e+00,4.819562658667564392e-03
3.005439043045043945e-01,-2.095485106110572815e-02,7.936969995498657227e-01,-2.946642599999904633e-02,3.184973597526550293e-01,6.572479605674743652e-01,6.824340820312500000e-01,-1.001501321792602539e+00,-1.163836717605590820e-01,3.081930875778198242e-01,6.656846404075622559e-01,4.497387260198593140e-02,7.618774473667144775e-02,-7.711364328861236572e-02,-1.385374814271926880e-01,4.168474697507917881e-04,1.428398340940475464e-01,1.815096735954284668e-01,9.729737043380737305e-02,4.354357123374938965e-01,0.000000000000000000e+00,0.000000000000000000e+00,8.505001068115234375e-01,2.735249400138854980e-01,-3.650155663490295410e-01,-1.223561167716979980e+00,5.765319988131523132e-02,-1.020276471972465515e-01,-6.001098155975341797e-01,2.959961891174316406e-01,-1.835652470588684082e+00,7.433141116052865982e-03
3.019808232784271240e-01,8.408913761377334595e-02,8.005638718605041504e-01,-2.983174659311771393e-02,3.153932690620422363e-01,6.245557665824890137e-01,7.138397693634033203e-01,-1.012437105178833008e+00,-1.140138953924179077e-01,2.954830825328826904e-01,4.014116525650024414e-01,2.937339060008525848e-02,3.758320212364196777e-02,3.773580864071846008e-02,-1.764672547578811646e-01,1.174400001764297485e-01,1.075443401932716370e-01,3.612371385097503662e-01,9.556902199983596802e-02,4.945930540561676025e-01,0.000000000000000000e+00,0.000000000000000000e+00,8.697296380996704102e-01,2.432475686073303223e-01,-3.531302213668823242e-01,-1.282038927078247070e+00,7.795973122119903564e-02,-5.795936658978462219e-02,-6.376381516456604004e-01,3.238823413848876953e-01,-1.863732933998107910e+00,-1.649548299610614777e-03
3.088523745536804199e-01,1.953750103712081909e-01,8.026617169380187988e-01,-4.237062856554985046e-02,2.802592515945434570e-01,6.100391745567321777e-01,7.399402856826782227e-01,-9.550975561141967773e-01,-4.761987924575805664e-02,3.609165549278259277e-01,2.732359468936920166e-01,-3.080033231526613235e-03,6.133623421192169189e-03,1.484724581241607666e-01,-1.548522710800170898e-01,1.078541576862335205e-01,1.346647441387176514e-01,4.122061729431152344e-01,5.974073335528373718e-02,5.207976698875427246e-01,0.000000000000000000e+00,0.000000000000000000e+00,8.901410698890686035e-01,2.218492776155471802e-01,-2.614910006523132324e-01,-1.357454180717468262e+00,9.387058764696121216e-02,5.146593227982521057e-02,-5.937624573707580566e-01,3.035943806171417236e-01,-1.845735073089599609e+00,-9.938622266054153442e-02
3.164030313491821289e-01,3.125386238098144531e-01,7.962600588798522949e-01,-6.483611464500427246e-02,2.357361912727355957e-01,6.183694005012512207e-01,7.468895316123962402e-01,-8.846032619476318359e-01,-2.103666774928569794e-02,3.219433724880218506e-01,2.958884835243225098e-01,1.710142125375568867e-03,-8.822411764413118362e-04,2.161250561475753784e-01,-9.024332463741302490e-02,4.353046789765357971e-02,2.474771589040756226e-01,4.968357682228088379e-01,-1.225536223500967026e-02,5.016360878944396973e-01,0.000000000000000000e+00,0.000000000000000000e+00,8.309961557388305664e-01,2.305484414100646973e-01,-1.939437240362167358e-01,-1.394997477531433105e+00,7.495605945587158203e-02,1.282596141099929810e-01,-5.061988234519958496e-01,2.817276120185852051e-01,-1.717585206031799316e+00,-1.284331083297729492e-01
3.225882053375244141e-01,4.293112158775329590e-01,7.887756824493408203e-01,-8.209339529275894165e-02,2.028683274984359741e-01,6.507959365844726562e-01,7.270280122756958008e-01,-8.298227787017822266e-01,-3.822048008441925049e-02,1.971927285194396973e-01,4.282703101634979248e-01,-1.457715034484863281e-01,1.113647297024726868e-01,1.410582512617111206e-01,-4.398552700877189636e-02,-1.211518868803977966e-01,5.455995798110961914e-01,4.761037230491638184e-01,-1.059551313519477844e-01,3.950402140617370605e-01,0.000000000000000000e+00,0.000000000000000000e+00,7.167409062385559082e-01,2.519448399543762207e-01,-1.629734039306640625e-01,-1.426887869834899902e+00,6.928325444459915161e-02,1.907125711441040039e-01,-4.360650479793548584e-01,2.668168842792510986e-01,-1.557901501655578613e+00,-1.504250764846801758e-01
3.229506015777587891e-01,5.385395884513854980e-01,7.778390049934387207e-01,-8.993338048458099365e-02,1.958052814006805420e-01,6.726238131523132324e-01,7.079191207885742188e-01,-7.980803251266479492e-01,-5.620592832565307617e-02,1.343867033720016479e-01,5.778793096542358398e-01,-3.014284372329711914e-01,1.569862812757492065e-01,-8.187920600175857544e-02,-8.805299550294876099e-02,-2.333695590496063232e-01,9.471374154090881348e-01,3.639558851718902588e-01,-1.651977002620697021e-01,2.645119428634643555e-01,0.000000000000000000e+00,0.000000000000000000e+00,5.696336627006530762e-01,2.334484010934829712e-01,-1.690226346254348755e-01,-1.449229001998901367e+00,1.933230645954608917e-02,2.688699364662170410e-01,-4.035566151142120361e-01,2.450740933418273926e-01,-1.415326118469238281e+00,-1.132229194045066833e-01
3.296987712383270264e-01,6.414182782173156738e-01,7.731589078903198242e-01,-9.486978501081466675e-02,1.956121176481246948e-01,6.875141859054565430e-01,6.928635239601135254e-01,-6.970588564872741699e-01,-6.889114528894424438e-02,7.994899898767471313e-02,5.816053748130798340e-01,-3.620562255382537842e-01,1.317455172538757324e-01,-3.210528194904327393e-01,-1.215798482298851013e-01,-2.739173471927642822e-01,1.186084508895874023e+00,3.131136596202850342e-01,-1.676711887121200562e-01,1.368230283260345459e-01,0.000000000000000000e+00,0.000000000000000000e+00,4.051919579505920410e-01,2.415797412395477295e-01,-1.705680340528488159e-01,-1.463895082473754883e+00,3.134703636169433594e-02,3.650341331958770752e-01,-3.863262236118316650e-01,2.205272614955902100e-01,-1.289472222328186035e+00,-1.373562514781951904e-01
3.393782377243041992e-01,7.468482255935668945e-01,7.796795964241027832e-01,-1.008353605866432190e-01,1.897146999835968018e-01,7.031558752059936523e-01,6.777996420860290527e-01,-5.272713303565979004e-01,-6.571734696626663208e-02,1.103040948510169983e-02,4.811163544654846191e-01,-3.646824359893798828e-01,7.269974052906036377e-02,-5.251895785331726074e-01,-1.428056508302688599e-01,-3.251292109489440918e-01,1.225867271423339844e+00,2.181050181388854980e-01,-1.382337957620620728e-01,1.639910042285919189e-02,0.000000000000000000e+00,0.000000000000000000e+00,2.830693423748016357e-01,2.503526210784912109e-01,-1.216752529144287109e-01,-1.552268981933593750e+00,4.382902011275291443e-02,4.839400649070739746e-01,-3.509742617607116699e-01,1.792616844177246094e-01,-1.256146073341369629e+00,-1.741360574960708618e-01
3.537544906139373779e-01,8.583191633224487305e-01,7.906642556190490723e-01,-1.084565669298171997e-01,1.727197468280792236e-01,7.131890654563903809e-01,6.706463098526000977e-01,-3.046467304229736328e-01,-2.200305089354515076e-02,-6.954037398099899292e-02,3.117243051528930664e-01,-2.396777719259262085e-01,-1.248401007615029812e-03,-6.667033433914184570e-01,-1.150272861123085022e-01,-3.529141843318939209e-01,1.100720047950744629e+00,1.625543385744094849e-01,-1.071537956595420837e-01,-7.779473066329956055e-02,0.000000000000000000e+00,0.000000000000000000e+00,2.226227074861526489e-01,2.741179168224334717e-01,-7.843047380447387695e-02,-1.673184752464294434e+00,2.089621312916278839e-02,5.921630859375000000e-01,-3.461188077926635742e-01,1.942491829395294189e-01,-1.264577269554138184e+00,-1.344121992588043213e-01
3.728202283382415771e-01,9.691458940505981445e-01,8.026725649833679199e-01,-1.155193597078323364e-01,1.484209448099136353e-01,7.279565930366516113e-01,6.593222022056579590e-01,-1.179650723934173584e-01,4.784712567925453186e-02,-1.711941808462142944e-01,2.039872705936431885e-01,-1.878945715725421906e-02,-7.490942627191543579e-02,-7.460159659385681152e-01,-6.456611305475234985e-02,-3.805044293403625488e-01,8.644926548004150391e-01,1.283149868249893188e-01,-5.438394844532012939e-02,-1.682855188846588135e-01,0.000000000000000000e+00,0.000000000000000000e+00,1.999159157276153564e-01,3.047383129596710205e-01,-5.960687622427940369e-02,-1.787309885025024414e+00,1.896186964586377144e-03,6.879565119743347168e-01,-3.176960349082946777e-01,2.207855582237243652e-01,-1.251224398612976074e+00,-1.493126899003982544e-01
3.918893337249755859e-01,1.080123662948608398e+00,8.116825222969055176e-01,-1.122383326292037964e-01,1.291296631097793579e-01,7.473338246345520020e-01,6.420437693595886230e-01,3.045000694692134857e-02,1.130946204066276550e-01,-2.711099982261657715e-01,1.428974568843841553e-01,1.868081986904144287e-01,-1.173519343137741089e-01,-7.724580168724060059e-01,-6.345088034868240356e-02,-4.116595685482025146e-01,5.744915008544921875e-01,1.024605035781860352e-01,-1.615723781287670135e-02,-2.674551904201507568e-01,0.000000000000000000e+00,0.000000000000000000e+00,2.007241845130920410e-01,3.483511805534362793e-01,-4.749242588877677917e-02,-1.867479681968688965e+00,-1.861631684005260468e-02,7.679681181907653809e-01,-2.921949326992034912e-01,2.091100811958312988e-01,-1.247345566749572754e+00,-1.516040265560150146e-01
4.097324311733245850e-01,1.194572091102600098e+00,8.169297575950622559e-01,-8.903725445270538330e-02,1.280670762062072754e-01,7.660728096961975098e-01,6.235412359237670898e-01,1.454607993364334106e-01,1.429262161254882812e-01,-2.943070828914642334e-01,1.296936422586441040e-01,2.717075049877166748e-01,-7.626864314079284668e-02,-7.686035037040710449e-01,-1.311050057411193848e-01,-4.355663955211639404e-01,3.030262887477874756e-01,5.324548482894897461e-02,2.234852639958262444e-03,-3.696055710315704346e-01,0.000000000000000000e+00,0.000000000000000000e+00,1.926063746213912964e-01,3.607710897922515869e-01,-7.425900548696517944e-02,-1.867499947547912598e+00,-1.944729010574519634e-03,8.128784894943237305e-01,-3.084560334682464600e-01,1.664093434810638428e-01,-1.266032814979553223e+00,-1.352965086698532104e-01
4.263079464435577393e-01,1.310039639472961426e+00,8.181170225143432617e-01,-5.603995546698570251e-02,1.417812108993530273e-01,7.649425864219665527e-01,6.257959008216857910e-01,2.283923774957656860e-01,1.070616915822029114e-01,-2.471289485692977905e-01,1.993468105792999268e-01,3.291118144989013672e-01,-5.731556937098503113e-02,-7.584855556488037109e-01,-1.984373182058334351e-01,-4.327426254749298096e-01,1.640016734600067139e-01,4.178635403513908386e-02,1.375548448413610458e-02,-4.048709273338317871e-01,0.000000000000000000e+00,0.000000000000000000e+00,2.335661947727203369e-01,3.315964937210083008e-01,-9.720814973115921021e-02,-1.867499947547912598e+00,3.274371102452278137e-02,8.223195672035217285e-01,-3.366247713565826416e-01,7.893090695142745972e-02,-1.299972057342529297e+00,-1.403107792139053345e-01
4.443365633487701416e-01,1.427658915519714355e+00,8.141359686851501465e-01,-2.398988418281078339e-02,1.724128574132919312e-01,7.401321530342102051e-01,6.495403647422790527e-01,2.104757577180862427e-01,4.895993974059820175e-03,-1.624750792980194092e-01,4.105961024761199951e-01,3.704972863197326660e-01,-9.413984604179859161e-03,-7.458550333976745605e-01,-2.300627231597900391e-01,-3.663652837276458740e-01,1.809596121311187744e-01,6.062819063663482666e-02,-6.193567067384719849e-03,-3.549836277961730957e-01,0.000000000000000000e+00,0.000000000000000000e+00,2.789956927299499512e-01,2.827250063419342041e-01,-1.338540464639663696e-01,-1.827815771102905273e+00,7.310926914215087891e-02,7.317920327186584473e-01,-3.711572587490081787e-01,1.218206342309713364e-02,-1.274344325065612793e+00,-1.368200033903121948e-01
4.638141691684722900e-01,1.541192650794982910e+00,8.060489296913146973e-01,-7.680505514144897461e-03,1.819280236959457397e-01,7.099839448928833008e-01,6.802690625190734863e-01,4.595842584967613220e-02,-2.888292074203491211e-02,1.216673664748668671e-02,8.220715522766113281e-01,3.218671083450317383e-01,7.275346666574478149e-02,-7.051224708557128906e-01,-2.076787948608398438e-01,-2.965612411499023438e-01,2.948926389217376709e-01,-4.802101477980613708e-02,-1.382409334182739258e-01,-2.566027343273162842e-01,0.000000000000000000e+00,0.000000000000000000e+00,2.962398231029510498e-01,2.567491531372070312e-01,-1.844457685947418213e-01,-1.661861300468444824e+00,1.074883043766021729e-01,6.225258708000183105e-01,-3.913921713829040527e-01,1.721196249127388000e-02,-1.270440697669982910e+00,-1.268336325883865356e-01
4.864191412925720215e-01,1.644650816917419434e+00,7.927692532539367676e-01,-1.637467741966247559e-02,1.848870813846588135e-01,6.809443235397338867e-01,7.084232568740844727e-01,-2.012996822595596313e-01,1.974979043006896973e-02,1.475002020597457886e-01,1.219215035438537598e+00,2.336384654045104980e-01,1.430673152208328247e-01,-6.951946020126342773e-01,-1.627112478017807007e-01,-2.375583201646804810e-01,4.472065567970275879e-01,-1.831873506307601929e-01,-2.050722092390060425e-01,-1.354622989892959595e-01,0.000000000000000000e+00,0.000000000000000000e+00,3.453558683395385742e-01,2.610220909118652344e-01,-2.111179977655410767e-01,-1.499332666397094727e+00,9.279969334602355957e-02,4.807536303997039795e-01,-3.909611999988555908e-01,7.930672168731689453e-02,-1.300957083702087402e+00,-1.298997700214385986e-01
5.049732327461242676e-01,1.745489120483398438e+00,7.919360995292663574e-01,-2.707178145647048950e-02,1.885002255439758301e-01,6.534618139266967773e-01,7.326133847236633301e-01,-4.396293163299560547e-01,2.464149706065654755e-02,2.219266593456268311e-01,1.401537656784057617e+00,1.763159781694412231e-01,1.345846951007843018e-01,-6.121642589569091797e-01,-1.130989864468574524e-01,-1.941258311271667480e-01,4.517728388309478760e-01,-2.776725590229034424e-01,-1.957689821720123291e-01,-5.811064969748258591e-03,0.000000000000000000e+00,0.000000000000000000e+00,4.168686866760253906e-01,2.559432983398437500e-01,-2.249893695116043091e-01,-1.375522732734680176e+00,7.954114675521850586e-02,3.484674096107482910e-01,-3.917646706104278564e-01,1.090558692812919617e-01,-1.371834754943847656e+00,-1.514202803373336792e-01
5.230394005775451660e-01,1.848305463790893555e+00,8.038579225540161133e-01,-2.555822953581809998e-02,1.981171369552612305e-01,6.369331479072570801e-01,7.445888519287109375e-01,-6.418499946594238281e-01,5.052601918578147888e-03,2.820041179656982422e-01,1.397686243057250977e+00,1.184748858213424683e-01,1.373160332441329956e-01,-4.600982367992401123e-01,-1.044074669480323792e-01,-1.576791405677795410e-01,3.628413081169128418e-01,-2.741255164146423340e-01,-1.486993730068206787e-01,9.692198038101196289e-02,0.000000000000000000e+00,0.000000000000000000e+00,5.240759849548339844e-01,2.400651276111602783e-01,-2.215085625648498535e-01,-1.373399376869201660e+00,1.035226956009864807e-01,2.667966783046722412e-01,-3.899338245391845703e-01,1.016793027520179749e-01,-1.491842389106750488e+00,-1.354482471942901611e-01
5.409113764762878418e-01,1.951159834861755371e+00,8.235597610473632812e-01,-1.332425791770219803e-02,2.098462432622909546e-01,6.188010573387145996e-01,7.568832635879516602e-01,-7.846043705940246582e-01,-5.391434207558631897e-02,3.286621570587158203e-01,1.236199855804443359e+00,7.546359300613403320e-02,1.276217103004455566e-01,-2.822131514549255371e-01,-1.165662258863449097e-01,-8.829410374164581299e-02,2.277806550264358521e-01,-1.349875926971435547e-01,-4.248184338212013245e-02,1.895360052585601807e-01,0.000000000000000000e+00,0.000000000000000000e+00,6.221392154693603516e-01,2.314938008785247803e-01,-2.300647199153900146e-01,-1.395626425743103027e+00,1.144930720329284668e-01,2.096657902002334595e-01,-4.197129905223846436e-01,1.267458051443099976e-01,-1.630619049072265625e+00,-1.522601246833801270e-01
5.586879849433898926e-01,2.059021949768066406e+00,8.386102318763732910e-01,2.948852954432368279e-03,2.209806293249130249e-01,5.968093276023864746e-01,7.713478803634643555e-01,-8.551109433174133301e-01,-1.032642796635627747e-01,3.761287629604339600e-01,9.565113782882690430e-01,9.879097342491149902e-02,9.834825247526168823e-02,-1.310045570135116577e-01,-1.583293825387954712e-01,-7.245344109833240509e-03,1.478697210550308228e-01,9.605707228183746338e-02,6.663159281015396118e-02,2.756266891956329346e-01,0.000000000000000000e+00,0.000000000000000000e+00,7.200157046318054199e-01,2.122554033994674683e-01,-2.364858090877532959e-01,-1.410610795021057129e+00,1.463259458541870117e-01,1.803435981273651123e-01,-4.817205071449279785e-01,1.491631716489791870e-01,-1.765362143516540527e+00,-1.367130726575851440e-01
5.765104889869689941e-01,2.163591384887695312e+00,8.525312542915344238e-01,4.752967972308397293e-03,2.220531851053237915e-01,5.635300874710083008e-01,7.956780791282653809e-01,-8.735719323158264160e-01,-1.056429296731948853e-01,4.051675498485565186e-01,6.199117898941040039e-01,1.641585081815719604e-01,6.673841923475265503e-02,-2.440003119409084320e-02,-1.954647749662399292e-01,8.803850412368774414e-02,1.069789677858352661e-01,2.947093844413757324e-01,1.345667392015457153e-01,3.834303319454193115e-01,0.000000000000000000e+00,0.000000000000000000e+00,8.145082592964172363e-01,1.873212903738021851e-01,-2.086118012666702271e-01,-1.440662860870361328e+00,1.685824990272521973e-01,1.628002524375915527e-01,-5.222128629684448242e-01,1.729610711336135864e-01,-1.867461800575256348e+00,-1.349969506263732910e-01
6.012564897537231445e-01,2.273653507232666016e+00,8.639784455299377441e-01,-2.043271623551845551e-02,1.996947526931762695e-01,5.110539793968200684e-01,8.357800841331481934e-01,-8.471758365631103516e-01,-2.255177125334739685e-02,3.650894463062286377e-01,2.885834276676177979e-01,2.200108319520950317e-01,2.275665476918220520e-02,6.701949983835220337e-02,-2.056007832288742065e-01,1.398928165435791016e-01,8.710644394159317017e-02,3.365898132324218750e-01,1.052197068929672241e-01,5.347101092338562012e-01,0.000000000000000000e+00,0.000000000000000000e+00,8.968263268470764160e-01,2.086373716592788696e-01,-1.346606314182281494e-01,-1.490776300430297852e+00,1.687058508396148682e-01,9.524586051702499390e-02,-5.090819001197814941e-01,2.076113820075988770e-01,-1.867499947547912598e+00,-1.468756943941116333e-01
6.299530863761901855e-01,2.387528181076049805e+00,8.686422109603881836e-01,-4.004937037825584412e-02,1.553319692611694336e-01,4.791786968708038330e-01,8.629344105720520020e-01,-8.062721490859985352e-01,8.807533234357833862e-02,3.509826064109802246e-01,1.152503713965415955e-01,1.673804968595504761e-01,-1.288355421274900436e-02,1.901961266994476318e-01,-2.108414918184280396e-01,1.040835306048393250e-01,1.133427843451499939e-01,3.546206057071685791e-01,8.048368990421295166e-02,6.370772719383239746e-01,0.000000000000000000e+00,0.000000000000000000e+00,1.036327958106994629e+00,2.596475780010223389e-01,-9.466437622904777527e-04,-1.627310872077941895e+00,1.746456921100616455e-01,7.406583428382873535e-02,-4.502900242805480957e-01,2.223812192678451538e-01,-1.867499947547912598e+00,-1.510990560054779053e-01
6.554465293884277344e-01,2.504226684570312500e+00,8.645696043968200684e-01,-5.871153995394706726e-02,1.194156706333160400e-01,4.739663898944854736e-01,8.704301714897155762e-01,-7.583565711975097656e-01,1.590946167707443237e-01,4.351812601089477539e-01,7.541829347610473633e-02,1.564094275236129761e-01,-1.783610507845878601e-02,2.920877933502197266e-01,-2.077210992574691772e-01,4.416804015636444092e-02,1.843424439430236816e-01,4.233236312866210938e-01,3.944110125303268433e-02,6.639800071716308594e-01,0.000000000000000000e+00,0.000000000000000000e+00,1.046335458755493164e+00,2.866014540195465088e-01,8.657730370759963989e-02,-1.666867375373840332e+00,1.601149439811706543e-01,1.189895123243331909e-01,-4.034920930862426758e-01,2.038183361291885376e-01,-1.867499947547912598e+00,-1.790576428174972534e-01
6.789755225181579590e-01,2.623639345169067383e+00,8.519970178604125977e-01,-8.922524005174636841e-02,8.796086907386779785e-02,4.791968166828155518e-01,8.687186837196350098e-01,-6.960453391075134277e-01,1.837729066610336304e-01,3.491203188896179199e-01,9.992949664592742920e-02,1.784895956516265869e-01,1.024539861828088760e-02,3.119882941246032715e-01,-1.719029545783996582e-01,1.477941125631332397e-02,3.626159429550170898e-01,4.713955223560333252e-01,-2.306295745074748993e-02,6.507456302642822266e-01,0.000000000000000000e+00,0.000000000000000000e+00,1.012997865676879883e+00,3.074909448623657227e-01,1.571155041456222534e-01,-1.686603069305419922e+00,1.376990675926208496e-01,1.928468644618988037e-01,-3.480077683925628662e-01,1.704030781984329224e-01,-1.867499947547912598e+00,-2.029325515031814575e-01
7.022991180419921875e-01,2.734237670898437500e+00,8.376302123069763184e-01,-8.864670246839523315e-02,6.791443377733230591e-02,5.245420336723327637e-01,8.440290689468383789e-01,-6.348419785499572754e-01,1.054770052433013916e-01,2.168933898210525513e-01,2.040411233901977539e-01,7.871675305068492889e-03,9.584725648164749146e-02,2.773296535015106201e-01,-1.617808640003204346e-01,-1.331523209810256958e-01,6.622588634490966797e-01,4.469369947910308838e-01,-9.810498356819152832e-02,5.269856452941894531e-01,0.000000000000000000e+00,0.000000000000000000e+00,9.620925188064575195e-01,3.325738906860351562e-01,1.541375815868377686e-01,-1.696490287780761719e+00,1.279516220092773438e-01,2.696401774883270264e-01,-3.224709033966064453e-01,1.514009982347488403e-01,-1.781924962997436523e+00,-2.055863142013549805e-01
7.172021269798278809e-01,2.835732460021972656e+00,8.211669921875000000e-01,-7.889988273382186890e-02,7.236839085817337036e-02,5.672243237495422363e-01,8.165746927261352539e-01,-6.366888880729675293e-01,2.563398890197277069e-02,1.446442604064941406e-01,3.752907514572143555e-01,-1.093225255608558655e-01,1.622414737939834595e-01,1.454322487115859985e-01,-2.237020879983901978e-01,-2.674657404422760010e-01,9.836813807487487793e-01,3.723688125610351562e-01,-1.861480325460433960e-01,3.765036761760711670e-01,0.000000000000000000e+00,0.000000000000000000e+00,8.408899307250976562e-01,3.363015055656433105e-01,6.872116774320602417e-02,-1.636215567588806152e+00,9.339946508407592773e-02,3.247834742069244385e-01,-3.325646221637725830e-01,1.453063637018203735e-01,-1.620835900306701660e+00,-1.850112080574035645e-01
7.340012192726135254e-01,2.928089380264282227e+00,8.175294399261474609e-01,-7.584657520055770874e-02,8.340881019830703735e-02,6.022231578826904297e-01,7.903274893760681152e-01,-5.889149904251098633e-01,-3.432606905698776245e-02,9.818305820226669312e-02,4.326152205467224121e-01,-1.839003413915634155e-01,1.522978544235229492e-01,-6.326234340667724609e-02,-2.300576418638229370e-01,-2.992098927497863770e-01,1.202725648880004883e+00,3.045014142990112305e-01,-1.854287534952163696e-01,2.381731420755386353e-01,0.000000000000000000e+00,0.000000000000000000e+00,6.203610897064208984e-01,3.632300198078155518e-01,-5.743101239204406738e-02,-1.552583456039428711e+00,4.798734188079833984e-02,3.757940232753753662e-01,-3.145612478256225586e-01,1.268123686313629150e-01,-1.431998133659362793e+00,-1.680089533329010010e-01
7.564707398414611816e-01,3.020277500152587891e+00,8.265932202339172363e-01,-8.322598040103912354e-02,8.214424550533294678e-02,6.233257055282592773e-01,7.731693387031555176e-01,-4.608588814735412598e-01,-3.857197239995002747e-02,5.905132368206977844e-02,3.744421601295471191e-01,-2.081457674503326416e-01,1.127648651599884033e-01,-2.639794647693634033e-01,-1.941799521446228027e-01,-3.252589106559753418e-01,1.227403163909912109e+00,2.296497672796249390e-01,-1.819918155670166016e-01,1.209039464592933655e-01,0.000000000000000000e+00,0.000000000000000000e+00,4.622838497161865234e-01,3.812546432018280029e-01,-1.063550859689712524e-01,-1.565665721893310547e+00,-1.351099833846092224e-02,4.348830282688140869e-01,-2.885866761207580566e-01,1.311989724636077881e-01,-1.334395289421081543e+00,-1.961508542299270630e-01
7.756953239440917969e-01,3.112163782119750977e+00,8.411133289337158203e-01,-9.047535061836242676e-02,7.813932001590728760e-02,6.426075696945190430e-01,7.568116784095764160e-01,-3.122706115245819092e-01,-3.246140852570533752e-02,8.371206000447273254e-03,2.817944288253784180e-01,-1.590428948402404785e-01,6.574662774801254272e-02,-4.416274130344390869e-01,-1.747470200061798096e-01,-3.707732558250427246e-01,1.122376918792724609e+00,1.219147741794586182e-01,-1.792390197515487671e-01,1.389123778790235519e-02,0.000000000000000000e+00,0.000000000000000000e+00,3.606262803077697754e-01,3.796431720256805420e-01,-1.007822453975677490e-01,-1.639711856842041016e+00,-4.127979627810418606e-04,5.005459189414978027e-01,-2.806759178638458252e-01,1.268040686845779419e-01,-1.301743149757385254e+00,-1.640450060367584229e-01
7.997083067893981934e-01,3.204697847366333008e+00,8.595733046531677246e-01,-9.481565654277801514e-02,7.380507141351699829e-02,6.687921285629272461e-01,7.336755990982055664e-01,-1.704818457365036011e-01,-1.489967014640569687e-02,-5.093825235962867737e-02,2.008583843708038330e-01,-6.235696747899055481e-02,-1.978693297132849693e-03,-5.478664040565490723e-01,-1.280475407838821411e-01,-4.164152741432189941e-01,8.721761703491210938e-01,7.860779762268066406e-02,-1.442874222993850708e-01,-9.724785387516021729e-02,0.000000000000000000e+00,0.000000000000000000e+00,2.957442402839660645e-01,3.695896863937377930e-01,-1.023650467395782471e-01,-1.732400298118591309e+00,-1.733643747866153717e-02,5.710080265998840332e-01,-2.669461071491241455e-01,1.320920735597610474e-01,-1.273738384246826172e+00,-1.432264596223831177e-01
8.243750333786010742e-01,3.297339439392089844e+00,8.722427487373352051e-01,-8.989662677049636841e-02,7.141434401273727417e-02,7.023621797561645508e-01,7.024998068809509277e-01,-5.003642663359642029e-02,3.933975007385015488e-03,-1.278152912855148315e-01,1.538562476634979248e-01,6.988809257745742798e-02,-7.170289009809494019e-02,-6.058967113494873047e-01,-9.684164822101593018e-02,-4.387179315090179443e-01,5.556049346923828125e-01,7.027281820774078369e-02,-6.905386596918106079e-02,-2.278784364461898804e-01,0.000000000000000000e+00,0.000000000000000000e+00,2.509653568267822266e-01,3.946104943752288818e-01,-1.096663028001785278e-01,-1.830165147781372070e+00,-1.849924400448799133e-02,6.362235546112060547e-01,-2.604643702507019043e-01,1.062863990664482117e-01,-1.238177061080932617e+00,-1.330563277006149292e-01
8.481637239456176758e-01,3.395562648773193359e+00,8.771206736564636230e-01,-6.933260709047317505e-02,8.112657815217971802e-02,7.396293282508850098e-01,6.644997596740722656e-01,6.075615063309669495e-02,9.615405462682247162e-03,-2.148201167583465576e-01,1.232341676950454712e-01,1.593843251466751099e-01,-1.031822934746742249e-01,-6.253070831298828125e-01,-1.397969424724578857e-01,-4.648366272449493408e-01,2.522935569286346436e-01,1.369080543518066406e-01,3.588438732549548149e-03,-3.682673871517181396e-01,0.000000000000000000e+00,0.000000000000000000e+00,1.958123147487640381e-01,3.683272302150726318e-01,-1.368810087442398071e-01,-1.867498040199279785e+00,1.320283953100442886e-02,6.982113718986511230e-01,-2.756704390048980713e-01,5.788172408938407898e-02,-1.214639067649841309e+00,-1.254146099090576172e-01
8.722249865531921387e-01,3.500056982040405273e+00,8.812571763992309570e-01,-3.454459458589553833e-02,8.690243214368820190e-02,7.781403660774230957e-01,6.210895180702209473e-01,1.675575524568557739e-01,5.126560479402542114e-02,-1.850437521934509277e-01,1.264890432357788086e-01,1.786337345838546753e-01,-7.244592159986495972e-02,-6.287667155265808105e-01,-2.320094704627990723e-01,-4.642851352691650391e-01,7.611362636089324951e-02,1.849654167890548706e-01,8.450510352849960327e-02,-5.090570449829101562e-01,0.000000000000000000e+00,0.000000000000000000e+00,1.179294809699058533e-01,3.351260721683502197e-01,-1.735787689685821533e-01,-1.867499947547912598e+00,4.908439517021179199e-02,7.644696831703186035e-01,-3.180388510227203369e-01,-2.348388358950614929e-02,-1.222090601921081543e+00,-1.248537302017211914e-01
8.981925845146179199e-01,3.603472471237182617e+00,8.796968460083007812e-01,-4.203600343316793442e-03,8.781302720308303833e-02,7.897831201553344727e-01,6.070533990859985352e-01,2.528278231620788574e-01,9.663717448711395264e-02,-1.101559400558471680e-01,1.842243373394012451e-01,1.917176246643066406e-01,-3.554198518395423889e-02,-6.081100106239318848e-01,-2.805237472057342529e-01,-4.503665566444396973e-01,9.397086687386035919e-03,1.904316842555999756e-01,9.050679206848144531e-02,-5.502170324325561523e-01,0.000000000000000000e+00,0.000000000000000000e+00,6.654412299394607544e-02,3.179146051406860352e-01,-2.077708840370178223e-01,-1.867499947547912598e+00,8.106637746095657349e-02,8.417538404464721680e-01,-3.551869392395019531e-01,-1.171545609831809998e-01,-1.255197525024414062e+00,-1.268490701913833618e-01
9.258895516395568848e-01,3.707727432250976562e+00,8.651263713836669922e-01,2.703315578401088715e-02,1.146019697189331055e-01,7.895248532295227051e-01,6.023172736167907715e-01,2.584575712680816650e-01,7.956206053495407104e-02,-9.523127228021621704e-02,3.289354443550109863e-01,1.938914358615875244e-01,6.379646714776754379e-03,-5.807148814201354980e-01,-3.299172818660736084e-01,-4.131762981414794922e-01,4.072785377502441406e-02,2.142750024795532227e-01,4.327292367815971375e-02,-5.298055410385131836e-01,0.000000000000000000e+00,0.000000000000000000e+00,4.998914897441864014e-02,2.785844504833221436e-01,-1.786429584026336670e-01,-1.867499947547912598e+00,1.351018249988555908e-01,8.696073889732360840e-01,-3.868127167224884033e-01,-2.551178038120269775e-01,-1.270062685012817383e+00,-1.236716732382774353e-01
9.526383280754089355e-01,3.806731939315795898e+00,8.421801328659057617e-01,5.315731838345527649e-02,1.324605494737625122e-01,7.859120368957519531e-01,6.016401052474975586e-01,1.785768419504165649e-01,5.036187916994094849e-02,-8.653765916824340820e-02,6.071004867553710938e-01,1.904665231704711914e-01,4.140469431877136230e-02,-5.203574299812316895e-01,-3.220038115978240967e-01,-3.271012604236602783e-01,8.554624766111373901e-02,1.970179975032806396e-01,2.182641252875328064e-02,-4.947274923324584961e-01,0.000000000000000000e+00,0.000000000000000000e+00,6.949152797460556030e-02,2.299320697784423828e-01,-1.576577574014663696e-01,-1.867499947547912598e+00,1.124640628695487976e-01,8.639038205146789551e-01,-4.461507797241210938e-01,-3.159369230270385742e-01,-1.262272238731384277e+00,-1.217505559325218201e-01
9.710231423377990723e-01,3.901160955429077148e+00,8.125548362731933594e-01,6.791081279516220093e-02,1.368556469678878784e-01,7.645689249038696289e-01,6.261733174324035645e-01,7.883632183074951172e-02,2.836047112941741943e-02,8.494130335748195648e-03,8.911743760108947754e-01,1.338679045438766479e-01,9.665972739458084106e-02,-4.642984271049499512e-01,-2.825820744037628174e-01,-2.534745931625366211e-01,1.428995132446289062e-01,1.457453668117523193e-01,-1.061766967177391052e-02,-3.872715532779693604e-01,0.000000000000000000e+00,0.000000000000000000e+00,1.857382506132125854e-01,2.092789411544799805e-01,-1.658319234848022461e-01,-1.867499947547912598e+00,8.951426297426223755e-02,8.310966491699218750e-01,-5.202169418334960938e-01,-2.969855070114135742e-01,-1.227946043014526367e+00,-1.180177405476570129e-01
9.996144771575927734e-01,3.985455036163330078e+00,7.877522706985473633e-01,6.469465792179107666e-02,1.367965638637542725e-01,7.486224770545959473e-01,6.454964876174926758e-01,-9.259296208620071411e-02,1.276814751327037811e-02,4.807708412408828735e-02,1.131366729736328125e+00,6.386565417051315308e-02,1.239600256085395813e-01,-4.173441231250762939e-01,-2.171379625797271729e-01,-2.072679698467254639e-01,2.054952979087829590e-01,1.078524217009544373e-01,-6.699807196855545044e-02,-2.773939371109008789e-01,0.000000000000000000e+00,0.000000000000000000e+00,3.330922722816467285e-01,2.159146368503570557e-01,-1.914521902799606323e-01,-1.844771504402160645e+00,3.267050534486770630e-02,7.310078144073486328e-01,-5.473064780235290527e-01,-2.259886413812637329e-01,-1.183765292167663574e+00,-1.158266514539718628e-01
1.016136527061462402e+00,4.059746265411376953e+00,7.907372117042541504e-01,6.325498223304748535e-02,1.287039518356323242e-01,7.274912595748901367e-01,6.709623932838439941e-01,-2.424195855855941772e-01,-2.621654979884624481e-02,1.232958734035491943e-01,1.193026185035705566e+00,1.458485890179872513e-02,1.067950800061225891e-01,-3.499933183193206787e-01,-1.745244562625885010e-01,-1.926361471414566040e-01,2.379360496997833252e-01,6.346947699785232544e-02,-5.678834393620491028e-02,-1.604386419057846069e-01,0.000000000000000000e+00,0.000000000000000000e+00,3.640744984149932861e-01,1.838934868574142456e-01,-2.206281274557113647e-01,-1.569667458534240723e+00,-7.763672620058059692e-02,5.814242362976074219e-01,-5.710758566856384277e-01,-1.039312779903411865e-01,-1.121560811996459961e+00,-9.397324919700622559e-02
