7.002345323562622070e-01,-1.104978680610656738e+00,8.286693692207336426e-01,-1.750707067549228668e-02,2.242252789437770844e-02,9.270894527435302734e-01,3.737591207027435303e-01,-1.364043653011322021e-01,-8.924330025911331177e-02,6.483896821737289429e-02,3.277964517474174500e-02,-1.377318054437637329e-01,4.974560439586639404e-02,-1.532769948244094849e-01,-7.559420540928840637e-03,-1.086013987660408020e-01,1.595384813845157623e-02,-6.805473566055297852e-02,4.779038019478321075e-03,-1.431140676140785217e-02,0.000000000000000000e+00,0.000000000000000000e+00,4.510909784585237503e-03,1.043139770627021790e-01,-3.582478761672973633e-01,-4.500590264797210693e-01,-6.832123547792434692e-02,-2.194816060364246368e-02,-1.040969789028167725e-01,3.133874833583831787e-01,-4.470784962177276611e-01,-9.232500195503234863e-02
7.001762390136718750e-01,-1.106168746948242188e+00,8.268706202507019043e-01,-2.210490778088569641e-02,2.393466234207153320e-02,9.330655932426452637e-01,3.582277595996856689e-01,-1.525803357362747192e-01,-9.178532660007476807e-02,3.082062304019927979e-02,3.453472629189491272e-02,-1.375709474086761475e-01,5.037671700119972229e-02,-1.583875268697738647e-01,-1.075906399637460709e-02,-1.392120122909545898e-01,1.777406595647335052e-02,-8.033034205436706543e-02,-6.291756406426429749e-03,-4.776680096983909607e-02,0.000000000000000000e+00,0.000000000000000000e+00,1.215414237231016159e-02,1.113076508045196533e-01,-3.555230498313903809e-01,-4.828840196132659912e-01,-6.764892488718032837e-02,-3.312727669253945351e-03,-1.167758703231811523e-01,3.079380691051483154e-01,-4.923686087131500244e-01,-1.101576387882232666e-01
7.012363672256469727e-01,-1.106769800186157227e+00,8.268263339996337891e-01,-2.243847958743572235e-02,2.383983880281448364e-02,9.341114163398742676e-01,3.554772734642028809e-01,-1.559394150972366333e-01,-9.195257723331451416e-02,2.383644692599773407e-02,3.572312742471694946e-02,-1.368310451507568359e-01,5.056297034025192261e-02,-1.588324308395385742e-01,-1.056777127087116241e-02,-1.481960713863372803e-01,1.955217681825160980e-02,-8.412757515907287598e-02,-6.883263122290372849e-03,-5.702153593301773071e-02,0.000000000000000000e+00,0.000000000000000000e+00,1.322658732533454895e-02,1.152631640434265137e-01,-3.552200198173522949e-01,-4.899001419544219971e-01,-7.029087096452713013e-02,-1.024671655613929033e-04,-1.200459674000740051e-01,3.121977150440216064e-01,-5.009713172912597656e-01,-1.149078831076622009e-01
7.015152573585510254e-01,-1.107225060462951660e+00,8.265709280967712402e-01,-2.229478210210800171e-02,2.393470518290996552e-02,9.343647360801696777e-01,3.548134565353393555e-01,-1.565156877040863037e-01,-9.262399375438690186e-02,2.040628530085086823e-02,3.546497970819473267e-02,-1.367338895797729492e-01,5.117300897836685181e-02,-1.581421792507171631e-01,-1.027112640440464020e-02,-1.462679952383041382e-01,1.928025111556053162e-02,-8.494988083839416504e-02,-6.405251566320657730e-03,-6.043908372521400452e-02,0.000000000000000000e+00,0.000000000000000000e+00,1.329666748642921448e-02,1.145556867122650146e-01,-3.557337820529937744e-01,-4.905190169811248779e-01,-6.825788319110870361e-02,-1.155918362201191485e-04,-1.201248317956924438e-01,3.139188289642333984e-01,-5.021826028823852539e-01,-1.216195076704025269e-01
7.018240094184875488e-01,-1.107189416885375977e+00,8.266949653625488281e-01,-2.177997492253780365e-02,2.372276596724987030e-02,9.343654513359069824e-01,3.548578321933746338e-01,-1.555912047624588013e-01,-9.235716611146926880e-02,2.151479572057723999e-02,3.509427234530448914e-02,-1.365920454263687134e-01,5.103141069412231445e-02,-1.566505581140518188e-01,-1.000223029404878616e-02,-1.471792310476303101e-01,1.842628233134746552e-02,-8.578532189130783081e-02,-4.931631032377481461e-03,-6.048252061009407043e-02,0.000000000000000000e+00,0.000000000000000000e+00,1.182003878057003021e-02,1.148814931511878967e-01,-3.570354282855987549e-01,-4.916530549526214600e-01,-6.576588749885559082e-02,-6.718483637087047100e-04,-1.210388168692588806e-01,3.191459774971008301e-01,-4.999900460243225098e-01,-1.264178901910781860e-01
7.020699381828308105e-01,-1.107149839401245117e+00,8.266257047653198242e-01,-2.140509337186813354e-02,2.420750632882118225e-02,9.341017007827758789e-01,3.555415570735931396e-01,-1.547149419784545898e-01,-9.361054748296737671e-02,2.083369903266429901e-02,3.390920534729957581e-02,-1.381672769784927368e-01,5.117155984044075012e-02,-1.567202955484390259e-01,-1.101755350828170776e-02,-1.464640200138092041e-01,1.894200406968593597e-02,-8.417935669422149658e-02,-5.116230342537164688e-03,-6.091196089982986450e-02,0.000000000000000000e+00,0.000000000000000000e+00,1.249942928552627563e-02,1.137868836522102356e-01,-3.563453853130340576e-01,-4.930333495140075684e-01,-6.371873617172241211e-02,-2.125886268913745880e-03,-1.214850395917892456e-01,3.222961127758026123e-01,-4.975737631320953369e-01,-1.264842301607131958e-01
7.025696039199829102e-01,-1.107255816459655762e+00,8.266914486885070801e-01,-2.136751450598239899e-02,2.446188963949680328e-02,9.340765476226806641e-01,3.555924892425537109e-01,-1.554819643497467041e-01,-9.379099309444427490e-02,2.104411274194717407e-02,3.412425518035888672e-02,-1.391195505857467651e-01,5.164637044072151184e-02,-1.566916406154632568e-01,-1.133606769144535065e-02,-1.473323404788970947e-01,1.838677935302257538e-02,-8.523233979940414429e-02,-5.959403235465288162e-03,-6.166019290685653687e-02,0.000000000000000000e+00,0.000000000000000000e+00,1.184931769967079163e-02,1.121034622192382812e-01,-3.584823608398437500e-01,-4.927856028079986572e-01,-6.680170446634292603e-02,-2.800780581310391426e-03,-1.204025968909263611e-01,3.191570937633514404e-01,-4.974548220634460449e-01,-1.255311369895935059e-01
7.029390335083007812e-01,-1.107356309890747070e+00,8.266888260841369629e-01,-2.094055525958538055e-02,2.435836382210254669e-02,9.341740012168884277e-01,3.553689122200012207e-01,-1.549623459577560425e-01,-9.408269822597503662e-02,1.956120319664478302e-02,3.410375863313674927e-02,-1.379122287034988403e-01,5.226164683699607849e-02,-1.559147238731384277e-01,-1.148706860840320587e-02,-1.465808302164077759e-01,1.855793595314025879e-02,-8.385184407234191895e-02,-7.030665408819913864e-03,-6.111655384302139282e-02,0.000000000000000000e+00,0.000000000000000000e+00,1.127760298550128937e-02,1.119034290313720703e-01,-3.599865138530731201e-01,-4.938608407974243164e-01,-6.421743333339691162e-02,-3.039923729375004768e-03,-1.219033598899841309e-01,3.233143687248229980e-01,-4.960514307022094727e-01,-1.275777071714401245e-01
7.030819654464721680e-01,-1.107204198837280273e+00,8.266012668609619141e-01,-2.081465534865856171e-02,2.403601445257663727e-02,9.341434240341186523e-01,3.554786741733551025e-01,-1.541093736886978149e-01,-9.343044459819793701e-02,1.899432763457298279e-02,3.362866863608360291e-02,-1.378042548894882202e-01,5.153710395097732544e-02,-1.551721990108489990e-01,-1.052752137184143066e-02,-1.461109519004821777e-01,1.751415245234966278e-02,-8.432284742593765259e-02,-5.017584189772605896e-03,-6.146715953946113586e-02,0.000000000000000000e+00,0.000000000000000000e+00,1.153342053294181824e-02,1.118101850152015686e-01,-3.603757023811340332e-01,-4.942876100540161133e-01,-6.363661587238311768e-02,-3.247208194807171822e-03,-1.207226589322090149e-01,3.233134448528289795e-01,-4.975650310516357422e-01,-1.283892393112182617e-01
7.033134102821350098e-01,-1.107244133949279785e+00,8.268707394599914551e-01,-2.038276940584182739e-02,2.383709512650966644e-02,9.341403245925903320e-01,3.555251657962799072e-01,-1.533572077751159668e-01,-9.300769865512847900e-02,1.962488517165184021e-02,3.353773802518844604e-02,-1.376923024654388428e-01,5.147062614560127258e-02,-1.543765962123870850e-01,-1.047166716307401657e-02,-1.470627486705780029e-01,1.732624880969524384e-02,-8.426114916801452637e-02,-4.789378959685564041e-03,-6.184268370270729065e-02,0.000000000000000000e+00,0.000000000000000000e+00,1.239242404699325562e-02,1.114516556262969971e-01,-3.592804074287414551e-01,-4.939884245395660400e-01,-6.213308498263359070e-02,-3.831756068393588066e-03,-1.221869438886642456e-01,3.253405690193176270e-01,-4.961762130260467529e-01,-1.263661980628967285e-01
7.034858465194702148e-01,-1.107383370399475098e+00,8.265896439552307129e-01,-1.996976323425769806e-02,2.373596094548702240e-02,9.342669248580932617e-01,3.552226126194000244e-01,-1.527942568063735962e-01,-9.325151890516281128e-02,1.957110874354839325e-02,3.340002149343490601e-02,-1.386252492666244507e-01,5.173869803547859192e-02,-1.540105938911437988e-01,-1.064392644912004471e-02,-1.471065431833267212e-01,1.769517920911312103e-02,-8.324556797742843628e-02,-5.032056476920843124e-03,-6.356909126043319702e-02,0.000000000000000000e+00,0.000000000000000000e+00,1.356403715908527374e-02,1.097541898488998413e-01,-3.603611290454864502e-01,-4.934978783130645752e-01,-5.741021782159805298e-02,-4.692035261541604996e-03,-1.224962025880813599e-01,3.295999169349670410e-01,-4.963686168193817139e-01,-1.293223798274993896e-01
7.035962343215942383e-01,-1.107638597488403320e+00,8.265582323074340820e-01,-2.016324177384376526e-02,2.371047809720039368e-02,9.341837763786315918e-01,3.554320335388183594e-01,-1.531908363103866577e-01,-9.306034445762634277e-02,2.018495090305805206e-02,3.324021026492118835e-02,-1.388538479804992676e-01,5.198692902922630310e-02,-1.546013951301574707e-01,-1.034379843622446060e-02,-1.460680514574050903e-01,1.724251545965671539e-02,-8.442431688308715820e-02,-5.260941106826066971e-03,-6.413542479276657104e-02,0.000000000000000000e+00,0.000000000000000000e+00,1.310950145125389099e-02,1.079611405730247498e-01,-3.587188720703125000e-01,-4.911792874336242676e-01,-5.704347044229507446e-02,-5.432975478470325470e-03,-1.210697814822196960e-01,3.251324295997619629e-01,-4.973419308662414551e-01,-1.273414641618728638e-01
7.038700580596923828e-01,-1.107652187347412109e+00,8.266296386718750000e-01,-2.011752873659133911e-02,2.358310483396053314e-02,9.342195391654968262e-01,3.553491532802581787e-01,-1.532124727964401245e-01,-9.284198284149169922e-02,1.926685310900211334e-02,3.354412689805030823e-02,-1.379436999559402466e-01,5.177310854196548462e-02,-1.543871164321899414e-01,-1.019629556685686111e-02,-1.471800655126571655e-01,1.656528376042842865e-02,-8.276376128196716309e-02,-5.003621801733970642e-03,-6.396225094795227051e-02,0.000000000000000000e+00,0.000000000000000000e+00,1.178779732435941696e-02,1.076088920235633850e-01,-3.599506914615631104e-01,-4.906943738460540771e-01,-5.524992942810058594e-02,-5.249158944934606552e-03,-1.209795325994491577e-01,3.306372165679931641e-01,-4.974044263362884521e-01,-1.303372532129287720e-01
7.041425108909606934e-01,-1.107969999313354492e+00,8.263325095176696777e-01,-2.053621970117092133e-02,2.362466417253017426e-02,9.341954588890075684e-01,3.553856611251831055e-01,-1.547638475894927979e-01,-9.262841939926147461e-02,1.980673708021640778e-02,3.386466205120086670e-02,-1.375360190868377686e-01,5.139036849141120911e-02,-1.554189324378967285e-01,-1.001832913607358932e-02,-1.467371881008148193e-01,1.627645269036293030e-02,-8.256936073303222656e-02,-4.995513241738080978e-03,-6.444936990737915039e-02,0.000000000000000000e+00,0.000000000000000000e+00,1.124163251370191574e-02,1.054107323288917542e-01,-3.608051836490631104e-01,-4.893393218517303467e-01,-5.591309443116188049e-02,-6.229241844266653061e-03,-1.205298006534576416e-01,3.309869170188903809e-01,-4.980054497718811035e-01,-1.305768340826034546e-01
7.043605446815490723e-01,-1.108125329017639160e+00,8.263909816741943359e-01,-2.075723931193351746e-02,2.352796494960784912e-02,9.341236948966979980e-01,3.555678427219390869e-01,-1.553306430578231812e-01,-9.200372546911239624e-02,2.077933773398399353e-02,3.391730785369873047e-02,-1.368749290704727173e-01,5.141269043087959290e-02,-1.558789312839508057e-01,-9.598867967724800110e-03,-1.469208151102066040e-01,1.578442007303237915e-02,-8.296307921409606934e-02,-6.385987158864736557e-03,-6.434483081102371216e-02,0.000000000000000000e+00,0.000000000000000000e+00,1.107010338455438614e-02,1.029755249619483948e-01,-3.587019443511962891e-01,-4.874264299869537354e-01,-5.332943424582481384e-02,-6.082619540393352509e-03,-1.204779446125030518e-01,3.251949548721313477e-01,-4.996455907821655273e-01,-1.288379728794097900e-01
7.043911814689636230e-01,-1.108181476593017578e+00,8.262597322463989258e-01,-2.101261354982852936e-02,2.376083098351955414e-02,9.341050982475280762e-01,3.555862009525299072e-01,-1.557616591453552246e-01,-9.257571399211883545e-02,2.033078856766223907e-02,3.393373265862464905e-02,-1.368400603532791138e-01,5.116490647196769714e-02,-1.566422283649444580e-01,-9.858770295977592468e-03,-1.462390869855880737e-01,1.594447530806064606e-02,-8.145978301763534546e-02,-4.912450443953275681e-03,-6.431678682565689087e-02,0.000000000000000000e+00,0.000000000000000000e+00,1.039175223559141159e-02,1.013659760355949402e-01,-3.612694144248962402e-01,-4.868797659873962402e-01,-5.592005699872970581e-02,-5.861098412424325943e-03,-1.189393550157546997e-01,3.257457315921783447e-01,-5.008456707000732422e-01,-1.267532557249069214e-01
7.045220732688903809e-01,-1.108312845230102539e+00,8.260864615440368652e-01,-2.140088565647602081e-02,2.351158857345581055e-02,9.340214133262634277e-01,3.557993471622467041e-01,-1.560107320547103882e-01,-9.177629649639129639e-02,2.053008973598480225e-02,3.357851132750511169e-02,-1.363380402326583862e-01,5.074637383222579956e-02,-1.571910679340362549e-01,-9.195370599627494812e-03,-1.469931453466415405e-01,1.553806290030479431e-02,-8.319489657878875732e-02,-5.713393446058034897e-03,-6.357954442501068115e-02,0.000000000000000000e+00,0.000000000000000000e+00,1.097725890576839447e-02,1.013234406709671021e-01,-3.610455393791198730e-01,-4.887377917766571045e-01,-5.487164855003356934e-02,-5.507034249603748322e-03,-1.200945973396301270e-01,3.263263106346130371e-01,-5.020913481712341309e-01,-1.284546107053756714e-01
7.046237587928771973e-01,-1.108313918113708496e+00,8.261488080024719238e-01,-2.149038016796112061e-02,2.394625172019004822e-02,9.338743090629577637e-01,3.561509847640991211e-01,-1.563325077295303345e-01,-9.261575341224670410e-02,1.939986087381839752e-02,3.368025273084640503e-02,-1.355853080749511719e-01,5.192240700125694275e-02,-1.577698141336441040e-01,-9.926402941346168518e-03,-1.458727866411209106e-01,1.609408669173717499e-02,-8.130042999982833862e-02,-4.014662932604551315e-03,-6.368281692266464233e-02,0.000000000000000000e+00,0.000000000000000000e+00,1.178150065243244171e-02,9.925973415374755859e-02,-3.595212996006011963e-01,-4.891974031925201416e-01,-5.515504255890846252e-02,-5.446899682283401489e-03,-1.189571544528007507e-01,3.239387869834899902e-01,-5.017269253730773926e-01,-1.282901465892791748e-01
7.047867178916931152e-01,-1.108335614204406738e+00,8.260536193847656250e-01,-2.181588485836982727e-02,2.406272292137145996e-02,9.339570403099060059e-01,3.559063076972961426e-01,-1.572293490171432495e-01,-9.233863651752471924e-02,2.031268738210201263e-02,3.348392248153686523e-02,-1.361756324768066406e-01,5.183883383870124817e-02,-1.585955023765563965e-01,-9.800928644835948944e-03,-1.463744044303894043e-01,1.596947200596332550e-02,-8.051628619432449341e-02,-4.760036710649728775e-03,-6.425071507692337036e-02,0.000000000000000000e+00,0.000000000000000000e+00,1.252400316298007965e-02,9.822349995374679565e-02,-3.587890565395355225e-01,-4.889592528343200684e-01,-5.271950736641883850e-02,-5.414015613496303558e-03,-1.185569763183593750e-01,3.231584131717681885e-01,-5.004069209098815918e-01,-1.328261941671371460e-01
7.050256729125976562e-01,-1.108408689498901367e+00,8.260973691940307617e-01,-2.183045633137226105e-02,2.395342476665973663e-02,9.339725375175476074e-01,3.558721542358398438e-01,-1.572736352682113647e-01,-9.204462915658950806e-02,2.043646015226840973e-02,3.343530744314193726e-02,-1.363953948020935059e-01,5.098946392536163330e-02,-1.584046632051467896e-01,-9.300347417593002319e-03,-1.462812125682830811e-01,1.536024454981088638e-02,-8.181090652942657471e-02,-5.121219903230667114e-03,-6.469671428203582764e-02,0.000000000000000000e+00,0.000000000000000000e+00,1.313636358827352524e-02,9.620801359415054321e-02,-3.574870526790618896e-01,-4.890880286693572998e-01,-5.047104507684707642e-02,-5.068928003311157227e-03,-1.178593263030052185e-01,3.239233195781707764e-01,-4.993354976177215576e-01,-1.348095089197158813e-01
7.049009799957275391e-01,-1.108406901359558105e+00,8.260577917098999023e-01,-2.206467278301715851e-02,2.380370162427425385e-02,9.341324567794799805e-01,3.554477989673614502e-01,-1.578654944896697998e-01,-9.189876168966293335e-02,1.930734328925609589e-02,3.394474461674690247e-02,-1.357707083225250244e-01,5.156904831528663635e-02,-1.584795862436294556e-01,-9.014682844281196594e-03,-1.449563056230545044e-01,1.509795058518648148e-02,-8.107455074787139893e-02,-4.900661762803792953e-03,-6.490553170442581177e-02,0.000000000000000000e+00,0.000000000000000000e+00,1.426037773489952087e-02,9.568180888891220093e-02,-3.563185036182403564e-01,-4.900921583175659180e-01,-4.890665411949157715e-02,-3.886338323354721069e-03,-1.166018694639205933e-01,3.224686980247497559e-01,-4.988536834716796875e-01,-1.351711153984069824e-01
7.052375078201293945e-01,-1.108347177505493164e+00,8.258714079856872559e-01,-2.222748100757598877e-02,2.397250197827816010e-02,9.340454339981079102e-01,3.556548058986663818e-01,-1.586319506168365479e-01,-9.155545383691787720e-02,1.939655467867851257e-02,3.426862508058547974e-02,-1.352145820856094360e-01,5.124108865857124329e-02,-1.595192849636077881e-01,-8.840366266667842865e-03,-1.457948982715606689e-01,1.534627471119165421e-02,-8.112174272537231445e-02,-4.162802360951900482e-03,-6.480973958969116211e-02,0.000000000000000000e+00,0.000000000000000000e+00,1.511508878320455551e-02,9.519875794649124146e-02,-3.580245673656463623e-01,-4.882952868938446045e-01,-4.882705956697463989e-02,-3.922798205167055130e-03,-1.158383265137672424e-01,3.207430541515350342e-01,-4.972228407859802246e-01,-1.378299891948699951e-01
7.054969668388366699e-01,-1.108405470848083496e+00,8.259979486465454102e-01,-2.213857322931289673e-02,2.387350611388683319e-02,9.338806867599487305e-01,3.560994565486907959e-01,-1.581486165523529053e-01,-9.145600348711013794e-02,1.951823569834232330e-02,3.399385139346122742e-02,-1.356908231973648071e-01,5.053829401731491089e-02,-1.596491634845733643e-01,-8.898489177227020264e-03,-1.476893723011016846e-01,1.532535720616579056e-02,-8.150345087051391602e-02,-4.336956888437271118e-03,-6.468479335308074951e-02,0.000000000000000000e+00,0.000000000000000000e+00,1.553978491574525833e-02,9.490293264389038086e-02,-3.577798902988433838e-01,-4.892290830612182617e-01,-5.098142847418785095e-02,-4.233565647155046463e-03,-1.157938316464424133e-01,3.211291730403900146e-01,-4.964991807937622070e-01,-1.372349113225936890e-01
7.055568099021911621e-01,-1.108427405357360840e+00,8.260803222656250000e-01,-2.198985777795314789e-02,2.400468289852142334e-02,9.341283440589904785e-01,3.554497063159942627e-01,-1.583107858896255493e-01,-9.181543439626693726e-02,2.043461427092552185e-02,3.399751335382461548e-02,-1.366334110498428345e-01,5.087723955512046814e-02,-1.596207767724990845e-01,-9.197619743645191193e-03,-1.465483605861663818e-01,1.546743791550397873e-02,-8.039773255586624146e-02,-3.623111639171838760e-03,-6.530167907476425171e-02,0.000000000000000000e+00,0.000000000000000000e+00,1.578124053776264191e-02,9.490940719842910767e-02,-3.581902980804443359e-01,-4.878579974174499512e-01,-5.120954290032386780e-02,-3.432779805734753609e-03,-1.163628995418548584e-01,3.212780356407165527e-01,-4.955230951309204102e-01,-1.366570144891738892e-01
7.057290673255920410e-01,-1.108438134193420410e+00,8.258876204490661621e-01,-2.174366265535354614e-02,2.388400770723819733e-02,9.339480996131896973e-01,3.559462726116180420e-01,-1.575668603181838989e-01,-9.141783416271209717e-02,2.077100612223148346e-02,3.385716676712036133e-02,-1.356734633445739746e-01,5.186976864933967590e-02,-1.593883484601974487e-01,-8.881425485014915466e-03,-1.452860981225967407e-01,1.561807002872228622e-02,-8.084681630134582520e-02,-5.083677358925342560e-03,-6.518703699111938477e-02,0.000000000000000000e+00,0.000000000000000000e+00,1.617194898426532745e-02,9.571751952171325684e-02,-3.568763434886932373e-01,-4.880541861057281494e-01,-5.007688701152801514e-02,-3.365097334608435631e-03,-1.158655434846878052e-01,3.204042017459869385e-01,-4.970081150531768799e-01,-1.394568830728530884e-01
7.058104276657104492e-01,-1.108387589454650879e+00,8.258621692657470703e-01,-2.148823998868465424e-02,2.371176704764366150e-02,9.338327646255493164e-01,3.562757074832916260e-01,-1.571752279996871948e-01,-9.096176922321319580e-02,2.109949290752410889e-02,3.394586965441703796e-02,-1.361369490623474121e-01,5.114809051156044006e-02,-1.589374840259552002e-01,-8.441872894763946533e-03,-1.452890336513519287e-01,1.560605037957429886e-02,-8.093538135290145874e-02,-3.877519397065043449e-03,-6.576640903949737549e-02,0.000000000000000000e+00,0.000000000000000000e+00,1.656544767320156097e-02,9.826344251632690430e-02,-3.569338023662567139e-01,-4.878804683685302734e-01,-5.353945866227149963e-02,-4.160437267273664474e-03,-1.169274896383285522e-01,3.207250237464904785e-01,-4.970197379589080811e-01,-1.374226063489913940e-01
7.060102820396423340e-01,-1.108343839645385742e+00,8.257398009300231934e-01,-2.156287059187889099e-02,2.387863583862781525e-02,9.338616728782653809e-01,3.561843037605285645e-01,-1.575277000665664673e-01,-9.122028201818466187e-02,2.109801582992076874e-02,3.405984118580818176e-02,-1.349590718746185303e-01,5.061620101332664490e-02,-1.594174802303314209e-01,-8.564271032810211182e-03,-1.446019560098648071e-01,1.590255834162235260e-02,-7.973038405179977417e-02,-3.092309692874550819e-03,-6.550638377666473389e-02,0.000000000000000000e+00,0.000000000000000000e+00,1.585829071700572968e-02,9.810993820428848267e-02,-3.552462458610534668e-01,-4.877569377422332764e-01,-5.231320485472679138e-02,-5.132357589900493622e-03,-1.171145290136337280e-01,3.212572634220123291e-01,-4.964770078659057617e-01,-1.342952251434326172e-01
7.062624096870422363e-01,-1.108374238014221191e+00,8.259177803993225098e-01,-2.135798521339893341e-02,2.378097362816333771e-02,9.337028264999389648e-01,3.566192984580993652e-01,-1.567451655864715576e-01,-9.082055836915969849e-02,2.163143642246723175e-02,3.369045257568359375e-02,-1.361738741397857666e-01,4.982058331370353699e-02,-1.589613407850265503e-01,-8.223865181207656860e-03,-1.447006762027740479e-01,1.537348050624132156e-02,-8.083932846784591675e-02,-2.916241995990276337e-03,-6.600424647331237793e-02,0.000000000000000000e+00,0.000000000000000000e+00,1.649730652570724487e-02,9.956766664981842041e-02,-3.550369143486022949e-01,-4.889950752258300781e-01,-5.409795418381690979e-02,-6.178854964673519135e-03,-1.170507445931434631e-01,3.221355378627777100e-01,-4.964607357978820801e-01,-1.340997666120529175e-01
7.064969539642333984e-01,-1.108322143554687500e+00,8.258000612258911133e-01,-2.111389301717281342e-02,2.383258379995822906e-02,9.336893558502197266e-01,3.566657304763793945e-01,-1.566219180822372437e-01,-9.086499363183975220e-02,2.119151316583156586e-02,3.396973758935928345e-02,-1.366592198610305786e-01,5.014985054731369019e-02,-1.589482575654983521e-01,-8.169049397110939026e-03,-1.446061283349990845e-01,1.576401852071285248e-02,-8.024933189153671265e-02,-2.748123370110988617e-03,-6.683843582868576050e-02,0.000000000000000000e+00,0.000000000000000000e+00,1.672034338116645813e-02,1.003081202507019043e-01,-3.550431728363037109e-01,-4.885861277580261230e-01,-5.352723225951194763e-02,-6.584150716662406921e-03,-1.174409762024879456e-01,3.237491250038146973e-01,-4.959761798381805420e-01,-1.347227096557617188e-01
7.068690061569213867e-01,-1.108520030975341797e+00,8.259307742118835449e-01,-2.113878168165683746e-02,2.388753369450569153e-02,9.337481856346130371e-01,3.565064370632171631e-01,-1.576542854309082031e-01,-9.058741480112075806e-02,2.233955264091491699e-02,3.470000997185707092e-02,-1.373177617788314819e-01,5.089420825242996216e-02,-1.595465242862701416e-01,-8.305910974740982056e-03,-1.445922553539276123e-01,1.602996140718460083e-02,-8.075274527072906494e-02,-2.846714574843645096e-03,-6.694646179676055908e-02,0.000000000000000000e+00,0.000000000000000000e+00,1.564428210258483887e-02,1.012770682573318481e-01,-3.559525012969970703e-01,-4.884778261184692383e-01,-5.299737304449081421e-02,-7.347341626882553101e-03,-1.191259771585464478e-01,3.228114843368530273e-01,-4.953495264053344727e-01,-1.320048868656158447e-01
7.068428993225097656e-01,-1.108384370803833008e+00,8.259812593460083008e-01,-2.085844613611698151e-02,2.365507744252681732e-02,9.336348176002502441e-01,3.568352162837982178e-01,-1.569524854421615601e-01,-8.910146355628967285e-02,2.782680094242095947e-02,3.545242920517921448e-02,-1.389761716127395630e-01,5.176153033971786499e-02,-1.585573554039001465e-01,-8.315748535096645355e-03,-1.468181312084197998e-01,1.562568172812461853e-02,-8.235669881105422974e-02,-8.790986030362546444e-04,-6.650607287883758545e-02,0.000000000000000000e+00,0.000000000000000000e+00,1.492357160896062851e-02,1.016437560319900513e-01,-3.556268215179443359e-01,-4.887427985668182373e-01,-5.258191004395484924e-02,-8.019927889108657837e-03,-1.204500198364257812e-01,3.213938772678375244e-01,-4.939918816089630127e-01,-1.296812146902084351e-01
7.066469788551330566e-01,-1.108325004577636719e+00,8.262442946434020996e-01,-2.061719074845314026e-02,2.350736223161220551e-02,9.334594011306762695e-01,3.573175370693206787e-01,-1.568030565977096558e-01,-8.844476938247680664e-02,3.173916414380073547e-02,3.648219257593154907e-02,-1.393375396728515625e-01,5.016328394412994385e-02,-1.592757552862167358e-01,-9.000385180115699768e-03,-1.472628861665725708e-01,1.764764636754989624e-02,-8.408457040786743164e-02,-1.778641366399824619e-03,-6.474991142749786377e-02,0.000000000000000000e+00,0.000000000000000000e+00,1.361953560262918472e-02,1.003058180212974548e-01,-3.543873727321624756e-01,-4.881702959537506104e-01,-5.161246657371520996e-02,-7.516070269048213959e-03,-1.194817051291465759e-01,3.216459453105926514e-01,-4.935187101364135742e-01,-1.304129362106323242e-01
7.065678238868713379e-01,-1.108581542968750000e+00,8.267622590065002441e-01,-2.012812346220016479e-02,2.353050559759140015e-02,9.334378838539123535e-01,3.574001491069793701e-01,-1.569678783416748047e-01,-8.849243074655532837e-02,3.361106291413307190e-02,3.900145739316940308e-02,-1.428788155317306519e-01,5.049763619899749756e-02,-1.620510518550872803e-01,-1.036953553557395935e-02,-1.493335366249084473e-01,2.292326465249061584e-02,-8.825489878654479980e-02,-4.393817391246557236e-03,-6.433453410863876343e-02,0.000000000000000000e+00,0.000000000000000000e+00,1.223900914192199707e-02,9.855659306049346924e-02,-3.531208038330078125e-01,-4.864208102226257324e-01,-5.327848345041275024e-02,-7.655601948499679565e-03,-1.205399259924888611e-01,3.204558789730072021e-01,-4.911985993385314941e-01,-1.291961371898651123e-01
7.055824995040893555e-01,-1.108453392982482910e+00,8.270255327224731445e-01,-1.918462291359901428e-02,2.377593331038951874e-02,9.339268803596496582e-01,3.561561703681945801e-01,-1.568514257669448853e-01,-9.007409214973449707e-02,3.251354768872261047e-02,4.277158901095390320e-02,-1.478950083255767822e-01,5.228610336780548096e-02,-1.626208871603012085e-01,-1.245604828000068665e-02,-1.486962735652923584e-01,2.663343958556652069e-02,-9.029863774776458740e-02,-9.482188150286674500e-03,-6.649677455425262451e-02,0.000000000000000000e+00,0.000000000000000000e+00,1.313855126500129700e-02,9.709366410970687866e-02,-3.526015579700469971e-01,-4.866804182529449463e-01,-5.359496548771858215e-02,-6.487320642918348312e-03,-1.209850087761878967e-01,3.198018968105316162e-01,-4.904343485832214355e-01,-1.292642802000045776e-01
7.044574022293090820e-01,-1.107937455177307129e+00,8.272648453712463379e-01,-1.836832612752914429e-02,2.409438043832778931e-02,9.342699050903320312e-01,3.552771508693695068e-01,-1.568057239055633545e-01,-9.205311536788940430e-02,3.130437061190605164e-02,4.732424393296241760e-02,-1.498765647411346436e-01,5.350350961089134216e-02,-1.601904630661010742e-01,-1.393665838986635208e-02,-1.465333253145217896e-01,2.885876409709453583e-02,-9.027672559022903442e-02,-9.790759533643722534e-03,-6.847634166479110718e-02,0.000000000000000000e+00,0.000000000000000000e+00,1.443157717585563660e-02,9.513701498508453369e-02,-3.529468178749084473e-01,-4.869305491447448730e-01,-5.509232357144355774e-02,-4.394978284835815430e-03,-1.204693019390106201e-01,3.171529471874237061e-01,-4.920857250690460205e-01,-1.322924494743347168e-01
7.040283083915710449e-01,-1.107223153114318848e+00,8.274049162864685059e-01,-1.805735751986503601e-02,2.383172698318958282e-02,9.342481493949890137e-01,3.553679883480072021e-01,-1.565102636814117432e-01,-9.154163300991058350e-02,3.072757273912429810e-02,5.017280578613281250e-02,-1.508606076240539551e-01,5.753206461668014526e-02,-1.600660234689712524e-01,-1.404350902885198593e-02,-1.482838094234466553e-01,3.148205950856208801e-02,-9.245451539754867554e-02,-1.295967679470777512e-02,-6.730218976736068726e-02,0.000000000000000000e+00,0.000000000000000000e+00,1.682570390403270721e-02,9.419144690036773682e-02,-3.505058586597442627e-01,-4.884888529777526855e-01,-5.416381359100341797e-02,-1.666902564465999603e-03,-1.202288046479225159e-01,3.160609304904937744e-01,-4.932681918144226074e-01,-1.326981335878372192e-01
7.026679515838623047e-01,-1.106468677520751953e+00,8.271697163581848145e-01,-1.764145493507385254e-02,2.348861843347549438e-02,9.344541430473327637e-01,3.548697233200073242e-01,-1.553820222616195679e-01,-9.183255583047866821e-02,2.955999970436096191e-02,5.268056690692901611e-02,-1.487872749567031860e-01,5.883061140775680542e-02,-1.579274386167526245e-01,-1.382856070995330811e-02,-1.485028713941574097e-01,3.225190192461013794e-02,-9.245461970567703247e-02,-1.370756793767213821e-02,-6.618321686983108521e-02,0.000000000000000000e+00,0.000000000000000000e+00,1.809209957718849182e-02,9.321048110723495483e-02,-3.493044972419738770e-01,-4.872015416622161865e-01,-5.548109486699104309e-02,1.115124323405325413e-03,-1.195442453026771545e-01,3.139032125473022461e-01,-4.951902925968170166e-01,-1.299742013216018677e-01
7.012838125228881836e-01,-1.105306029319763184e+00,8.269218206405639648e-01,-1.714638061821460724e-02,2.304766885936260223e-02,9.342922568321228027e-01,3.553488254547119141e-01,-1.528900116682052612e-01,-9.157715737819671631e-02,2.866801433265209198e-02,5.373894423246383667e-02,-1.475114524364471436e-01,5.948947370052337646e-02,-1.549469828605651855e-01,-1.323265209794044495e-02,-1.461492478847503662e-01,3.317958489060401917e-02,-9.252665936946868896e-02,-1.449406147003173828e-02,-6.367897242307662964e-02,0.000000000000000000e+00,0.000000000000000000e+00,2.021294832229614258e-02,9.431955218315124512e-02,-3.519010543823242188e-01,-4.866679906845092773e-01,-5.875289440155029297e-02,3.772994969040155411e-03,-1.212340593338012695e-01,3.117548823356628418e-01,-4.945470690727233887e-01,-1.257617324590682983e-01
6.997503042221069336e-01,-1.104054212570190430e+00,8.265996575355529785e-01,-1.691886782646179199e-02,2.302724123001098633e-02,9.342228174209594727e-01,3.555435240268707275e-01,-1.497899442911148071e-01,-9.157083928585052490e-02,2.934322319924831390e-02,5.289981886744499207e-02,-1.492767482995986938e-01,5.936191603541374207e-02,-1.532285511493682861e-01,-1.358314417302608490e-02,-1.479341834783554077e-01,3.366330265998840332e-02,-9.502057731151580811e-02,-1.564403995871543884e-02,-6.237735971808433533e-02,0.000000000000000000e+00,0.000000000000000000e+00,2.270853146910667419e-02,9.171929955482482910e-02,-3.472823202610015869e-01,-4.847751855850219727e-01,-5.258834362030029297e-02,4.300781991332769394e-03,-1.196391955018043518e-01,3.109037280082702637e-01,-4.933691024780273438e-01,-1.275820732116699219e-01
6.979981660842895508e-01,-1.102697610855102539e+00,8.267481923103332520e-01,-1.648165099322795868e-02,2.286915108561515808e-02,9.341946840286254883e-01,3.556482791900634766e-01,-1.464796960353851318e-01,-9.197727590799331665e-02,2.774716168642044067e-02,5.226334929466247559e-02,-1.512120962142944336e-01,5.924738198518753052e-02,-1.490060389041900635e-01,-1.329276431351900101e-02,-1.464050263166427612e-01,3.433082252740859985e-02,-9.693923592567443848e-02,-1.530016027390956879e-02,-6.270912289619445801e-02,0.000000000000000000e+00,0.000000000000000000e+00,2.606880106031894684e-02,9.368887543678283691e-02,-3.506451249122619629e-01,-4.842417240142822266e-01,-5.528758466243743896e-02,3.605231409892439842e-03,-1.187016442418098450e-01,3.102721273899078369e-01,-4.926851987838745117e-01,-1.317987293004989624e-01
6.964501738548278809e-01,-1.101552486419677734e+00,8.267679214477539062e-01,-1.663928478956222534e-02,2.298702113330364227e-02,9.343727231025695801e-01,3.551652133464813232e-01,-1.447507590055465698e-01,-9.216356277465820312e-02,2.872577868402004242e-02,5.215664952993392944e-02,-1.530397832393646240e-01,5.730260163545608521e-02,-1.463491469621658325e-01,-1.397215668112039566e-02,-1.479553878307342529e-01,3.383542224764823914e-02,-9.823016077280044556e-02,-1.476097106933593750e-02,-6.423542648553848267e-02,0.000000000000000000e+00,0.000000000000000000e+00,2.896420843899250031e-02,9.495034068822860718e-02,-3.484699428081512451e-01,-4.844481647014617920e-01,-5.592321977019309998e-02,2.682288875803351402e-03,-1.202344894409179688e-01,3.113624751567840576e-01,-4.912990629673004150e-01,-1.251452267169952393e-01
6.943300366401672363e-01,-1.099936962127685547e+00,8.265664577484130859e-01,-1.713587902486324310e-02,2.267438359558582306e-02,9.344661235809326172e-01,3.549158573150634766e-01,-1.419022083282470703e-01,-9.125631302595138550e-02,2.643592841923236847e-02,5.110383778810501099e-02,-1.532462835311889648e-01,5.785021185874938965e-02,-1.430843770503997803e-01,-1.275510713458061218e-02,-1.492781192064285278e-01,3.207390755414962769e-02,-1.020848155021667480e-01,-1.274191308766603470e-02,-6.514621526002883911e-02,0.000000000000000000e+00,0.000000000000000000e+00,2.958160638809204102e-02,9.590014070272445679e-02,-3.492334485054016113e-01,-4.822777807712554932e-01,-5.605247989296913147e-02,1.621469040401279926e-03,-1.192958354949951172e-01,3.104466795921325684e-01,-4.925038218498229980e-01,-1.329277753829956055e-01
6.925389766693115234e-01,-1.098534464836120605e+00,8.267362713813781738e-01,-1.899120025336742401e-02,2.407467551529407501e-02,9.345111846923828125e-01,3.546105027198791504e-01,-1.424985826015472412e-01,-9.235317260026931763e-02,2.743322588503360748e-02,4.998292028903961182e-02,-1.585699915885925293e-01,5.858191475272178650e-02,-1.444217413663864136e-01,-1.479239389300346375e-02,-1.489926129579544067e-01,3.295247629284858704e-02,-1.046850010752677917e-01,-1.591884531080722809e-02,-6.439490616321563721e-02,0.000000000000000000e+00,0.000000000000000000e+00,2.945214323699474335e-02,9.618949145078659058e-02,-3.499962687492370605e-01,-4.829658567905426025e-01,-6.474268436431884766e-02,4.918347694911062717e-04,-1.196672096848487854e-01,3.095901012420654297e-01,-4.965512156486511230e-01,-1.289632469415664673e-01
6.910952329635620117e-01,-1.096964120864868164e+00,8.266572356224060059e-01,-2.075529098510742188e-02,2.474363707005977631e-02,9.346364736557006836e-01,3.541350662708282471e-01,-1.448201835155487061e-01,-9.176647663116455078e-02,2.703929133713245392e-02,5.141633749008178711e-02,-1.630618423223495483e-01,5.828220024704933167e-02,-1.464355140924453735e-01,-1.452497858554124832e-02,-1.496399343013763428e-01,3.404054418206214905e-02,-1.084778755903244019e-01,-1.527956593781709671e-02,-6.698895990848541260e-02,0.000000000000000000e+00,0.000000000000000000e+00,2.900410071015357971e-02,9.740255028009414673e-02,-3.448241055011749268e-01,-4.837038218975067139e-01,-6.146002560853958130e-02,-3.049609484151005745e-03,-1.204646751284599304e-01,3.087186515331268311e-01,-4.956844449043273926e-01,-1.235468909144401550e-01
6.895344853401184082e-01,-1.095727086067199707e+00,8.267091512680053711e-01,-2.457998692989349365e-02,2.644408494234085083e-02,9.346113801002502441e-01,3.538333773612976074e-01,-1.504198163747787476e-01,-9.276801347732543945e-02,2.539584599435329437e-02,5.143995583057403564e-02,-1.659985184669494629e-01,5.929715186357498169e-02,-1.530531197786331177e-01,-1.511471904814243317e-02,-1.481218636035919189e-01,3.624125570058822632e-02,-1.099270656704902649e-01,-1.590004377067089081e-02,-6.719263643026351929e-02,0.000000000000000000e+00,0.000000000000000000e+00,2.742075547575950623e-02,9.872183203697204590e-02,-3.473761975765228271e-01,-4.874711930751800537e-01,-6.065230444073677063e-02,-5.354285240173339844e-03,-1.204713657498359680e-01,3.087152242660522461e-01,-4.977492690086364746e-01,-1.266323924064636230e-01
6.885335445404052734e-01,-1.094570636749267578e+00,8.270806074142456055e-01,-3.010435402393341064e-02,2.842304296791553497e-02,9.342713952064514160e-01,3.541508316993713379e-01,-1.609499007463455200e-01,-9.240689873695373535e-02,2.610610052943229675e-02,5.362853407859802246e-02,-1.678134649991989136e-01,6.452591717243194580e-02,-1.635022014379501343e-01,-1.513225398957729340e-02,-1.470427513122558594e-01,3.862379118800163269e-02,-1.142114624381065369e-01,-2.016668953001499176e-02,-6.656037271022796631e-02,0.000000000000000000e+00,0.000000000000000000e+00,2.474758028984069824e-02,1.013511940836906433e-01,-3.474779129028320312e-01,-4.932916760444641113e-01,-5.756318196654319763e-02,-8.045727387070655823e-03,-1.228234991431236267e-01,3.109983801841735840e-01,-5.030778646469116211e-01,-1.243305653333663940e-01
6.876771450042724609e-01,-1.094460964202880859e+00,8.274827003479003906e-01,-3.791257366538047791e-02,3.190625458955764771e-02,9.335230588912963867e-01,3.550765812397003174e-01,-1.760385930538177490e-01,-9.353182464838027954e-02,2.882723324000835419e-02,5.580981820821762085e-02,-1.719897389411926270e-01,6.874826550483703613e-02,-1.834038347005844116e-01,-1.674999482929706573e-02,-1.444853991270065308e-01,4.597080498933792114e-02,-1.177818402647972107e-01,-2.291746437549591064e-02,-6.561689078807830811e-02,0.000000000000000000e+00,0.000000000000000000e+00,1.960959471762180328e-02,1.025508195161819458e-01,-3.469898700714111328e-01,-4.999910593032836914e-01,-5.946825817227363586e-02,-1.243293657898902893e-02,-1.245018392801284790e-01,3.126567602157592773e-01,-5.146059393882751465e-01,-1.213863193988800049e-01
6.872916221618652344e-01,-1.094575405120849609e+00,8.281421661376953125e-01,-4.812930896878242493e-02,3.655751794576644897e-02,9.328616857528686523e-01,3.551283776760101318e-01,-1.987643539905548096e-01,-9.595661610364913940e-02,2.718392014503479004e-02,6.065104529261589050e-02,-1.748749315738677979e-01,7.375131547451019287e-02,-2.102190107107162476e-01,-1.958536542952060699e-02,-1.416055113077163696e-01,5.521183460950851440e-02,-1.200052127242088318e-01,-2.999969199299812317e-02,-6.653320789337158203e-02,0.000000000000000000e+00,0.000000000000000000e+00,1.357881166040897369e-02,1.043402552604675293e-01,-3.447726070880889893e-01,-5.113807916641235352e-01,-5.320072174072265625e-02,-1.637369580566883087e-02,-1.281394064426422119e-01,3.127866983413696289e-01,-5.292198061943054199e-01,-1.199427619576454163e-01
6.870508790016174316e-01,-1.094747662544250488e+00,8.288013935089111328e-01,-6.058919057250022888e-02,4.223521798849105835e-02,9.318300485610961914e-01,3.552997112274169922e-01,-2.261125296354293823e-01,-9.801877290010452271e-02,2.937044203281402588e-02,6.448472291231155396e-02,-1.815207153558731079e-01,8.083167672157287598e-02,-2.458058893680572510e-01,-2.312051691114902496e-02,-1.383693367242813110e-01,7.173943519592285156e-02,-1.251496374607086182e-01,-3.715949133038520813e-02,-6.883159279823303223e-02,0.000000000000000000e+00,0.000000000000000000e+00,8.688849397003650665e-03,1.052513867616653442e-01,-3.426121473312377930e-01,-5.263378024101257324e-01,-4.374982416629791260e-02,-2.039499767124652863e-02,-1.309522837400436401e-01,3.117322623729705811e-01,-5.471246838569641113e-01,-1.192047968506813049e-01
6.865805387496948242e-01,-1.095002651214599609e+00,8.294711709022521973e-01,-7.494772225618362427e-02,4.845632985234260559e-02,9.302045702934265137e-01,3.560256958007812500e-01,-2.562812864780426025e-01,-9.903214871883392334e-02,3.513107821345329285e-02,6.951578706502914429e-02,-1.915776431560516357e-01,8.560517430305480957e-02,-2.872021794319152832e-01,-2.654557488858699799e-02,-1.362109482288360596e-01,9.267609566450119019e-02,-1.351527422666549683e-01,-4.302767291665077209e-02,-6.951046735048294067e-02,0.000000000000000000e+00,0.000000000000000000e+00,4.447465296834707260e-03,1.119127571582794189e-01,-3.487736582756042480e-01,-5.464965701103210449e-01,-4.888253286480903625e-02,-2.462455257773399353e-02,-1.357710361480712891e-01,3.134591877460479736e-01,-5.695365667343139648e-01,-1.172649934887886047e-01
6.858975887298583984e-01,-1.095417261123657227e+00,8.300256729125976562e-01,-9.098778665065765381e-02,5.621977522969245911e-02,9.288046360015869141e-01,3.547992408275604248e-01,-2.924228310585021973e-01,-1.026236787438392639e-01,3.788089379668235779e-02,7.646062970161437988e-02,-2.045355886220932007e-01,9.107835590839385986e-02,-3.313385844230651855e-01,-3.322183713316917419e-02,-1.345917135477066040e-01,1.128152385354042053e-01,-1.412453204393386841e-01,-4.992457851767539978e-02,-7.507886737585067749e-02,0.000000000000000000e+00,0.000000000000000000e+00,2.018111059442162514e-03,1.151020303368568420e-01,-3.473131060600280762e-01,-5.685923099517822266e-01,-4.283442348241806030e-02,-2.885268442332744598e-02,-1.382651627063751221e-01,3.062634766101837158e-01,-5.930239558219909668e-01,-1.173839345574378967e-01
6.848815679550170898e-01,-1.095846891403198242e+00,8.298565149307250977e-01,-1.088235303759574890e-01,6.539403647184371948e-02,9.264895319938659668e-01,3.542573153972625732e-01,-3.374977707862854004e-01,-1.045646443963050842e-01,5.012005195021629333e-02,9.428653866052627563e-02,-2.216270864009857178e-01,9.660867601633071899e-02,-3.780437409877777100e-01,-4.099968448281288147e-02,-1.321766227483749390e-01,1.308509111404418945e-01,-1.524491906166076660e-01,-5.497669801115989685e-02,-7.800514996051788330e-02,0.000000000000000000e+00,0.000000000000000000e+00,-1.489743008278310299e-03,1.159906610846519470e-01,-3.477427959442138672e-01,-5.965992212295532227e-01,-3.598964214324951172e-02,-3.042662702500820160e-02,-1.435096859931945801e-01,3.033871650695800781e-01,-6.242235898971557617e-01,-1.168083921074867249e-01
6.836392283439636230e-01,-1.097263932228088379e+00,8.309016227722167969e-01,-1.287631243467330933e-01,7.710604369640350342e-02,9.238514900207519531e-01,3.520982265472412109e-01,-3.982654809951782227e-01,-1.089692711830139160e-01,6.949766725301742554e-02,1.314620375633239746e-01,-2.550445795059204102e-01,9.692633897066116333e-02,-4.340286850929260254e-01,-5.374943464994430542e-02,-1.281248927116394043e-01,1.576268076896667480e-01,-1.760637462139129639e-01,-5.584211274981498718e-02,-7.870357483625411987e-02,0.000000000000000000e+00,0.000000000000000000e+00,-2.218321338295936584e-02,1.222397610545158386e-01,-3.760666549205780029e-01,-6.154053211212158203e-01,-1.726551353931427002e-02,-3.619255870580673218e-02,-1.594584882259368896e-01,3.033280670642852783e-01,-6.576118469238281250e-01,-1.511032730340957642e-01
6.822721362113952637e-01,-1.098194479942321777e+00,8.312134742736816406e-01,-1.485983729362487793e-01,8.762703090906143188e-02,9.208329319953918457e-01,3.497237861156463623e-01,-4.629766941070556641e-01,-1.108945831656455994e-01,9.257309138774871826e-02,1.792546659708023071e-01,-2.782177925109863281e-01,9.767937660217285156e-02,-4.838694632053375244e-01,-6.694861501455307007e-02,-1.300586462020874023e-01,1.775117665529251099e-01,-1.947359442710876465e-01,-5.907236039638519287e-02,-7.603309303522109985e-02,0.000000000000000000e+00,0.000000000000000000e+00,-4.125437512993812561e-02,1.284853368997573853e-01,-4.077950119972229004e-01,-6.382840871810913086e-01,1.706378906965255737e-02,-3.048439323902130127e-02,-1.795008629560470581e-01,3.116767108440399170e-01,-6.970086097717285156e-01,-1.838983148336410522e-01
6.796770691871643066e-01,-1.097012042999267578e+00,8.291941285133361816e-01,-1.672550141811370850e-01,9.655524045228958130e-02,9.171904921531677246e-01,3.485175669193267822e-01,-5.196959972381591797e-01,-1.105264425277709961e-01,1.079933792352676392e-01,2.216435819864273071e-01,-2.936207056045532227e-01,1.045075431466102600e-01,-5.292766690254211426e-01,-7.585790753364562988e-02,-1.302613914012908936e-01,1.967773735523223877e-01,-2.072199434041976929e-01,-5.689812824130058289e-02,-7.232395559549331665e-02,0.000000000000000000e+00,0.000000000000000000e+00,-4.487917572259902954e-02,1.282375752925872803e-01,-4.078839421272277832e-01,-6.652801632881164551e-01,2.182341180741786957e-02,-1.825774274766445160e-02,-1.939522922039031982e-01,3.088883459568023682e-01,-7.292053699493408203e-01,-1.867993772029876709e-01
6.750382184982299805e-01,-1.095345854759216309e+00,8.261625766754150391e-01,-1.845558136701583862e-01,1.019210070371627808e-01,9.125319123268127441e-01,3.504807949066162109e-01,-5.662966966629028320e-01,-1.118887215852737427e-01,1.001617014408111572e-01,2.556197345256805420e-01,-3.065318763256072998e-01,1.122035980224609375e-01,-5.743185281753540039e-01,-7.697745412588119507e-02,-1.221109777688980103e-01,2.243966311216354370e-01,-2.233039587736129761e-01,-5.458241701126098633e-02,-6.729333847761154175e-02,0.000000000000000000e+00,0.000000000000000000e+00,-3.852868452668190002e-02,1.289597004652023315e-01,-3.992483615875244141e-01,-7.023400068283081055e-01,3.145567327737808228e-02,-4.442515317350625992e-03,-2.063826769590377808e-01,3.105426728725433350e-01,-7.582861781120300293e-01,-1.938939541578292847e-01
6.678053736686706543e-01,-1.091634273529052734e+00,8.220101594924926758e-01,-1.987540274858474731e-01,1.046390756964683533e-01,9.079640507698059082e-01,3.537638187408447266e-01,-6.026217937469482422e-01,-1.148239970207214355e-01,7.690683752298355103e-02,2.903024256229400635e-01,-3.236212134361267090e-01,1.192849352955818176e-01,-6.164218783378601074e-01,-7.528194040060043335e-02,-1.138576939702033997e-01,2.668026983737945557e-01,-2.448211759328842163e-01,-5.241345241665840149e-02,-6.695604324340820312e-02,0.000000000000000000e+00,0.000000000000000000e+00,-2.442285045981407166e-02,1.311022937297821045e-01,-3.866870403289794922e-01,-7.469310164451599121e-01,4.653109237551689148e-02,5.662882234901189804e-03,-2.151190936565399170e-01,3.186738789081573486e-01,-7.732055187225341797e-01,-1.946772187948226929e-01
6.573874950408935547e-01,-1.086014151573181152e+00,8.171311020851135254e-01,-2.062651515007019043e-01,1.068301573395729065e-01,9.045816659927368164e-01,3.574549555778503418e-01,-6.221230626106262207e-01,-1.205815002322196960e-01,6.183603033423423767e-02,3.227649629116058350e-01,-3.461848795413970947e-01,1.353612989187240601e-01,-6.497926115989685059e-01,-7.935960590839385986e-02,-1.074252501130104065e-01,3.247609436511993408e-01,-2.635177969932556152e-01,-5.673469230532646179e-02,-7.409121841192245483e-02,0.000000000000000000e+00,0.000000000000000000e+00,-3.571351757273077965e-03,1.281476020812988281e-01,-3.707497417926788330e-01,-7.997108101844787598e-01,4.686098173260688782e-02,1.956092379987239838e-02,-2.230690270662307739e-01,3.241516649723052979e-01,-7.701287269592285156e-01,-1.871157139539718628e-01
6.443736553192138672e-01,-1.077821373939514160e+00,8.118120431900024414e-01,-2.076946943998336792e-01,1.096568405628204346e-01,9.048600792884826660e-01,3.550584316253662109e-01,-6.291768550872802734e-01,-1.336891800165176392e-01,4.788364097476005554e-02,3.580515384674072266e-01,-3.689764142036437988e-01,1.453890055418014526e-01,-6.721262335777282715e-01,-9.210295975208282471e-02,-9.941490739583969116e-02,3.967796266078948975e-01,-2.389637380838394165e-01,-5.478029698133468628e-02,-9.387420117855072021e-02,0.000000000000000000e+00,0.000000000000000000e+00,8.892174810171127319e-03,1.287405937910079956e-01,-3.746376633644104004e-01,-8.697135448455810547e-01,4.202185198664665222e-02,5.084157735109329224e-02,-2.286582142114639282e-01,3.087277412414550781e-01,-7.742756605148315430e-01,-1.841066032648086548e-01
6.299373507499694824e-01,-1.067437171936035156e+00,8.072664737701416016e-01,-2.068868577480316162e-01,1.125508844852447510e-01,9.075292944908142090e-01,3.477366268634796143e-01,-6.217690110206604004e-01,-1.511393785476684570e-01,3.014833666384220123e-02,3.772474229335784912e-01,-3.936206400394439697e-01,1.538146585226058960e-01,-6.989264488220214844e-01,-1.122712865471839905e-01,-9.888290613889694214e-02,4.901027381420135498e-01,-1.364442259073257446e-01,-3.714267909526824951e-02,-1.236264705657958984e-01,0.000000000000000000e+00,0.000000000000000000e+00,3.051363164559006691e-03,1.385254561901092529e-01,-3.720537424087524414e-01,-9.452169537544250488e-01,2.951344847679138184e-02,9.203507006168365479e-02,-2.335905879735946655e-01,2.820420265197753906e-01,-7.743853926658630371e-01,-2.262825816869735718e-01
6.124486327171325684e-01,-1.054332137107849121e+00,8.071449995040893555e-01,-2.053120881319046021e-01,1.088274791836738586e-01,9.103392362594604492e-01,3.424703776836395264e-01,-5.836606621742248535e-01,-1.541571170091629028e-01,1.250045653432607651e-02,3.623760938644409180e-01,-4.080502092838287354e-01,1.579934358596801758e-01,-7.308174967765808105e-01,-1.229483112692832947e-01,-1.140848696231842041e-01,5.859682559967041016e-01,-2.057646773755550385e-02,-4.313400760293006897e-02,-1.518509536981582642e-01,0.000000000000000000e+00,0.000000000000000000e+00,-1.282112579792737961e-02,1.548724621534347534e-01,-3.623028993606567383e-01,-1.018160820007324219e+00,9.408479556441307068e-03,1.407958716154098511e-01,-2.187680304050445557e-01,2.640960514545440674e-01,-7.662494182586669922e-01,-2.399683743715286255e-01
5.923063755035400391e-01,-1.037106513977050781e+00,8.131943345069885254e-01,-2.060445249080657959e-01,9.894553571939468384e-02,9.148475527763366699e-01,3.328804969787597656e-01,-5.188437104225158691e-01,-1.397245973348617554e-01,-8.281593210995197296e-03,3.087973594665527344e-01,-4.103164374828338623e-01,1.469247937202453613e-01,-7.754011154174804688e-01,-1.021532639861106873e-01,-1.127464696764945984e-01,6.466721296310424805e-01,-2.457293123006820679e-02,-3.352896869182586670e-02,-1.854995340108871460e-01,0.000000000000000000e+00,0.000000000000000000e+00,-3.356340900063514709e-02,1.673446893692016602e-01,-3.774111568927764893e-01,-1.068967700004577637e+00,9.994135238230228424e-03,1.929577589035034180e-01,-1.746120303869247437e-01,2.555841505527496338e-01,-7.355226278305053711e-01,-2.836362123489379883e-01
5.705844163894653320e-01,-1.017767310142517090e+00,8.218402862548828125e-01,-2.063696533441543579e-01,9.137804806232452393e-02,9.181945919990539551e-01,3.255462348461151123e-01,-4.393953680992126465e-01,-1.273175776004791260e-01,-3.136413916945457458e-02,2.305379807949066162e-01,-4.027326107025146484e-01,1.291859149932861328e-01,-8.137841820716857910e-01,-8.177454769611358643e-02,-1.197972297668457031e-01,6.330972909927368164e-01,-2.543922699987888336e-02,-1.577170379459857941e-02,-2.176329344511032104e-01,0.000000000000000000e+00,0.000000000000000000e+00,-6.938055902719497681e-02,1.832281798124313354e-01,-3.820712268352508545e-01,-1.107392191886901855e+00,-4.318569786846637726e-03,2.363676279783248901e-01,-1.369673609733581543e-01,2.523455917835235596e-01,-6.922093629837036133e-01,-2.593968212604522705e-01
5.458918809890747070e-01,-9.980661869049072266e-01,8.295603990554809570e-01,-2.029158324003219604e-01,8.347214758396148682e-02,9.209753274917602539e-01,3.219657838344573975e-01,-3.531071543693542480e-01,-1.163279488682746887e-01,-5.237040668725967407e-02,1.581245809793472290e-01,-3.804887533187866211e-01,1.017625778913497925e-01,-8.458322286605834961e-01,-7.221122831106185913e-02,-1.490510404109954834e-01,5.821260213851928711e-01,-3.268534317612648010e-02,4.656717181205749512e-03,-2.482257932424545288e-01,0.000000000000000000e+00,0.000000000000000000e+00,-1.074710860848426819e-01,2.073864340782165527e-01,-4.011089801788330078e-01,-1.131259560585021973e+00,-6.477328715845942497e-04,2.761448025703430176e-01,-1.063508987426757812e-01,2.681923806667327881e-01,-6.355979442596435547e-01,-2.467728853225708008e-01
5.215355753898620605e-01,-9.766849875450134277e-01,8.320636749267578125e-01,-1.981314867734909058e-01,7.782807946205139160e-02,9.247326850891113281e-01,3.155252337455749512e-01,-2.821629345417022705e-01,-1.050541624426841736e-01,-7.536370307207107544e-02,1.140177026391029358e-01,-3.605097830295562744e-01,6.660123169422149658e-02,-8.814548254013061523e-01,-7.170215994119644165e-02,-1.785448789596557617e-01,5.163516402244567871e-01,-5.615978315472602844e-02,1.528947334736585617e-02,-2.833936810493469238e-01,0.000000000000000000e+00,0.000000000000000000e+00,-1.457776278257369995e-01,2.285827845335006714e-01,-4.032042026519775391e-01,-1.166280865669250488e+00,-4.900495987385511398e-03,3.116664290428161621e-01,-8.180891722440719604e-02,2.780723273754119873e-01,-5.834203958511352539e-01,-2.208769470453262329e-01
4.978743791580200195e-01,-9.555038809776306152e-01,8.288964033126831055e-01,-1.934748291969299316e-01,7.574786990880966187e-02,9.277091026306152344e-01,3.101379275321960449e-01,-2.227691113948822021e-01,-9.881157428026199341e-02,-9.672182053327560425e-02,8.855183422565460205e-02,-3.591688871383666992e-01,2.046973258256912231e-02,-9.260061383247375488e-01,-8.363795280456542969e-02,-2.121427655220031738e-01,4.547046720981597900e-01,-8.571352064609527588e-02,2.233051322400569916e-02,-3.198928833007812500e-01,0.000000000000000000e+00,0.000000000000000000e+00,-1.852729171514511108e-01,2.564040720462799072e-01,-3.939737379550933838e-01,-1.221340179443359375e+00,-1.305764634162187576e-02,3.421490490436553955e-01,-7.010810822248458862e-02,2.858085632324218750e-01,-5.480451583862304688e-01,-2.182780653238296509e-01
4.721646904945373535e-01,-9.327701330184936523e-01,8.178985118865966797e-01,-1.874495595693588257e-01,7.609772682189941406e-02,9.309285283088684082e-01,3.040458858013153076e-01,-1.662634611129760742e-01,-9.744629263877868652e-02,-1.268993616104125977e-01,7.281099259853363037e-02,-3.730598092079162598e-01,-4.892066936008632183e-04,-9.758911728858947754e-01,-1.011758521199226379e-01,-2.271378636360168457e-01,4.140657484531402588e-01,-1.193033456802368164e-01,3.198097646236419678e-02,-3.561427593231201172e-01,0.000000000000000000e+00,0.000000000000000000e+00,-2.233279347419738770e-01,2.753823101520538330e-01,-3.856748044490814209e-01,-1.266158342361450195e+00,1.224021078087389469e-03,3.692359328269958496e-01,-6.861888617277145386e-02,2.928029596805572510e-01,-5.242657065391540527e-01,-2.065275311470031738e-01
4.450085461139678955e-01,-9.074979424476623535e-01,8.021731972694396973e-01,-1.796781867742538452e-01,7.658762484788894653e-02,9.333134889602661133e-01,3.012906312942504883e-01,-1.022477746009826660e-01,-9.633430838584899902e-02,-1.373485326766967773e-01,5.809557437896728516e-02,-3.997369110584259033e-01,-1.232171896845102310e-02,-1.022500038146972656e+00,-1.168646514415740967e-01,-2.261969447135925293e-01,3.983874619007110596e-01,-1.581622660160064697e-01,3.278973698616027832e-02,-3.892819285392761230e-01,0.000000000000000000e+00,0.000000000000000000e+00,-2.536120414733886719e-01,3.000269234180450439e-01,-3.722399771213531494e-01,-1.303810000419616699e+00,8.022105321288108826e-03,3.941358625888824463e-01,-8.550532162189483643e-02,2.994660139083862305e-01,-5.139702558517456055e-01,-1.891780048608779907e-01
4.169059991836547852e-01,-8.808431029319763184e-01,7.815654873847961426e-01,-1.729014217853546143e-01,7.990590482950210571e-02,9.369921684265136719e-01,2.928580939769744873e-01,-4.175971448421478271e-02,-9.803598374128341675e-02,-1.546310782432556152e-01,4.768643528223037720e-02,-4.243870377540588379e-01,-2.707792073488235474e-02,-1.067850828170776367e+00,-1.473727226257324219e-01,-2.238359898328781128e-01,4.177947044372558594e-01,-1.794603168964385986e-01,3.862725943326950073e-02,-4.332991838455200195e-01,0.000000000000000000e+00,0.000000000000000000e+00,-2.750221490859985352e-01,3.017043173313140869e-01,-3.399737775325775146e-01,-1.322697758674621582e+00,7.772148586809635162e-03,4.240398705005645752e-01,-1.043420508503913879e-01,2.824338078498840332e-01,-5.604529380798339844e-01,-1.976362615823745728e-01
3.864601850509643555e-01,-8.511654138565063477e-01,7.611250877380371094e-01,-1.643908768892288208e-01,8.345401287078857422e-02,9.413600564002990723e-01,2.825815081596374512e-01,1.808805577456951141e-02,-9.690445661544799805e-02,-1.823605895042419434e-01,4.840109497308731079e-02,-4.385792911052703857e-01,-3.480558469891548157e-02,-1.103219747543334961e+00,-1.772919297218322754e-01,-2.070313543081283569e-01,4.851473271846771240e-01,-2.076514810323715210e-01,3.940638527274131775e-02,-4.807085990905761719e-01,0.000000000000000000e+00,0.000000000000000000e+00,-2.794421911239624023e-01,3.146053254604339600e-01,-3.377123475074768066e-01,-1.318642020225524902e+00,3.929499536752700806e-02,4.590860009193420410e-01,-1.301990151405334473e-01,2.383652180433273315e-01,-6.420499086380004883e-01,-2.016017436981201172e-01
3.529863655567169189e-01,-8.171907067298889160e-01,7.448092699050903320e-01,-1.572767943143844604e-01,8.682408183813095093e-02,9.467406272888183594e-01,2.672223746776580811e-01,7.760908454656600952e-02,-8.611280471086502075e-02,-2.284808307886123657e-01,5.249696969985961914e-02,-4.287756979465484619e-01,-4.974588751792907715e-02,-1.114781260490417480e+00,-2.056679725646972656e-01,-1.930749267339706421e-01,5.869235992431640625e-01,-2.300489842891693115e-01,3.708271682262420654e-02,-5.271471142768859863e-01,0.000000000000000000e+00,0.000000000000000000e+00,-2.781772017478942871e-01,3.353101611137390137e-01,-3.165618777275085449e-01,-1.292448997497558594e+00,5.152264982461929321e-02,4.826731979846954346e-01,-1.474884450435638428e-01,1.935538053512573242e-01,-7.447654008865356445e-01,-2.553494870662689209e-01
3.155077397823333740e-01,-7.791160345077514648e-01,7.336733937263488770e-01,-1.525900512933731079e-01,8.421310782432556152e-02,9.510934948921203613e-01,2.550403177738189697e-01,1.321313232183456421e-01,-6.050114333629608154e-02,-2.703078389167785645e-01,6.844770163297653198e-02,-3.670218288898468018e-01,-7.245511561632156372e-02,-1.100010633468627930e+00,-2.243931740522384644e-01,-2.047512233257293701e-01,7.157443165779113770e-01,-2.773953676223754883e-01,1.612098515033721924e-02,-5.587121844291687012e-01,0.000000000000000000e+00,0.000000000000000000e+00,-2.421574145555496216e-01,3.495579659938812256e-01,-3.148085176944732666e-01,-1.234404563903808594e+00,8.383786678314208984e-02,4.896248281002044678e-01,-1.428939402103424072e-01,1.664398461580276489e-01,-8.286318778991699219e-01,-2.914560139179229736e-01
2.775136530399322510e-01,-7.374705076217651367e-01,7.278689146041870117e-01,-1.551892161369323730e-01,7.157021015882492065e-02,9.526454806327819824e-01,2.515166401863098145e-01,1.613772660493850708e-01,-1.964787393808364868e-02,-2.916512787342071533e-01,1.197382584214210510e-01,-2.290128022432327271e-01,-9.658190608024597168e-02,-1.068696141242980957e+00,-2.363982945680618286e-01,-2.583464682102203369e-01,8.199161887168884277e-01,-3.456055819988250732e-01,-3.046748600900173187e-02,-5.615514516830444336e-01,0.000000000000000000e+00,0.000000000000000000e+00,-1.726722717285156250e-01,3.668860495090484619e-01,-3.204558789730072021e-01,-1.156172275543212891e+00,1.144591569900512695e-01,4.679876863956451416e-01,-1.152180507779121399e-01,1.783027946949005127e-01,-8.809044957160949707e-01,-3.064494431018829346e-01
2.389227300882339478e-01,-6.939215660095214844e-01,7.248443961143493652e-01,-1.615954339504241943e-01,6.057167798280715942e-02,9.522147774696350098e-01,2.520020306110382080e-01,1.617164909839630127e-01,1.344548258930444717e-02,-2.837927043437957764e-01,1.945217102766036987e-01,3.064399585127830505e-02,-1.130057871341705322e-01,-1.023316383361816406e+00,-2.046929746866226196e-01,-2.788416445255279541e-01,8.666272759437561035e-01,-4.004181921482086182e-01,-8.815443515777587891e-02,-5.453743934631347656e-01,0.000000000000000000e+00,0.000000000000000000e+00,-8.167352527379989624e-02,3.731406331062316895e-01,-3.230063617229461670e-01,-1.061488986015319824e+00,1.596683412790298462e-01,4.200755357742309570e-01,-8.331931382417678833e-02,1.837186664342880249e-01,-9.174543023109436035e-01,-3.113505244255065918e-01
1.943393796682357788e-01,-6.459731459617614746e-01,7.286584973335266113e-01,-1.674687117338180542e-01,7.130843400955200195e-02,9.448559284210205078e-01,2.722435891628265381e-01,1.164236068725585938e-01,-1.269647479057312012e-02,-2.265135198831558228e-01,2.989664673805236816e-01,2.726607322692871094e-01,-8.745691925287246704e-02,-9.786553382873535156e-01,-1.647894978523254395e-01,-2.477591186761856079e-01,8.775340914726257324e-01,-4.386349618434906006e-01,-1.440404951572418213e-01,-4.718747735023498535e-01,0.000000000000000000e+00,0.000000000000000000e+00,-1.654889620840549469e-02,3.481897711753845215e-01,-3.181400597095489502e-01,-9.654589295387268066e-01,2.230830937623977661e-01,3.388057053089141846e-01,-7.522697001695632935e-02,1.798688322305679321e-01,-9.555462002754211426e-01,-2.996196150779724121e-01
1.476315706968307495e-01,-5.945147275924682617e-01,7.383656501770019531e-01,-1.795520037412643433e-01,1.047601848840713501e-01,9.270246028900146484e-01,3.121085166931152344e-01,-1.148815155029296875e-01,-5.347774922847747803e-02,-9.608994238078594208e-03,5.930262804031372070e-01,2.052381932735443115e-01,3.565606474876403809e-02,-9.588076472282409668e-01,-1.242397874593734741e-01,-1.580366194248199463e-01,8.713287711143493652e-01,-4.728375971317291260e-01,-1.762759685516357422e-01,-3.283477723598480225e-01,0.000000000000000000e+00,0.000000000000000000e+00,-5.754551384598016739e-03,2.922932505607604980e-01,-3.334012925624847412e-01,-8.729710578918457031e-01,2.284629791975021362e-01,2.246304601430892944e-01,-9.818223863840103149e-02,1.533577889204025269e-01,-1.036845326423645020e+00,-2.877761423587799072e-01
1.034315377473831177e-01,-5.428763628005981445e-01,7.414661049842834473e-01,-1.883403360843658447e-01,1.240258440375328064e-01,9.169528484344482422e-01,3.291549980640411377e-01,-4.031213223934173584e-01,-2.929649502038955688e-02,1.274922937154769897e-01,8.920811414718627930e-01,7.091941684484481812e-02,1.213434040546417236e-01,-9.096199870109558105e-01,-1.071968898177146912e-01,-1.176345944404602051e-01,8.589738011360168457e-01,-5.237923264503479004e-01,-1.895688325166702271e-01,-2.211438268423080444e-01,0.000000000000000000e+00,0.000000000000000000e+00,6.610453128814697266e-02,2.458015978336334229e-01,-3.116378486156463623e-01,-8.337969183921813965e-01,2.238691449165344238e-01,1.333702504634857178e-01,-1.400268971920013428e-01,1.460974216461181641e-01,-1.147607445716857910e+00,-2.953402400016784668e-01
5.995674058794975281e-02,-4.926049411296844482e-01,7.436347007751464844e-01,-1.976953595876693726e-01,1.331605762243270874e-01,9.092296957969665527e-01,3.413007259368896484e-01,-6.875144839286804199e-01,-8.687648922204971313e-03,1.849049180746078491e-01,1.084681510925292969e+00,-6.252734363079071045e-02,1.339775323867797852e-01,-8.372933864593505859e-01,-9.172175824642181396e-02,-1.040386483073234558e-01,8.228948116302490234e-01,-5.680028796195983887e-01,-1.816700100898742676e-01,-1.210862919688224792e-01,0.000000000000000000e+00,0.000000000000000000e+00,1.755271553993225098e-01,2.169511467218399048e-01,-2.676263153553009033e-01,-8.505876064300537109e-01,2.109531164169311523e-01,6.385436654090881348e-02,-1.804840117692947388e-01,1.374573856592178345e-01,-1.297359466552734375e+00,-3.000082671642303467e-01
1.176685560494661331e-02,-4.400312006473541260e-01,7.487602233886718750e-01,-2.004183828830718994e-01,1.357567906379699707e-01,9.040134549140930176e-01,3.523666858673095703e-01,-9.030944108963012695e-01,1.769230142235755920e-02,2.377774268388748169e-01,1.127700567245483398e+00,-1.447743028402328491e-01,1.474848836660385132e-01,-7.183814048767089844e-01,-7.441644370555877686e-02,-9.740924835205078125e-02,7.409865856170654297e-01,-5.921708941459655762e-01,-1.557301878929138184e-01,-2.811503782868385315e-02,0.000000000000000000e+00,0.000000000000000000e+00,3.036854267120361328e-01,2.104196697473526001e-01,-2.478352040052413940e-01,-9.110002517700195312e-01,2.094836235046386719e-01,1.642014458775520325e-02,-2.284352928400039673e-01,1.418607234954833984e-01,-1.446658134460449219e+00,-2.900710999965667725e-01
-4.427106305956840515e-02,-3.838230371475219727e-01,7.572127580642700195e-01,-1.972699314355850220e-01,1.392854601144790649e-01,9.016315340995788574e-01,3.588101863861083984e-01,-1.041671156883239746e+00,1.171090733259916306e-02,2.783657312393188477e-01,1.032667040824890137e+00,-1.972660422325134277e-01,1.403291374444961548e-01,-5.546443462371826172e-01,-6.376888602972030640e-02,-8.311137557029724121e-02,6.020570993423461914e-01,-5.753198266029357910e-01,-9.343648701906204224e-02,4.543488100171089172e-02,0.000000000000000000e+00,0.000000000000000000e+00,4.067034423351287842e-01,2.115394473075866699e-01,-2.468558549880981445e-01,-9.801012277603149414e-01,2.298736125230789185e-01,-2.945726364850997925e-02,-2.856348454952239990e-01,1.264957636594772339e-01,-1.558605790138244629e+00,-2.748547196388244629e-01
-1.075563728809356689e-01,-3.250478506088256836e-01,7.686414122581481934e-01,-1.922517865896224976e-01,1.440077871084213257e-01,8.984682559967041016e-01,3.674994409084320068e-01,-1.101207971572875977e+00,-3.371413052082061768e-02,2.933999300003051758e-01,8.288595080375671387e-01,-1.716721802949905396e-01,8.736072480678558350e-02,-3.500894606113433838e-01,-5.501526594161987305e-02,-3.557023406028747559e-02,3.912563323974609375e-01,-4.586772918701171875e-01,-8.636706508696079254e-03,1.244158819317817688e-01,0.000000000000000000e+00,0.000000000000000000e+00,4.976679384708404541e-01,2.162366807460784912e-01,-2.522675991058349609e-01,-1.054053783416748047e+00,2.398018836975097656e-01,-4.140399023890495300e-02,-3.356238305568695068e-01,9.951960295438766479e-02,-1.650858163833618164e+00,-2.582328021526336670e-01
-1.741064786911010742e-01,-2.657831609249114990e-01,7.760627865791320801e-01,-1.812201440334320068e-01,1.526486724615097046e-01,8.898569345474243164e-01,3.898874819278717041e-01,-1.090206861495971680e+00,-8.456113934516906738e-02,2.952624261379241943e-01,5.791361331939697266e-01,-8.325123041868209839e-02,1.683072745800018311e-02,-1.646143943071365356e-01,-6.971672922372817993e-02,6.765089929103851318e-02,2.178659886121749878e-01,-1.998421251773834229e-01,7.136613130569458008e-02,2.143336385488510132e-01,0.000000000000000000e+00,0.000000000000000000e+00,5.797923207283020020e-01,2.013187110424041748e-01,-2.520031630992889404e-01,-1.125882863998413086e+00,2.514984607696533203e-01,-1.794539205729961395e-02,-3.950740396976470947e-01,8.678333461284637451e-02,-1.706479072570800781e+00,-2.304713875055313110e-01
-2.418625205755233765e-01,-2.093118429183959961e-01,7.790135741233825684e-01,-1.600481271743774414e-01,1.631451994180679321e-01,8.788687586784362793e-01,4.187575876712799072e-01,-1.046459794044494629e+00,-9.930066019296646118e-02,3.546651005744934082e-01,4.059871137142181396e-01,-4.397004097700119019e-02,-1.111449114978313446e-02,-2.767227403819561005e-02,-1.288484334945678711e-01,1.578070819377899170e-01,1.550829559564590454e-01,1.226677447557449341e-01,1.636981368064880371e-01,2.965846955776214600e-01,0.000000000000000000e+00,0.000000000000000000e+00,6.569483876228332520e-01,1.553447544574737549e-01,-2.358878701925277710e-01,-1.181938171386718750e+00,2.684950232505798340e-01,3.088293597102165222e-02,-4.721834659576416016e-01,8.462040871381759644e-02,-1.734471082687377930e+00,-2.113070785999298096e-01
-3.076229691505432129e-01,-1.489573866128921509e-01,7.863264679908752441e-01,-1.430598497390747070e-01,1.513534039258956909e-01,8.744727373123168945e-01,4.380906522274017334e-01,-9.588803648948669434e-01,-7.644836604595184326e-02,4.477320313453674316e-01,3.204231560230255127e-01,-5.447922646999359131e-02,1.713800826109945774e-03,7.672622054815292358e-02,-1.582970023155212402e-01,2.251278907060623169e-01,1.358594596385955811e-01,3.022173941135406494e-01,1.783563047647476196e-01,3.464878499507904053e-01,0.000000000000000000e+00,0.000000000000000000e+00,7.152051925659179688e-01,1.390709131956100464e-01,-2.107104212045669556e-01,-1.222025394439697266e+00,2.651083469390869141e-01,9.042389690876007080e-02,-5.203323960304260254e-01,8.565539121627807617e-02,-1.741589665412902832e+00,-2.260793298482894897e-01
-3.751227557659149170e-01,-8.491467684507369995e-02,7.920399904251098633e-01,-1.360883116722106934e-01,1.119118034839630127e-01,8.794608712196350098e-01,4.421586990356445312e-01,-8.415174484252929688e-01,-4.702739045023918152e-02,4.570153951644897461e-01,3.113088607788085938e-01,-5.853143706917762756e-02,5.607747286558151245e-02,1.160241663455963135e-01,-1.461785882711410522e-01,1.090430840849876404e-01,1.954747289419174194e-01,3.277867138385772705e-01,9.370937198400497437e-02,3.565796911716461182e-01,0.000000000000000000e+00,0.000000000000000000e+00,7.701795697212219238e-01,1.415560692548751831e-01,-1.291691362857818604e-01,-1.278350114822387695e+00,2.333604991436004639e-01,1.677867919206619263e-01,-4.821941852569580078e-01,7.543227821588516235e-02,-1.733599424362182617e+00,-2.627852261066436768e-01
-4.429413080215454102e-01,-1.952031627297401428e-02,7.922050952911376953e-01,-1.344369947910308838e-01,8.680053055286407471e-02,8.951120376586914062e-01,4.161331057548522949e-01,-7.725716233253479004e-01,-6.329516321420669556e-02,4.015441834926605225e-01,4.016412794589996338e-01,-1.744300574064254761e-01,1.519852131605148315e-01,8.703376352787017822e-02,-1.519191116094589233e-01,-6.704634428024291992e-02,3.248888254165649414e-01,3.040023446083068848e-01,-1.656079664826393127e-02,2.973383069038391113e-01,0.000000000000000000e+00,0.000000000000000000e+00,7.484191656112670898e-01,1.409445405006408691e-01,-9.835360944271087646e-02,-1.299710631370544434e+00,2.081665247678756714e-01,2.371506392955780029e-01,-4.420184791088104248e-01,6.159692257642745972e-02,-1.679336071014404297e+00,-2.742869555950164795e-01
-5.064959526062011719e-01,4.152873158454895020e-02,7.837171554565429688e-01,-1.424165070056915283e-01,7.318482547998428345e-02,9.106715917587280273e-01,3.808395266532897949e-01,-7.630354166030883789e-01,-7.197047770023345947e-02,3.231158852577209473e-01,5.397520065307617188e-01,-2.946472167968750000e-01,2.067412436008453369e-01,-4.395524412393569946e-02,-1.754356175661087036e-01,-1.978143900632858276e-01,5.313637852668762207e-01,2.097604572772979736e-01,-1.028257086873054504e-01,2.095748931169509888e-01,0.000000000000000000e+00,0.000000000000000000e+00,6.658701300621032715e-01,1.434227079153060913e-01,-9.655515849590301514e-02,-1.307059764862060547e+00,1.687324643135070801e-01,2.968339323997497559e-01,-3.908559381961822510e-01,4.275736957788467407e-02,-1.596203804016113281e+00,-2.727201879024505615e-01
-5.652078986167907715e-01,9.981763362884521484e-02,7.714769244194030762e-01,-1.549399346113204956e-01,7.108888775110244751e-02,9.240521192550659180e-01,3.421515524387359619e-01,-7.566449642181396484e-01,-9.308020770549774170e-02,2.510775923728942871e-01,6.468918919563293457e-01,-3.811447918415069580e-01,2.117060273885726929e-01,-2.730817496776580811e-01,-1.882070749998092651e-01,-2.168539762496948242e-01,7.748436331748962402e-01,8.458124101161956787e-02,-1.541078090667724609e-01,9.832919389009475708e-02,0.000000000000000000e+00,0.000000000000000000e+00,5.462927818298339844e-01,1.366355717182159424e-01,-1.183321774005889893e-01,-1.305613279342651367e+00,1.676483601331710815e-01,3.309403955936431885e-01,-3.455609381198883057e-01,4.867748916149139404e-02,-1.471509218215942383e+00,-2.834234833717346191e-01
-6.229622364044189453e-01,1.576818972826004028e-01,7.615115642547607422e-01,-1.656842529773712158e-01,7.326368987560272217e-02,9.358384013175964355e-01,3.023039996623992920e-01,-6.962416172027587891e-01,-1.215602159500122070e-01,1.800321042537689209e-01,6.646861433982849121e-01,-4.702476561069488525e-01,2.013084143400192261e-01,-5.134031176567077637e-01,-1.988572776317596436e-01,-2.242066562175750732e-01,9.255629181861877441e-01,-9.958270005881786346e-03,-1.509768813848495483e-01,-1.590869948267936707e-02,0.000000000000000000e+00,0.000000000000000000e+00,4.019107818603515625e-01,1.650386750698089600e-01,-1.653154641389846802e-01,-1.304553985595703125e+00,1.168891489505767822e-01,3.631072342395782471e-01,-3.159945309162139893e-01,7.193929702043533325e-02,-1.320572495460510254e+00,-2.661613225936889648e-01
-6.815686821937561035e-01,2.156667262315750122e-01,7.594385147094726562e-01,-1.756408214569091797e-01,7.153794914484024048e-02,9.461301565170288086e-01,2.624315321445465088e-01,-5.966126322746276855e-01,-1.286789476871490479e-01,1.117993071675300598e-01,6.224611401557922363e-01,-5.093900561332702637e-01,1.419971138238906860e-01,-7.246282696723937988e-01,-2.235382497310638428e-01,-2.618980109691619873e-01,9.587528109550476074e-01,-8.056847751140594482e-02,-1.282991915941238403e-01,-1.344628334045410156e-01,0.000000000000000000e+00,0.000000000000000000e+00,2.636185288429260254e-01,2.073864042758941650e-01,-1.811178028583526611e-01,-1.339211583137512207e+00,8.954773098230361938e-02,4.004541039466857910e-01,-2.794985771179199219e-01,1.041675359010696411e-01,-1.193024396896362305e+00,-3.059270679950714111e-01
-7.479170560836791992e-01,2.787699103355407715e-01,7.674480676651000977e-01,-1.807661205530166626e-01,7.130943238735198975e-02,9.552189111709594727e-01,2.231487929821014404e-01,-4.395156502723693848e-01,-1.290981471538543701e-01,1.985560730099678040e-02,5.013499855995178223e-01,-5.032585263252258301e-01,6.769721955060958862e-02,-8.683726191520690918e-01,-2.461885809898376465e-01,-2.933799326419830322e-01,8.701363801956176758e-01,-1.100461706519126892e-01,-9.604460746049880981e-02,-2.405623197555541992e-01,0.000000000000000000e+00,0.000000000000000000e+00,1.620934903621673584e-01,2.122318893671035767e-01,-1.716427952051162720e-01,-1.430306315422058105e+00,6.914996355772018433e-02,4.694868624210357666e-01,-2.299032062292098999e-01,1.160503849387168884e-01,-1.152169466018676758e+00,-3.273777961730957031e-01
-8.230452537536621094e-01,3.448982238769531250e-01,7.791668176651000977e-01,-1.800727546215057373e-01,6.936187297105789185e-02,9.609476923942565918e-01,1.983488202095031738e-01,-2.449458241462707520e-01,-1.029589623212814331e-01,-8.026354014873504639e-02,3.390343487262725830e-01,-3.924545049667358398e-01,6.476684939116239548e-03,-9.305842518806457520e-01,-2.204297780990600586e-01,-2.928589582443237305e-01,6.530370116233825684e-01,-4.424716159701347351e-02,-5.514107644557952881e-03,-3.167266845703125000e-01,0.000000000000000000e+00,0.000000000000000000e+00,1.100024953484535217e-01,2.217996269464492798e-01,-1.774773299694061279e-01,-1.532838821411132812e+00,5.854701995849609375e-02,5.392974615097045898e-01,-1.971280127763748169e-01,1.296109259128570557e-01,-1.142046213150024414e+00,-3.394306600093841553e-01
-9.023404717445373535e-01,4.131964743137359619e-01,7.890099287033081055e-01,-1.730903685092926025e-01,6.225757673382759094e-02,9.678333997726440430e-01,1.716457903385162354e-01,-7.585382461547851562e-02,-4.851962998509407043e-02,-1.846501678228378296e-01,2.321434468030929565e-01,-1.436144709587097168e-01,-5.820666253566741943e-02,-9.218381047248840332e-01,-1.853108704090118408e-01,-2.884317338466644287e-01,3.865631222724914551e-01,8.014239370822906494e-02,5.717872828245162964e-02,-3.927904963493347168e-01,0.000000000000000000e+00,0.000000000000000000e+00,1.040123477578163147e-01,2.531575560569763184e-01,-1.810727566480636597e-01,-1.638917446136474609e+00,-8.874793536961078644e-03,6.039497256278991699e-01,-1.528297662734985352e-01,1.314323097467422485e-01,-1.135928988456726074e+00,-3.446814119815826416e-01
-9.788753986358642578e-01,4.832029342651367188e-01,7.972626090049743652e-01,-1.542838960886001587e-01,4.380007088184356689e-02,9.767045378684997559e-01,1.425703912973403931e-01,6.753332912921905518e-02,4.006452485918998718e-02,-3.020848035812377930e-01,1.658923923969268799e-01,1.728694140911102295e-01,-1.064957529306411743e-01,-8.781366944313049316e-01,-1.489593982696533203e-01,-2.702236771583557129e-01,1.918299049139022827e-01,1.312364041805267334e-01,8.645139634609222412e-02,-4.647057056427001953e-01,0.000000000000000000e+00,0.000000000000000000e+00,1.713359951972961426e-01,2.913890779018402100e-01,-1.903633028268814087e-01,-1.756279230117797852e+00,-2.998881600797176361e-02,6.695431470870971680e-01,-1.117029637098312378e-01,1.283956766128540039e-01,-1.137316107749938965e+00,-3.359646499156951904e-01
-1.059929728507995605e+00,5.500605702400207520e-01,8.059653639793395996e-01,-1.255271285772323608e-01,6.101207807660102844e-02,9.806413054466247559e-01,1.373430043458938599e-01,1.557531952857971191e-01,5.367430672049522400e-02,-2.883786261081695557e-01,1.849789470434188843e-01,3.375207185745239258e-01,-4.935651272535324097e-02,-8.105260729789733887e-01,-1.862731426954269409e-01,-3.642818629741668701e-01,1.481177061796188354e-01,1.538848429918289185e-01,6.322734057903289795e-02,-4.964172244071960449e-01,0.000000000000000000e+00,0.000000000000000000e+00,2.399969995021820068e-01,2.868175506591796875e-01,-1.845851093530654907e-01,-1.867498636245727539e+00,-2.590169571340084076e-02,6.943562626838684082e-01,-1.260586231946945190e-01,7.354299724102020264e-02,-1.151833891868591309e+00,-3.094619214534759521e-01
-1.142190575599670410e+00,6.167137622833251953e-01,8.123344779014587402e-01,-1.034029498696327209e-01,1.162413805723190308e-01,9.736257195472717285e-01,1.668794304132461548e-01,1.339866220951080322e-01,-2.998462133109569550e-02,-1.334604024887084961e-01,3.555997312068939209e-01,3.491992950439453125e-01,3.517999500036239624e-02,-7.514743804931640625e-01,-2.230605483055114746e-01,-3.683099448680877686e-01,1.836630851030349731e-01,2.013585865497589111e-01,1.243062410503625870e-02,-4.538955986499786377e-01,0.000000000000000000e+00,0.000000000000000000e+00,2.370936125516891479e-01,2.095859497785568237e-01,-2.020540237426757812e-01,-1.867499947547912598e+00,-3.537588752806186676e-03,6.414344310760498047e-01,-1.917939782142639160e-01,-1.261899247765541077e-03,-1.156670212745666504e+00,-3.122742474079132080e-01
-1.219888091087341309e+00,6.847136616706848145e-01,8.143700361251831055e-01,-8.833467960357666016e-02,1.443490535020828247e-01,9.626885056495666504e-01,2.111661881208419800e-01,6.100823171436786652e-03,-5.353671312332153320e-02,5.638441815972328186e-02,6.673393249511718750e-01,3.214431107044219971e-01,1.386276334524154663e-01,-6.978268623352050781e-01,-1.951307505369186401e-01,-2.940367162227630615e-01,2.606823444366455078e-01,7.590693980455398560e-02,-9.462495893239974976e-02,-3.592536747455596924e-01,0.000000000000000000e+00,0.000000000000000000e+00,2.638457715511322021e-01,1.790080517530441284e-01,-2.189690172672271729e-01,-1.806024670600891113e+00,3.309598565101623535e-02,5.717904567718505859e-01,-2.511100471019744873e-01,-2.360738813877105713e-02,-1.157238841056823730e+00,-3.283514380455017090e-01
-1.289575099945068359e+00,7.535804510116577148e-01,8.084532618522644043e-01,-8.445355296134948730e-02,1.498280316591262817e-01,9.519133567810058594e-01,2.535353302955627441e-01,-2.272508591413497925e-01,-4.720051959156990051e-02,1.409258246421813965e-01,1.056715846061706543e+00,2.212839871644973755e-01,1.674593836069107056e-01,-6.671030521392822266e-01,-1.483951956033706665e-01,-2.170626223087310791e-01,3.842047452926635742e-01,-9.426032751798629761e-02,-1.917681992053985596e-01,-2.582431435585021973e-01,0.000000000000000000e+00,0.000000000000000000e+00,2.944223880767822266e-01,1.815792769193649292e-01,-2.243818193674087524e-01,-1.684225797653198242e+00,3.971837460994720459e-02,4.962798058986663818e-01,-2.982886135578155518e-01,8.659352548420429230e-03,-1.182852029800415039e+00,-3.368489146232604980e-01
-1.353086709976196289e+00,8.179937601089477539e-01,7.955353260040283203e-01,-9.741348773241043091e-02,1.479717493057250977e-01,9.425826072692871094e-01,2.831131219863891602e-01,-5.269269943237304688e-01,-3.683060780167579651e-02,1.729783862829208374e-01,1.353865385055541992e+00,1.373518109321594238e-01,1.453550159931182861e-01,-6.640964746475219727e-01,-9.425897896289825439e-02,-1.507795602083206177e-01,5.034130811691284180e-01,-2.258074730634689331e-01,-2.163966000080108643e-01,-1.743966788053512573e-01,0.000000000000000000e+00,0.000000000000000000e+00,3.389953970909118652e-01,1.869843453168869019e-01,-2.112803161144256592e-01,-1.564257621765136719e+00,-7.731933612376451492e-03,3.854949474334716797e-01,-3.285961151123046875e-01,7.677961885929107666e-02,-1.241103649139404297e+00,-3.524197340011596680e-01
-1.418785691261291504e+00,8.819716572761535645e-01,7.905322909355163574e-01,-1.079555675387382507e-01,1.508077383041381836e-01,9.277876615524291992e-01,3.237478435039520264e-01,-7.861813902854919434e-01,-3.409318451303988695e-04,2.367805391550064087e-01,1.458776593208312988e+00,7.432705909013748169e-02,1.177726760506629944e-01,-5.925517082214355469e-01,-4.563580825924873352e-02,-1.001194268465042114e-01,5.177128911018371582e-01,-3.155401051044464111e-01,-2.252098321914672852e-01,-5.858632177114486694e-02,0.000000000000000000e+00,0.000000000000000000e+00,4.120321571826934814e-01,1.901626139879226685e-01,-1.983139663934707642e-01,-1.497575879096984863e+00,-5.475764721632003784e-02,2.840911448001861572e-01,-3.681752681732177734e-01,1.193589940667152405e-01,-1.316415905952453613e+00,-3.567585647106170654e-01
-1.487248182296752930e+00,9.501056671142578125e-01,7.967427968978881836e-01,-1.092568039894104004e-01,1.588823050260543823e-01,9.122739434242248535e-01,3.613524734973907471e-01,-9.661694765090942383e-01,5.343478173017501831e-02,2.923469245433807373e-01,1.385009288787841797e+00,1.050201710313558578e-02,1.140212863683700562e-01,-4.547002613544464111e-01,-2.246361225843429565e-02,-2.339285239577293396e-02,4.417118430137634277e-01,-3.273718059062957764e-01,-1.603680253028869629e-01,4.714047536253929138e-02,0.000000000000000000e+00,0.000000000000000000e+00,5.111069083213806152e-01,1.775210201740264893e-01,-1.743721812963485718e-01,-1.500240802764892578e+00,-2.066453173756599426e-02,2.063972055912017822e-01,-3.966820836067199707e-01,1.162849143147468567e-01,-1.425845146179199219e+00,-3.513770401477813721e-01
-1.561044573783874512e+00,1.020060062408447266e+00,8.126714825630187988e-01,-1.072521060705184937e-01,1.724170893430709839e-01,8.989607691764831543e-01,3.881222307682037354e-01,-1.056997895240783691e+00,7.477117329835891724e-02,3.492678999900817871e-01,1.163744807243347168e+00,6.119904108345508575e-03,1.047208309173583984e-01,-2.855247855186462402e-01,-3.998493775725364685e-02,4.228769987821578979e-02,3.113894760608673096e-01,-2.158264815807342529e-01,-6.961956620216369629e-02,1.322690397500991821e-01,0.000000000000000000e+00,0.000000000000000000e+00,5.896702408790588379e-01,1.647347509860992432e-01,-1.628758311271667480e-01,-1.508727192878723145e+00,1.106537971645593643e-02,1.535453945398330688e-01,-4.276771545410156250e-01,1.268445104360580444e-01,-1.537587165832519531e+00,-3.295336067676544189e-01
-1.637975692749023438e+00,1.090422034263610840e+00,8.291245698928833008e-01,-1.026196256279945374e-01,1.901047527790069580e-01,8.833178877830505371e-01,4.160275757312774658e-01,-1.070569396018981934e+00,4.560565575957298279e-02,3.841041624546051025e-01,8.419294357299804688e-01,1.039667353034019470e-01,6.524223834276199341e-02,-1.335821002721786499e-01,-8.756051957607269287e-02,1.317220479249954224e-01,2.007838487625122070e-01,3.352491185069084167e-02,4.855426773428916931e-02,2.116882055997848511e-01,0.000000000000000000e+00,0.000000000000000000e+00,6.617397069931030273e-01,1.340674906969070435e-01,-1.641965061426162720e-01,-1.526132345199584961e+00,6.205694749951362610e-02,1.314883530139923096e-01,-4.713778495788574219e-01,1.507485359907150269e-01,-1.637871742248535156e+00,-3.003112077713012695e-01
-1.715683341026306152e+00,1.163657188415527344e+00,8.411453962326049805e-01,-9.834560006856918335e-02,1.999552398920059204e-01,8.634227514266967773e-01,4.526004791259765625e-01,-1.046270728111267090e+00,1.033426169306039810e-02,3.395760059356689453e-01,5.054587125778198242e-01,1.953273862600326538e-01,2.079761028289794922e-02,-2.348026633262634277e-02,-1.382809877395629883e-01,2.512255311012268066e-01,1.537119001150131226e-01,3.134171068668365479e-01,1.549536138772964478e-01,2.976627051830291748e-01,0.000000000000000000e+00,0.000000000000000000e+00,7.324306964874267578e-01,9.330166131258010864e-02,-1.626170575618743896e-01,-1.543953537940979004e+00,1.060321182012557983e-01,1.356696933507919312e-01,-5.108064413070678711e-01,1.721615046262741089e-01,-1.729032278060913086e+00,-2.828791141510009766e-01
-1.791685938835144043e+00,1.240854144096374512e+00,8.575458526611328125e-01,-9.596721082925796509e-02,1.886526197195053101e-01,8.453419804573059082e-01,4.905073046684265137e-01,-9.896962642669677734e-01,4.013946652412414551e-02,3.264428973197937012e-01,2.491912096738815308e-01,1.655179411172866821e-01,-5.365765187889337540e-03,8.047726005315780640e-02,-1.818876713514328003e-01,2.956860065460205078e-01,1.222532317042350769e-01,4.752714931964874268e-01,1.677436083555221558e-01,3.825485706329345703e-01,0.000000000000000000e+00,0.000000000000000000e+00,8.019622564315795898e-01,7.920706272125244141e-02,-1.432829499244689941e-01,-1.574876666069030762e+00,1.259238421916961670e-01,1.718637049198150635e-01,-5.198240876197814941e-01,1.909195035696029663e-01,-1.821366786956787109e+00,-2.924959659576416016e-01
-1.869563817977905273e+00,1.326135396957397461e+00,8.693398237228393555e-01,-8.296444267034530640e-02,1.393249779939651489e-01,8.388653397560119629e-01,5.196252465248107910e-01,-8.639578819274902344e-01,1.001150086522102356e-01,3.809783756732940674e-01,1.257299184799194336e-01,1.422998905181884766e-01,-1.639144122600555420e-02,2.032293677330017090e-01,-1.631633639335632324e-01,2.553897500038146973e-01,1.519643366336822510e-01,5.043914914131164551e-01,1.341805011034011841e-01,4.594553709030151367e-01,0.000000000000000000e+00,0.000000000000000000e+00,9.243201613426208496e-01,1.277955472469329834e-01,-7.067488133907318115e-02,-1.650742173194885254e+00,1.320461630821228027e-01,2.230249494314193726e-01,-4.698181450366973877e-01,2.025155723094940186e-01,-1.867499947547912598e+00,-3.214878439903259277e-01
-1.948009729385375977e+00,1.411849975585937500e+00,8.664906620979309082e-01,-7.874403893947601318e-02,9.856656193733215332e-02,8.468655347824096680e-01,5.166263580322265625e-01,-7.693192958831787109e-01,1.129480004310607910e-01,4.500810801982879639e-01,1.311480849981307983e-01,1.157579347491264343e-01,-1.313775498420000076e-02,2.227936685085296631e-01,-1.229226216673851013e-01,1.501002460718154907e-01,3.759292066097259521e-01,5.061399936676025391e-01,6.745371222496032715e-02,4.572655260562896729e-01,0.000000000000000000e+00,0.000000000000000000e+00,9.481379389762878418e-01,1.545414328575134277e-01,-2.922105835750699043e-03,-1.674198985099792480e+00,1.390721648931503296e-01,2.274619191884994507e-01,-4.095155298709869385e-01,1.930670440196990967e-01,-1.867499947547912598e+00,-3.068363368511199951e-01
-2.024174451828002930e+00,1.496088981628417969e+00,8.552170395851135254e-01,-8.881779015064239502e-02,6.111213192343711853e-02,8.600888848304748535e-01,4.986219704151153564e-01,-6.888845562934875488e-01,9.787721186876296997e-02,3.903714418411254883e-01,1.737686991691589355e-01,1.263252198696136475e-01,1.351011265069246292e-02,1.914884895086288452e-01,-6.797976791858673096e-02,4.007299616932868958e-02,6.145844459533691406e-01,5.061399936676025391e-01,-2.907633548602461815e-03,4.182899594306945801e-01,0.000000000000000000e+00,0.000000000000000000e+00,9.125771522521972656e-01,1.899516135454177856e-01,4.136331751942634583e-02,-1.668171167373657227e+00,1.328668445348739624e-01,2.695492208003997803e-01,-3.381777107715606689e-01,1.724612414836883545e-01,-1.867499947547912598e+00,-3.092949390411376953e-01
-2.095773935317993164e+00,1.573272228240966797e+00,8.472433686256408691e-01,-9.182901680469512939e-02,4.510577768087387085e-02,8.814222812652587891e-01,4.611156582832336426e-01,-6.414572000503540039e-01,3.766135498881340027e-02,2.477052509784698486e-01,2.562824785709381104e-01,-4.223168641328811646e-02,1.252065449953079224e-01,1.124637722969055176e-01,-4.544998332858085632e-02,-8.877628296613693237e-02,8.438507318496704102e-01,5.061399936676025391e-01,-6.779637187719345093e-02,3.175086379051208496e-01,0.000000000000000000e+00,0.000000000000000000e+00,8.581489920616149902e-01,2.130202203989028931e-01,4.815991967916488647e-02,-1.661350250244140625e+00,1.001559644937515259e-01,3.476015627384185791e-01,-3.165336251258850098e-01,1.224140897393226624e-01,-1.850425004959106445e+00,-2.758017778396606445e-01
-2.167397499084472656e+00,1.645180583000183105e+00,8.350378274917602539e-01,-9.730727970600128174e-02,4.367759451270103455e-02,8.994758129119873047e-01,4.237532317638397217e-01,-6.439508199691772461e-01,-6.237707566469907761e-03,1.511971503496170044e-01,4.216131865978240967e-01,-1.917209774255752563e-01,1.933519095182418823e-01,-6.082927063107490540e-02,-5.598387122154235840e-02,-1.708459854125976562e-01,1.122024774551391602e+00,4.946820437908172607e-01,-1.079675182700157166e-01,1.889401823282241821e-01,0.000000000000000000e+00,0.000000000000000000e+00,7.658426761627197266e-01,1.975273638963699341e-01,1.070118322968482971e-02,-1.637193560600280762e+00,8.358881622552871704e-02,3.899497389793395996e-01,-3.024311959743499756e-01,1.093892678618431091e-01,-1.735671758651733398e+00,-2.784951329231262207e-01
-2.228045940399169922e+00,1.712515711784362793e+00,8.214873671531677246e-01,-1.069862022995948792e-01,5.224014818668365479e-02,9.129818677902221680e-01,3.902422189712524414e-01,-6.303569078445434570e-01,-3.942473977804183960e-02,1.044763475656509399e-01,5.209887623786926270e-01,-2.597153782844543457e-01,1.904065012931823730e-01,-3.179236650466918945e-01,-7.330501079559326172e-02,-2.107119262218475342e-01,1.372082352638244629e+00,4.557157158851623535e-01,-1.266756206750869751e-01,6.543479114770889282e-02,0.000000000000000000e+00,0.000000000000000000e+00,6.204109191894531250e-01,2.156739532947540283e-01,-5.548913404345512390e-02,-1.598413705825805664e+00,7.422494143247604370e-02,4.180250167846679688e-01,-2.928639650344848633e-01,1.160948723554611206e-01,-1.548380613327026367e+00,-2.952477633953094482e-01
-2.283056735992431641e+00,1.782074451446533203e+00,8.183636665344238281e-01,-1.219265088438987732e-01,4.925428703427314758e-02,9.260138273239135742e-01,3.538451194763183594e-01,-5.748616456985473633e-01,-3.467160090804100037e-02,6.525275111198425293e-02,5.489177107810974121e-01,-3.094624876976013184e-01,1.463859528303146362e-01,-5.654168128967285156e-01,-1.092208400368690491e-01,-2.724251151084899902e-01,1.452024579048156738e+00,3.505903184413909912e-01,-1.288717538118362427e-01,-6.882122904062271118e-02,0.000000000000000000e+00,0.000000000000000000e+00,4.416878223419189453e-01,2.556226849555969238e-01,-8.076955378055572510e-02,-1.622428178787231445e+00,5.555295571684837341e-02,4.683956205844879150e-01,-2.838312387466430664e-01,1.325310915708541870e-01,-1.435854911804199219e+00,-3.290049433708190918e-01
-2.350870370864868164e+00,1.859876394271850586e+00,8.294559121131896973e-01,-1.234500706195831299e-01,4.219910129904747009e-02,9.372605681419372559e-01,3.232985436916351318e-01,-4.127670526504516602e-01,-2.314020507037639618e-02,1.595245860517024994e-02,4.573169350624084473e-01,-3.051063716411590576e-01,9.370108693838119507e-02,-7.092534899711608887e-01,-1.699797660112380981e-01,-3.461339175701141357e-01,1.354412794113159180e+00,2.964403927326202393e-01,-1.250598132610321045e-01,-1.720590889453887939e-01,0.000000000000000000e+00,0.000000000000000000e+00,3.185819685459136963e-01,2.503334581851959229e-01,-7.725659012794494629e-02,-1.675789237022399902e+00,7.362231612205505371e-02,5.449168682098388672e-01,-2.899540066719055176e-01,1.465907245874404907e-01,-1.381294965744018555e+00,-2.425174415111541748e-01
-2.416370868682861328e+00,1.941491484642028809e+00,8.470109701156616211e-01,-1.228963285684585571e-01,3.381742537021636963e-02,9.486945271492004395e-01,2.893640100955963135e-01,-2.368322461843490601e-01,1.028350088745355606e-02,-4.339116811752319336e-02,3.269582390785217285e-01,-1.855663955211639404e-01,2.752397581934928894e-02,-8.063544631004333496e-01,-1.645372658967971802e-01,-3.637574017047882080e-01,1.146389126777648926e+00,2.833045125007629395e-01,-7.587929815053939819e-02,-2.799255549907684326e-01,0.000000000000000000e+00,0.000000000000000000e+00,2.446083724498748779e-01,2.578662037849426270e-01,-7.713374495506286621e-02,-1.748128533363342285e+00,5.492876470088958740e-02,6.223273873329162598e-01,-2.524815201759338379e-01,1.593825221061706543e-01,-1.341892004013061523e+00,-2.436424791812896729e-01
-2.484166145324707031e+00,2.026792526245117188e+00,8.667076826095581055e-01,-1.177475899457931519e-01,2.642902359366416931e-02,9.591198563575744629e-01,2.559807598590850830e-01,-7.683544605970382690e-02,6.279695779085159302e-02,-9.885545074939727783e-02,2.330467104911804199e-01,2.200568094849586487e-02,-3.512774035334587097e-02,-8.127017021179199219e-01,-1.387278437614440918e-01,-3.526358306407928467e-01,8.127900362014770508e-01,3.640064001083374023e-01,7.391720078885555267e-03,-3.803225457668304443e-01,0.000000000000000000e+00,0.000000000000000000e+00,2.027700543403625488e-01,2.792901694774627686e-01,-8.722489327192306519e-02,-1.828822851181030273e+00,2.137413481250405312e-03,6.944995522499084473e-01,-2.198369204998016357e-01,1.621508151292800903e-01,-1.304405689239501953e+00,-2.450358718633651733e-01
-2.558801889419555664e+00,2.114603757858276367e+00,8.822806477546691895e-01,-1.040080189704895020e-01,3.122504800558090210e-02,9.701206684112548828e-01,2.169635593891143799e-01,5.593771860003471375e-02,1.021749079227447510e-01,-1.473388671875000000e-01,1.885014027357101440e-01,2.238605022430419922e-01,-8.104472607374191284e-02,-7.571239471435546875e-01,-1.632648706436157227e-01,-3.279348313808441162e-01,4.452647864818572998e-01,4.475742578506469727e-01,7.219856977462768555e-02,-4.820220172405242920e-01,0.000000000000000000e+00,0.000000000000000000e+00,1.767403334379196167e-01,2.772753834724426270e-01,-1.115436479449272156e-01,-1.867497324943542480e+00,-2.446171827614307404e-02,7.596878409385681152e-01,-1.965498775243759155e-01,1.346543729305267334e-01,-1.279103875160217285e+00,-2.451005280017852783e-01
-2.656304597854614258e+00,2.216717958450317383e+00,9.256501793861389160e-01,-4.386774823069572449e-02,1.311462670564651489e-01,9.630685448646545410e-01,2.310309261083602905e-01,1.709980815649032593e-01,-8.166445791721343994e-02,-1.446963548660278320e-01,2.038709968328475952e-01,-3.114482164382934570e-01,-1.466926652938127518e-03,-7.066604495048522949e-01,-3.266901075839996338e-01,-1.332433372735977173e-01,1.665234863758087158e-01,3.822089731693267822e-01,1.235929951071739197e-01,-5.174545049667358398e-01,0.000000000000000000e+00,0.000000000000000000e+00,1.188524514436721802e-01,8.566109836101531982e-02,-1.798554807901382446e-01,-1.867499947547912598e+00,-1.495967339724302292e-02,7.901657819747924805e-01,-3.298933506011962891e-01,-2.007672004401683807e-02,-1.279940605163574219e+00,-2.400944083929061890e-01
-2.746324062347412109e+00,2.315106630325317383e+00,9.454007744789123535e-01,-7.892982102930545807e-03,1.555566638708114624e-01,9.513854384422302246e-01,2.657169997692108154e-01,2.518406808376312256e-01,-1.721799522638320923e-01,-1.625313162803649902e-01,3.897166252136230469e-01,-4.752650260925292969e-01,2.668760158121585846e-02,-6.756160855293273926e-01,-3.664470016956329346e-01,-1.137844994664192200e-01,7.042963057756423950e-02,3.407496213912963867e-01,1.203203871846199036e-01,-4.784372150897979736e-01,0.000000000000000000e+00,0.000000000000000000e+00,1.437744498252868652e-01,3.333885967731475830e-02,-2.088639289140701294e-01,-1.867499947547912598e+00,2.403461001813411713e-02,8.439771533012390137e-01,-3.682212233543395996e-01,-1.199769750237464905e-01,-1.315161108970642090e+00,-2.313068658113479614e-01
-2.817620754241943359e+00,2.404233932495117188e+00,9.355089664459228516e-01,-1.104319002479314804e-03,1.472304910421371460e-01,9.472498297691345215e-01,2.846748530864715576e-01,1.570886522531509399e-01,-1.745299994945526123e-01,-1.096880212426185608e-01,7.458081841468811035e-01,-6.282427906990051270e-01,6.349793821573257446e-02,-6.216141581535339355e-01,-3.418544530868530273e-01,-2.029547542333602905e-01,6.397227942943572998e-02,3.793868422508239746e-01,1.272896677255630493e-01,-4.155316948890686035e-01,0.000000000000000000e+00,0.000000000000000000e+00,1.834998726844787598e-01,7.248080521821975708e-02,-2.343230843544006348e-01,-1.867499947547912598e+00,6.699045747518539429e-02,8.484064340591430664e-01,-3.529516160488128662e-01,-1.750447452068328857e-01,-1.318720102310180664e+00,-2.280013263225555420e-01
-2.880156517028808594e+00,2.489412784576416016e+00,9.060189127922058105e-01,-3.639467991888523102e-03,1.342645585536956787e-01,9.418206810951232910e-01,3.081130385398864746e-01,-6.216100882738828659e-04,-1.745299994945526123e-01,-5.349333584308624268e-02,1.107507586479187012e+00,-7.668634653091430664e-01,7.562850415706634521e-02,-5.292061567306518555e-01,-2.555888891220092773e-01,-1.658234298229217529e-01,8.933158963918685913e-02,4.858783483505249023e-01,1.167728528380393982e-01,-3.544749915599822998e-01,0.000000000000000000e+00,0.000000000000000000e+00,2.484213411808013916e-01,9.316012263298034668e-02,-2.349377423524856567e-01,-1.867499947547912598e+00,4.270388558506965637e-02,7.913401126861572266e-01,-3.709071576595306396e-01,-1.529627740383148193e-01,-1.312629699707031250e+00,-2.424737960100173950e-01
-2.960476636886596680e+00,2.554921388626098633e+00,8.893891572952270508e-01,2.109476737678050995e-02,1.554630249738693237e-01,9.224735498428344727e-01,3.527447283267974854e-01,-9.511982649564743042e-02,-1.694567501544952393e-01,1.689812839031219482e-01,1.288914918899536133e+00,-7.525097727775573730e-01,1.105729863047599792e-01,-4.695623815059661865e-01,-2.628770172595977783e-01,-2.292367257177829742e-02,1.631544679403305054e-01,2.438249737024307251e-01,1.099882125854492188e-01,-2.431313842535018921e-01,0.000000000000000000e+00,0.000000000000000000e+00,3.735805153846740723e-01,5.216480791568756104e-02,-2.537372708320617676e-01,-1.860607266426086426e+00,5.594650655984878540e-02,7.287462949752807617e-01,-4.511804878711700439e-01,-1.565758585929870605e-01,-1.274398207664489746e+00,-2.421150356531143188e-01
