3.201472282409667969e+00,-3.268096685409545898e+00,8.205972909927368164e-01,-1.260552555322647095e-01,6.831398699432611465e-03,9.243012070655822754e-01,3.601815402507781982e-01,-7.668918464332818985e-03,2.957980148494243622e-02,3.885196149349212646e-01,1.541813462972640991e-01,-6.043784618377685547e-01,1.722690314054489136e-01,-6.136102080345153809e-01,1.745299994945526123e-01,1.569569408893585205e-01,5.819385647773742676e-01,2.786250710487365723e-01,1.037670820951461792e-01,-4.017136991024017334e-02,0.000000000000000000e+00,0.000000000000000000e+00,-3.137767612934112549e-01,8.633838593959808350e-02,-2.321604341268539429e-01,-8.672582507133483887e-01,3.084540925920009613e-02,2.944023907184600830e-01,-4.041551053524017334e-02,1.798280775547027588e-01,-3.847156763076782227e-01,-1.131644994020462036e-01
3.115305662155151367e+00,-3.191030263900756836e+00,8.100312948226928711e-01,-1.575504541397094727e-01,9.184878319501876831e-02,9.677265882492065430e-01,1.739163100719451904e-01,-1.874251365661621094e-01,-1.978491246700286865e-02,8.791701495647430420e-02,3.662033379077911377e-01,-7.195082306861877441e-01,1.553609371185302734e-01,-8.935541510581970215e-01,-1.718698143959045410e-01,3.891085507348179817e-03,7.517762780189514160e-01,3.946239501237869263e-02,1.263162493705749512e-01,-4.462358355522155762e-01,0.000000000000000000e+00,0.000000000000000000e+00,1.198728289455175400e-02,1.825473755598068237e-01,-1.962695270776748657e-01,-1.800643920898437500e+00,3.995868377387523651e-03,7.563646435737609863e-01,-2.217911183834075928e-01,1.143146231770515442e-01,-1.155245661735534668e+00,-3.370078802108764648e-01
3.036866664886474609e+00,-3.113286972045898438e+00,8.241750001907348633e-01,-1.467429995536804199e-01,1.208858862519264221e-01,9.696819782257080078e-01,1.535249799489974976e-01,-9.258013218641281128e-02,3.705884888768196106e-02,2.784129977226257324e-01,2.980536520481109619e-01,-6.323145031929016113e-01,1.277034878730773926e-01,-8.891816735267639160e-01,-3.274199068546295166e-01,-2.407271862030029297e-01,5.276261568069458008e-01,3.176117241382598877e-01,1.766344755887985229e-01,-5.180948972702026367e-01,0.000000000000000000e+00,0.000000000000000000e+00,-2.719367109239101410e-02,1.300493478775024414e-01,-1.871924102306365967e-01,-1.867494821548461914e+00,-7.602433674037456512e-03,7.901085615158081055e-01,-2.216107845306396484e-01,8.524334430694580078e-02,-1.162520647048950195e+00,-3.193093240261077881e-01
2.955720663070678711e+00,-3.038550138473510742e+00,8.364841938018798828e-01,-1.363383084535598755e-01,1.449888497591018677e-01,9.675263166427612305e-01,1.558299213647842407e-01,-1.919937133789062500e-02,-5.121440812945365906e-02,-6.100913509726524353e-02,2.675906121730804443e-01,-6.227530837059020996e-01,9.533610194921493530e-02,-8.285350799560546875e-01,-3.245245516300201416e-01,-1.459078639745712280e-01,2.111845761537551880e-01,2.807531058788299561e-01,1.505127698183059692e-01,-5.472931861877441406e-01,0.000000000000000000e+00,0.000000000000000000e+00,-6.641069799661636353e-02,1.054194569587707520e-01,-1.922056376934051514e-01,-1.867499947547912598e+00,-3.635343536734580994e-02,7.928811311721801758e-01,-2.295496016740798950e-01,6.272581219673156738e-02,-1.203556537628173828e+00,-3.148830831050872803e-01
2.873380184173583984e+00,-2.976011514663696289e+00,8.435940742492675781e-01,-1.190685927867889404e-01,1.644127517938613892e-01,9.654806256294250488e-01,1.632122397422790527e-01,4.148590378463268280e-03,-1.471496224403381348e-01,-1.893651783466339111e-01,4.014815390110015869e-01,-6.130247116088867188e-01,7.897708564996719360e-02,-7.983917593955993652e-01,-3.787261247634887695e-01,-2.049100697040557861e-01,1.303292661905288696e-01,2.136502116918563843e-01,1.127049997448921204e-01,-5.480099916458129883e-01,0.000000000000000000e+00,0.000000000000000000e+00,-5.013889074325561523e-02,9.012191742658615112e-02,-1.990662366151809692e-01,-1.867499947547912598e+00,-2.008234150707721710e-02,7.701067328453063965e-01,-2.553333044052124023e-01,8.653544820845127106e-03,-1.227617859840393066e+00,-3.048308491706848145e-01
2.803217887878417969e+00,-2.906401634216308594e+00,8.359796404838562012e-01,-1.116064041852951050e-01,1.645247340202331543e-01,9.611352086067199707e-01,1.915588229894638062e-01,-3.673714399337768555e-02,-1.703020036220550537e-01,-1.181152835488319397e-01,5.770570635795593262e-01,-5.038235783576965332e-01,5.524776503443717957e-02,-7.592299580574035645e-01,-3.501290678977966309e-01,-2.815917134284973145e-01,1.621868014335632324e-01,1.717774271965026855e-01,6.888446211814880371e-02,-4.716571867465972900e-01,0.000000000000000000e+00,0.000000000000000000e+00,4.235196858644485474e-02,1.092673167586326599e-01,-1.964929103851318359e-01,-1.867499947547912598e+00,-4.269194789230823517e-03,7.187016606330871582e-01,-2.619805037975311279e-01,-4.873768985271453857e-02,-1.219787240028381348e+00,-2.771730124950408936e-01
2.745245218276977539e+00,-2.837808370590209961e+00,8.117462992668151855e-01,-1.136593893170356750e-01,1.252010017633438110e-01,9.618993997573852539e-01,2.148389667272567749e-01,6.994196772575378418e-02,-3.650764375925064087e-02,3.459496423602104187e-02,5.501220226287841797e-01,3.147264420986175537e-01,6.393258273601531982e-02,-6.900696158409118652e-01,-2.235235422849655151e-01,-2.851324081420898438e-01,2.366250902414321899e-01,9.100327640771865845e-02,-6.371159106492996216e-02,-3.785372972488403320e-01,0.000000000000000000e+00,0.000000000000000000e+00,1.849724501371383667e-01,1.916673779487609863e-01,-2.179410457611083984e-01,-1.825301766395568848e+00,8.503406494855880737e-02,6.522258520126342773e-01,-2.134774476289749146e-01,1.264098938554525375e-02,-1.202277183532714844e+00,-2.492370307445526123e-01
2.674778938293457031e+00,-2.764706611633300781e+00,8.001905083656311035e-01,-1.084194034337997437e-01,1.290182471275329590e-01,9.522309303283691406e-01,2.546680569648742676e-01,-1.105244532227516174e-01,-6.308434158563613892e-02,9.995937347412109375e-02,8.866688609123229980e-01,2.584939301013946533e-01,9.619180113077163696e-02,-6.597025990486145020e-01,-1.772929131984710693e-01,-2.116733491420745850e-01,3.734424710273742676e-01,-7.550688087940216064e-02,-1.227805987000465393e-01,-2.745575606822967529e-01,0.000000000000000000e+00,0.000000000000000000e+00,2.575001418590545654e-01,2.061858326196670532e-01,-2.321604639291763306e-01,-1.678768396377563477e+00,5.140249431133270264e-02,5.452616810798645020e-01,-2.343783676624298096e-01,2.213659323751926422e-02,-1.177137255668640137e+00,-2.532039880752563477e-01
2.611505031585693359e+00,-2.696876525878906250e+00,7.857322096824645996e-01,-1.174329444766044617e-01,1.238003671169281006e-01,9.432601928710937500e-01,2.848564684391021729e-01,-3.716374337673187256e-01,-5.379153415560722351e-02,1.502476483583450317e-01,1.185495495796203613e+00,2.142908424139022827e-01,1.128791794180870056e-01,-6.570643782615661621e-01,-1.213172823190689087e-01,-1.496623456478118896e-01,5.138666629791259766e-01,-2.563587725162506104e-01,-1.775190085172653198e-01,-1.623056083917617798e-01,0.000000000000000000e+00,0.000000000000000000e+00,3.242256939411163330e-01,2.424316406250000000e-01,-2.348088324069976807e-01,-1.524715423583984375e+00,-1.859566383063793182e-02,4.185808598995208740e-01,-2.690505683422088623e-01,3.993040695786476135e-02,-1.204950094223022461e+00,-2.442258447408676147e-01
2.551319360733032227e+00,-2.631152153015136719e+00,7.725421786308288574e-01,-1.333414763212203979e-01,1.242956593632698059e-01,9.299943447113037109e-01,3.191882669925689697e-01,-6.427729129791259766e-01,-2.298548817634582520e-02,2.154268473386764526e-01,1.342595577239990234e+00,1.823505163192749023e-01,1.197458878159523010e-01,-6.200447082519531250e-01,-7.605714350938796997e-02,-1.258658617734909058e-01,5.670853853225708008e-01,-3.720144927501678467e-01,-1.953096389770507812e-01,-2.114060707390308380e-02,0.000000000000000000e+00,0.000000000000000000e+00,4.071637094020843506e-01,2.769495546817779541e-01,-2.466387748718261719e-01,-1.472505569458007812e+00,-1.434720680117607117e-02,2.909710407257080078e-01,-3.095796108245849609e-01,7.903653383255004883e-02,-1.334154248237609863e+00,-2.352203577756881714e-01
2.482881069183349609e+00,-2.562806606292724609e+00,7.733121514320373535e-01,-1.410540789365768433e-01,1.280306428670883179e-01,9.128538966178894043e-01,3.611227869987487793e-01,-8.515036702156066895e-01,9.748060256242752075e-03,2.690981030464172363e-01,1.325035691261291504e+00,1.280411481857299805e-01,1.290914565324783325e-01,-5.027143359184265137e-01,-3.136716410517692566e-02,-5.077830329537391663e-02,5.052173137664794922e-01,-3.878393173217773438e-01,-1.488015800714492798e-01,1.261424869298934937e-01,0.000000000000000000e+00,0.000000000000000000e+00,5.416584014892578125e-01,2.999928295612335205e-01,-1.998676210641860962e-01,-1.524690985679626465e+00,3.784154728055000305e-02,2.142601460218429565e-01,-3.095531463623046875e-01,7.744427025318145752e-02,-1.472931742668151855e+00,-3.934833705425262451e-01
2.404054641723632812e+00,-2.488232851028442383e+00,7.873277068138122559e-01,-1.334958225488662720e-01,1.400374919176101685e-01,9.009475708007812500e-01,3.884093761444091797e-01,-9.617767333984375000e-01,-1.951478421688079834e-02,2.785477340221405029e-01,1.133412361145019531e+00,1.035418212413787842e-01,1.026908159255981445e-01,-3.000112473964691162e-01,-4.594510793685913086e-02,1.863335445523262024e-02,3.403348326683044434e-01,-2.792707383632659912e-01,-5.812350288033485413e-02,2.379051446914672852e-01,0.000000000000000000e+00,0.000000000000000000e+00,6.402036547660827637e-01,2.889358401298522949e-01,-1.854382306337356567e-01,-1.554543614387512207e+00,5.413359031081199646e-02,1.695134788751602173e-01,-3.369390368461608887e-01,6.846293807029724121e-02,-1.639727711677551270e+00,-4.095267355442047119e-01
2.321794986724853516e+00,-2.414708375930786133e+00,8.006465435028076172e-01,-1.242330595850944519e-01,1.567907929420471191e-01,8.869949579238891602e-01,4.162004292011260986e-01,-9.848924875259399414e-01,-3.863074257969856262e-02,3.076816499233245850e-01,8.351888060569763184e-01,1.687737852334976196e-01,5.739983916282653809e-02,-1.241502985358238220e-01,-9.041776508092880249e-02,1.052481532096862793e-01,2.089161276817321777e-01,-2.465426549315452576e-02,6.300167739391326904e-02,3.348360955715179443e-01,0.000000000000000000e+00,0.000000000000000000e+00,7.334572076797485352e-01,2.567448616027832031e-01,-1.647714078426361084e-01,-1.590674042701721191e+00,9.793669730424880981e-02,1.412349939346313477e-01,-4.140389561653137207e-01,3.275652974843978882e-02,-1.789664030075073242e+00,-3.078782260417938232e-01
2.237350702285766602e+00,-2.339908123016357422e+00,8.106160163879394531e-01,-1.139927431941032410e-01,1.668566763401031494e-01,8.695586323738098145e-01,4.505910873413085938e-01,-9.581567049026489258e-01,-5.899819359183311462e-02,2.869343459606170654e-01,5.044969916343688965e-01,2.482938617467880249e-01,1.476461440324783325e-02,3.286763560026884079e-03,-1.453753560781478882e-01,2.101421803236007690e-01,1.588592529296875000e-01,2.868742942810058594e-01,1.642332226037979126e-01,4.291307628154754639e-01,0.000000000000000000e+00,0.000000000000000000e+00,8.132424950599670410e-01,2.343027740716934204e-01,-1.722044199705123901e-01,-1.629013061523437500e+00,1.217699572443962097e-01,1.108646318316459656e-01,-4.589289128780364990e-01,4.790426790714263916e-02,-1.867493987083435059e+00,-2.584774196147918701e-01
2.155725955963134766e+00,-2.258453607559204102e+00,8.258378505706787109e-01,-1.037165075540542603e-01,1.490186750888824463e-01,8.514677286148071289e-01,4.919745922088623047e-01,-8.822929859161376953e-01,-1.092597469687461853e-02,2.610818147659301758e-01,2.229936271905899048e-01,2.268194407224655151e-01,-1.081108860671520233e-02,1.338767707347869873e-01,-1.913248747587203979e-01,2.546016573905944824e-01,8.986242860555648804e-02,4.690947532653808594e-01,1.770332157611846924e-01,5.403638482093811035e-01,0.000000000000000000e+00,0.000000000000000000e+00,9.142407774925231934e-01,2.297133654356002808e-01,-1.674072742462158203e-01,-1.682614564895629883e+00,1.399027556180953979e-01,5.861288681626319885e-02,-4.674499034881591797e-01,1.161042749881744385e-01,-1.867499947547912598e+00,-2.412609159946441650e-01
2.073051452636718750e+00,-2.175903558731079102e+00,8.399923443794250488e-01,-9.787113964557647705e-02,1.071078777313232422e-01,8.523718714714050293e-01,5.024055242538452148e-01,-8.050293922424316406e-01,4.981126636266708374e-02,3.383728861808776855e-01,1.136565655469894409e-01,1.700245290994644165e-01,-1.790060289204120636e-02,2.392888963222503662e-01,-1.648675650358200073e-01,1.763722598552703857e-01,1.153249740600585938e-01,4.608841836452484131e-01,1.286461353302001953e-01,5.529909133911132812e-01,0.000000000000000000e+00,0.000000000000000000e+00,1.027112722396850586e+00,2.324005514383316040e-01,-7.128086686134338379e-02,-1.774033784866333008e+00,1.412034630775451660e-01,5.849941819906234741e-02,-3.896630406379699707e-01,1.425563246011734009e-01,-1.867499947547912598e+00,-2.646191418170928955e-01
1.989694833755493164e+00,-2.093622922897338867e+00,8.462961316108703613e-01,-1.002900525927543640e-01,7.120721787214279175e-02,8.634286522865295410e-01,4.892467856407165527e-01,-7.305306792259216309e-01,6.298952549695968628e-02,4.029819071292877197e-01,1.188241541385650635e-01,1.143466234207153320e-01,8.945150300860404968e-03,2.776831090450286865e-01,-1.179759651422500610e-01,9.084860980510711670e-02,2.682729959487915039e-01,5.057993531227111816e-01,7.921015471220016479e-02,5.201395750045776367e-01,0.000000000000000000e+00,0.000000000000000000e+00,1.019393444061279297e+00,2.330500185489654541e-01,-2.167578041553497314e-02,-1.781588077545166016e+00,1.298286765813827515e-01,1.109664440155029297e-01,-3.296659886837005615e-01,1.325729489326477051e-01,-1.867499947547912598e+00,-2.911932468414306641e-01
1.908495545387268066e+00,-2.012574672698974609e+00,8.396645188331604004e-01,-1.080228164792060852e-01,4.130365327000617981e-02,8.800313472747802734e-01,4.606190919876098633e-01,-6.584213972091674805e-01,2.520593442022800446e-02,3.030169010162353516e-01,1.699545979499816895e-01,9.799517691135406494e-02,3.828731551766395569e-02,1.927180141210556030e-01,-7.833639532327651978e-02,-3.951877355575561523e-02,6.322812438011169434e-01,5.061399936676025391e-01,-1.204924564808607101e-02,4.528422355651855469e-01,0.000000000000000000e+00,0.000000000000000000e+00,9.436177611351013184e-01,2.498529553413391113e-01,-4.488699603825807571e-03,-1.757267236709594727e+00,1.204000934958457947e-01,2.064846009016036987e-01,-2.698016166687011719e-01,9.515211731195449829e-02,-1.867499947547912598e+00,-2.868912220001220703e-01
1.829213976860046387e+00,-1.932917594909667969e+00,8.294813036918640137e-01,-1.229604855179786682e-01,1.629165746271610260e-02,8.963613510131835938e-01,4.256191551685333252e-01,-5.981776714324951172e-01,-1.730393618345260620e-02,1.157950386404991150e-01,2.307944446802139282e-01,7.966891862452030182e-04,7.466255873441696167e-02,6.462440639734268188e-02,-5.693838372826576233e-02,-1.509191989898681641e-01,9.267956018447875977e-01,5.061399936676025391e-01,-9.700666368007659912e-02,3.587990105152130127e-01,0.000000000000000000e+00,0.000000000000000000e+00,8.484330773353576660e-01,2.620455622673034668e-01,-7.778083439916372299e-03,-1.730622887611389160e+00,9.171346575021743774e-02,3.251836299896240234e-01,-2.395804673433303833e-01,8.481897413730621338e-02,-1.867499947547912598e+00,-2.542810440063476562e-01
1.750709295272827148e+00,-1.859733700752258301e+00,8.135523200035095215e-01,-1.286502033472061157e-01,1.530801504850387573e-02,9.156015515327453613e-01,3.806423246860504150e-01,-5.754431486129760742e-01,-7.252215594053268433e-02,5.783824995160102844e-02,3.710313141345977783e-01,-1.867752820253372192e-01,1.770135611295700073e-01,-1.322329640388488770e-01,-8.023217320442199707e-02,-2.236225306987762451e-01,1.250310778617858887e+00,4.723197221755981445e-01,-1.293891966342926025e-01,2.095135748386383057e-01,0.000000000000000000e+00,0.000000000000000000e+00,7.451388239860534668e-01,2.608126401901245117e-01,-3.966341540217399597e-02,-1.730120062828063965e+00,7.307853549718856812e-02,4.449055492877960205e-01,-2.450642585754394531e-01,7.339815050363540649e-02,-1.841833114624023438e+00,-3.124482929706573486e-01
1.681112647056579590e+00,-1.789660930633544922e+00,7.941895723342895508e-01,-1.365909129381179810e-01,2.759883366525173187e-02,9.293968677520751953e-01,3.417641222476959229e-01,-5.422438979148864746e-01,-1.167799532413482666e-01,6.062948610633611679e-03,4.603516459465026855e-01,-3.109183311462402344e-01,2.077111452817916870e-01,-3.948517739772796631e-01,-1.017043590545654297e-01,-2.470771521329879761e-01,1.503111362457275391e+00,4.219000637531280518e-01,-9.103433787822723389e-02,5.757051706314086914e-02,0.000000000000000000e+00,0.000000000000000000e+00,5.964370965957641602e-01,2.701083123683929443e-01,-9.453429281711578369e-02,-1.727124333381652832e+00,5.073758959770202637e-02,5.070294737815856934e-01,-2.557975351810455322e-01,7.447736710309982300e-02,-1.681760668754577637e+00,-2.869021296501159668e-01
1.606438875198364258e+00,-1.715145468711853027e+00,7.914620637893676758e-01,-1.421538740396499634e-01,2.498426102101802826e-02,9.406902194023132324e-01,3.070341944694519043e-01,-4.082835018634796143e-01,-1.191016137599945068e-01,-7.827735692262649536e-02,4.199140071868896484e-01,-3.380447626113891602e-01,1.470535099506378174e-01,-6.108741164207458496e-01,-1.253107786178588867e-01,-2.821525037288665771e-01,1.541798353195190430e+00,3.744901418685913086e-01,-7.263174653053283691e-02,-6.713239848613739014e-02,0.000000000000000000e+00,0.000000000000000000e+00,4.461600780487060547e-01,3.180092871189117432e-01,-1.226175278425216675e-01,-1.768912315368652344e+00,2.013174816966056824e-02,5.969884991645812988e-01,-2.346876859664916992e-01,9.208537638187408447e-02,-1.590912222862243652e+00,-2.760620117187500000e-01
1.530850291252136230e+00,-1.635632395744323730e+00,8.040124773979187012e-01,-1.454710215330123901e-01,1.365215703845024109e-02,9.489223957061767578e-01,2.796392142772674561e-01,-2.181461900472640991e-01,-6.933931261301040649e-02,-1.483145803213119507e-01,2.944689095020294189e-01,-2.511780261993408203e-01,6.551468372344970703e-02,-7.851620316505432129e-01,-8.815747499465942383e-02,-2.882972657680511475e-01,1.408729076385498047e+00,3.241131901741027832e-01,-4.549830779433250427e-02,-1.689851880073547363e-01,0.000000000000000000e+00,0.000000000000000000e+00,3.427058160305023193e-01,3.142196834087371826e-01,-1.250460445880889893e-01,-1.831383585929870605e+00,6.372855603694915771e-02,6.856431365013122559e-01,-2.141856700181961060e-01,1.188284531235694885e-01,-1.517398238182067871e+00,-2.898148298263549805e-01
1.447560429573059082e+00,-1.553145885467529297e+00,8.223572969436645508e-01,-1.423848271369934082e-01,-4.879731684923171997e-03,9.575986266136169434e-01,2.504149079322814941e-01,-3.781681507825851440e-02,2.453052671626210213e-03,-2.473648786544799805e-01,1.953561305999755859e-01,-3.726476430892944336e-02,-2.189820446074008942e-02,-8.504019379615783691e-01,-4.962090030312538147e-02,-2.959615886211395264e-01,1.144771575927734375e+00,3.410013020038604736e-01,-8.167938794940710068e-04,-2.723099887371063232e-01,0.000000000000000000e+00,0.000000000000000000e+00,2.776931226253509521e-01,3.452535867691040039e-01,-1.224530711770057678e-01,-1.867497801780700684e+00,5.385787785053253174e-02,7.639788985252380371e-01,-1.993299722671508789e-01,1.520243734121322632e-01,-1.459933161735534668e+00,-2.848280072212219238e-01
1.360753297805786133e+00,-1.472549319267272949e+00,8.411777615547180176e-01,-1.330528259277343750e-01,-1.423364318907260895e-02,9.680311083793640137e-01,2.121557891368865967e-01,9.505044668912887573e-02,7.075045257806777954e-02,-3.114869594573974609e-01,1.563403308391571045e-01,2.309614121913909912e-01,-1.191581413149833679e-01,-8.018333315849304199e-01,-9.092310070991516113e-02,-3.743988871574401855e-01,7.955505251884460449e-01,4.220756888389587402e-01,8.648159913718700409e-03,-3.924047350883483887e-01,0.000000000000000000e+00,0.000000000000000000e+00,2.179019302129745483e-01,3.489218950271606445e-01,-1.442195624113082886e-01,-1.867499947547912598e+00,1.969878189265727997e-02,8.411284685134887695e-01,-1.669207364320755005e-01,1.817541420459747314e-01,-1.422957658767700195e+00,-3.198960721492767334e-01
1.270926356315612793e+00,-1.392549872398376465e+00,8.561382889747619629e-01,-1.166065037250518799e-01,5.147876217961311340e-03,9.807535409927368164e-01,1.565212756395339966e-01,1.891681998968124390e-01,1.268066614866256714e-01,-3.234242200851440430e-01,1.301688849925994873e-01,3.854581415653228760e-01,-9.890837967395782471e-02,-7.346958518028259277e-01,-1.453184783458709717e-01,-3.569527566432952881e-01,4.252955913543701172e-01,4.421135485172271729e-01,4.407564550638198853e-02,-5.304007530212402344e-01,0.000000000000000000e+00,0.000000000000000000e+00,1.649769544601440430e-01,3.235114216804504395e-01,-1.786673069000244141e-01,-1.867499947547912598e+00,1.866225339472293854e-02,8.918415904045104980e-01,-1.904905736446380615e-01,1.330993175506591797e-01,-1.403251290321350098e+00,-2.788870036602020264e-01
1.175032377243041992e+00,-1.312279105186462402e+00,8.690142631530761719e-01,-9.060039371252059937e-02,4.673923179507255554e-02,9.868499636650085449e-01,1.254356652498245239e-01,2.676181495189666748e-01,1.198709607124328613e-01,-2.793985307216644287e-01,1.600228250026702881e-01,3.785153925418853760e-01,-6.322528421878814697e-02,-6.962600946426391602e-01,-2.454248815774917603e-01,-2.919596433639526367e-01,1.873147785663604736e-01,3.151825368404388428e-01,5.588627979159355164e-02,-6.337989568710327148e-01,0.000000000000000000e+00,0.000000000000000000e+00,1.309151649475097656e-01,2.487951517105102539e-01,-2.011632025241851807e-01,-1.867499947547912598e+00,1.516549661755561829e-02,9.143775701522827148e-01,-2.185319513082504272e-01,4.922219365835189819e-02,-1.419532060623168945e+00,-3.102201819419860840e-01
1.079710960388183594e+00,-1.229101777076721191e+00,8.736630082130432129e-01,-7.344748079776763916e-02,8.825242519378662109e-02,9.833145141601562500e-01,1.411010473966598511e-01,3.028981089591979980e-01,7.178314030170440674e-02,-1.707092970609664917e-01,2.770806550979614258e-01,3.999946415424346924e-01,-9.524866007268428802e-03,-6.868124008178710938e-01,-2.883532345294952393e-01,-2.441162914037704468e-01,1.026810184121131897e-01,2.735969126224517822e-01,6.640456616878509521e-02,-6.215113401412963867e-01,0.000000000000000000e+00,0.000000000000000000e+00,1.381242275238037109e-01,1.935035884380340576e-01,-2.102348059415817261e-01,-1.867499947547912598e+00,2.860840223729610443e-02,8.680680394172668457e-01,-2.607003748416900635e-01,-2.481697686016559601e-02,-1.410863399505615234e+00,-2.636427283287048340e-01
9.867572784423828125e-01,-1.144186377525329590e+00,8.689316511154174805e-01,-6.112050637602806091e-02,1.305304318666458130e-01,9.716846942901611328e-01,1.872295290231704712e-01,2.650797665119171143e-01,-3.967915475368499756e-02,-1.198558360338211060e-01,5.122289657592773438e-01,4.126254916191101074e-01,3.813268989324569702e-02,-6.546828746795654297e-01,-2.897598743438720703e-01,-2.465075254440307617e-01,1.027640476822853088e-01,2.351577132940292358e-01,5.237523093819618225e-02,-5.336608290672302246e-01,0.000000000000000000e+00,0.000000000000000000e+00,1.886773854494094849e-01,1.356391310691833496e-01,-2.244707047939300537e-01,-1.867499947547912598e+00,5.689081549644470215e-02,7.933344244956970215e-01,-3.128131330013275146e-01,-5.449255183339118958e-02,-1.399857401847839355e+00,-2.156908363103866577e-01
8.997329473495483398e-01,-1.063316702842712402e+00,8.498088121414184570e-01,-5.387056618928909302e-02,1.590319424867630005e-01,9.575480818748474121e-01,2.343255728483200073e-01,1.192169785499572754e-01,-1.308840513229370117e-01,-2.876483462750911713e-02,8.585404157638549805e-01,3.345313072204589844e-01,7.206027209758758545e-02,-5.922502279281616211e-01,-2.545856535434722900e-01,-2.353032678365707397e-01,1.377518922090530396e-01,2.114122509956359863e-01,2.859659306704998016e-02,-4.376826584339141846e-01,0.000000000000000000e+00,0.000000000000000000e+00,2.631153464317321777e-01,1.114243194460868835e-01,-2.334774583578109741e-01,-1.867499947547912598e+00,3.916451707482337952e-02,7.005891203880310059e-01,-3.726824820041656494e-01,-5.930205062031745911e-02,-1.390745401382446289e+00,-2.209718227386474609e-01
8.230105638504028320e-01,-9.865843057632446289e-01,8.303360342979431152e-01,-5.864508450031280518e-02,1.443198621273040771e-01,9.467900991439819336e-01,2.816399633884429932e-01,-8.472383767366409302e-02,-9.356150776147842407e-02,1.140545159578323364e-01,1.197033286094665527e+00,2.597247958183288574e-01,1.180944442749023438e-01,-5.505288243293762207e-01,-1.607250273227691650e-01,-1.818207502365112305e-01,2.439590841531753540e-01,-1.324688270688056946e-02,-1.007080972194671631e-01,-3.171553909778594971e-01,0.000000000000000000e+00,0.000000000000000000e+00,3.493450880050659180e-01,1.558738052845001221e-01,-2.345741391181945801e-01,-1.790250897407531738e+00,3.612657263875007629e-02,6.152027845382690430e-01,-3.949468433856964111e-01,-1.113434974104166031e-02,-1.379850983619689941e+00,-1.900428235530853271e-01
7.519349455833435059e-01,-9.099630117416381836e-01,8.075171113014221191e-01,-7.710522413253784180e-02,1.275660246610641479e-01,9.368061423301696777e-01,3.165057599544525146e-01,-3.593065738677978516e-01,-3.316352516412734985e-02,1.843950748443603516e-01,1.451587677001953125e+00,1.836854815483093262e-01,1.446443498134613037e-01,-5.636588335037231445e-01,-8.164678514003753662e-02,-1.177750304341316223e-01,4.206373393535614014e-01,-1.872914284467697144e-01,-1.620120406150817871e-01,-1.892816275358200073e-01,0.000000000000000000e+00,0.000000000000000000e+00,3.950818777084350586e-01,2.182896733283996582e-01,-2.380130589008331299e-01,-1.667397975921630859e+00,2.021522447466850281e-02,5.044115185737609863e-01,-3.791739046573638916e-01,4.403549805283546448e-02,-1.393948793411254883e+00,-2.011193633079528809e-01
6.783998012542724609e-01,-8.349823951721191406e-01,7.947393059730529785e-01,-9.772993624210357666e-02,1.219017505645751953e-01,9.214220046997070312e-01,3.557672202587127686e-01,-6.298784613609313965e-01,1.635591499507427216e-02,2.407431155443191528e-01,1.517084121704101562e+00,1.145091131329536438e-01,1.367876231670379639e-01,-5.248991847038269043e-01,-2.345366962254047394e-02,-7.075270265340805054e-02,4.925028979778289795e-01,-3.062935173511505127e-01,-1.608317494392395020e-01,-3.049032576382160187e-02,0.000000000000000000e+00,0.000000000000000000e+00,4.609933197498321533e-01,2.492642104625701904e-01,-2.223412990570068359e-01,-1.606676220893859863e+00,4.160936549305915833e-02,3.920516669750213623e-01,-3.707560896873474121e-01,8.509235084056854248e-02,-1.460069894790649414e+00,-2.676769196987152100e-01
5.919824242591857910e-01,-7.581888437271118164e-01,7.986317276954650879e-01,-9.918430447578430176e-02,1.295858025550842285e-01,9.088314175605773926e-01,3.839212059974670410e-01,-8.098776936531066895e-01,3.196860849857330322e-02,2.867321670055389404e-01,1.394938349723815918e+00,6.641463935375213623e-02,1.529881954193115234e-01,-3.640376627445220947e-01,-2.128705568611621857e-02,-3.429271047934889793e-03,4.217612445354461670e-01,-3.180587589740753174e-01,-9.453352540731430054e-02,1.021205782890319824e-01,0.000000000000000000e+00,0.000000000000000000e+00,5.690075159072875977e-01,2.436369657516479492e-01,-1.927783042192459106e-01,-1.624408483505249023e+00,4.684669524431228638e-02,3.260444402694702148e-01,-4.017308354377746582e-01,9.855078905820846558e-02,-1.602370858192443848e+00,-2.595563530921936035e-01
5.015214085578918457e-01,-6.747626662254333496e-01,8.106205463409423828e-01,-9.472727030515670776e-02,1.426763087511062622e-01,8.960062861442565918e-01,4.096864163875579834e-01,-8.908557891845703125e-01,2.387088723480701447e-02,3.205389678478240967e-01,1.122937560081481934e+00,7.791870087385177612e-02,1.292083561420440674e-01,-1.605993807315826416e-01,-4.747314006090164185e-02,9.345024079084396362e-02,2.797346711158752441e-01,-1.679912209510803223e-01,-5.435193888843059540e-03,2.199191600084304810e-01,0.000000000000000000e+00,0.000000000000000000e+00,6.730765700340270996e-01,2.238308340311050415e-01,-1.541073471307754517e-01,-1.650965094566345215e+00,6.014339998364448547e-02,2.912953495979309082e-01,-4.252872765064239502e-01,1.059503108263015747e-01,-1.739945173263549805e+00,-2.698694765567779541e-01
4.058845341205596924e-01,-5.945684313774108887e-01,8.193104863166809082e-01,-8.982356637716293335e-02,1.572015583515167236e-01,8.778600096702575684e-01,4.433747231960296631e-01,-8.979218602180480957e-01,2.897650236263871193e-03,3.494780957698822021e-01,7.621541023254394531e-01,1.890857219696044922e-01,8.832781016826629639e-02,-7.966713048517704010e-03,-1.007983535528182983e-01,2.210976034402847290e-01,1.971601545810699463e-01,1.269602179527282715e-01,1.154092475771903992e-01,3.298444151878356934e-01,0.000000000000000000e+00,0.000000000000000000e+00,7.770418524742126465e-01,1.829665750265121460e-01,-1.373680979013442993e-01,-1.680410623550415039e+00,9.898128360509872437e-02,2.817300856113433838e-01,-4.703821241855621338e-01,1.128728836774826050e-01,-1.864605069160461426e+00,-2.537005543708801270e-01
3.104239702224731445e-01,-5.085299611091613770e-01,8.268961906433105469e-01,-8.663386851549148560e-02,1.557765007019042969e-01,8.548566102981567383e-01,4.872867763042449951e-01,-8.702019453048706055e-01,1.004676241427659988e-02,3.094773888587951660e-01,4.047659337520599365e-01,2.818901538848876953e-01,4.363898560404777527e-02,1.205698177218437195e-01,-1.672444790601730347e-01,3.360377550125122070e-01,1.422959417104721069e-01,4.147807955741882324e-01,1.962652951478958130e-01,4.475936591625213623e-01,0.000000000000000000e+00,0.000000000000000000e+00,8.812137246131896973e-01,1.574949324131011963e-01,-1.297061890363693237e-01,-1.703513860702514648e+00,1.382794231176376343e-01,2.478944957256317139e-01,-4.791755378246307373e-01,1.332540661096572876e-01,-1.867499947547912598e+00,-2.595644593238830566e-01
2.188313454389572144e-01,-4.183383584022521973e-01,8.440310359001159668e-01,-7.258443534374237061e-02,1.163733303546905518e-01,8.330839276313781738e-01,5.358730554580688477e-01,-7.793686389923095703e-01,9.650941193103790283e-02,3.099704086780548096e-01,1.310426592826843262e-01,2.090321928262710571e-01,1.151798386126756668e-02,2.697672545909881592e-01,-2.203394323587417603e-01,3.007888197898864746e-01,9.774761646986007690e-02,5.053737163543701172e-01,1.809553951025009155e-01,5.733715295791625977e-01,0.000000000000000000e+00,0.000000000000000000e+00,1.047124624252319336e+00,1.899267584085464478e-01,-5.840009078383445740e-02,-1.801613569259643555e+00,1.881907582283020020e-01,2.583715617656707764e-01,-4.352988898754119873e-01,1.450904905796051025e-01,-1.867499947547912598e+00,-2.918981909751892090e-01
1.262885630130767822e-01,-3.273214399814605713e-01,8.495559692382812500e-01,-7.149459421634674072e-02,8.777716755867004395e-02,8.403876423835754395e-01,5.300304889678955078e-01,-7.504109740257263184e-01,1.271549016237258911e-01,4.149241447448730469e-01,6.984759122133255005e-02,1.410447508096694946e-01,-1.094219740480184555e-02,3.136849701404571533e-01,-2.039891630411148071e-01,1.857061237096786499e-01,2.922054529190063477e-01,5.061399936676025391e-01,1.461708247661590576e-01,5.740377902984619141e-01,0.000000000000000000e+00,0.000000000000000000e+00,1.047199964523315430e+00,1.949936598539352417e-01,-1.967301592230796814e-02,-1.785182714462280273e+00,1.693460196256637573e-01,2.644600570201873779e-01,-3.782110214233398438e-01,1.422547250986099243e-01,-1.867499947547912598e+00,-2.961802184581756592e-01
3.632675483822822571e-02,-2.374232262372970581e-01,8.419693708419799805e-01,-7.222706824541091919e-02,5.952186509966850281e-02,8.520450592041015625e-01,5.150335431098937988e-01,-6.827072501182556152e-01,1.208504512906074524e-01,4.914127886295318604e-01,9.579505771398544312e-02,1.303591430187225342e-01,1.494554150849580765e-02,2.769178748130798340e-01,-1.475121378898620605e-01,1.423403620719909668e-01,6.466944217681884766e-01,5.061399936676025391e-01,8.777893334627151489e-02,5.339857339859008789e-01,0.000000000000000000e+00,0.000000000000000000e+00,1.046604752540588379e+00,2.008251547813415527e-01,2.228623442351818085e-02,-1.758393168449401855e+00,1.474240273237228394e-01,3.311559259891510010e-01,-3.077997863292694092e-01,1.169249415397644043e-01,-1.867499947547912598e+00,-3.007209002971649170e-01
-5.055650696158409119e-02,-1.469124257564544678e-01,8.262844681739807129e-01,-9.060705453157424927e-02,3.453725203871726990e-02,8.698585629463195801e-01,4.836772084236145020e-01,-6.275924444198608398e-01,6.005711108446121216e-02,2.944568693637847900e-01,1.399331688880920410e-01,1.491798311471939087e-01,5.767106544226408005e-03,1.887533068656921387e-01,-5.438645929098129272e-02,8.051126450300216675e-02,9.705165028572082520e-01,5.061399936676025391e-01,3.039703145623207092e-02,4.601515531539916992e-01,0.000000000000000000e+00,0.000000000000000000e+00,9.562351703643798828e-01,2.148064523935317993e-01,2.482771687209606171e-02,-1.726266860961914062e+00,9.889575093984603882e-02,4.022152423858642578e-01,-2.382925450801849365e-01,9.334679692983627319e-02,-1.867223858833312988e+00,-3.581903874874114990e-01
-1.412430405616760254e-01,-6.311443448066711426e-02,8.133618831634521484e-01,-1.014570221304893494e-01,1.928837969899177551e-02,9.004170894622802734e-01,4.225913882255554199e-01,-5.934370160102844238e-01,-4.044315218925476074e-02,4.994641616940498352e-02,2.527748346328735352e-01,-2.621448040008544922e-02,9.681863337755203247e-02,6.230016425251960754e-02,-4.522923007607460022e-02,-1.094982326030731201e-01,1.263666510581970215e+00,5.061399936676025391e-01,-6.250564754009246826e-02,3.058613836765289307e-01,0.000000000000000000e+00,0.000000000000000000e+00,8.357901573181152344e-01,2.448787838220596313e-01,1.221340789925307035e-04,-1.705830216407775879e+00,7.968970388174057007e-02,4.503162801265716553e-01,-2.524154782295227051e-01,8.447166532278060913e-02,-1.800602555274963379e+00,-3.361972272396087646e-01
-2.280605584383010864e-01,1.262759324163198471e-02,7.993491291999816895e-01,-1.115836799144744873e-01,2.656406909227371216e-02,9.195310473442077637e-01,3.759070932865142822e-01,-5.997008681297302246e-01,-1.056247279047966003e-01,2.622919902205467224e-02,4.342667460441589355e-01,-1.958795040845870972e-01,2.048668116331100464e-01,-1.703741848468780518e-01,-9.622897207736968994e-02,-2.029392421245574951e-01,1.555164813995361328e+00,5.061399936676025391e-01,-9.287317842245101929e-02,1.343387812376022339e-01,0.000000000000000000e+00,0.000000000000000000e+00,7.100035548210144043e-01,2.220604568719863892e-01,-4.714684188365936279e-02,-1.697014927864074707e+00,3.665852919220924377e-02,4.838358461856842041e-01,-2.734532058238983154e-01,9.614811837673187256e-02,-1.664824247360229492e+00,-3.108004629611968994e-01
-3.007837831974029541e-01,9.020385146141052246e-02,7.922394871711730957e-01,-1.283905804157257080e-01,2.598188444972038269e-02,9.300267100334167480e-01,3.433527350425720215e-01,-5.334121584892272949e-01,-1.168948933482170105e-01,-4.613555222749710083e-02,4.734670221805572510e-01,-2.912380099296569824e-01,1.830750703811645508e-01,-4.723052382469177246e-01,-5.655108392238616943e-02,-2.262681275606155396e-01,1.683374881744384766e+00,5.057684183120727539e-01,-4.505200311541557312e-02,-7.539756596088409424e-03,0.000000000000000000e+00,0.000000000000000000e+00,5.370306968688964844e-01,2.550412714481353760e-01,-9.245920181274414062e-02,-1.706669926643371582e+00,5.989269912242889404e-02,5.406197905540466309e-01,-2.712463140487670898e-01,1.054498925805091858e-01,-1.563258767127990723e+00,-3.012673258781433105e-01
-3.818510174751281738e-01,1.732102632522583008e-01,8.003513813018798828e-01,-1.333027929067611694e-01,1.833896152675151825e-02,9.397652745246887207e-01,3.142217695713043213e-01,-3.684692978858947754e-01,-1.000993996858596802e-01,-1.152774915099143982e-01,4.123995602130889893e-01,-2.961096167564392090e-01,1.082661151885986328e-01,-6.989520192146301270e-01,-6.169294193387031555e-02,-2.623848617076873779e-01,1.598146080970764160e+00,4.339384436607360840e-01,-4.623600095510482788e-02,-1.201779171824455261e-01,0.000000000000000000e+00,0.000000000000000000e+00,3.690097332000732422e-01,3.009136915206909180e-01,-9.887452423572540283e-02,-1.779224991798400879e+00,4.260748252272605896e-02,6.245223283767700195e-01,-2.587731182575225830e-01,1.214800179004669189e-01,-1.509362936019897461e+00,-2.910452783107757568e-01
-4.687175452709197998e-01,2.621812224388122559e-01,8.180280327796936035e-01,-1.357804983854293823e-01,1.300368807278573513e-03,9.474545717239379883e-01,2.896408736705780029e-01,-1.585839837789535522e-01,-3.853086754679679871e-02,-2.062367945909500122e-01,2.834580540657043457e-01,-1.677680015563964844e-01,1.670349948108196259e-02,-8.485475182533264160e-01,-6.065496802330017090e-02,-2.970690429210662842e-01,1.363429307937622070e+00,3.669267594814300537e-01,-6.642108410596847534e-02,-2.152499854564666748e-01,0.000000000000000000e+00,0.000000000000000000e+00,2.566155493259429932e-01,3.453055918216705322e-01,-8.291934430599212646e-02,-1.854652762413024902e+00,1.663179509341716766e-02,7.060637474060058594e-01,-2.386272996664047241e-01,1.630921661853790283e-01,-1.459647893905639648e+00,-3.033041954040527344e-01
-5.593394041061401367e-01,3.505802750587463379e-01,8.388341069221496582e-01,-1.343139857053756714e-01,-2.087182551622390747e-02,9.580498933792114258e-01,2.523182034492492676e-01,1.316573191434144974e-02,4.424549639225006104e-02,-3.105054795742034912e-01,2.048024237155914307e-01,1.040502786636352539e-01,-9.656117111444473267e-02,-8.850489854812622070e-01,-7.350436598062515259e-02,-3.742347657680511475e-01,1.036031723022460938e+00,3.958949446678161621e-01,-4.960614815354347229e-02,-3.271868526935577393e-01,0.000000000000000000e+00,0.000000000000000000e+00,1.691300868988037109e-01,3.425709009170532227e-01,-9.879780560731887817e-02,-1.867499947547912598e+00,2.723360620439052582e-02,7.874227762222290039e-01,-1.936195939779281616e-01,2.008384317159652710e-01,-1.414197444915771484e+00,-3.162646889686584473e-01
-6.516745090484619141e-01,4.395797848701477051e-01,8.611279129981994629e-01,-1.202427074313163757e-01,-1.964193023741245270e-02,9.736373424530029297e-01,1.928373426198959351e-01,1.453253328800201416e-01,1.186707615852355957e-01,-4.072118401527404785e-01,1.507425457239151001e-01,3.323918879032135010e-01,-1.396610289812088013e-01,-8.380585312843322754e-01,-1.034655570983886719e-01,-3.994668424129486084e-01,6.413048505783081055e-01,4.516317248344421387e-01,1.202539820224046707e-02,-4.757257401943206787e-01,0.000000000000000000e+00,0.000000000000000000e+00,8.319991081953048706e-02,3.396392166614532471e-01,-1.255830377340316772e-01,-1.867499947547912598e+00,-1.814483664929866791e-02,8.665799498558044434e-01,-1.738728284835815430e-01,2.129507213830947876e-01,-1.391324996948242188e+00,-3.188982903957366943e-01
-7.532643675804138184e-01,5.284442901611328125e-01,8.782882094383239746e-01,-1.008436158299446106e-01,1.322189066559076309e-02,9.864693284034729004e-01,1.285848170518875122e-01,2.381089925765991211e-01,1.694298088550567627e-01,-3.826261162757873535e-01,1.284150034189224243e-01,3.723599314689636230e-01,-1.081827282905578613e-01,-7.832948565483093262e-01,-2.039325386285781860e-01,-3.540730476379394531e-01,2.969733178615570068e-01,4.250348806381225586e-01,6.881029158830642700e-02,-6.375589370727539062e-01,0.000000000000000000e+00,0.000000000000000000e+00,9.989745914936065674e-03,2.857914268970489502e-01,-1.513059884309768677e-01,-1.867499947547912598e+00,-3.497377038002014160e-02,9.202603101730346680e-01,-1.944805979728698730e-01,1.713118106126785278e-01,-1.405493855476379395e+00,-3.024177551269531250e-01
-8.555437326431274414e-01,6.168125271797180176e-01,8.898437619209289551e-01,-7.016523927450180054e-02,5.243576690554618835e-02,9.901732206344604492e-01,1.090150773525238037e-01,3.293353915214538574e-01,1.706645637750625610e-01,-2.605270445346832275e-01,1.907115578651428223e-01,3.864370286464691162e-01,-7.768782228231430054e-02,-7.491303086280822754e-01,-3.246251940727233887e-01,-4.018205702304840088e-01,1.489024013280868530e-01,3.209954202175140381e-01,5.052548274397850037e-02,-7.280231118202209473e-01,0.000000000000000000e+00,0.000000000000000000e+00,-2.603672631084918976e-02,1.926999688148498535e-01,-1.377947926521301270e-01,-1.867499947547912598e+00,-4.133870825171470642e-02,9.554541110992431641e-01,-2.649539709091186523e-01,8.468348532915115356e-02,-1.457801461219787598e+00,-2.718664109706878662e-01
-9.561687707901000977e-01,7.088929414749145508e-01,8.938817977905273438e-01,-4.703624173998832703e-02,9.248534590005874634e-02,9.860317707061767578e-01,1.302897930145263672e-01,3.721534609794616699e-01,1.323075741529464722e-01,-1.196993738412857056e-01,3.532930314540863037e-01,4.547134041786193848e-01,-1.054881885647773743e-02,-7.104214429855346680e-01,-3.692257702350616455e-01,-3.983649909496307373e-01,1.130294874310493469e-01,2.696759700775146484e-01,3.068091161549091339e-02,-6.956889033317565918e-01,0.000000000000000000e+00,0.000000000000000000e+00,-5.186515860259532928e-03,1.335455775260925293e-01,-1.260502040386199951e-01,-1.867499947547912598e+00,-2.271681278944015503e-02,9.121492505073547363e-01,-3.042826354503631592e-01,5.937975365668535233e-03,-1.452041983604431152e+00,-2.353847026824951172e-01
-1.054558038711547852e+00,7.996524572372436523e-01,8.847333192825317383e-01,-3.500988334417343140e-02,1.370620727539062500e-01,9.739772677421569824e-01,1.770777255296707153e-01,2.943933606147766113e-01,1.316508278250694275e-02,-7.168763130903244019e-02,6.826323866844177246e-01,4.394463002681732178e-01,4.245424643158912659e-02,-6.618135571479797363e-01,-3.704567849636077881e-01,-3.743498325347900391e-01,1.292898058891296387e-01,2.668987214565277100e-01,-9.260373190045356750e-03,-5.890074372291564941e-01,0.000000000000000000e+00,0.000000000000000000e+00,5.580760911107063293e-02,7.149615138769149780e-02,-1.278461515903472900e-01,-1.867499947547912598e+00,2.654690481722354889e-02,8.127310276031494141e-01,-3.263748884201049805e-01,-5.432442575693130493e-02,-1.424952387809753418e+00,-2.454905509948730469e-01
-1.145059704780578613e+00,8.851781487464904785e-01,8.672624826431274414e-01,-2.891715988516807556e-02,1.472554653882980347e-01,9.638210535049438477e-01,2.202920913696289062e-01,1.417569667100906372e-01,-3.731859102845191956e-02,1.913405209779739380e-02,1.064769387245178223e+00,3.813142776489257812e-01,8.476097881793975830e-02,-5.925121307373046875e-01,-3.072737157344818115e-01,-2.811360359191894531e-01,1.839125901460647583e-01,1.608667373657226562e-01,-8.558288961648941040e-02,-4.635802805423736572e-01,0.000000000000000000e+00,0.000000000000000000e+00,1.840861886739730835e-01,7.407882064580917358e-02,-1.438853740692138672e-01,-1.867499947547912598e+00,2.224419824779033661e-02,7.145767807960510254e-01,-3.450206816196441650e-01,-4.871591180562973022e-02,-1.403935670852661133e+00,-2.450888305902481079e-01
-1.228033542633056641e+00,9.687408208847045898e-01,8.477464914321899414e-01,-3.482244908809661865e-02,1.338367313146591187e-01,9.541745781898498535e-01,2.653790116310119629e-01,-6.297250092029571533e-02,-3.431594744324684143e-02,1.194338202476501465e-01,1.394480586051940918e+00,3.204952180385589600e-01,1.170404553413391113e-01,-5.571882128715515137e-01,-2.289546728134155273e-01,-2.214524745941162109e-01,3.227591812610626221e-01,-1.850171573460102081e-02,-1.636530607938766479e-01,-3.139747679233551025e-01,0.000000000000000000e+00,0.000000000000000000e+00,2.985858917236328125e-01,1.235467195510864258e-01,-1.661867946386337280e-01,-1.792440652847290039e+00,3.335419297218322754e-02,6.051684617996215820e-01,-3.280242681503295898e-01,1.665358780883252621e-03,-1.390290975570678711e+00,-2.436607927083969116e-01
-1.305218219757080078e+00,1.046754479408264160e+00,8.299202322959899902e-01,-5.204997956752777100e-02,1.239886730909347534e-01,9.425692558288574219e-01,3.057463765144348145e-01,-3.335590064525604248e-01,-3.572807088494300842e-02,1.956875175237655640e-01,1.595898509025573730e+00,2.764427363872528076e-01,1.057449653744697571e-01,-5.508210062980651855e-01,-1.608310937881469727e-01,-1.558730155229568481e-01,4.506857991218566895e-01,-1.433150768280029297e-01,-1.903334408998489380e-01,-1.488107889890670776e-01,0.000000000000000000e+00,0.000000000000000000e+00,3.694467544555664062e-01,1.802455484867095947e-01,-1.891855448484420776e-01,-1.648861408233642578e+00,4.130653291940689087e-02,4.694297015666961670e-01,-3.180325031280517578e-01,4.604507610201835632e-02,-1.421719789505004883e+00,-2.411119639873504639e-01
-1.384544610977172852e+00,1.121438264846801758e+00,8.237916827201843262e-01,-6.865199655294418335e-02,1.248600110411643982e-01,9.300184845924377441e-01,3.387660980224609375e-01,-6.044253110885620117e-01,-1.156038977205753326e-02,2.667703330516815186e-01,1.622373223304748535e+00,1.893475055694580078e-01,1.280315220355987549e-01,-4.886089563369750977e-01,-1.270110756158828735e-01,-1.188064292073249817e-01,4.968777596950531006e-01,-2.169146686792373657e-01,-1.674092262983322144e-01,2.561922185122966766e-03,0.000000000000000000e+00,0.000000000000000000e+00,4.628373980522155762e-01,2.215193510055541992e-01,-2.062676399946212769e-01,-1.588063716888427734e+00,5.397957190871238708e-02,3.272736668586730957e-01,-3.410044014453887939e-01,8.615380525588989258e-02,-1.513884425163269043e+00,-2.584445774555206299e-01
-1.474431872367858887e+00,1.201546192169189453e+00,8.327056169509887695e-01,-6.440182030200958252e-02,1.338712275028228760e-01,9.191857576370239258e-01,3.647306263446807861e-01,-7.638636231422424316e-01,8.552265353500843048e-04,3.276448845863342285e-01,1.452568054199218750e+00,1.345856934785842896e-01,1.597881168127059937e-01,-3.145774900913238525e-01,-1.247500404715538025e-01,-5.585441365838050842e-02,4.199283123016357422e-01,-1.730148494243621826e-01,-8.484803140163421631e-02,1.259969919919967651e-01,0.000000000000000000e+00,0.000000000000000000e+00,5.708198547363281250e-01,2.352340519428253174e-01,-2.015580683946609497e-01,-1.568094491958618164e+00,8.033934235572814941e-02,2.205867916345596313e-01,-3.805133998394012451e-01,9.573850780725479126e-02,-1.626759290695190430e+00,-2.343612164258956909e-01
-1.568076729774475098e+00,1.282045125961303711e+00,8.492826223373413086e-01,-5.724437534809112549e-02,1.463290452957153320e-01,9.049214720726013184e-01,3.955098986625671387e-01,-8.451578617095947266e-01,-1.219013053923845291e-02,3.724665641784667969e-01,1.155796766281127930e+00,1.172615587711334229e-01,1.546270400285720825e-01,-1.280793994665145874e-01,-1.485728174448013306e-01,1.614114083349704742e-02,3.039110302925109863e-01,8.780160918831825256e-03,3.432863205671310425e-02,2.355778366327285767e-01,0.000000000000000000e+00,0.000000000000000000e+00,6.851311326026916504e-01,2.254364192485809326e-01,-1.777216941118240356e-01,-1.562695384025573730e+00,1.294324994087219238e-01,1.376093327999114990e-01,-4.165183305740356445e-01,8.736111223697662354e-02,-1.741993784904479980e+00,-2.248648554086685181e-01
-1.665106177330017090e+00,1.362151265144348145e+00,8.621844053268432617e-01,-5.390349030494689941e-02,1.559623628854751587e-01,8.879045844078063965e-01,4.294131398200988770e-01,-8.530286550521850586e-01,-2.310143783688545227e-02,4.182342886924743652e-01,7.771908640861511230e-01,1.960506290197372437e-01,1.150958761572837830e-01,2.328627184033393860e-02,-1.858394891023635864e-01,1.279296576976776123e-01,2.233359515666961670e-01,2.675951123237609863e-01,1.311132013797760010e-01,3.463313579559326172e-01,0.000000000000000000e+00,0.000000000000000000e+00,7.803745269775390625e-01,2.161165028810501099e-01,-1.596462428569793701e-01,-1.570434927940368652e+00,1.653679758310317993e-01,1.070862412452697754e-01,-4.163269996643066406e-01,1.183207184076309204e-01,-1.858682751655578613e+00,-2.623806893825531006e-01
-1.761972188949584961e+00,1.447852134704589844e+00,8.702253103256225586e-01,-5.495487898588180542e-02,1.436394751071929932e-01,8.670551776885986328e-01,4.738807380199432373e-01,-8.163349628448486328e-01,8.860240690410137177e-03,4.280917048454284668e-01,3.982758820056915283e-01,2.876746654510498047e-01,6.157224252820014954e-02,1.591955274343490601e-01,-2.083741575479507446e-01,2.831460535526275635e-01,1.659690737724304199e-01,4.800320863723754883e-01,1.691513508558273315e-01,4.619580209255218506e-01,0.000000000000000000e+00,0.000000000000000000e+00,8.672075867652893066e-01,2.283892035484313965e-01,-1.252179443836212158e-01,-1.589939117431640625e+00,1.916584819555282593e-01,4.599387198686599731e-02,-4.190635085105895996e-01,1.393874734640121460e-01,-1.867499947547912598e+00,-2.842218279838562012e-01
-1.859311819076538086e+00,1.540825963020324707e+00,8.770263791084289551e-01,-4.076358303427696228e-02,1.039611473679542542e-01,8.451907634735107422e-01,5.226691365242004395e-01,-7.373260259628295898e-01,9.380513429641723633e-02,4.498877823352813721e-01,1.407144963741302490e-01,2.519239783287048340e-01,-2.404813095927238464e-02,2.648000419139862061e-01,-2.289443314075469971e-01,3.344044387340545654e-01,2.211552858352661133e-01,5.061399936676025391e-01,1.441496759653091431e-01,5.928537845611572266e-01,0.000000000000000000e+00,0.000000000000000000e+00,1.018437266349792480e+00,2.830480337142944336e-01,-2.889050729572772980e-02,-1.673266053199768066e+00,2.129762172698974609e-01,2.546415850520133972e-02,-3.861174583435058594e-01,1.506423652172088623e-01,-1.867499947547912598e+00,-2.547523975372314453e-01
-1.955931782722473145e+00,1.630285501480102539e+00,8.830662965774536133e-01,-5.047376453876495361e-02,6.558835506439208984e-02,8.466027379035949707e-01,5.257512927055358887e-01,-7.218595743179321289e-01,1.573122441768646240e-01,5.103878378868103027e-01,6.225926056504249573e-02,2.122617959976196289e-01,-6.181816756725311279e-02,3.467178940773010254e-01,-2.054038494825363159e-01,2.037895023822784424e-01,2.283441573381423950e-01,5.061399936676025391e-01,8.717072755098342896e-02,5.972427129745483398e-01,0.000000000000000000e+00,0.000000000000000000e+00,1.031393051147460938e+00,2.993655502796173096e-01,4.839679598808288574e-02,-1.676715731620788574e+00,2.413858771324157715e-01,1.209465414285659790e-02,-3.172281682491302490e-01,1.319543570280075073e-01,-1.867499947547912598e+00,-2.650013864040374756e-01
-2.052584409713745117e+00,1.719019532203674316e+00,8.764554262161254883e-01,-5.594655498862266541e-02,3.196450695395469666e-02,8.543027043342590332e-01,5.157665610313415527e-01,-6.740293502807617188e-01,1.646209508180618286e-01,4.326078891754150391e-01,6.840552389621734619e-02,2.056739181280136108e-01,-9.504772722721099854e-03,3.404010534286499023e-01,-1.805749833583831787e-01,4.377435147762298584e-02,4.521807134151458740e-01,5.061399936676025391e-01,1.152251288294792175e-02,5.579563379287719727e-01,0.000000000000000000e+00,0.000000000000000000e+00,9.789648056030273438e-01,3.254031538963317871e-01,7.697807997465133667e-02,-1.638852715492248535e+00,2.116160243749618530e-01,7.674041390419006348e-02,-2.511585652828216553e-01,1.127645447850227356e-01,-1.867499947547912598e+00,-2.822458744049072266e-01
-2.145555734634399414e+00,1.808858752250671387e+00,8.566094040870666504e-01,-7.465317845344543457e-02,-6.313743535429239273e-03,8.652026057243347168e-01,4.957938194274902344e-01,-6.116427779197692871e-01,1.538054049015045166e-01,2.553076744079589844e-01,1.161229088902473450e-01,2.577793598175048828e-01,-2.413959614932537079e-02,2.706754207611083984e-01,-1.265082359313964844e-01,-6.963598728179931641e-02,7.400920391082763672e-01,5.061399936676025391e-01,-8.962922543287277222e-02,4.877788722515106201e-01,0.000000000000000000e+00,0.000000000000000000e+00,8.673247098922729492e-01,3.740483224391937256e-01,8.912766724824905396e-02,-1.592971920967102051e+00,1.506976634263992310e-01,1.829123049974441528e-01,-1.946590244770050049e-01,1.003929376602172852e-01,-1.865788102149963379e+00,-3.007426857948303223e-01
-2.236853122711181641e+00,1.888280153274536133e+00,8.451219797134399414e-01,-6.692298501729965210e-02,-7.622289471328258514e-03,8.909806609153747559e-01,4.490174949169158936e-01,-5.444159507751464844e-01,4.424161463975906372e-02,9.408334642648696899e-02,2.004702836275100708e-01,8.989005349576473236e-03,8.415589481592178345e-02,1.822329461574554443e-01,-1.519686132669448853e-01,-2.077857553958892822e-01,1.013787150382995605e+00,5.061399936676025391e-01,-1.394272595643997192e-01,3.337840139865875244e-01,0.000000000000000000e+00,0.000000000000000000e+00,7.655566334724426270e-01,3.658180832862854004e-01,2.489261329174041748e-02,-1.552013993263244629e+00,1.258246153593063354e-01,2.917144298553466797e-01,-2.203418761491775513e-01,1.129060015082359314e-01,-1.737496972084045410e+00,-2.997682988643646240e-01
-2.321427822113037109e+00,1.960357069969177246e+00,8.296958208084106445e-01,-6.813392043113708496e-02,1.380200684070587158e-02,9.122872352600097656e-01,4.036077857017517090e-01,-5.270041823387145996e-01,-5.995547026395797729e-02,2.607570029795169830e-02,3.242725133895874023e-01,-1.584512889385223389e-01,2.004152834415435791e-01,-3.596160560846328735e-02,-1.325188577175140381e-01,-2.229292839765548706e-01,1.300555348396301270e+00,5.053868889808654785e-01,-1.416207998991012573e-01,1.617281436920166016e-01,0.000000000000000000e+00,0.000000000000000000e+00,6.189524531364440918e-01,3.101075291633605957e-01,-6.086748465895652771e-02,-1.517340898513793945e+00,1.175018250942230225e-01,3.652057349681854248e-01,-2.582010030746459961e-01,1.271169036626815796e-01,-1.557948231697082520e+00,-3.072239756584167480e-01
-2.397082090377807617e+00,2.034439802169799805e+00,8.280374407768249512e-01,-7.620098441839218140e-02,1.866937242448329926e-02,9.284216165542602539e-01,3.631503283977508545e-01,-4.515420496463775635e-01,-9.376981109380722046e-02,-3.387669101357460022e-02,3.501973748207092285e-01,-2.131724655628204346e-01,1.688587665557861328e-01,-2.752713561058044434e-01,-9.204914420843124390e-02,-2.527854442596435547e-01,1.410517811775207520e+00,4.663717746734619141e-01,-1.040759906172752380e-01,1.593174226582050323e-02,0.000000000000000000e+00,0.000000000000000000e+00,3.930228650569915771e-01,3.569810688495635986e-01,-1.463970541954040527e-01,-1.513941049575805664e+00,6.705893576145172119e-02,4.369231462478637695e-01,-2.553062438964843750e-01,1.812588125467300415e-01,-1.380733847618103027e+00,-3.157195448875427246e-01
-2.474413394927978516e+00,2.106449842453002930e+00,8.433405160903930664e-01,-8.331658691167831421e-02,1.475244387984275818e-02,9.391025304794311523e-01,3.330572247505187988e-01,-2.978911399841308594e-01,-8.968691527843475342e-02,-8.513925969600677490e-02,2.764701545238494873e-01,-2.138825953006744385e-01,1.026005446910858154e-01,-4.637198746204376221e-01,-7.656902819871902466e-02,-2.803085148334503174e-01,1.346789956092834473e+00,4.688219130039215088e-01,-9.331753104925155640e-02,-8.917755633592605591e-02,0.000000000000000000e+00,0.000000000000000000e+00,2.131415009498596191e-01,3.664493858814239502e-01,-1.452545970678329468e-01,-1.574476122856140137e+00,2.724281325936317444e-02,5.222175717353820801e-01,-2.452216893434524536e-01,1.730497032403945923e-01,-1.260893702507019043e+00,-2.855428755283355713e-01
-2.553617477416992188e+00,2.185848951339721680e+00,8.654510974884033203e-01,-8.934052288532257080e-02,2.541640307754278183e-03,9.493308663368225098e-01,3.013016283512115479e-01,-1.235377937555313110e-01,-4.413402453064918518e-02,-1.183837950229644775e-01,1.763944476842880249e-01,-1.293773353099822998e-01,3.493703156709671021e-02,-5.987211465835571289e-01,-5.227723345160484314e-02,-3.439218401908874512e-01,1.125986099243164062e+00,4.106633365154266357e-01,-1.063200384378433228e-01,-1.931558847427368164e-01,0.000000000000000000e+00,0.000000000000000000e+00,9.835802018642425537e-02,3.624770045280456543e-01,-1.335948705673217773e-01,-1.664978146553039551e+00,-1.550093665719032288e-02,6.050480604171752930e-01,-2.266341000795364380e-01,1.980805993080139160e-01,-1.204150915145874023e+00,-2.946674227714538574e-01
-2.638120174407958984e+00,2.264672279357910156e+00,8.901063203811645508e-01,-8.925707638263702393e-02,3.874658839777112007e-03,9.637115597724914551e-01,2.515516281127929688e-01,6.631076801568269730e-03,-1.408772822469472885e-02,-1.533812731504440308e-01,1.301697939634323120e-01,7.169530726969242096e-03,2.184406295418739319e-02,-6.448758840560913086e-01,-6.589014828205108643e-02,-4.051939547061920166e-01,8.172376751899719238e-01,3.968403041362762451e-01,-5.404737964272499084e-02,-3.202929496765136719e-01,0.000000000000000000e+00,0.000000000000000000e+00,3.566005825996398926e-02,3.134534657001495361e-01,-1.513441801071166992e-01,-1.783801555633544922e+00,6.255683302879333496e-02,6.957441568374633789e-01,-2.191661447286605835e-01,1.985674947500228882e-01,-1.175980329513549805e+00,-2.980536222457885742e-01
-2.723553419113159180e+00,2.342415094375610352e+00,9.117343425750732422e-01,-7.514372467994689941e-02,2.209076471626758575e-02,9.809654355049133301e-01,1.776859015226364136e-01,1.224068626761436462e-01,2.923773787915706635e-02,-1.222988441586494446e-01,1.286660581827163696e-01,1.663134396076202393e-01,-2.279174886643886566e-02,-6.224129199981689453e-01,-1.289353519678115845e-01,-4.179341197013854980e-01,4.906796514987945557e-01,4.189577698707580566e-01,1.625996269285678864e-02,-4.772271215915679932e-01,0.000000000000000000e+00,0.000000000000000000e+00,-3.699153661727905273e-02,3.065973222255706787e-01,-1.951417773962020874e-01,-1.867492914199829102e+00,8.575464040040969849e-02,7.949073314666748047e-01,-2.158380150794982910e-01,1.474859565496444702e-01,-1.173597574234008789e+00,-2.954427599906921387e-01
-2.816867113113403320e+00,2.421927928924560547e+00,9.301584362983703613e-01,-5.215992778539657593e-02,6.406991928815841675e-02,9.898350834846496582e-01,1.157620549201965332e-01,2.317414134740829468e-01,6.421674787998199463e-02,-3.531441092491149902e-02,1.734542697668075562e-01,2.136677801609039307e-01,-4.423425719141960144e-02,-5.940401554107666016e-01,-2.685837447643280029e-01,-4.029575288295745850e-01,2.326205968856811523e-01,3.912569880485534668e-01,2.984614111483097076e-02,-6.243571043014526367e-01,0.000000000000000000e+00,0.000000000000000000e+00,-1.539555639028549194e-01,2.565392553806304932e-01,-2.398087829351425171e-01,-1.867499947547912598e+00,1.540825814008712769e-01,8.730866909027099609e-01,-2.594493031501770020e-01,4.570439457893371582e-02,-1.198761701583862305e+00,-2.869265079498291016e-01
-2.911388397216796875e+00,2.507042646408081055e+00,9.419785141944885254e-01,-3.288984298706054688e-02,1.092918962240219116e-01,9.894609451293945312e-01,8.910996466875076294e-02,3.197543919086456299e-01,7.402733713388442993e-02,-4.245367273688316345e-02,2.615941464900970459e-01,2.352047264575958252e-01,-2.618378587067127228e-02,-5.974382162094116211e-01,-3.857569992542266846e-01,-3.566095530986785889e-01,1.128949522972106934e-01,4.121403396129608154e-01,3.665674477815628052e-02,-6.754744648933410645e-01,0.000000000000000000e+00,0.000000000000000000e+00,-2.228635400533676147e-01,2.156336903572082520e-01,-2.028538435697555542e-01,-1.867499947547912598e+00,1.138312462717294693e-02,9.249823689460754395e-01,-2.717328369617462158e-01,-8.429454267024993896e-02,-1.223165869712829590e+00,-2.574228346347808838e-01
-3.003821611404418945e+00,2.600782155990600586e+00,9.433975219726562500e-01,-1.336457487195730209e-02,1.249102652072906494e-01,9.885343313217163086e-01,8.377777040004730225e-02,3.683358430862426758e-01,1.453485488891601562e-01,5.855229683220386505e-04,4.007114768028259277e-01,3.631346821784973145e-01,-2.701599709689617157e-02,-5.675838589668273926e-01,-4.425943493843078613e-01,-4.320855438709259033e-01,4.833993315696716309e-02,3.117020726203918457e-01,5.301285162568092346e-02,-6.795457005500793457e-01,0.000000000000000000e+00,0.000000000000000000e+00,-2.332877516746520996e-01,1.915757060050964355e-01,-2.032767534255981445e-01,-1.867499947547912598e+00,4.865038674324750900e-03,9.603397250175476074e-01,-2.881666421890258789e-01,-1.725962460041046143e-01,-1.261302471160888672e+00,-2.295342385768890381e-01
-3.085166931152343750e+00,2.682425498962402344e+00,9.330798983573913574e-01,-1.774297282099723816e-02,1.515071839094161987e-01,9.809672832489013672e-01,1.201415508985519409e-01,3.047419190406799316e-01,9.731207787990570068e-02,-1.611337438225746155e-02,6.949006319046020508e-01,2.444289624691009521e-01,4.528897255659103394e-02,-6.016909480094909668e-01,-4.437937140464782715e-01,-4.072176814079284668e-01,4.816349223256111145e-02,2.749663591384887695e-01,6.516066379845142365e-03,-5.779948830604553223e-01,0.000000000000000000e+00,0.000000000000000000e+00,-1.676898002624511719e-01,1.704554259777069092e-01,-1.761825233697891235e-01,-1.867499947547912598e+00,9.165363758802413940e-02,9.143876433372497559e-01,-2.768224775791168213e-01,-2.514723241329193115e-01,-1.260831117630004883e+00,-2.864583134651184082e-01
-3.169625759124755859e+00,2.759112834930419922e+00,9.011965394020080566e-01,-1.862583868205547333e-02,1.678516417741775513e-01,9.765836596488952637e-01,1.332789361476898193e-01,2.031734138727188110e-01,8.021274209022521973e-02,-1.342508289963006973e-02,1.017198085784912109e+00,1.626898050308227539e-01,9.137607179582118988e-03,-5.650163888931274414e-01,-4.458037912845611572e-01,-4.154667854309082031e-01,8.680679649114608765e-02,2.928452491760253906e-01,-7.285476662218570709e-03,-5.289187431335449219e-01,0.000000000000000000e+00,0.000000000000000000e+00,-4.638843704015016556e-03,1.327942013740539551e-01,-2.820000648498535156e-01,-1.867499947547912598e+00,4.830786585807800293e-01,8.307794332504272461e-01,-2.792549729347229004e-01,-3.053077459335327148e-01,-1.294943451881408691e+00,-5.551890134811401367e-01
-3.257479190826416016e+00,2.836059093475341797e+00,8.632657527923583984e-01,-1.591208577156066895e-02,1.790351122617721558e-01,9.712971448898315430e-01,1.558046787977218628e-01,1.080750152468681335e-01,3.804280981421470642e-02,1.092343125492334366e-02,1.263998389244079590e+00,1.186366900801658630e-01,3.668638691306114197e-02,-4.858239889144897461e-01,-4.242631494998931885e-01,-4.053574204444885254e-01,1.256507039070129395e-01,2.721979022026062012e-01,-2.639463171362876892e-02,-4.451768398284912109e-01,0.000000000000000000e+00,0.000000000000000000e+00,1.688397377729415894e-01,1.262689381837844849e-01,-2.788531184196472168e-01,-1.866909146308898926e+00,5.025868415832519531e-01,7.605248093605041504e-01,-3.232601881027221680e-01,-3.192797303199768066e-01,-1.333847880363464355e+00,-6.102988123893737793e-01
-3.344579935073852539e+00,2.916563034057617188e+00,8.397759795188903809e-01,-9.236854501068592072e-03,1.634901762008666992e-01,9.658893942832946777e-01,2.006074488162994385e-01,-3.224005699157714844e-01,-5.696729198098182678e-02,6.482255458831787109e-02,1.742053270339965820e+00,-8.492675423622131348e-01,6.778647005558013916e-02,-3.879987597465515137e-01,-2.783964872360229492e-01,-1.897162050008773804e-01,1.624628454446792603e-01,2.804182097315788269e-02,5.033754557371139526e-02,-3.168435096740722656e-01,0.000000000000000000e+00,0.000000000000000000e+00,2.730767726898193359e-01,1.658760011196136475e-01,-1.808354705572128296e-01,-1.749110698699951172e+00,5.769344419240951538e-02,7.333133220672607422e-01,-4.429075717926025391e-01,-2.400398999452590942e-01,-1.383835077285766602e+00,-4.180133640766143799e-01
-3.397080183029174805e+00,2.986055612564086914e+00,8.154103755950927734e-01,-3.094499558210372925e-02,1.554935425519943237e-01,9.560163021087646484e-01,2.467731982469558716e-01,-5.883239507675170898e-01,-1.328922063112258911e-01,1.079621538519859314e-01,1.821493864059448242e+00,-8.459120988845825195e-01,1.843468397855758667e-01,-3.726230859756469727e-01,-1.547102183103561401e-01,-8.381661027669906616e-02,1.967074275016784668e-01,-1.364445127546787262e-02,-8.474549977108836174e-04,-1.654632240533828735e-01,0.000000000000000000e+00,0.000000000000000000e+00,3.789219260215759277e-01,1.990681886672973633e-01,-1.933152973651885986e-01,-1.575380802154541016e+00,1.116223260760307312e-02,5.936726927757263184e-01,-4.862501323223114014e-01,-1.371897906064987183e-01,-1.403725504875183105e+00,-3.811074495315551758e-01
-3.465941667556762695e+00,3.056623697280883789e+00,8.210269212722778320e-01,-3.108517639338970184e-02,1.632103770971298218e-01,9.514199495315551758e-01,2.592222392559051514e-01,-7.341524362564086914e-01,-1.359225660562515259e-01,1.588913202285766602e-01,1.672262907028198242e+00,-7.923927307128906250e-01,2.201220989227294922e-01,-2.554383575916290283e-01,-1.316046565771102905e-01,-4.198291152715682983e-02,1.612321585416793823e-01,-6.344925612211227417e-03,2.438147179782390594e-02,-6.093617528676986694e-02,0.000000000000000000e+00,0.000000000000000000e+00,4.697714447975158691e-01,1.740657091140747070e-01,-2.200628370046615601e-01,-1.412487506866455078e+00,-5.850574467331171036e-03,4.897892773151397705e-01,-5.285451412200927734e-01,-8.759385347366333008e-02,-1.448784470558166504e+00,-3.391576409339904785e-01
