2.667865514755249023e+00,-2.602840185165405273e+00,8.145117759704589844e-01,-1.054833754897117615e-01,-4.312500730156898499e-02,8.229292631149291992e-01,5.565976500511169434e-01,-4.682621061801910400e-01,2.467108070850372314e-01,4.125628173351287842e-01,1.071988791227340698e-01,1.653379350900650024e-01,-1.333990842103958130e-01,-4.683390632271766663e-02,-3.395289182662963867e-02,3.483691439032554626e-02,9.527549743652343750e-01,4.533711075782775879e-01,-1.476164311170578003e-01,5.674870014190673828e-01,0.000000000000000000e+00,0.000000000000000000e+00,3.738319277763366699e-01,2.270361781120300293e-01,-1.146307587623596191e-01,-9.629886150360107422e-01,-5.454254895448684692e-02,3.170964494347572327e-02,-9.341093897819519043e-02,2.284508347511291504e-01,-1.153687953948974609e+00,-8.546230942010879517e-02
2.596814632415771484e+00,-2.549280881881713867e+00,7.957822680473327637e-01,-1.128049120306968689e-01,-1.269143819808959961e-02,8.703361153602600098e-01,4.791962206363677979e-01,-5.599163770675659180e-01,1.046163886785507202e-01,2.435434907674789429e-01,2.969202995300292969e-01,-8.064804226160049438e-02,2.870094776153564453e-02,-2.382039278745651245e-01,-3.984625637531280518e-02,-8.018548786640167236e-02,1.269988298416137695e+00,3.695682883262634277e-01,-1.081380695104598999e-01,3.461496531963348389e-01,0.000000000000000000e+00,0.000000000000000000e+00,5.285633206367492676e-01,2.786547541618347168e-01,-9.499554336071014404e-02,-1.387749075889587402e+00,3.557853773236274719e-02,3.226227164268493652e-01,-2.554101347923278809e-01,1.593058109283447266e-01,-1.493955135345458984e+00,-2.685002386569976807e-01
2.504729986190795898e+00,-2.489468097686767578e+00,7.833197712898254395e-01,-9.141390025615692139e-02,-5.681613925844430923e-03,9.180408120155334473e-01,3.857619762420654297e-01,-5.073910355567932129e-01,-3.290208056569099426e-02,1.303734332323074341e-01,4.196639955043792725e-01,-2.173163145780563354e-01,1.513922214508056641e-01,-2.753552198410034180e-01,-1.046146526932716370e-01,-2.248101830482482910e-01,1.385234236717224121e+00,3.447557091712951660e-01,-8.581161499023437500e-02,1.061482056975364685e-01,0.000000000000000000e+00,0.000000000000000000e+00,4.651025533676147461e-01,2.937325537204742432e-01,-1.509753465652465820e-01,-1.375014543533325195e+00,9.369656443595886230e-02,3.987751901149749756e-01,-2.408251166343688965e-01,2.028317749500274658e-01,-1.309043288230895996e+00,-2.654735147953033447e-01
2.438474178314208984e+00,-2.431927919387817383e+00,7.793037891387939453e-01,-9.178941696882247925e-02,2.892959630116820335e-03,9.357092976570129395e-01,3.406088948249816895e-01,-4.499790966510772705e-01,-8.321224153041839600e-02,5.345221981406211853e-02,4.658132493495941162e-01,-3.015135824680328369e-01,1.428303569555282593e-01,-4.402811527252197266e-01,-1.534758806228637695e-01,-2.838423550128936768e-01,1.440078973770141602e+00,2.755539119243621826e-01,-6.453806906938552856e-02,-3.202334046363830566e-02,0.000000000000000000e+00,0.000000000000000000e+00,3.417598605155944824e-01,3.058516383171081543e-01,-2.083270251750946045e-01,-1.368879079818725586e+00,1.034470498561859131e-01,4.390489757061004639e-01,-2.787273526191711426e-01,1.598777174949645996e-01,-1.237421989440917969e+00,-2.186570316553115845e-01
2.370836496353149414e+00,-2.367926597595214844e+00,7.874603271484375000e-01,-9.020962566137313843e-02,9.982334449887275696e-04,9.458705782890319824e-01,3.117532134056091309e-01,-3.190784752368927002e-01,-8.622904121875762939e-02,-1.092620310373604298e-03,4.249749481678009033e-01,-3.014109432697296143e-01,9.459242224693298340e-02,-5.619218945503234863e-01,-1.664589196443557739e-01,-3.274182379245758057e-01,1.337458491325378418e+00,2.281857728958129883e-01,-3.540780767798423767e-02,-1.173498854041099548e-01,0.000000000000000000e+00,0.000000000000000000e+00,2.493989616632461548e-01,3.235850036144256592e-01,-2.156602144241333008e-01,-1.417063951492309570e+00,8.548981696367263794e-02,5.008353590965270996e-01,-2.781696915626525879e-01,1.566082090139389038e-01,-1.180272102355957031e+00,-2.011105120182037354e-01
2.301647663116455078e+00,-2.297945737838745117e+00,8.027198910713195801e-01,-8.557874709367752075e-02,-5.186854861676692963e-03,9.539433121681213379e-01,2.874744534492492676e-01,-1.437191516160964966e-01,-6.452187895774841309e-02,-6.887448579072952271e-02,3.167378008365631104e-01,-1.910428851842880249e-01,-3.535307245329022408e-03,-6.265202760696411133e-01,-1.077505722641944885e-01,-3.296609222888946533e-01,1.104250550270080566e+00,2.050854563713073730e-01,-4.337102174758911133e-03,-1.954417377710342407e-01,0.000000000000000000e+00,0.000000000000000000e+00,1.878856122493743896e-01,3.585243225097656250e-01,-2.180478721857070923e-01,-1.479463338851928711e+00,6.179326772689819336e-02,5.718061327934265137e-01,-2.620010972023010254e-01,1.662347167730331421e-01,-1.128677606582641602e+00,-2.022553384304046631e-01
2.228641748428344727e+00,-2.230334758758544922e+00,8.199280500411987305e-01,-7.764545083045959473e-02,-9.267984889447689056e-03,9.643787741661071777e-01,2.527032196521759033e-01,8.055784739553928375e-03,-3.491156175732612610e-02,-1.868851929903030396e-01,2.363581806421279907e-01,-4.507254809141159058e-03,-7.131858915090560913e-02,-6.194375157356262207e-01,-5.966964364051818848e-02,-3.283288776874542236e-01,7.831820845603942871e-01,2.255663871765136719e-01,7.254606485366821289e-02,-2.827142179012298584e-01,0.000000000000000000e+00,0.000000000000000000e+00,1.632974296808242798e-01,3.476609587669372559e-01,-2.324868589639663696e-01,-1.535667061805725098e+00,7.723955810070037842e-02,6.466622352600097656e-01,-2.124545723199844360e-01,1.956058740615844727e-01,-1.046531438827514648e+00,-2.229368090629577637e-01
2.154448747634887695e+00,-2.163595914840698242e+00,8.311139345169067383e-01,-6.542273610830307007e-02,-8.898944593966007233e-03,9.756709933280944824e-01,2.090617716312408447e-01,1.308836042881011963e-01,2.939692465588450432e-03,-3.182589709758758545e-01,1.915320008993148804e-01,1.930271089076995850e-01,-1.496676802635192871e-01,-5.755068063735961914e-01,-6.052240356802940369e-02,-3.583999276161193848e-01,4.420421719551086426e-01,2.321417331695556641e-01,1.209101974964141846e-01,-3.922989070415496826e-01,0.000000000000000000e+00,0.000000000000000000e+00,1.587457656860351562e-01,3.523114323616027832e-01,-2.415206730365753174e-01,-1.597930788993835449e+00,7.122877240180969238e-02,6.919813156127929688e-01,-2.019142508506774902e-01,1.767304539680480957e-01,-1.007302522659301758e+00,-1.953315585851669312e-01
2.076454401016235352e+00,-2.093703746795654297e+00,8.296972513198852539e-01,-5.079314112663269043e-02,6.688923574984073639e-03,9.855780005455017090e-01,1.612803637981414795e-01,2.259720563888549805e-01,4.602296650409698486e-02,-3.915364742279052734e-01,1.697059124708175659e-01,3.644391894340515137e-01,-1.857492923736572266e-01,-5.478999614715576172e-01,-1.332487463951110840e-01,-4.434266984462738037e-01,1.892647296190261841e-01,2.646758854389190674e-01,1.577645540237426758e-01,-5.149921774864196777e-01,0.000000000000000000e+00,0.000000000000000000e+00,1.606236696243286133e-01,3.432462811470031738e-01,-2.421487569808959961e-01,-1.680619239807128906e+00,8.396510034799575806e-02,7.274467349052429199e-01,-2.351649105548858643e-01,9.895806014537811279e-02,-1.007070779800415039e+00,-1.592993587255477905e-01
1.997022628784179688e+00,-2.028024911880493164e+00,8.300123810768127441e-01,-3.060186281800270081e-02,2.783283032476902008e-02,9.934275746345520020e-01,1.067262962460517883e-01,2.905146777629852295e-01,1.056918278336524963e-01,-3.395262360572814941e-01,1.666346043348312378e-01,4.539453983306884766e-01,-1.681805700063705444e-01,-5.370171666145324707e-01,-2.322210967540740967e-01,-4.786185026168823242e-01,6.075168028473854065e-02,2.869752347469329834e-01,2.311271578073501587e-01,-6.470350623130798340e-01,0.000000000000000000e+00,0.000000000000000000e+00,1.719502061605453491e-01,3.381229937076568604e-01,-2.432345300912857056e-01,-1.765616297721862793e+00,8.133203536272048950e-02,7.704560160636901855e-01,-2.612312138080596924e-01,3.356673941016197205e-02,-1.005697846412658691e+00,-1.374303400516510010e-01
1.917578816413879395e+00,-1.960395216941833496e+00,8.274738788604736328e-01,-7.390108890831470490e-03,5.682409554719924927e-02,9.931539893150329590e-01,1.017917767167091370e-01,3.433714807033538818e-01,1.035060286521911621e-01,-2.264456450939178467e-01,2.014109790325164795e-01,4.010010957717895508e-01,-1.101730018854141235e-01,-5.127993226051330566e-01,-2.964233458042144775e-01,-5.136873126029968262e-01,3.199806436896324158e-02,2.950827479362487793e-01,2.398213297128677368e-01,-6.941945552825927734e-01,0.000000000000000000e+00,0.000000000000000000e+00,2.156322896480560303e-01,3.050158321857452393e-01,-2.188051491975784302e-01,-1.833132743835449219e+00,1.006824970245361328e-01,7.854070067405700684e-01,-3.042805790901184082e-01,-3.488966077566146851e-02,-1.004847049713134766e+00,-1.424781084060668945e-01
1.841274738311767578e+00,-1.893740653991699219e+00,8.097468018531799316e-01,6.443651858717203140e-03,1.037833839654922485e-01,9.870771765708923340e-01,1.219268888235092163e-01,3.381007313728332520e-01,3.978386148810386658e-02,-1.166731193661689758e-01,3.217655420303344727e-01,3.584961891174316406e-01,-2.865478582680225372e-02,-4.917700290679931641e-01,-3.413282632827758789e-01,-4.518231749534606934e-01,8.310171216726303101e-02,3.642236590385437012e-01,2.185194492340087891e-01,-6.648307442665100098e-01,0.000000000000000000e+00,0.000000000000000000e+00,1.855330169200897217e-01,2.479136139154434204e-01,-2.374923229217529297e-01,-1.772897601127624512e+00,1.313248127698898315e-01,7.183251380920410156e-01,-3.494387865066528320e-01,-9.133466333150863647e-02,-9.777433872222900391e-01,-2.551743090152740479e-01
1.773326516151428223e+00,-1.834037303924560547e+00,7.984305620193481445e-01,1.398746762424707413e-02,9.557475894689559937e-02,9.802692532539367676e-01,1.724585592746734619e-01,2.905418276786804199e-01,3.334499150514602661e-02,3.546903282403945923e-02,5.175277590751647949e-01,3.261971175670623779e-01,3.493158891797065735e-02,-4.793271422386169434e-01,-2.619393169879913330e-01,-3.736635148525238037e-01,1.909804493188858032e-01,9.925566613674163818e-02,8.884438872337341309e-02,-5.579392910003662109e-01,0.000000000000000000e+00,0.000000000000000000e+00,2.093389034271240234e-01,2.561619877815246582e-01,-2.779660522937774658e-01,-1.622237920761108398e+00,1.406792700290679932e-01,6.483159065246582031e-01,-3.724501729011535645e-01,-4.262823984026908875e-02,-9.080361723899841309e-01,-2.497649043798446655e-01
1.713854074478149414e+00,-1.769378066062927246e+00,7.845958471298217773e-01,3.404944669455289841e-03,7.853824645280838013e-02,9.718059301376342773e-01,2.222912758588790894e-01,1.401731520891189575e-01,5.721976608037948608e-02,1.412622928619384766e-01,7.737853527069091797e-01,2.254170030355453491e-01,6.801735609769821167e-02,-5.034882426261901855e-01,-1.802492290735244751e-01,-3.038236498832702637e-01,3.471188545227050781e-01,-8.228453248739242554e-02,-5.355665832757949829e-02,-4.357431828975677490e-01,0.000000000000000000e+00,0.000000000000000000e+00,2.305943965911865234e-01,2.634357511997222900e-01,-3.022915124893188477e-01,-1.433569908142089844e+00,9.105081111192703247e-02,5.496940016746520996e-01,-3.668773174285888672e-01,7.037498056888580322e-02,-8.857374787330627441e-01,-1.360988765954971313e-01
1.657012820243835449e+00,-1.711255192756652832e+00,7.770267128944396973e-01,-1.057659741491079330e-02,7.027114927768707275e-02,9.629148840904235840e-01,2.602787911891937256e-01,-5.272272601723670959e-02,7.124945521354675293e-02,2.000461071729660034e-01,9.545796513557434082e-01,1.230032593011856079e-01,9.659628570079803467e-02,-5.092718005180358887e-01,-1.140383109450340271e-01,-2.360065877437591553e-01,4.517123103141784668e-01,-1.923070698976516724e-01,-9.936679899692535400e-02,-3.119130432605743408e-01,0.000000000000000000e+00,0.000000000000000000e+00,2.374492287635803223e-01,2.286758124828338623e-01,-3.109703958034515381e-01,-1.175801634788513184e+00,3.897211700677871704e-02,4.111269712448120117e-01,-3.349181711673736572e-01,1.841654032468795776e-01,-8.741992712020874023e-01,-1.682707965373992920e-01
1.598680019378662109e+00,-1.659065365791320801e+00,7.772884964942932129e-01,-2.030225656926631927e-02,7.141753286123275757e-02,9.536924958229064941e-01,2.914755046367645264e-01,-2.421645820140838623e-01,7.113260030746459961e-02,2.442174106836318970e-01,1.020281910896301270e+00,-2.027496928349137306e-03,1.467612087726593018e-01,-4.801458418369293213e-01,-7.936982065439224243e-02,-1.931895464658737183e-01,5.104039311408996582e-01,-2.825919091701507568e-01,-9.952980279922485352e-02,-2.008038312196731567e-01,0.000000000000000000e+00,0.000000000000000000e+00,2.739161849021911621e-01,2.126985192298889160e-01,-3.247771561145782471e-01,-9.745799303054809570e-01,4.612316191196441650e-02,2.662067413330078125e-01,-3.375377953052520752e-01,2.231241762638092041e-01,-9.245114326477050781e-01,-1.673736870288848877e-01
1.544259786605834961e+00,-1.607473731040954590e+00,7.834078073501586914e-01,-3.693774715065956116e-02,7.643850892782211304e-02,9.458389878273010254e-01,3.133391439914703369e-01,-4.054466187953948975e-01,7.077854126691818237e-02,2.803787291049957275e-01,9.384012818336486816e-01,-2.217101491987705231e-02,2.180691957473754883e-01,-4.170798957347869873e-01,-4.724176600575447083e-02,-1.556011587381362915e-01,4.801291227340698242e-01,-3.125576078891754150e-01,-8.841758966445922852e-02,-1.048200055956840515e-01,0.000000000000000000e+00,0.000000000000000000e+00,3.594113588333129883e-01,2.176184356212615967e-01,-2.992045879364013672e-01,-9.489388465881347656e-01,1.549014635384082794e-02,1.589379310607910156e-01,-3.166999518871307373e-01,2.239962369203567505e-01,-1.071013331413269043e+00,-1.774603426456451416e-01
1.485898613929748535e+00,-1.556243181228637695e+00,7.985272407531738281e-01,-4.804160818457603455e-02,8.633626252412796021e-02,9.345940351486206055e-01,3.417192697525024414e-01,-5.323002934455871582e-01,3.360113129019737244e-02,3.128721415996551514e-01,7.688958644866943359e-01,-1.366954296827316284e-01,1.724072545766830444e-01,-3.113499581813812256e-01,-2.683581411838531494e-02,-8.876824378967285156e-02,3.852204978466033936e-01,-2.768072783946990967e-01,-3.041938133537769318e-02,9.234475903213024139e-03,0.000000000000000000e+00,0.000000000000000000e+00,4.393747448921203613e-01,2.255133688449859619e-01,-3.150740861892700195e-01,-9.671302437782287598e-01,-1.216073893010616302e-02,7.403789460659027100e-02,-3.262754380702972412e-01,2.403974086046218872e-01,-1.215398907661437988e+00,-2.168856561183929443e-01
1.422843098640441895e+00,-1.504846453666687012e+00,8.142856359481811523e-01,-5.823482200503349304e-02,8.849182724952697754e-02,9.210825562477111816e-01,3.746795952320098877e-01,-5.753350257873535156e-01,-4.255535081028938293e-03,3.383101820945739746e-01,4.872138798236846924e-01,-9.571615606546401978e-02,5.874334275722503662e-02,-1.930728554725646973e-01,-7.234468590468168259e-03,-1.604193076491355896e-02,2.832691669464111328e-01,-1.641264706850051880e-01,5.818363279104232788e-02,1.346798241138458252e-01,0.000000000000000000e+00,0.000000000000000000e+00,5.114523172378540039e-01,2.340352833271026611e-01,-3.097132146358489990e-01,-9.668165445327758789e-01,-3.549310937523841858e-02,2.068912051618099213e-02,-3.237056732177734375e-01,2.495139986276626587e-01,-1.351562857627868652e+00,-2.269714921712875366e-01
1.356729030609130859e+00,-1.451563477516174316e+00,8.219036459922790527e-01,-7.253614813089370728e-02,7.694365084171295166e-02,9.007751941680908203e-01,4.212151765823364258e-01,-6.039808988571166992e-01,4.752928391098976135e-03,3.445793390274047852e-01,2.340087145566940308e-01,5.587294325232505798e-02,-5.927151069045066833e-02,-9.362013638019561768e-02,2.085808292031288147e-02,9.190314263105392456e-02,2.116551399230957031e-01,-6.095323711633682251e-03,1.308189183473587036e-01,2.765067219734191895e-01,0.000000000000000000e+00,0.000000000000000000e+00,5.885502099990844727e-01,2.458635866641998291e-01,-2.591739594936370850e-01,-9.778752923011779785e-01,-5.261511355638504028e-02,-2.107773907482624054e-02,-3.338950276374816895e-01,2.435883581638336182e-01,-1.482727169990539551e+00,-2.021483927965164185e-01
1.290442824363708496e+00,-1.397551894187927246e+00,8.300750255584716797e-01,-7.239405065774917603e-02,7.248128205537796021e-02,8.791283965110778809e-01,4.654447436332702637e-01,-6.459010243415832520e-01,2.340134419500827789e-02,3.317165970802307129e-01,9.659710526466369629e-02,1.407802104949951172e-01,-1.366717964410781860e-01,5.811422131955623627e-03,-1.389640383422374725e-03,2.016711384057998657e-01,1.610915660858154297e-01,1.529675722122192383e-01,1.682763695716857910e-01,4.012378752231597900e-01,0.000000000000000000e+00,0.000000000000000000e+00,6.783429384231567383e-01,2.499803155660629272e-01,-2.185227423906326294e-01,-1.006083011627197266e+00,-6.571227312088012695e-02,-3.261422365903854370e-02,-3.486092984676361084e-01,2.586247324943542480e-01,-1.596136093139648438e+00,-1.811942160129547119e-01
1.225177526473999023e+00,-1.342243909835815430e+00,8.390980362892150879e-01,-6.135786324739456177e-02,6.113165989518165588e-02,8.601926565170288086e-01,5.025601983070373535e-01,-6.484363675117492676e-01,7.600271701812744141e-02,4.137169420719146729e-01,2.864832989871501923e-02,1.594172865152359009e-01,-1.853620260953903198e-01,1.057731136679649353e-01,-7.531399279832839966e-02,1.427990347146987915e-01,1.285566836595535278e-01,2.426869720220565796e-01,1.105856820940971375e-01,4.968969523906707764e-01,0.000000000000000000e+00,0.000000000000000000e+00,8.308072090148925781e-01,2.659300863742828369e-01,-1.382062882184982300e-01,-1.108701229095458984e+00,-6.000931188464164734e-02,1.780772395431995392e-02,-3.714025318622589111e-01,2.360084205865859985e-01,-1.756634950637817383e+00,-1.767108291387557983e-01
1.159598231315612793e+00,-1.285716414451599121e+00,8.399710059165954590e-01,-6.274700909852981567e-02,2.781633660197257996e-02,8.553410172462463379e-01,5.134986042976379395e-01,-6.358906626701354980e-01,1.489734202623367310e-01,5.107182860374450684e-01,2.173944935202598572e-02,1.780881434679031372e-01,-1.652001291513442993e-01,1.709987968206405640e-01,-1.094845086336135864e-01,-3.614427149295806885e-02,1.780384927988052368e-01,2.235877066850662231e-01,-2.037221938371658325e-02,5.395870804786682129e-01,0.000000000000000000e+00,0.000000000000000000e+00,9.321598410606384277e-01,3.122526109218597412e-01,-3.235303238034248352e-02,-1.177641272544860840e+00,-1.859830319881439209e-02,2.755041420459747314e-02,-3.416286110877990723e-01,2.064139693975448608e-01,-1.853136181831359863e+00,-1.715081632137298584e-01
1.093441009521484375e+00,-1.227132439613342285e+00,8.271417617797851562e-01,-6.631860136985778809e-02,-8.958543650805950165e-03,8.522289395332336426e-01,5.188712477684020996e-01,-6.006650924682617188e-01,1.984627246856689453e-01,4.860062003135681152e-01,5.967291444540023804e-02,2.195628732442855835e-01,-1.724359691143035889e-01,2.251400947570800781e-01,-1.104232743382453918e-01,-9.046004712581634521e-02,2.495079934597015381e-01,2.321117669343948364e-01,-7.941614091396331787e-02,5.626831650733947754e-01,0.000000000000000000e+00,0.000000000000000000e+00,9.852861166000366211e-01,3.576227724552154541e-01,4.992038011550903320e-02,-1.197941541671752930e+00,-2.116996608674526215e-02,1.501352991908788681e-02,-2.982435524463653564e-01,1.790319830179214478e-01,-1.867499947547912598e+00,-1.910960227251052856e-01
1.030902624130249023e+00,-1.171502113342285156e+00,8.088800907135009766e-01,-6.296450644731521606e-02,-3.077829629182815552e-02,8.587641716003417969e-01,5.075552463531494141e-01,-5.570724010467529297e-01,1.823627203702926636e-01,3.903271555900573730e-01,1.073303446173667908e-01,1.894379556179046631e-01,-1.195666864514350891e-01,2.426615655422210693e-01,-9.433740377426147461e-02,-8.316961675882339478e-02,3.736834228038787842e-01,2.340711951255798340e-01,-1.025889664888381958e-01,5.371745228767395020e-01,0.000000000000000000e+00,0.000000000000000000e+00,9.924256205558776855e-01,3.919882178306579590e-01,8.422124385833740234e-02,-1.147227406501770020e+00,-3.571354597806930542e-02,5.686726793646812439e-02,-2.728910744190216064e-01,1.533516049385070801e-01,-1.866735577583312988e+00,-2.027615010738372803e-01
9.688912630081176758e-01,-1.123290181159973145e+00,7.933625578880310059e-01,-4.205959662795066833e-02,-2.107885479927062988e-02,8.799725770950317383e-01,4.726890325546264648e-01,-5.438841581344604492e-01,9.604668617248535156e-02,3.476386964321136475e-01,2.337108552455902100e-01,-1.682731695473194122e-02,6.491106003522872925e-02,2.293928414583206177e-01,-1.442142128944396973e-01,-1.891943216323852539e-01,5.394945740699768066e-01,1.937686502933502197e-01,-1.217920482158660889e-01,4.366357028484344482e-01,0.000000000000000000e+00,0.000000000000000000e+00,9.519095420837402344e-01,3.868871331214904785e-01,3.408665582537651062e-02,-1.041665673255920410e+00,-3.508632257580757141e-02,1.252719610929489136e-01,-2.800665497779846191e-01,1.572100073099136353e-01,-1.797569274902343750e+00,-1.951254159212112427e-01
9.142737984657287598e-01,-1.081849813461303711e+00,7.797526121139526367e-01,-3.702684119343757629e-02,-2.985650906339287758e-03,8.991358876228332520e-01,4.360903203487396240e-01,-5.786514878273010254e-01,2.643864415585994720e-02,2.825454175472259521e-01,3.822200000286102295e-01,-7.533571124076843262e-02,9.906060993671417236e-02,1.323853135108947754e-01,-2.090604603290557861e-01,-2.756485044956207275e-01,7.219024896621704102e-01,1.407441943883895874e-01,-1.499109864234924316e-01,3.383456468582153320e-01,0.000000000000000000e+00,0.000000000000000000e+00,7.626103758811950684e-01,3.726170957088470459e-01,-1.144274547696113586e-01,-8.685903549194335938e-01,-4.428390040993690491e-02,1.547465771436691284e-01,-2.724308371543884277e-01,1.396617591381072998e-01,-1.631339192390441895e+00,-2.090498805046081543e-01
8.687193393707275391e-01,-1.038202762603759766e+00,7.834684252738952637e-01,-3.010439872741699219e-02,1.165389083325862885e-03,9.164457321166992188e-01,3.990233242511749268e-01,-5.463698506355285645e-01,-2.103443816304206848e-02,2.406692653894424438e-01,4.544817805290222168e-01,-1.532318145036697388e-01,8.734428882598876953e-02,1.657804474234580994e-02,-1.828104555606842041e-01,-2.545452117919921875e-01,8.411111235618591309e-01,1.097420975565910339e-01,-1.607594639062881470e-01,2.457678169012069702e-01,0.000000000000000000e+00,0.000000000000000000e+00,5.443898439407348633e-01,3.802447021007537842e-01,-2.397360652685165405e-01,-7.055587768554687500e-01,-1.007786691188812256e-01,1.756765395402908325e-01,-2.741108834743499756e-01,1.417544782161712646e-01,-1.380246400833129883e+00,-1.915252953767776489e-01
8.268350958824157715e-01,-1.001743674278259277e+00,7.901752591133117676e-01,-3.319323807954788208e-02,4.812694154679775238e-03,9.279726147651672363e-01,3.711358606815338135e-01,-4.881885945796966553e-01,-6.000547483563423157e-02,1.944979727268218994e-01,4.382186233997344971e-01,-2.001055032014846802e-01,1.001405119895935059e-01,-1.388719230890274048e-01,-1.413291692733764648e-01,-2.057358622550964355e-01,8.917019367218017578e-01,6.555414944887161255e-02,-1.495720297098159790e-01,1.658330559730529785e-01,0.000000000000000000e+00,0.000000000000000000e+00,3.830342888832092285e-01,3.654467761516571045e-01,-2.089518755674362183e-01,-6.957429647445678711e-01,-5.369824171066284180e-02,1.918069571256637573e-01,-2.503244280815124512e-01,1.630706638097763062e-01,-1.177362561225891113e+00,-2.272942662239074707e-01
7.859375476837158203e-01,-9.643434882164001465e-01,7.990484833717346191e-01,-3.834560140967369080e-02,8.159146644175052643e-03,9.379289746284484863e-01,3.446045815944671631e-01,-4.192086756229400635e-01,-9.202867746353149414e-02,1.342956721782684326e-01,3.984634578227996826e-01,-2.163377851247787476e-01,1.025805100798606873e-01,-2.854808866977691650e-01,-1.188944354653358459e-01,-1.894095242023468018e-01,8.743246793746948242e-01,-2.136645652353763580e-02,-1.424086987972259521e-01,8.355560153722763062e-02,0.000000000000000000e+00,0.000000000000000000e+00,2.709502279758453369e-01,3.444988131523132324e-01,-1.357827484607696533e-01,-7.953745722770690918e-01,6.758220493793487549e-02,2.212713062763214111e-01,-2.335975915193557739e-01,1.879786252975463867e-01,-1.033667683601379395e+00,-1.493830829858779907e-01
7.456669211387634277e-01,-9.250938296318054199e-01,8.117796182632446289e-01,-4.030423238873481750e-02,7.184247486293315887e-03,9.476841688156127930e-01,3.165733814239501953e-01,-3.215737938880920410e-01,-1.076452508568763733e-01,6.372074782848358154e-02,3.283175826072692871e-01,-2.121479660272598267e-01,8.229991793632507324e-02,-3.793874382972717285e-01,-6.710959970951080322e-02,-1.520333141088485718e-01,7.623764872550964355e-01,-5.082293227314949036e-02,-1.005568355321884155e-01,5.500754468812374398e-06,0.000000000000000000e+00,0.000000000000000000e+00,1.657385230064392090e-01,3.459746241569519043e-01,-1.275079250335693359e-01,-9.111041426658630371e-01,8.952827006578445435e-02,2.663950622081756592e-01,-2.146928161382675171e-01,2.170457541942596436e-01,-9.145963788032531738e-01,-1.378390192985534668e-01
7.053886651992797852e-01,-8.885114789009094238e-01,8.249067664146423340e-01,-3.850250691175460815e-02,6.899682804942131042e-03,9.561138749122619629e-01,2.903725206851959229e-01,-2.133011817932128906e-01,-1.165703386068344116e-01,8.386427653022110462e-04,2.513078451156616211e-01,-2.089201956987380981e-01,4.558520019054412842e-02,-4.359882771968841553e-01,-3.380285203456878662e-02,-1.253131479024887085e-01,5.907694697380065918e-01,-6.484164297580718994e-02,-1.872512325644493103e-02,-8.655846118927001953e-02,0.000000000000000000e+00,0.000000000000000000e+00,6.861837953329086304e-02,3.601966500282287598e-01,-1.371421366930007935e-01,-1.013435363769531250e+00,9.211830049753189087e-02,3.241785168647766113e-01,-1.978293806314468384e-01,2.313361167907714844e-01,-8.016241788864135742e-01,-1.412982940673828125e-01
6.663613319396972656e-01,-8.519227504730224609e-01,8.331309556961059570e-01,-3.856647387146949768e-02,5.800570826977491379e-03,9.646303057670593262e-01,2.607055604457855225e-01,-1.223803982138633728e-01,-1.090998277068138123e-01,-5.012489482760429382e-02,1.938758194446563721e-01,-2.032947540283203125e-01,1.833241246640682220e-02,-4.867527484893798828e-01,-3.374442458152770996e-02,-1.414786577224731445e-01,4.151537716388702393e-01,-1.246381253004074097e-01,1.640104129910469055e-02,-1.821349710226058960e-01,0.000000000000000000e+00,0.000000000000000000e+00,-2.835471369326114655e-02,3.756905496120452881e-01,-1.414564549922943115e-01,-1.100533127784729004e+00,9.083162248134613037e-02,3.697797954082489014e-01,-1.801384091377258301e-01,2.143672406673431396e-01,-7.006516456604003906e-01,-1.589309573173522949e-01
6.254709959030151367e-01,-8.152682185173034668e-01,8.367551565170288086e-01,-3.635887056589126587e-02,4.861480556428432465e-03,9.735104441642761230e-01,2.256807684898376465e-01,-3.966865688562393188e-02,-9.368328005075454712e-02,-1.064863875508308411e-01,1.519517153501510620e-01,-1.880838274955749512e-01,-1.302781887352466583e-02,-5.195270776748657227e-01,-6.588455289602279663e-02,-2.123476117849349976e-01,2.526970207691192627e-01,-1.924698501825332642e-01,5.519528687000274658e-02,-2.850949466228485107e-01,0.000000000000000000e+00,0.000000000000000000e+00,-1.186479181051254272e-01,3.982180655002593994e-01,-1.545531004667282104e-01,-1.178830862045288086e+00,9.556018561124801636e-02,4.174653291702270508e-01,-1.725105941295623779e-01,1.820443868637084961e-01,-6.227111816406250000e-01,-1.705304533243179321e-01
5.858218669891357422e-01,-7.780539989471435547e-01,8.376457095146179199e-01,-3.210709989070892334e-02,-5.136775784194469452e-03,9.810256361961364746e-01,1.911319196224212646e-01,3.999600186944007874e-02,-5.123227462172508240e-02,-1.582888215780258179e-01,1.214445754885673523e-01,-1.636249274015426636e-01,-5.981396511197090149e-02,-5.447051525115966797e-01,-8.704236149787902832e-02,-2.996410727500915527e-01,1.257217675447463989e-01,-2.703772485256195068e-01,8.653052896261215210e-02,-3.835085630416870117e-01,0.000000000000000000e+00,0.000000000000000000e+00,-1.984396129846572876e-01,4.362167418003082275e-01,-1.851710230112075806e-01,-1.248505115509033203e+00,1.060757189989089966e-01,4.729539752006530762e-01,-1.718545556068420410e-01,1.536565124988555908e-01,-5.693774819374084473e-01,-1.864145696163177490e-01
5.463084578514099121e-01,-7.385559082031250000e-01,8.347979187965393066e-01,-2.509473823010921478e-02,-1.336043700575828552e-02,9.862113595008850098e-01,1.630302816629409790e-01,1.113841235637664795e-01,-1.206483342684805393e-03,-2.021778076887130737e-01,1.045381352305412292e-01,-1.490729898214340210e-01,-9.541894495487213135e-02,-5.501205921173095703e-01,-1.011807695031166077e-01,-3.470371961593627930e-01,3.651288896799087524e-02,-3.103653788566589355e-01,1.089535430073738098e-01,-4.670011699199676514e-01,0.000000000000000000e+00,0.000000000000000000e+00,-2.714467048645019531e-01,4.727848768234252930e-01,-2.222079932689666748e-01,-1.301137447357177734e+00,1.129148975014686584e-01,5.363341569900512695e-01,-1.916195154190063477e-01,1.255162954330444336e-01,-5.404407978057861328e-01,-1.811706870794296265e-01
5.053849816322326660e-01,-6.987029910087585449e-01,8.253408670425415039e-01,-1.624531671404838562e-02,-1.257800124585628510e-02,9.898195266723632812e-01,1.408373415470123291e-01,1.724530160427093506e-01,3.513935580849647522e-02,-2.385218590497970581e-01,1.099041625857353210e-01,-1.324100345373153687e-01,-1.183454617857933044e-01,-5.467366576194763184e-01,-1.299878060817718506e-01,-4.021840691566467285e-01,1.067754812538623810e-02,-3.211491703987121582e-01,1.366717666387557983e-01,-5.352179408073425293e-01,0.000000000000000000e+00,0.000000000000000000e+00,-3.446490764617919922e-01,4.972166121006011963e-01,-2.574346065521240234e-01,-1.340406060218811035e+00,1.385708898305892944e-01,5.852155089378356934e-01,-2.224460393190383911e-01,7.605635374784469604e-02,-5.228481888771057129e-01,-1.714539825916290283e-01
4.625194072723388672e-01,-6.576634049415588379e-01,8.122152686119079590e-01,-6.478376220911741257e-03,-9.291760623455047607e-03,9.933266639709472656e-01,1.147774979472160339e-01,2.275014519691467285e-01,7.016293704509735107e-02,-2.826678752899169922e-01,1.281518936157226562e-01,-8.597403019666671753e-02,-1.492689400911331177e-01,-5.365926027297973633e-01,-1.681875586509704590e-01,-4.115257561206817627e-01,6.480354815721511841e-02,-3.228597640991210938e-01,1.228803917765617371e-01,-6.026500463485717773e-01,0.000000000000000000e+00,0.000000000000000000e+00,-4.064116179943084717e-01,5.163300633430480957e-01,-2.966562807559967041e-01,-1.355502963066101074e+00,1.616417765617370605e-01,6.135033965110778809e-01,-2.577615380287170410e-01,2.399682626128196716e-02,-4.906175434589385986e-01,-1.678976416587829590e-01
4.150003194808959961e-01,-6.134876012802124023e-01,7.934607267379760742e-01,1.286325510591268539e-03,1.508769113570451736e-02,9.948282241821289062e-01,1.004363819956779480e-01,2.751381397247314453e-01,6.534409523010253906e-02,-3.124932050704956055e-01,1.552746891975402832e-01,-3.025918453931808472e-02,-1.503086239099502563e-01,-5.263487696647644043e-01,-2.376595586538314819e-01,-4.513263702392578125e-01,1.592359393835067749e-01,-1.954435706138610840e-01,9.858109056949615479e-02,-6.418930292129516602e-01,0.000000000000000000e+00,0.000000000000000000e+00,-4.666048884391784668e-01,5.058252215385437012e-01,-3.157672584056854248e-01,-1.344039440155029297e+00,1.990479826927185059e-01,5.935921072959899902e-01,-3.120708465576171875e-01,-6.920923944562673569e-03,-4.448864459991455078e-01,-1.622167527675628662e-01
3.710190057754516602e-01,-5.686659812927246094e-01,7.783831954002380371e-01,5.604712758213281631e-03,2.274481207132339478e-02,9.943048357963562012e-01,1.039668396115303040e-01,3.210049271583557129e-01,7.655731588602066040e-02,-3.259811103343963623e-01,1.940805464982986450e-01,1.058341562747955322e-01,-1.708170920610427856e-01,-5.078319311141967773e-01,-2.406907230615615845e-01,-4.492582976818084717e-01,2.381718903779983521e-01,-5.418889597058296204e-02,8.348526060581207275e-02,-6.455758213996887207e-01,0.000000000000000000e+00,0.000000000000000000e+00,-4.833775460720062256e-01,5.068249106407165527e-01,-3.387880921363830566e-01,-1.313885569572448730e+00,1.800995469093322754e-01,5.535199046134948730e-01,-3.476814031600952148e-01,1.130478270351886749e-02,-4.062408506870269775e-01,-1.576886624097824097e-01
3.289339244365692139e-01,-5.263301134109497070e-01,7.753239870071411133e-01,9.805554524064064026e-03,2.042816951870918274e-02,9.923366904258728027e-01,1.214676871895790100e-01,3.474825322628021240e-01,8.416498452425003052e-02,-2.794256508350372314e-01,2.539770305156707764e-01,2.814310193061828613e-01,-1.732454001903533936e-01,-4.838729202747344971e-01,-2.023844569921493530e-01,-4.317497313022613525e-01,2.949534058570861816e-01,-2.762187458574771881e-02,5.228917673230171204e-02,-6.169217824935913086e-01,0.000000000000000000e+00,0.000000000000000000e+00,-4.428425729274749756e-01,4.966498315334320068e-01,-3.489466011524200439e-01,-1.274300813674926758e+00,1.824319213628768921e-01,4.784861505031585693e-01,-3.614827692508697510e-01,6.732099503278732300e-02,-3.573502898216247559e-01,-1.363277286291122437e-01
2.903043031692504883e-01,-4.840905070304870605e-01,7.804753780364990234e-01,1.049035415053367615e-02,2.480075508356094360e-02,9.890398979187011719e-01,1.451719552278518677e-01,3.234067559242248535e-01,8.609289675951004028e-02,-1.534634232521057129e-01,3.430652618408203125e-01,4.264272451400756836e-01,-1.300313174724578857e-01,-4.529353678226470947e-01,-1.669976711273193359e-01,-4.056774079799652100e-01,3.273878693580627441e-01,-7.434045523405075073e-02,-5.392043385654687881e-03,-5.606039166450500488e-01,0.000000000000000000e+00,0.000000000000000000e+00,-3.818173110485076904e-01,4.799925088882446289e-01,-3.509215116500854492e-01,-1.226768732070922852e+00,2.064965069293975830e-01,3.991510570049285889e-01,-3.640898764133453369e-01,1.078962981700897217e-01,-3.618207275867462158e-01,-1.561764329671859741e-01
2.524673640727996826e-01,-4.442247748374938965e-01,7.912347912788391113e-01,4.061477724462747574e-03,4.154587537050247192e-02,9.825572967529296875e-01,1.812142282724380493e-01,2.140082865953445435e-01,4.308599606156349182e-02,-4.909126460552215576e-02,4.739675521850585938e-01,3.503322303295135498e-01,-6.857374310493469238e-02,-4.231434762477874756e-01,-1.339479833841323853e-01,-3.358400762081146240e-01,3.075521290302276611e-01,-9.842035174369812012e-02,-2.768738567829132080e-02,-4.637702405452728271e-01,0.000000000000000000e+00,0.000000000000000000e+00,-3.219476342201232910e-01,4.257482290267944336e-01,-3.339196145534515381e-01,-1.177813887596130371e+00,2.221798300743103027e-01,3.221748471260070801e-01,-3.566700518131256104e-01,1.085074767470359802e-01,-4.517568647861480713e-01,-2.251499295234680176e-01
2.160130888223648071e-01,-4.084678590297698975e-01,8.050083518028259277e-01,-2.200810704380273819e-03,5.322390794754028320e-02,9.756622910499572754e-01,2.127099335193634033e-01,8.614838868379592896e-02,-6.994582712650299072e-03,-2.514033345505595207e-03,5.650548934936523438e-01,2.479164749383926392e-01,-3.625550493597984314e-02,-3.821288645267486572e-01,-1.014372706413269043e-01,-2.728781700134277344e-01,2.758290767669677734e-01,-1.189487427473068237e-01,-3.753858432173728943e-02,-3.755945563316345215e-01,0.000000000000000000e+00,0.000000000000000000e+00,-2.434689253568649292e-01,3.699029088020324707e-01,-3.439825773239135742e-01,-1.115846276283264160e+00,1.827081143856048584e-01,2.460399121046066284e-01,-3.365979194641113281e-01,1.258373260498046875e-01,-5.603380203247070312e-01,-2.873184680938720703e-01
1.810586303472518921e-01,-3.744606971740722656e-01,8.190498948097229004e-01,-8.107332512736320496e-03,6.132921576499938965e-02,9.693696498870849609e-01,2.376877665519714355e-01,-3.433725982904434204e-02,-5.121317133307456970e-02,2.581226080656051636e-02,5.797826647758483887e-01,1.683105081319808960e-01,-1.482568588107824326e-02,-3.243278563022613525e-01,-7.211516052484512329e-02,-2.249327600002288818e-01,2.203412503004074097e-01,-1.380655318498611450e-01,-3.170169144868850708e-02,-3.001613020896911621e-01,0.000000000000000000e+00,0.000000000000000000e+00,-1.449803858995437622e-01,3.177120685577392578e-01,-3.397555649280548096e-01,-1.049219489097595215e+00,1.711733490228652954e-01,1.707619130611419678e-01,-3.128092586994171143e-01,1.620534956455230713e-01,-6.769571900367736816e-01,-3.202053308486938477e-01
1.461526602506637573e-01,-3.429759740829467773e-01,8.309219479560852051e-01,-1.469822321087121964e-02,6.812050938606262207e-02,9.613979458808898926e-01,2.661908268928527832e-01,-1.485423445701599121e-01,-8.500003814697265625e-02,6.485221534967422485e-02,5.376735329627990723e-01,7.721040397882461548e-02,6.360069528454914689e-05,-2.638178467750549316e-01,-4.822570458054542542e-02,-1.772949099540710449e-01,1.573780477046966553e-01,-1.464046239852905273e-01,-7.042550947517156601e-03,-2.119551151990890503e-01,0.000000000000000000e+00,0.000000000000000000e+00,-5.360806360840797424e-02,2.394796162843704224e-01,-3.357457816600799561e-01,-9.519367218017578125e-01,1.521342843770980835e-01,9.914339333772659302e-02,-2.953554987907409668e-01,2.006369978189468384e-01,-7.984089851379394531e-01,-3.178101480007171631e-01
1.114498078823089600e-01,-3.120197057723999023e-01,8.386434912681579590e-01,-2.187901921570301056e-02,6.941903382539749146e-02,9.506044387817382812e-01,3.017506301403045654e-01,-2.426118552684783936e-01,-9.089570492506027222e-02,1.334702819585800171e-01,4.436300992965698242e-01,7.162003777921199799e-03,2.300060354173183441e-02,-2.141053676605224609e-01,-2.057162486016750336e-02,-1.136004477739334106e-01,1.168452501296997070e-01,-1.425515264272689819e-01,2.106412686407566071e-02,-1.070407107472419739e-01,0.000000000000000000e+00,0.000000000000000000e+00,2.628916129469871521e-02,1.852813512086868286e-01,-3.146831095218658447e-01,-8.397914767265319824e-01,1.216920837759971619e-01,2.599853090941905975e-02,-2.936630845069885254e-01,2.442084401845932007e-01,-9.006357192993164062e-01,-2.941045761108398438e-01
7.742464542388916016e-02,-2.820343673229217529e-01,8.419333100318908691e-01,-3.142844140529632568e-02,6.609754264354705811e-02,9.375293850898742676e-01,3.401205837726593018e-01,-3.333494961261749268e-01,-7.547123730182647705e-02,2.024382799863815308e-01,3.343245387077331543e-01,-5.970208346843719482e-02,2.358609624207019806e-02,-1.741078346967697144e-01,1.145137660205364227e-02,-2.769385837018489838e-02,8.962392061948776245e-02,-1.413499265909194946e-01,4.523562267422676086e-02,-1.674644532613456249e-03,0.000000000000000000e+00,0.000000000000000000e+00,1.043844819068908691e-01,1.482431143522262573e-01,-3.038504421710968018e-01,-7.162292003631591797e-01,8.372320979833602905e-02,-5.141358077526092529e-02,-2.909894883632659912e-01,2.812971174716949463e-01,-9.984207749366760254e-01,-2.836887836456298828e-01
4.264748468995094299e-02,-2.524602413177490234e-01,8.401042819023132324e-01,-4.327497258782386780e-02,6.070533022284507751e-02,9.230648279190063477e-01,3.773505687713623047e-01,-4.250848889350891113e-01,-5.261764302849769592e-02,2.433304041624069214e-01,2.248174250125885010e-01,-1.163019239902496338e-01,-3.049024613574147224e-03,-1.361901611089706421e-01,3.785862401127815247e-02,4.732871055603027344e-02,6.777837127447128296e-02,-1.492770314216613770e-01,5.808337777853012085e-02,9.375904500484466553e-02,0.000000000000000000e+00,0.000000000000000000e+00,1.791934520006179810e-01,1.171079799532890320e-01,-2.874226868152618408e-01,-5.911667346954345703e-01,9.806263446807861328e-02,-1.399849951267242432e-01,-2.919374108314514160e-01,3.242023289203643799e-01,-1.085766553878784180e+00,-2.596191763877868652e-01
7.725266274064779282e-03,-2.214300185441970825e-01,8.338465094566345215e-01,-5.372888594865798950e-02,5.826097354292869568e-02,9.074738025665283203e-01,4.125653803348541260e-01,-5.173242688179016113e-01,-2.527523413300514221e-02,2.598225176334381104e-01,1.302739977836608887e-01,-1.612090766429901123e-01,-4.078410565853118896e-02,-9.728446602821350098e-02,5.104887112975120544e-02,1.166348680853843689e-01,5.047129467129707336e-02,-1.647501885890960693e-01,5.091949179768562317e-02,1.803894937038421631e-01,0.000000000000000000e+00,0.000000000000000000e+00,2.528764307498931885e-01,9.219496697187423706e-02,-2.789196074008941650e-01,-4.780265986919403076e-01,7.172501087188720703e-02,-2.281976044178009033e-01,-2.889909148216247559e-01,3.580677807331085205e-01,-1.161143302917480469e+00,-2.534378170967102051e-01
-2.886499091982841492e-02,-1.910987943410873413e-01,8.269488215446472168e-01,-5.709075555205345154e-02,6.187951564788818359e-02,8.953613638877868652e-01,4.373094439506530762e-01,-5.977000594139099121e-01,-9.784745052456855774e-03,2.381088286638259888e-01,5.763011053204536438e-02,-2.352074682712554932e-01,-4.280235618352890015e-02,-5.116655305027961731e-02,3.711555898189544678e-02,1.499875485897064209e-01,3.569388762116432190e-02,-1.952210813760757446e-01,4.079204052686691284e-02,2.430093288421630859e-01,0.000000000000000000e+00,0.000000000000000000e+00,3.228062093257904053e-01,6.375152617692947388e-02,-2.741313874721527100e-01,-3.746691048145294189e-01,4.964355751872062683e-02,-3.136897385120391846e-01,-2.993655502796173096e-01,3.886758089065551758e-01,-1.208993434906005859e+00,-2.318248003721237183e-01
-6.603585183620452881e-02,-1.593354195356369019e-01,8.160187005996704102e-01,-5.888305976986885071e-02,6.215605512261390686e-02,8.891039490699768066e-01,4.496259987354278564e-01,-6.582392454147338867e-01,6.314487196505069733e-03,2.405258566141128540e-01,2.169201150536537170e-02,-2.751661837100982666e-01,-5.273555964231491089e-02,-4.101327154785394669e-03,2.518657036125659943e-02,1.743712574243545532e-01,3.669336438179016113e-02,-2.270737886428833008e-01,3.120554238557815552e-02,2.823123931884765625e-01,0.000000000000000000e+00,0.000000000000000000e+00,3.886767029762268066e-01,5.496434122323989868e-02,-2.728813290596008301e-01,-3.025112152099609375e-01,1.012831181287765503e-02,-3.903359174728393555e-01,-3.159855306148529053e-01,4.156191945075988770e-01,-1.243337392807006836e+00,-2.522157728672027588e-01
-1.054189056158065796e-01,-1.262847632169723511e-01,8.038648962974548340e-01,-6.023344397544860840e-02,5.812195315957069397e-02,8.827404379844665527e-01,4.623452126979827881e-01,-6.859868168830871582e-01,2.830423787236213684e-02,2.751899659633636475e-01,2.746993862092494965e-02,-2.918385565280914307e-01,-5.395217239856719971e-02,4.196097701787948608e-02,1.781645976006984711e-02,2.152119725942611694e-01,5.137878283858299255e-02,-2.373872548341751099e-01,4.161835834383964539e-02,3.218115270137786865e-01,0.000000000000000000e+00,0.000000000000000000e+00,4.492242336273193359e-01,5.325876176357269287e-02,-2.528783380985260010e-01,-2.615002989768981934e-01,-1.684063114225864410e-02,-4.441398978233337402e-01,-3.313734829425811768e-01,4.340380132198333740e-01,-1.258707165718078613e+00,-2.514608502388000488e-01
-1.494900286197662354e-01,-9.204313158988952637e-02,7.915308475494384766e-01,-6.086741387844085693e-02,5.270291492342948914e-02,8.751174807548522949e-01,4.771655201911926270e-01,-6.912685632705688477e-01,4.730044677853584290e-02,2.972139716148376465e-01,8.974196016788482666e-02,-2.759616971015930176e-01,-5.613287910819053650e-02,8.709146827459335327e-02,6.893398705869913101e-03,2.566522955894470215e-01,7.861658185720443726e-02,-2.096435278654098511e-01,7.650855928659439087e-02,3.674316406250000000e-01,0.000000000000000000e+00,0.000000000000000000e+00,4.966746568679809570e-01,5.752226337790489197e-02,-2.262364029884338379e-01,-2.390118539333343506e-01,-5.569622665643692017e-02,-4.636581540107727051e-01,-3.505930304527282715e-01,4.373433589935302734e-01,-1.261576890945434570e+00,-2.430751621723175049e-01
-1.984547674655914307e-01,-5.605544522404670715e-02,7.777783274650573730e-01,-6.333238631486892700e-02,4.622000083327293396e-02,8.682136535644531250e-01,4.899568557739257812e-01,-6.765855550765991211e-01,6.830125302076339722e-02,3.354879319667816162e-01,1.558932662010192871e-01,-1.466401666402816772e-01,-2.746568992733955383e-02,1.331942677497863770e-01,1.082041650079190731e-03,3.179410994052886963e-01,1.080622375011444092e-01,-1.104951575398445129e-01,1.120254620909690857e-01,4.097259938716888428e-01,0.000000000000000000e+00,0.000000000000000000e+00,5.217365622520446777e-01,6.635298579931259155e-02,-2.025872766971588135e-01,-2.294373959302902222e-01,-6.363249570131301880e-02,-4.488204419612884521e-01,-3.610584139823913574e-01,4.282320439815521240e-01,-1.254060387611389160e+00,-2.580724656581878662e-01
-2.488662749528884888e-01,-2.211437746882438660e-02,7.721439003944396973e-01,-5.128733068704605103e-02,5.596239119768142700e-02,8.699489831924438477e-01,4.872643649578094482e-01,-6.414319276809692383e-01,3.403933718800544739e-02,3.663726150989532471e-01,2.176662087440490723e-01,-8.549839258193969727e-02,-1.542612258344888687e-02,1.801677495241165161e-01,-4.388819262385368347e-02,3.163534998893737793e-01,1.486501693725585938e-01,6.775870919227600098e-02,1.702007204294204712e-01,4.134442806243896484e-01,0.000000000000000000e+00,0.000000000000000000e+00,5.366730690002441406e-01,5.092671513557434082e-02,-2.156736105680465698e-01,-2.218168079853057861e-01,-6.404176354408264160e-02,-3.864589929580688477e-01,-3.921785950660705566e-01,4.192038476467132568e-01,-1.225460410118103027e+00,-2.817712724208831787e-01
-2.964395284652709961e-01,1.241915766149759293e-02,7.743359208106994629e-01,-3.644626215100288391e-02,6.599140912294387817e-02,8.743187189102172852e-01,4.794617891311645508e-01,-5.946078896522521973e-01,-2.473181299865245819e-02,3.485364019870758057e-01,2.579113245010375977e-01,-8.418516069650650024e-02,1.849569939076900482e-02,2.239340096712112427e-01,-8.052890002727508545e-02,2.901686131954193115e-01,1.947931349277496338e-01,3.240759372711181641e-01,2.157690376043319702e-01,4.073027074337005615e-01,0.000000000000000000e+00,0.000000000000000000e+00,5.283824801445007324e-01,3.630906715989112854e-02,-2.405719459056854248e-01,-2.242102771997451782e-01,-7.504969090223312378e-02,-2.827600240707397461e-01,-4.142896831035614014e-01,4.029307961463928223e-01,-1.168978691101074219e+00,-2.725428342819213867e-01
-3.421000540256500244e-01,4.588794708251953125e-02,7.833784222602844238e-01,-3.710075840353965759e-02,6.100016832351684570e-02,8.836173415184020996e-01,4.627341926097869873e-01,-5.385896563529968262e-01,-6.001332029700279236e-02,3.163762092590332031e-01,2.560034096240997314e-01,-1.172158047556877136e-01,7.013733685016632080e-02,2.056983113288879395e-01,-9.499838203191757202e-02,1.677678525447845459e-01,2.835344672203063965e-01,5.042740106582641602e-01,1.793968975543975830e-01,3.657199442386627197e-01,0.000000000000000000e+00,0.000000000000000000e+00,4.868497848510742188e-01,4.671515151858329773e-02,-2.551209330558776855e-01,-2.590792179107666016e-01,-5.539108067750930786e-02,-1.939449459314346313e-01,-3.932217955589294434e-01,3.714056313037872314e-01,-1.097140669822692871e+00,-2.894497215747833252e-01
-3.885160088539123535e-01,8.015732467174530029e-02,7.986187934875488281e-01,-5.136890336871147156e-02,4.433307796716690063e-02,8.973207473754882812e-01,4.361321330070495605e-01,-4.821193516254425049e-01,-7.237347960472106934e-02,2.516134977340698242e-01,2.300196439027786255e-01,-1.232509762048721313e-01,9.667687863111495972e-02,1.223395764827728271e-01,-7.145055383443832397e-02,3.426337242126464844e-02,3.773726224899291992e-01,5.037373900413513184e-01,9.431684017181396484e-02,2.940326035022735596e-01,0.000000000000000000e+00,0.000000000000000000e+00,4.116365015506744385e-01,7.725488394498825073e-02,-2.676329314708709717e-01,-3.135963082313537598e-01,-4.139814525842666626e-02,-1.242576390504837036e-01,-3.300787508487701416e-01,3.374786972999572754e-01,-1.019178628921508789e+00,-2.522329986095428467e-01
-4.315055906772613525e-01,1.155547797679901123e-01,8.120430111885070801e-01,-6.029139831662178040e-02,2.775584720075130463e-02,9.145088791847229004e-01,3.990840315818786621e-01,-4.097059369087219238e-01,-8.254471421241760254e-02,1.915396898984909058e-01,1.899402290582656860e-01,-1.257593482732772827e-01,8.998078107833862305e-02,1.829763688147068024e-02,-4.732848331332206726e-02,-8.095064014196395874e-02,4.649553894996643066e-01,4.282422065734863281e-01,3.227423876523971558e-02,2.062901109457015991e-01,0.000000000000000000e+00,0.000000000000000000e+00,3.306658864021301270e-01,1.223716139793395996e-01,-2.876732051372528076e-01,-3.936837911605834961e-01,1.519019366241991520e-03,-5.100957304239273071e-02,-2.785736918449401855e-01,3.143215179443359375e-01,-9.196333885192871094e-01,-2.218479514122009277e-01
-4.721432030200958252e-01,1.479466855525970459e-01,8.235440254211425781e-01,-6.533212959766387939e-02,1.635400392115116119e-02,9.293293952941894531e-01,3.630579710006713867e-01,-3.384269773960113525e-01,-9.364794939756393433e-02,1.112668737769126892e-01,1.543227285146713257e-01,-1.239507272839546204e-01,7.666487991809844971e-02,-9.616270661354064941e-02,-2.832419052720069885e-02,-1.528265774250030518e-01,5.153691172599792480e-01,3.465130925178527832e-01,4.330066032707691193e-03,1.200095489621162415e-01,0.000000000000000000e+00,0.000000000000000000e+00,2.455768138170242310e-01,1.729402542114257812e-01,-2.968216240406036377e-01,-4.925758242607116699e-01,5.331312492489814758e-02,2.161595039069652557e-02,-2.268334925174713135e-01,2.983527481555938721e-01,-8.177873492240905762e-01,-2.206960767507553101e-01
-5.128698348999023438e-01,1.782322674989700317e-01,8.334850072860717773e-01,-6.552127748727798462e-02,7.623796351253986359e-03,9.441120028495788574e-01,3.229571580886840820e-01,-2.608976662158966064e-01,-1.035269573330879211e-01,2.494512684643268585e-02,1.204282492399215698e-01,-1.191424131393432617e-01,5.477088317275047302e-02,-2.033947408199310303e-01,-1.519185770303010941e-02,-2.021570652723312378e-01,5.186194181442260742e-01,2.346529662609100342e-01,7.351649925112724304e-03,2.572116255760192871e-02,0.000000000000000000e+00,0.000000000000000000e+00,1.713421791791915894e-01,2.153996378183364868e-01,-2.994926273822784424e-01,-6.033553481101989746e-01,1.094036251306533813e-01,9.794037789106369019e-02,-1.748365759849548340e-01,2.747638225555419922e-01,-7.064307332038879395e-01,-2.117022871971130371e-01
-5.506172776222229004e-01,2.091537863016128540e-01,8.404805064201354980e-01,-6.265992671251296997e-02,7.445592898875474930e-03,9.574869871139526367e-01,2.814905345439910889e-01,-1.921729445457458496e-01,-1.143918558955192566e-01,-5.057038366794586182e-02,9.755472838878631592e-02,-1.220338791608810425e-01,2.899290993809700012e-02,-2.959628105163574219e-01,-2.136854454874992371e-02,-2.449725866317749023e-01,4.619656205177307129e-01,1.382078975439071655e-01,3.091471269726753235e-02,-7.050312310457229614e-02,0.000000000000000000e+00,0.000000000000000000e+00,8.518308401107788086e-02,2.393647283315658569e-01,-3.198902308940887451e-01,-6.978727579116821289e-01,1.556315571069717407e-01,1.675714552402496338e-01,-1.356536298990249634e-01,2.485396116971969604e-01,-5.852315425872802734e-01,-1.951223611831665039e-01
-5.888330936431884766e-01,2.392784357070922852e-01,8.410274982452392578e-01,-5.831694230437278748e-02,1.147277187556028366e-02,9.690512418746948242e-01,2.395979315042495728e-01,-1.251428872346878052e-01,-1.238514110445976257e-01,-1.057919561862945557e-01,7.974687218666076660e-02,-1.257683336734771729e-01,-2.393026836216449738e-03,-3.701176643371582031e-01,-5.583105236291885376e-02,-3.025985658168792725e-01,3.688631951808929443e-01,6.873211264610290527e-02,4.732651263475418091e-02,-1.663101911544799805e-01,0.000000000000000000e+00,0.000000000000000000e+00,-1.040085591375827789e-02,2.684733271598815918e-01,-3.636625707149505615e-01,-7.865720987319946289e-01,1.493342518806457520e-01,2.308164536952972412e-01,-1.185738965868949890e-01,2.271450906991958618e-01,-4.745192229747772217e-01,-1.785060912370681763e-01
-6.269754171371459961e-01,2.698553800582885742e-01,8.374181389808654785e-01,-5.512558668851852417e-02,1.635179296135902405e-02,9.778931140899658203e-01,2.010443806648254395e-01,-6.305867433547973633e-02,-1.229541152715682983e-01,-1.608579754829406738e-01,6.137612089514732361e-02,-1.356856226921081543e-01,-2.345652692019939423e-02,-4.464060068130493164e-01,-8.993163704872131348e-02,-3.318488001823425293e-01,2.650485932826995850e-01,-1.595255546271800995e-02,9.154544770717620850e-02,-2.520614266395568848e-01,0.000000000000000000e+00,0.000000000000000000e+00,-1.066474691033363342e-01,2.961869239807128906e-01,-3.965130746364593506e-01,-8.757481575012207031e-01,1.625001430511474609e-01,2.944726943969726562e-01,-1.030615046620368958e-01,2.176672965288162231e-01,-3.939084410667419434e-01,-1.861623376607894897e-01
-6.654823422431945801e-01,3.017117083072662354e-01,8.308013081550598145e-01,-5.200273171067237854e-02,2.025051601231098175e-02,9.841554760932922363e-01,1.682961583137512207e-01,-4.043790977448225021e-03,-1.095569059252738953e-01,-2.118144631385803223e-01,5.084368586540222168e-02,-1.607884019613265991e-01,-3.663513064384460449e-02,-5.151073932647705078e-01,-1.255731582641601562e-01,-3.317373096942901611e-01,1.572667062282562256e-01,-9.923961758613586426e-02,1.332013607025146484e-01,-3.321210443973541260e-01,0.000000000000000000e+00,0.000000000000000000e+00,-1.956215351819992065e-01,3.212717771530151367e-01,-4.179214239120483398e-01,-9.452904462814331055e-01,1.606599539518356323e-01,3.517571985721588135e-01,-9.611155092716217041e-02,2.017078697681427002e-01,-3.280426561832427979e-01,-1.823219954967498779e-01
-7.030044198036193848e-01,3.330806195735931396e-01,8.215812444686889648e-01,-5.055630207061767578e-02,1.656958833336830139e-02,9.873817563056945801e-01,1.491536051034927368e-01,4.545074701309204102e-02,-7.960426062345504761e-02,-2.548202276229858398e-01,5.393909662961959839e-02,-1.819373220205307007e-01,-6.443665176630020142e-02,-5.770691037178039551e-01,-1.505431234836578369e-01,-3.583305180072784424e-01,5.384731292724609375e-02,-1.738921999931335449e-01,1.725528389215469360e-01,-3.891198635101318359e-01,0.000000000000000000e+00,0.000000000000000000e+00,-2.740831971168518066e-01,3.566199541091918945e-01,-4.257584512233734131e-01,-1.008266925811767578e+00,1.581337451934814453e-01,4.051676690578460693e-01,-9.052162617444992065e-02,1.944371908903121948e-01,-2.897158563137054443e-01,-1.649046391248703003e-01
-7.413858175277709961e-01,3.665970563888549805e-01,8.117305636405944824e-01,-4.763519018888473511e-02,1.327452342957258224e-02,9.892182946205139160e-01,1.378472596406936646e-01,9.469554573297500610e-02,-4.544038325548171997e-02,-2.897631227970123291e-01,6.417357921600341797e-02,-1.898362040519714355e-01,-7.819527387619018555e-02,-6.163833141326904297e-01,-1.615493744611740112e-01,-3.543266952037811279e-01,4.771476087626069784e-04,-2.095458209514617920e-01,1.626799702644348145e-01,-4.320019185543060303e-01,0.000000000000000000e+00,0.000000000000000000e+00,-3.310691416263580322e-01,3.882067501544952393e-01,-4.209831655025482178e-01,-1.057873368263244629e+00,1.725354045629501343e-01,4.517812430858612061e-01,-9.308772534132003784e-02,1.665606945753097534e-01,-2.688688933849334717e-01,-1.454065889120101929e-01
-7.829021811485290527e-01,4.045202732086181641e-01,7.989683747291564941e-01,-4.222916439175605774e-02,1.703565381467342377e-02,9.909320473670959473e-01,1.264125257730484009e-01,1.469532102346420288e-01,-2.294445969164371490e-02,-3.290554881095886230e-01,8.488565683364868164e-02,-1.640983074903488159e-01,-1.155834123492240906e-01,-6.284803152084350586e-01,-1.712893545627593994e-01,-3.822523653507232666e-01,6.043682340532541275e-03,-2.149034887552261353e-01,1.964520514011383057e-01,-4.717929065227508545e-01,0.000000000000000000e+00,0.000000000000000000e+00,-3.629407286643981934e-01,4.061379730701446533e-01,-4.128469824790954590e-01,-1.096091985702514648e+00,1.810157299041748047e-01,4.828722774982452393e-01,-1.072223260998725891e-01,1.434298157691955566e-01,-2.476655244827270508e-01,-1.233042180538177490e-01
-8.288461565971374512e-01,4.449796378612518311e-01,7.872832417488098145e-01,-3.756428882479667664e-02,2.940513379871845245e-02,9.923509955406188965e-01,1.138584911823272705e-01,1.941167861223220825e-01,-1.527440082281827927e-02,-3.817098140716552734e-01,1.131122112274169922e-01,-1.182544901967048645e-01,-1.572950035333633423e-01,-6.286126375198364258e-01,-2.030381113290786743e-01,-3.930746018886566162e-01,9.796294569969177246e-02,-1.681615412235260010e-01,1.639814078807830811e-01,-5.096762776374816895e-01,0.000000000000000000e+00,0.000000000000000000e+00,-3.641308546066284180e-01,4.161788523197174072e-01,-3.842967748641967773e-01,-1.136273860931396484e+00,1.901190876960754395e-01,4.909197688102722168e-01,-1.300717443227767944e-01,1.107767447829246521e-01,-2.343573719263076782e-01,-1.142981350421905518e-01
-8.770745396614074707e-01,4.878912866115570068e-01,7.766138315200805664e-01,-3.214090690016746521e-02,4.477375745773315430e-02,9.927346110343933105e-01,1.069589704275131226e-01,2.380663901567459106e-01,-1.887150108814239502e-02,-4.421764612197875977e-01,1.565564423799514771e-01,1.035045087337493896e-02,-1.719549596309661865e-01,-5.967015624046325684e-01,-2.296109795570373535e-01,-3.884858787059783936e-01,1.733071058988571167e-01,-1.764167845249176025e-02,1.139698028564453125e-01,-5.384655594825744629e-01,0.000000000000000000e+00,0.000000000000000000e+00,-3.209245204925537109e-01,3.989990651607513428e-01,-3.343442976474761963e-01,-1.162262320518493652e+00,2.017341554164886475e-01,4.782051444053649902e-01,-1.613632738590240479e-01,8.704073727130889893e-02,-2.227890789508819580e-01,-1.180023103952407837e-01
-9.224328398704528809e-01,5.311709046363830566e-01,7.765664458274841309e-01,-2.390651404857635498e-02,2.945677749812602997e-02,9.924565553665161133e-01,1.165795996785163879e-01,2.805857360363006592e-01,1.742451451718807220e-02,-4.072520732879638672e-01,2.132827639579772949e-01,2.395279258489608765e-01,-2.430962324142456055e-01,-5.515716671943664551e-01,-1.729281693696975708e-01,-3.752119541168212891e-01,2.358853518962860107e-01,5.315982736647129059e-03,5.689439177513122559e-02,-5.369372963905334473e-01,0.000000000000000000e+00,0.000000000000000000e+00,-2.323538064956665039e-01,4.061260521411895752e-01,-3.008356094360351562e-01,-1.153244853019714355e+00,1.837453097105026245e-01,4.709559977054595947e-01,-1.573158055543899536e-01,1.059261187911033630e-01,-2.165167927742004395e-01,-1.316230744123458862e-01
-9.675682187080383301e-01,5.720381140708923340e-01,7.838944196701049805e-01,-1.725781522691249847e-02,3.071396984159946442e-02,9.891294240951538086e-01,1.427649110555648804e-01,2.830726504325866699e-01,9.299734607338905334e-03,-3.156728446483612061e-01,2.942718863487243652e-01,4.679775536060333252e-01,-2.259753495454788208e-01,-5.119025707244873047e-01,-1.269669830799102783e-01,-3.331544399261474609e-01,2.753457427024841309e-01,-3.954762965440750122e-02,-1.624717377126216888e-02,-4.925975501537322998e-01,0.000000000000000000e+00,0.000000000000000000e+00,-1.397505998611450195e-01,3.880006074905395508e-01,-2.631772458553314209e-01,-1.135888695716857910e+00,2.059734612703323364e-01,4.408284425735473633e-01,-1.723048239946365356e-01,1.209884211421012878e-01,-2.388523370027542114e-01,-1.340011954307556152e-01
-1.008618712425231934e+00,6.141111850738525391e-01,7.961775660514831543e-01,-2.383936382830142975e-02,5.275100469589233398e-02,9.835078120231628418e-01,1.713516861200332642e-01,1.542488485574722290e-01,-2.602174878120422363e-02,-1.528684049844741821e-01,4.577083289623260498e-01,4.539610147476196289e-01,-1.325673311948776245e-01,-4.820747077465057373e-01,-1.114971563220024109e-01,-2.833636999130249023e-01,2.740055322647094727e-01,-7.933886349201202393e-02,-4.535159468650817871e-02,-4.122192859649658203e-01,0.000000000000000000e+00,0.000000000000000000e+00,-1.068365350365638733e-01,3.358170986175537109e-01,-2.637535333633422852e-01,-1.083990454673767090e+00,2.008262276649475098e-01,3.846051990985870361e-01,-1.913802772760391235e-01,1.360343843698501587e-01,-3.103150725364685059e-01,-1.769038438796997070e-01
-1.050305485725402832e+00,6.532149910926818848e-01,8.102478384971618652e-01,-2.962078340351581573e-02,7.118859142065048218e-02,9.747005105018615723e-01,2.097944319248199463e-01,-7.691462058573961258e-03,-7.834386080503463745e-02,-4.844182729721069336e-02,5.934875607490539551e-01,3.117957115173339844e-01,-6.266686320304870605e-02,-4.329602420330047607e-01,-8.567502349615097046e-02,-2.096508741378784180e-01,2.356253266334533691e-01,-9.664375334978103638e-02,-5.996085330843925476e-02,-3.127500116825103760e-01,0.000000000000000000e+00,0.000000000000000000e+00,-7.481718063354492188e-02,2.648560106754302979e-01,-2.740772366523742676e-01,-9.851997494697570801e-01,1.464114338159561157e-01,3.209277093410491943e-01,-2.131284475326538086e-01,1.525258421897888184e-01,-4.057376980781555176e-01,-2.091298997402191162e-01
-1.088964462280273438e+00,6.877363920211791992e-01,8.240873217582702637e-01,-3.482164070010185242e-02,8.467731624841690063e-02,9.662292003631591797e-01,2.408699691295623779e-01,-1.656883358955383301e-01,-1.123905405402183533e-01,3.123403340578079224e-02,6.504730582237243652e-01,2.090270668268203735e-01,-2.057919278740882874e-02,-3.799985349178314209e-01,-6.678478419780731201e-02,-1.528821885585784912e-01,1.910761296749114990e-01,-1.052808761596679688e-01,-5.608125403523445129e-02,-2.290945202112197876e-01,0.000000000000000000e+00,0.000000000000000000e+00,-3.732574358582496643e-02,2.053386718034744263e-01,-2.974372506141662598e-01,-8.684074282646179199e-01,8.099775016307830811e-02,2.558086514472961426e-01,-2.429824769496917725e-01,1.827224493026733398e-01,-5.218118429183959961e-01,-2.387144863605499268e-01
-1.126994490623474121e+00,7.221100330352783203e-01,8.356776237487792969e-01,-3.888215497136116028e-02,9.259261935949325562e-02,9.567464590072631836e-01,2.730402350425720215e-01,-2.988939583301544189e-01,-1.334184408187866211e-01,9.454366564750671387e-02,6.197085380554199219e-01,1.357289105653762817e-01,-9.957291185855865479e-03,-3.182984590530395508e-01,-4.430407658219337463e-02,-9.917488694190979004e-02,1.390378475189208984e-01,-1.054891496896743774e-01,-4.520344734191894531e-02,-1.446472853422164917e-01,0.000000000000000000e+00,0.000000000000000000e+00,7.704270537942647934e-03,1.474293768405914307e-01,-3.040156662464141846e-01,-7.379692196846008301e-01,7.325138896703720093e-02,1.923240423202514648e-01,-2.783007323741912842e-01,2.175149619579315186e-01,-6.554903388023376465e-01,-2.727739810943603516e-01
-1.164727091789245605e+00,7.543818950653076172e-01,8.439652919769287109e-01,-4.516777396202087402e-02,9.648742526769638062e-02,9.447203278541564941e-01,3.100863695144653320e-01,-4.179680645465850830e-01,-1.346825659275054932e-01,1.510583013296127319e-01,5.290751457214355469e-01,6.660281866788864136e-02,-1.862560585141181946e-02,-2.669694721698760986e-01,-2.313347160816192627e-02,-4.589157178997993469e-02,1.012523844838142395e-01,-9.967984259128570557e-02,-1.558455545455217361e-02,-5.253918841481208801e-02,0.000000000000000000e+00,0.000000000000000000e+00,5.596806481480598450e-02,9.397603571414947510e-02,-3.237779736518859863e-01,-6.074704527854919434e-01,3.699685633182525635e-02,1.186219230294227600e-01,-3.212280571460723877e-01,2.641839087009429932e-01,-7.862176299095153809e-01,-2.968741953372955322e-01
-1.202776312828063965e+00,7.850428223609924316e-01,8.470909595489501953e-01,-5.278400704264640808e-02,9.520929306745529175e-02,9.319954514503479004e-01,3.457362651824951172e-01,-5.205157995223999023e-01,-1.077577471733093262e-01,2.036461532115936279e-01,4.000987708568572998e-01,4.879856947809457779e-03,-1.361492928117513657e-02,-2.220584750175476074e-01,-6.256102933548390865e-04,1.658754423260688782e-02,7.827102392911911011e-02,-9.621196985244750977e-02,1.092257257550954819e-02,3.098308108747005463e-02,0.000000000000000000e+00,0.000000000000000000e+00,1.163747087121009827e-01,5.399883911013603210e-02,-3.356531858444213867e-01,-4.951244294643402100e-01,2.948625944554805756e-02,3.342275321483612061e-02,-3.593916296958923340e-01,3.143008351325988770e-01,-9.010034799575805664e-01,-3.023391067981719971e-01
-1.241649031639099121e+00,8.160077333450317383e-01,8.463217616081237793e-01,-6.134354695677757263e-02,9.348767995834350586e-02,9.167276620864868164e-01,3.835458755493164062e-01,-6.189621090888977051e-01,-5.771070346236228943e-02,2.734994292259216309e-01,2.788254022598266602e-01,-7.248139381408691406e-02,-3.167675063014030457e-02,-1.781015247106552124e-01,1.376172434538602829e-02,7.869686186313629150e-02,6.093263253569602966e-02,-9.781759977340698242e-02,3.417264297604560852e-02,1.139520853757858276e-01,0.000000000000000000e+00,0.000000000000000000e+00,1.775458455085754395e-01,1.599481515586376190e-02,-3.382688760757446289e-01,-4.030420482158660889e-01,1.915911957621574402e-02,-5.509465560317039490e-02,-3.962792754173278809e-01,3.631498515605926514e-01,-1.012318134307861328e+00,-2.923475801944732666e-01
-1.281004071235656738e+00,8.482795357704162598e-01,8.429481387138366699e-01,-6.567160785198211670e-02,9.168730676174163818e-02,9.020368456840515137e-01,4.166656136512756348e-01,-7.001829147338867188e-01,-1.410695444792509079e-02,2.823423743247985840e-01,1.602510511875152588e-01,-1.435525715351104736e-01,-5.939024314284324646e-02,-1.250633746385574341e-01,1.442277431488037109e-02,1.252019256353378296e-01,4.375807568430900574e-02,-1.145381256937980652e-01,5.233420804142951965e-02,1.860636770725250244e-01,0.000000000000000000e+00,0.000000000000000000e+00,2.493185549974441528e-01,-1.101843547075986862e-02,-3.383222520351409912e-01,-3.414631187915802002e-01,-3.677313216030597687e-04,-1.349407881498336792e-01,-4.250138103961944580e-01,3.894582092761993408e-01,-1.102860689163208008e+00,-2.980573475360870361e-01
-1.321893572807312012e+00,8.808323144912719727e-01,8.370630741119384766e-01,-6.364625692367553711e-02,9.369229525327682495e-02,8.921841382980346680e-01,4.372395277023315430e-01,-7.662010192871093750e-01,1.010107900947332382e-02,2.625194191932678223e-01,8.479434251785278320e-02,-2.106751501560211182e-01,-5.667324736714363098e-02,-6.624819338321685791e-02,-2.755854045972228050e-03,1.667256802320480347e-01,3.572509437799453735e-02,-1.398495137691497803e-01,5.684284120798110962e-02,2.321013808250427246e-01,0.000000000000000000e+00,0.000000000000000000e+00,3.254606425762176514e-01,-3.162551298737525940e-02,-3.462841212749481201e-01,-3.053712844848632812e-01,-2.969574742019176483e-02,-2.047578245401382446e-01,-4.596666693687438965e-01,4.145260453224182129e-01,-1.183017969131469727e+00,-2.990374863147735596e-01
-1.362414956092834473e+00,9.157416820526123047e-01,8.276579380035400391e-01,-5.790125206112861633e-02,9.294972568750381470e-02,8.847142457962036133e-01,4.530877172946929932e-01,-7.989036440849304199e-01,2.786282636225223541e-02,2.543214261531829834e-01,5.791872739791870117e-02,-2.527318596839904785e-01,-6.854747235774993896e-02,-7.111412007361650467e-03,-1.981179043650627136e-02,2.172475457191467285e-01,4.687651991844177246e-02,-1.518654078245162964e-01,5.680079758167266846e-02,2.712332010269165039e-01,0.000000000000000000e+00,0.000000000000000000e+00,3.977722227573394775e-01,-3.438387066125869751e-02,-3.311984241008758545e-01,-3.032521903514862061e-01,-3.849937766790390015e-02,-2.510537803173065186e-01,-4.889184534549713135e-01,4.257716834545135498e-01,-1.254303336143493652e+00,-3.258663713932037354e-01
-1.406499385833740234e+00,9.522249698638916016e-01,8.159958720207214355e-01,-5.500894412398338318e-02,8.686537295579910278e-02,8.755497932434082031e-01,4.720603823661804199e-01,-8.074055314064025879e-01,5.531321465969085693e-02,2.664456963539123535e-01,9.848908334970474243e-02,-2.583687007427215576e-01,-7.091668248176574707e-02,4.965991526842117310e-02,-3.234929591417312622e-02,2.831525802612304688e-01,6.756658107042312622e-02,-1.303185075521469116e-01,7.832220941781997681e-02,3.203334808349609375e-01,0.000000000000000000e+00,0.000000000000000000e+00,4.570735991001129150e-01,-2.941722795367240906e-02,-3.052824437618255615e-01,-3.029496669769287109e-01,-5.469099804759025574e-02,-2.741770446300506592e-01,-5.134372711181640625e-01,4.166902601718902588e-01,-1.291890025138854980e+00,-3.083399236202239990e-01
-1.456175565719604492e+00,9.904260635375976562e-01,8.047893643379211426e-01,-5.179288983345031738e-02,8.168487995862960815e-02,8.648341298103332520e-01,4.926530122756958008e-01,-7.856361865997314453e-01,7.223166525363922119e-02,2.941007912158966064e-01,1.800478398799896240e-01,-2.118620723485946655e-01,-6.366773694753646851e-02,1.043666228652000427e-01,-5.090321600437164307e-02,3.345180451869964600e-01,9.110801666975021362e-02,-5.644502490758895874e-02,1.232895255088806152e-01,3.767434656620025635e-01,0.000000000000000000e+00,0.000000000000000000e+00,4.934442043304443359e-01,-2.423497848212718964e-02,-2.810985445976257324e-01,-3.006219863891601562e-01,-6.813572347164154053e-02,-2.611336708068847656e-01,-5.217169523239135742e-01,3.898272216320037842e-01,-1.307410597801208496e+00,-2.972660660743713379e-01
-1.510216474533081055e+00,1.029278516769409180e+00,7.959955930709838867e-01,-4.136824980378150940e-02,8.271071314811706543e-02,8.579816222190856934e-01,5.052872300148010254e-01,-7.372857928276062012e-01,5.663491040468215942e-02,3.007833659648895264e-01,2.345714718103408813e-01,-1.574767082929611206e-01,-3.567037731409072876e-02,1.648527979850769043e-01,-8.932957798242568970e-02,3.671817481517791748e-01,1.186826452612876892e-01,9.622125327587127686e-02,1.708439439535140991e-01,4.149699211120605469e-01,0.000000000000000000e+00,0.000000000000000000e+00,5.155252814292907715e-01,-2.662319876253604889e-02,-2.660836875438690186e-01,-2.868600487709045410e-01,-1.056142076849937439e-01,-2.041016072034835815e-01,-5.313625931739807129e-01,3.498429059982299805e-01,-1.292774081230163574e+00,-2.781257033348083496e-01
-1.563021302223205566e+00,1.066714644432067871e+00,7.940497994422912598e-01,-2.339509315788745880e-02,9.173054248094558716e-02,8.583838939666748047e-01,5.041976571083068848e-01,-6.907657980918884277e-01,4.611754324287176132e-03,3.120526671409606934e-01,2.999272942543029785e-01,-1.433812975883483887e-01,1.586475037038326263e-02,2.206516712903976440e-01,-1.360925883054733276e-01,3.407501578330993652e-01,1.628165841102600098e-01,3.346782028675079346e-01,2.301010340452194214e-01,4.199084639549255371e-01,0.000000000000000000e+00,0.000000000000000000e+00,5.208322405815124512e-01,-4.002925008535385132e-02,-2.800144255161285400e-01,-2.693524658679962158e-01,-1.093473136425018311e-01,-1.231410354375839233e-01,-5.453237295150756836e-01,3.167062401771545410e-01,-1.249182820320129395e+00,-3.033005893230438232e-01
-1.614273428916931152e+00,1.104937195777893066e+00,7.982008457183837891e-01,-7.378477603197097778e-03,9.810172766447067261e-02,8.604760766029357910e-01,4.999025166034698486e-01,-6.258341670036315918e-01,-5.273941531777381897e-02,3.146943449974060059e-01,3.282253146171569824e-01,-1.755569726228713989e-01,8.028484880924224854e-02,1.856437176465988159e-01,-1.725787371397018433e-01,2.517105638980865479e-01,3.765934407711029053e-01,5.061399936676025391e-01,2.159826755523681641e-01,4.155209660530090332e-01,0.000000000000000000e+00,0.000000000000000000e+00,5.058578252792358398e-01,-3.956982120871543884e-02,-3.119896948337554932e-01,-2.570322751998901367e-01,-7.960750162601470947e-02,-3.745976462960243225e-02,-5.128460526466369629e-01,2.884529531002044678e-01,-1.161178112030029297e+00,-3.237944543361663818e-01
-1.660696864128112793e+00,1.143625855445861816e+00,8.105018734931945801e-01,-2.220304869115352631e-02,8.676369488239288330e-02,8.775061964988708496e-01,4.711283445358276367e-01,-5.863006114959716797e-01,-8.778986334800720215e-02,2.365146279335021973e-01,3.258534967899322510e-01,-2.199051231145858765e-01,1.344868689775466919e-01,8.254336565732955933e-02,-1.596466749906539917e-01,6.576668471097946167e-02,5.499503016471862793e-01,5.061399936676025391e-01,1.089057549834251404e-01,3.337856531143188477e-01,0.000000000000000000e+00,0.000000000000000000e+00,4.373659789562225342e-01,-1.592732965946197510e-02,-3.300457298755645752e-01,-2.840830981731414795e-01,-6.520469486713409424e-02,-8.340731263160705566e-03,-4.431287348270416260e-01,2.739723026752471924e-01,-1.066911697387695312e+00,-3.172494769096374512e-01
-1.704287052154541016e+00,1.182809948921203613e+00,8.323748707771301270e-01,-5.215273052453994751e-02,5.235606804490089417e-02,8.956944942474365234e-01,4.384863376617431641e-01,-5.357604026794433594e-01,-6.572180241346359253e-02,1.270709037780761719e-01,2.964850366115570068e-01,-2.297794669866561890e-01,1.402163803577423096e-01,-1.019261032342910767e-02,-3.764417022466659546e-02,4.148659855127334595e-02,5.519966483116149902e-01,4.586142301559448242e-01,7.073146104812622070e-02,2.370401173830032349e-01,0.000000000000000000e+00,0.000000000000000000e+00,3.467605710029602051e-01,3.603091835975646973e-02,-3.321339488029479980e-01,-3.360358774662017822e-01,-3.426524996757507324e-02,1.315205823630094528e-02,-3.528968691825866699e-01,2.659521102905273438e-01,-9.804382324218750000e-01,-3.044701516628265381e-01
-1.744153261184692383e+00,1.219864010810852051e+00,8.479794859886169434e-01,-6.399060040712356567e-02,3.815070167183876038e-02,9.092955589294433594e-01,4.094280898571014404e-01,-4.651157855987548828e-01,-7.282070815563201904e-02,5.662430077791213989e-02,2.546811401844024658e-01,-2.431360483169555664e-01,1.175641641020774841e-01,-1.852258890867233276e-01,3.231719834730029106e-03,-4.700809344649314880e-02,6.889319419860839844e-01,3.015889525413513184e-01,4.374958202242851257e-02,1.521565914154052734e-01,0.000000000000000000e+00,0.000000000000000000e+00,2.644077241420745850e-01,9.191877394914627075e-02,-3.375540673732757568e-01,-4.118259847164154053e-01,9.329109452664852142e-03,4.309424385428428650e-02,-2.784661352634429932e-01,2.684224545955657959e-01,-8.570017218589782715e-01,-2.746782302856445312e-01
-1.783298850059509277e+00,1.254154920578002930e+00,8.625982999801635742e-01,-7.170478254556655884e-02,2.915320731699466705e-02,9.204003810882568359e-01,3.832384049892425537e-01,-3.870010077953338623e-01,-7.819835841655731201e-02,-1.652691047638654709e-03,2.012944668531417847e-01,-2.504707574844360352e-01,1.087281331419944763e-01,-3.399513065814971924e-01,5.764640867710113525e-03,-1.429520547389984131e-01,7.399779558181762695e-01,1.780099272727966309e-01,2.362428605556488037e-02,7.450100779533386230e-02,0.000000000000000000e+00,0.000000000000000000e+00,1.867310851812362671e-01,1.473584920167922974e-01,-3.413926064968109131e-01,-5.021905899047851562e-01,3.578000888228416443e-02,9.040964394807815552e-02,-2.092442661523818970e-01,2.573810815811157227e-01,-7.241798043251037598e-01,-2.410536408424377441e-01
-1.823412418365478516e+00,1.287396192550659180e+00,8.746476769447326660e-01,-7.385460287332534790e-02,2.455224469304084778e-02,9.305049777030944824e-01,3.579150140285491943e-01,-3.016116023063659668e-01,-8.701798319816589355e-02,-5.432232469320297241e-02,1.490867584943771362e-01,-2.578741014003753662e-01,1.052644625306129456e-01,-4.606677889823913574e-01,-7.337016519159078598e-03,-2.106747627258300781e-01,7.090860605239868164e-01,8.327566832304000854e-02,3.265079110860824585e-02,6.613434758037328720e-03,0.000000000000000000e+00,0.000000000000000000e+00,1.110073849558830261e-01,1.971969902515411377e-01,-3.428784906864166260e-01,-6.006153225898742676e-01,6.184189021587371826e-02,1.473042517900466919e-01,-1.561877578496932983e-01,2.410945743322372437e-01,-6.032516956329345703e-01,-2.249982357025146484e-01
-1.859846830368041992e+00,1.322518706321716309e+00,8.817625045776367188e-01,-7.498527318239212036e-02,2.319205738604068756e-02,9.399620890617370605e-01,3.321304321289062500e-01,-2.273152321577072144e-01,-9.129413962364196777e-02,-1.064422354102134705e-01,1.118621304631233215e-01,-2.553675174713134766e-01,7.963139563798904419e-02,-5.471078753471374512e-01,-2.889700233936309814e-02,-2.703307569026947021e-01,6.024311184883117676e-01,2.227954752743244171e-02,4.314985871315002441e-02,-6.714016944169998169e-02,0.000000000000000000e+00,0.000000000000000000e+00,3.904411569237709045e-02,2.409680485725402832e-01,-3.456582129001617432e-01,-7.025254964828491211e-01,1.173748448491096497e-01,2.030614018440246582e-01,-1.171970665454864502e-01,2.315044254064559937e-01,-4.963633418083190918e-01,-2.221961319446563721e-01
-1.898388147354125977e+00,1.357876181602478027e+00,8.820778727531433105e-01,-7.244433462619781494e-02,2.874377742409706116e-02,9.497846364974975586e-01,3.030425608158111572e-01,-1.559696942567825317e-01,-1.021339222788810730e-01,-1.460261493921279907e-01,8.115626871585845947e-02,-2.539092302322387695e-01,4.723817482590675354e-02,-6.051586270332336426e-01,-6.919056922197341919e-02,-3.162073791027069092e-01,4.515448808670043945e-01,-3.379620146006345749e-03,8.385583013296127319e-02,-1.418198198080062866e-01,0.000000000000000000e+00,0.000000000000000000e+00,-3.387793526053428650e-02,2.754194438457489014e-01,-3.624739646911621094e-01,-7.999837994575500488e-01,1.156048029661178589e-01,2.715339362621307373e-01,-9.878545254468917847e-02,2.229620963335037231e-01,-4.209093749523162842e-01,-2.036307901144027710e-01
-1.936485409736633301e+00,1.393899440765380859e+00,8.732639551162719727e-01,-6.852760165929794312e-02,4.705036431550979614e-02,9.609277844429016113e-01,2.640227079391479492e-01,-9.679570794105529785e-02,-1.299255639314651489e-01,-2.013196945190429688e-01,6.063451617956161499e-02,-2.482011020183563232e-01,2.110886201262474060e-02,-6.495147347450256348e-01,-1.430693715810775757e-01,-3.692446947097778320e-01,2.824485003948211670e-01,5.274852737784385681e-02,1.450584381818771362e-01,-2.388165295124053955e-01,0.000000000000000000e+00,0.000000000000000000e+00,-1.164893880486488342e-01,2.979535162448883057e-01,-3.797984123229980469e-01,-8.986114859580993652e-01,1.225985139608383179e-01,3.197243809700012207e-01,-1.084330156445503235e-01,2.055629193782806396e-01,-3.490253388881683350e-01,-1.776128262281417847e-01
-1.977835655212402344e+00,1.431708693504333496e+00,8.584085106849670410e-01,-6.413692981004714966e-02,6.816624104976654053e-02,9.722984433174133301e-01,2.141857445240020752e-01,-4.353804886341094971e-02,-1.539520472288131714e-01,-2.950477302074432373e-01,5.718808993697166443e-02,-2.314399927854537964e-01,-1.062180008739233017e-02,-6.899083852767944336e-01,-2.292557805776596069e-01,-3.667904138565063477e-01,1.443923115730285645e-01,1.538486331701278687e-01,2.149340808391571045e-01,-3.526679277420043945e-01,0.000000000000000000e+00,0.000000000000000000e+00,-2.028814256191253662e-01,3.169845342636108398e-01,-3.819106519222259521e-01,-9.838140010833740234e-01,1.255344301462173462e-01,3.624772429466247559e-01,-1.265870034694671631e-01,1.791254281997680664e-01,-2.856453359127044678e-01,-1.671422868967056274e-01
-2.019517421722412109e+00,1.470758795738220215e+00,8.448320031166076660e-01,-5.890774354338645935e-02,7.682161033153533936e-02,9.805216193199157715e-01,1.708967685699462891e-01,1.257690973579883575e-02,-1.423083692789077759e-01,-3.755931556224822998e-01,5.940727144479751587e-02,-2.133651524782180786e-01,-5.730262771248817444e-02,-7.152264118194580078e-01,-2.911385297775268555e-01,-3.160681128501892090e-01,7.296320796012878418e-02,2.155079841613769531e-01,2.846865952014923096e-01,-4.581954181194305420e-01,0.000000000000000000e+00,0.000000000000000000e+00,-2.669011056423187256e-01,3.351263403892517090e-01,-3.922818303108215332e-01,-1.046672701835632324e+00,1.306250840425491333e-01,3.987865149974822998e-01,-1.384179592132568359e-01,1.462149322032928467e-01,-2.544637918472290039e-01,-1.416402459144592285e-01
-2.058852910995483398e+00,1.512877583503723145e+00,8.305760025978088379e-01,-5.128531903028488159e-02,8.315004408359527588e-02,9.844893217086791992e-01,1.457281857728958130e-01,6.631229817867279053e-02,-1.214397475123405457e-01,-4.335116147994995117e-01,7.402294129133224487e-02,-1.832846105098724365e-01,-8.777584880590438843e-02,-7.110417485237121582e-01,-3.406197130680084229e-01,-3.477557599544525146e-01,7.206665724515914917e-02,2.549008727073669434e-01,2.929559350013732910e-01,-5.329522490501403809e-01,0.000000000000000000e+00,0.000000000000000000e+00,-3.082682490348815918e-01,3.546059131622314453e-01,-3.599915504455566406e-01,-1.091483831405639648e+00,1.397140920162200928e-01,4.294921755790710449e-01,-1.596441566944122314e-01,7.223881036043167114e-02,-2.408855557441711426e-01,-1.051315739750862122e-01
-2.101340055465698242e+00,1.555753469467163086e+00,8.173832893371582031e-01,-4.317255318164825439e-02,8.655726164579391479e-02,9.863340854644775391e-01,1.333754956722259521e-01,1.225248202681541443e-01,-9.746168553829193115e-02,-4.735068380832672119e-01,9.955330193042755127e-02,-1.294810622930526733e-01,-1.151713877916336060e-01,-6.663295626640319824e-01,-3.528548479080200195e-01,-3.953896462917327881e-01,1.133800745010375977e-01,2.885960042476654053e-01,2.690979838371276855e-01,-5.703184008598327637e-01,0.000000000000000000e+00,0.000000000000000000e+00,-3.258698284626007080e-01,3.674460053443908691e-01,-3.414433300495147705e-01,-1.130907893180847168e+00,1.630514711141586304e-01,4.549002647399902344e-01,-1.841782778501510620e-01,3.596295416355133057e-02,-2.293831110000610352e-01,-1.354525983333587646e-01
-2.142678737640380859e+00,1.600353479385375977e+00,8.142417073249816895e-01,-3.334498032927513123e-02,6.411034613847732544e-02,9.870132207870483398e-01,1.434674561023712158e-01,1.913515329360961914e-01,-3.199277818202972412e-02,-4.491837322711944580e-01,1.265366226434707642e-01,-3.670464083552360535e-02,-1.474601179361343384e-01,-6.059375405311584473e-01,-2.827096879482269287e-01,-4.212692081928253174e-01,1.731613129377365112e-01,1.594849228858947754e-01,1.857306212186813354e-01,-5.621272921562194824e-01,0.000000000000000000e+00,0.000000000000000000e+00,-2.943507432937622070e-01,3.999556601047515869e-01,-3.290717601776123047e-01,-1.157090425491333008e+00,1.704249233007431030e-01,4.833516776561737061e-01,-1.858512014150619507e-01,2.892553247511386871e-02,-2.157755494117736816e-01,-1.785345524549484253e-01
-2.184025764465332031e+00,1.648902297019958496e+00,8.128234744071960449e-01,-2.707537077367305756e-02,4.472079500555992126e-02,9.860921502113342285e-01,1.577631533145904541e-01,2.418290227651596069e-01,1.892693154513835907e-02,-4.037117063999176025e-01,1.815214753150939941e-01,1.392180025577545166e-01,-1.929500102996826172e-01,-5.561842322349548340e-01,-2.115838080644607544e-01,-4.022882282733917236e-01,2.312524765729904175e-01,9.027607738971710205e-02,9.229464083909988403e-02,-5.460301041603088379e-01,0.000000000000000000e+00,0.000000000000000000e+00,-2.213148027658462524e-01,4.118902981281280518e-01,-2.868091166019439697e-01,-1.178573846817016602e+00,1.802079677581787109e-01,4.873133599758148193e-01,-1.884025484323501587e-01,4.280826076865196228e-02,-1.976512968540191650e-01,-2.013713866472244263e-01
-2.227279901504516602e+00,1.694949746131896973e+00,8.197076916694641113e-01,-1.856642030179500580e-02,3.768198192119598389e-02,9.832495450973510742e-01,1.773574203252792358e-01,2.641729116439819336e-01,2.649973891675472260e-02,-3.235127627849578857e-01,2.788197696208953857e-01,3.743449449539184570e-01,-2.064499258995056152e-01,-5.061703920364379883e-01,-1.562783420085906982e-01,-3.666456639766693115e-01,2.748481631278991699e-01,4.470007028430700302e-03,4.155689477920532227e-02,-5.106692910194396973e-01,0.000000000000000000e+00,0.000000000000000000e+00,-1.414129287004470825e-01,3.943375051021575928e-01,-2.584621906280517578e-01,-1.167757987976074219e+00,1.834552288055419922e-01,4.660535454750061035e-01,-1.905100941658020020e-01,5.864727869629859924e-02,-2.001229077577590942e-01,-1.773315519094467163e-01
-2.267587900161743164e+00,1.739399790763854980e+00,8.313033580780029297e-01,-1.507021021097898483e-02,5.186375975608825684e-02,9.780234694480895996e-01,2.013779729604721069e-01,2.054924517869949341e-01,-6.263170507736504078e-05,-1.786767095327377319e-01,4.315857589244842529e-01,5.034692883491516113e-01,-1.530357748270034790e-01,-4.530369341373443604e-01,-1.335628479719161987e-01,-3.175808489322662354e-01,2.745722532272338867e-01,-6.245836988091468811e-02,-7.713365834206342697e-03,-4.433764517307281494e-01,0.000000000000000000e+00,0.000000000000000000e+00,-1.020782515406608582e-01,3.469410538673400879e-01,-2.494031786918640137e-01,-1.116903185844421387e+00,1.859928071498870850e-01,4.315838217735290527e-01,-2.021944373846054077e-01,7.873576879501342773e-02,-2.554250955581665039e-01,-2.262034118175506592e-01
-2.304512977600097656e+00,1.781125664710998535e+00,8.437618613243103027e-01,-2.003036439418792725e-02,7.488607615232467651e-02,9.689559936523437500e-01,2.347661852836608887e-01,3.611126169562339783e-02,-5.575707554817199707e-02,-5.795182287693023682e-02,6.373029947280883789e-01,3.892760574817657471e-01,-7.016804814338684082e-02,-4.146125614643096924e-01,-1.209235116839408875e-01,-2.484185844659805298e-01,2.478815913200378418e-01,-7.992650568485260010e-02,-9.619295597076416016e-03,-3.444816172122955322e-01,0.000000000000000000e+00,0.000000000000000000e+00,-9.402657300233840942e-02,2.769931852817535400e-01,-2.662069499492645264e-01,-1.017114281654357910e+00,1.638206094503402710e-01,3.791012465953826904e-01,-2.175828516483306885e-01,8.980340510606765747e-02,-3.538058698177337646e-01,-2.613792419433593750e-01
-2.340727329254150391e+00,1.819137096405029297e+00,8.576183319091796875e-01,-2.342649735510349274e-02,8.635863661766052246e-02,9.602327346801757812e-01,2.644740343093872070e-01,-1.055146157741546631e-01,-8.856397867202758789e-02,3.767854347825050354e-02,7.270528078079223633e-01,2.740852236747741699e-01,-4.551287367939949036e-02,-3.656779229640960693e-01,-9.858156740665435791e-02,-1.901655942201614380e-01,2.163853943347930908e-01,-8.968574553728103638e-02,-1.073306077159941196e-03,-2.547629773616790771e-01,0.000000000000000000e+00,0.000000000000000000e+00,-5.504668131470680237e-02,2.035407572984695435e-01,-2.604206502437591553e-01,-9.295919537544250488e-01,9.702319651842117310e-02,3.257199525833129883e-01,-2.350339293479919434e-01,1.065279394388198853e-01,-4.869304001331329346e-01,-2.573623359203338623e-01
-2.375107049942016602e+00,1.855150938034057617e+00,8.696722984313964844e-01,-2.637502923607826233e-02,9.552277624607086182e-02,9.505581259727478027e-01,2.943110167980194092e-01,-2.415065765380859375e-01,-1.147823184728622437e-01,1.076179817318916321e-01,7.423767447471618652e-01,1.715698987245559692e-01,-2.371663600206375122e-02,-3.082483410835266113e-01,-8.027221262454986572e-02,-1.349238753318786621e-01,1.698236316442489624e-01,-9.500141441822052002e-02,8.119267877191305161e-04,-1.728592664003372192e-01,0.000000000000000000e+00,0.000000000000000000e+00,-8.833882398903369904e-03,1.407743692398071289e-01,-2.462861686944961548e-01,-7.943980693817138672e-01,1.451501548290252686e-01,2.549921870231628418e-01,-2.662524878978729248e-01,1.497317850589752197e-01,-6.055155992507934570e-01,-2.897812426090240479e-01
-2.411171197891235352e+00,1.891746044158935547e+00,8.810258507728576660e-01,-2.658597752451896667e-02,9.761958569288253784e-02,9.405959844589233398e-01,3.241030275821685791e-01,-3.318005502223968506e-01,-1.251147836446762085e-01,1.597339212894439697e-01,6.606304645538330078e-01,9.816535562276840210e-02,-3.618239983916282654e-02,-2.388615608215332031e-01,-5.747582018375396729e-02,-8.046793192625045776e-02,1.228920817375183105e-01,-9.553144872188568115e-02,1.386235933750867844e-02,-1.007158830761909485e-01,0.000000000000000000e+00,0.000000000000000000e+00,4.598039761185646057e-02,9.706981480121612549e-02,-2.636811733245849609e-01,-6.500280499458312988e-01,8.649927377700805664e-02,1.837133318185806274e-01,-2.962770462036132812e-01,1.926798671483993530e-01,-7.298277616500854492e-01,-2.979727387428283691e-01
-2.446285486221313477e+00,1.925201416015625000e+00,8.864823579788208008e-01,-3.082307800650596619e-02,9.678278118371963501e-02,9.287683367729187012e-01,3.564721941947937012e-01,-4.184261560440063477e-01,-1.200761646032333374e-01,1.948943287134170532e-01,5.331194996833801270e-01,4.033598676323890686e-02,-2.246857807040214539e-02,-1.866676062345504761e-01,-3.741804510354995728e-02,-2.461932227015495300e-02,9.533122926950454712e-02,-8.833957463502883911e-02,3.058591298758983612e-02,-2.749303169548511505e-02,0.000000000000000000e+00,0.000000000000000000e+00,1.041828542947769165e-01,6.377662718296051025e-02,-2.820106148719787598e-01,-5.203471779823303223e-01,3.619251027703285217e-02,1.053231135010719299e-01,-3.270074427127838135e-01,2.482009679079055786e-01,-8.472070097923278809e-01,-2.891916334629058838e-01
-2.483975648880004883e+00,1.960182666778564453e+00,8.857821822166442871e-01,-3.750041872262954712e-02,8.672516047954559326e-02,9.129745364189147949e-01,3.969256877899169922e-01,-4.804438650608062744e-01,-7.019979506731033325e-02,2.617757916450500488e-01,3.755248785018920898e-01,-5.054426728747785091e-04,-3.243016451597213745e-02,-1.296094506978988647e-01,-5.585544742643833160e-03,4.577900469303131104e-02,6.974225491285324097e-02,-8.174782246351242065e-02,4.270234331488609314e-02,5.738036334514617920e-02,0.000000000000000000e+00,0.000000000000000000e+00,1.717717796564102173e-01,4.598004370927810669e-02,-2.835108041763305664e-01,-4.110587239265441895e-01,1.619575731456279755e-02,1.855071447789669037e-02,-3.291039764881134033e-01,2.838848829269409180e-01,-9.482866525650024414e-01,-3.526876568794250488e-01
-2.523042678833007812e+00,1.995408654212951660e+00,8.798402547836303711e-01,-4.760762304067611694e-02,7.395401597023010254e-02,8.979877233505249023e-01,4.311407804489135742e-01,-5.405537486076354980e-01,-1.194263529032468796e-02,3.054436743259429932e-01,2.233695089817047119e-01,-9.568043053150177002e-03,-5.933021008968353271e-02,-7.028125226497650146e-02,1.956196129322052002e-02,8.904640376567840576e-02,4.628707095980644226e-02,-8.174958825111389160e-02,6.445980817079544067e-02,1.400768160820007324e-01,0.000000000000000000e+00,0.000000000000000000e+00,2.420892268419265747e-01,3.567254543304443359e-02,-3.035931289196014404e-01,-3.239269852638244629e-01,-2.902077697217464447e-02,-6.599888205528259277e-02,-3.548605144023895264e-01,3.368125855922698975e-01,-1.054191470146179199e+00,-3.045420646667480469e-01
-2.559170246124267578e+00,2.031870841979980469e+00,8.665835261344909668e-01,-6.653887033462524414e-02,5.592812597751617432e-02,8.773215413093566895e-01,4.719655811786651611e-01,-6.148780584335327148e-01,8.008959144353866577e-02,3.471350967884063721e-01,1.122747883200645447e-01,5.302326753735542297e-02,-1.197603344917297363e-01,-3.065656870603561401e-02,5.821099504828453064e-02,1.842610538005828857e-01,3.107872232794761658e-02,-8.524037897586822510e-02,4.992295801639556885e-02,2.326617240905761719e-01,0.000000000000000000e+00,0.000000000000000000e+00,2.934246063232421875e-01,4.921223223209381104e-02,-2.984174787998199463e-01,-2.670485377311706543e-01,-5.314634740352630615e-02,-1.514878273010253906e-01,-3.507709205150604248e-01,3.573054671287536621e-01,-1.159530162811279297e+00,-3.093799352645874023e-01
-2.597164392471313477e+00,2.066932439804077148e+00,8.527919650077819824e-01,-7.259565591812133789e-02,5.224091187119483948e-02,8.577849268913269043e-01,5.061677694320678711e-01,-6.710835099220275879e-01,1.298546791076660156e-01,3.559292554855346680e-01,6.093496456742286682e-02,8.418130129575729370e-02,-1.676208376884460449e-01,6.641610525548458099e-03,5.086296051740646362e-02,2.735939621925354004e-01,3.799024596810340881e-02,-6.961827725172042847e-02,5.726665258407592773e-02,3.213599026203155518e-01,0.000000000000000000e+00,0.000000000000000000e+00,3.443986177444458008e-01,5.120069161057472229e-02,-2.793492674827575684e-01,-2.370188832283020020e-01,-8.390405029058456421e-02,-2.111184000968933105e-01,-3.820444047451019287e-01,3.615197837352752686e-01,-1.244958877563476562e+00,-3.133195936679840088e-01
-2.636921405792236328e+00,2.103884220123291016e+00,8.377956151962280273e-01,-7.204031944274902344e-02,4.977020993828773499e-02,8.423104286193847656e-01,5.318329334259033203e-01,-6.811094284057617188e-01,1.547289341688156128e-01,3.774535059928894043e-01,5.780598148703575134e-02,1.042471751570701599e-01,-1.955634206533432007e-01,5.133742466568946838e-02,2.900582365691661835e-02,3.316704034805297852e-01,5.259656533598899841e-02,-5.398742854595184326e-02,1.213987916707992554e-01,3.934590816497802734e-01,0.000000000000000000e+00,0.000000000000000000e+00,3.871966302394866943e-01,5.323404073715209961e-02,-2.600028514862060547e-01,-2.133115082979202271e-01,-1.217952594161033630e-01,-2.456218749284744263e-01,-4.201785922050476074e-01,3.455778360366821289e-01,-1.318955302238464355e+00,-3.105578422546386719e-01
