3.125816583633422852e+00,-3.192410707473754883e+00,7.799620032310485840e-01,-5.973267555236816406e-02,2.804618142545223236e-02,8.712323904037475586e-01,4.864149987697601318e-01,-4.913041591644287109e-01,1.495010685175657272e-02,3.442628681659698486e-01,1.904797255992889404e-01,-9.805261343717575073e-02,5.946841835975646973e-02,1.233041137456893921e-01,-1.898626331239938736e-03,1.707584261894226074e-01,2.174991518259048462e-01,6.680982559919357300e-02,-7.193517405539751053e-03,4.092014431953430176e-01,0.000000000000000000e+00,0.000000000000000000e+00,3.043116927146911621e-01,9.775579720735549927e-02,-2.894169986248016357e-01,-2.729790210723876953e-01,-3.894167393445968628e-02,-5.745603144168853760e-02,-2.264192104339599609e-01,2.870177328586578369e-01,-6.194032430648803711e-01,-9.145652502775192261e-02
3.085237979888916016e+00,-3.158222913742065430e+00,7.857491970062255859e-01,-7.996572554111480713e-02,2.710101194679737091e-02,9.081783890724182129e-01,4.099793136119842529e-01,-5.060398578643798828e-01,-4.853982850909233093e-02,1.819778829813003540e-01,2.252866029739379883e-01,-1.198143810033798218e-01,9.020163863897323608e-02,9.544774889945983887e-03,6.847979873418807983e-02,9.820882976055145264e-02,3.897069096565246582e-01,2.876872010529041290e-02,-1.176397688686847687e-02,2.112687677145004272e-01,0.000000000000000000e+00,0.000000000000000000e+00,2.741305828094482422e-01,1.236971765756607056e-01,-3.082241415977478027e-01,-3.725026249885559082e-01,2.960517071187496185e-02,3.226145729422569275e-02,-2.573669552803039551e-01,2.825616300106048584e-01,-7.547062635421752930e-01,-1.937416940927505493e-01
3.047993183135986328e+00,-3.121327400207519531e+00,7.982558608055114746e-01,-8.338874578475952148e-02,1.402857992798089981e-02,9.164386987686157227e-01,3.911389410495758057e-01,-4.259074628353118896e-01,-4.772375151515007019e-02,1.267252266407012939e-01,1.879601627588272095e-01,-1.348145455121994019e-01,1.057058051228523254e-01,-8.577282726764678955e-02,7.478461414575576782e-02,4.257549066096544266e-03,4.943994581699371338e-01,4.284507408738136292e-02,-1.689683273434638977e-02,1.457352042198181152e-01,0.000000000000000000e+00,0.000000000000000000e+00,2.266247719526290894e-01,1.472303420305252075e-01,-3.163581192493438721e-01,-4.073534309864044189e-01,4.388773068785667419e-02,7.544947415590286255e-02,-2.028727233409881592e-01,2.790300548076629639e-01,-7.341222167015075684e-01,-2.012895196676254272e-01
3.011072874069213867e+00,-3.088269233703613281e+00,8.119953870773315430e-01,-8.362866193056106567e-02,6.330719217658042908e-03,9.235766530036926270e-01,3.741287887096405029e-01,-3.428861498832702637e-01,-5.218113586306571960e-02,8.702288568019866943e-02,1.463715881109237671e-01,-1.562205106019973755e-01,1.081009283661842346e-01,-1.858976483345031738e-01,5.385046452283859253e-02,-1.365990042686462402e-01,5.619991421699523926e-01,9.002806991338729858e-02,-2.289962954819202423e-02,8.199103176593780518e-02,0.000000000000000000e+00,0.000000000000000000e+00,1.786365509033203125e-01,1.752874255180358887e-01,-3.413039147853851318e-01,-4.632589221000671387e-01,3.170778602361679077e-02,1.268512010574340820e-01,-1.626216918230056763e-01,2.668865919113159180e-01,-7.121855616569519043e-01,-1.801624000072479248e-01
2.975974559783935547e+00,-3.055068016052246094e+00,8.204889893531799316e-01,-8.091170340776443481e-02,5.908458959311246872e-03,9.319431185722351074e-01,3.534125685691833496e-01,-2.647729516029357910e-01,-6.615975499153137207e-02,4.732948169112205505e-02,1.078075841069221497e-01,-1.639514863491058350e-01,9.436036646366119385e-02,-2.582553327083587646e-01,2.164874784648418427e-02,-2.315321117639541626e-01,5.320539474487304688e-01,1.248760372400283813e-01,2.677997807040810585e-03,8.897322230041027069e-03,0.000000000000000000e+00,0.000000000000000000e+00,1.339735239744186401e-01,2.018306553363800049e-01,-3.549860715866088867e-01,-5.435458421707153320e-01,4.087909683585166931e-02,1.704659759998321533e-01,-1.348278969526290894e-01,2.529740929603576660e-01,-6.631766557693481445e-01,-1.449724584817886353e-01
2.942513465881347656e+00,-3.023541688919067383e+00,8.226271867752075195e-01,-7.608109712600708008e-02,1.654116250574588776e-02,9.438387751579284668e-01,3.211018443107604980e-01,-2.032846957445144653e-01,-9.841688722372055054e-02,-7.067549973726272583e-03,8.346837759017944336e-02,-1.675831973552703857e-01,7.709071040153503418e-02,-3.245106339454650879e-01,-3.270576708018779755e-03,-2.643274366855621338e-01,4.440388083457946777e-01,1.672184616327285767e-01,3.843602538108825684e-02,-8.516936749219894409e-02,0.000000000000000000e+00,0.000000000000000000e+00,7.756303250789642334e-02,2.214147746562957764e-01,-3.814143836498260498e-01,-6.226376891136169434e-01,4.601810872554779053e-02,2.234056890010833740e-01,-1.263115108013153076e-01,2.487652152776718140e-01,-6.090778708457946777e-01,-1.978347152471542358e-01
2.908789157867431641e+00,-2.991529703140258789e+00,8.208875656127929688e-01,-7.532680034637451172e-02,2.343660034239292145e-02,9.533991217613220215e-01,2.912160158157348633e-01,-1.486408561468124390e-01,-1.090391352772712708e-01,-5.061557516455650330e-02,6.571894884109497070e-02,-1.827038228511810303e-01,4.910745099186897278e-02,-4.223195910453796387e-01,-4.243138432502746582e-02,-2.949515283107757568e-01,3.671642839908599854e-01,6.583105772733688354e-02,5.920054391026496887e-02,-1.710330098867416382e-01,0.000000000000000000e+00,0.000000000000000000e+00,1.264101546257734299e-02,2.480253875255584717e-01,-4.071881771087646484e-01,-7.048029899597167969e-01,6.331136077642440796e-02,2.445846050977706909e-01,-1.202767193317413330e-01,2.419396191835403442e-01,-5.758607387542724609e-01,-1.404938697814941406e-01
2.874446392059326172e+00,-2.957672357559204102e+00,8.136726617813110352e-01,-7.345091551542282104e-02,2.644838578999042511e-02,9.636223912239074707e-01,2.556117475032806396e-01,-9.187737107276916504e-02,-1.065667048096656799e-01,-1.107494682073593140e-01,5.084808170795440674e-02,-1.919476091861724854e-01,1.595019921660423279e-02,-5.018349289894104004e-01,-9.076336026191711426e-02,-3.472812175750732422e-01,2.804637253284454346e-01,2.494911197572946548e-03,1.023218631744384766e-01,-2.594819366931915283e-01,0.000000000000000000e+00,0.000000000000000000e+00,-5.118276923894882202e-02,2.926875054836273193e-01,-4.246733188629150391e-01,-7.954040765762329102e-01,7.479272037744522095e-02,2.824129164218902588e-01,-1.142512261867523193e-01,2.280459702014923096e-01,-5.455597043037414551e-01,-1.539045572280883789e-01
2.839009523391723633e+00,-2.921830177307128906e+00,8.015808463096618652e-01,-6.873264908790588379e-02,4.211258515715599060e-02,9.717583060264587402e-01,2.217840105295181274e-01,-3.771345689892768860e-02,-1.178556531667709351e-01,-1.633236557245254517e-01,4.372837021946907043e-02,-2.134201675653457642e-01,6.480104639194905758e-04,-5.648140907287597656e-01,-1.575459986925125122e-01,-3.565976917743682861e-01,1.684938818216323853e-01,1.601909659802913666e-02,1.490857303142547607e-01,-3.445608019828796387e-01,0.000000000000000000e+00,0.000000000000000000e+00,-1.163116842508316040e-01,3.059195578098297119e-01,-4.387421905994415283e-01,-8.701756596565246582e-01,3.805885836482048035e-02,3.107955455780029297e-01,-1.275516748428344727e-01,2.163731306791305542e-01,-5.135412812232971191e-01,-1.289612501859664917e-01
2.802835226058959961e+00,-2.886915683746337891e+00,7.877028584480285645e-01,-6.662219762802124023e-02,5.941007286310195923e-02,9.778360724449157715e-01,1.893898844718933105e-01,7.887331768870353699e-03,-1.253951936960220337e-01,-2.297131568193435669e-01,4.348351433873176575e-02,-2.279862612485885620e-01,-2.547175809741020203e-02,-6.286671757698059082e-01,-2.296805232763290405e-01,-3.303227722644805908e-01,8.049857616424560547e-02,8.713246881961822510e-02,2.109815925359725952e-01,-4.249391555786132812e-01,0.000000000000000000e+00,0.000000000000000000e+00,-1.806311607360839844e-01,3.061496913433074951e-01,-4.184590280055999756e-01,-9.387121796607971191e-01,1.028199344873428345e-01,3.179696798324584961e-01,-1.492108553647994995e-01,1.874172091484069824e-01,-4.790491163730621338e-01,-1.123164892196655273e-01
2.766074657440185547e+00,-2.849605560302734375e+00,7.759780287742614746e-01,-6.481193751096725464e-02,6.531427055597305298e-02,9.820021390914916992e-01,1.649402678012847900e-01,5.209226161241531372e-02,-1.047554314136505127e-01,-2.902624309062957764e-01,5.170111358165740967e-02,-2.254034429788589478e-01,-4.796569421887397766e-02,-6.640679836273193359e-01,-2.731202542781829834e-01,-3.091799914836883545e-01,3.725295886397361755e-02,1.099517792463302612e-01,2.540381252765655518e-01,-4.900156259536743164e-01,0.000000000000000000e+00,0.000000000000000000e+00,-2.333998680114746094e-01,3.257120251655578613e-01,-4.099263846874237061e-01,-9.801160693168640137e-01,9.967074543237686157e-02,3.255238234996795654e-01,-1.600189805030822754e-01,1.724407225847244263e-01,-4.536801576614379883e-01,-5.701616778969764709e-02
2.727185964584350586e+00,-2.808311462402343750e+00,7.655994892120361328e-01,-6.050063297152519226e-02,7.095148414373397827e-02,9.836068749427795410e-01,1.543472409248352051e-01,1.007214486598968506e-01,-8.495230972766876221e-02,-3.378445804119110107e-01,7.247040420770645142e-02,-1.950596123933792114e-01,-8.339374512434005737e-02,-6.630059480667114258e-01,-2.963989377021789551e-01,-3.960305452346801758e-01,5.762606114149093628e-02,1.419400721788406372e-01,2.910306453704833984e-01,-5.263893604278564453e-01,0.000000000000000000e+00,0.000000000000000000e+00,-2.540377378463745117e-01,3.261684775352478027e-01,-3.840276598930358887e-01,-1.005284547805786133e+00,1.130068451166152954e-01,3.260310292243957520e-01,-1.767508089542388916e-01,1.256765276193618774e-01,-4.191804826259613037e-01,-6.352517753839492798e-02
2.688224792480468750e+00,-2.764467000961303711e+00,7.618796825408935547e-01,-5.534719675779342651e-02,6.351904571056365967e-02,9.841236472129821777e-01,1.562133431434631348e-01,1.502060890197753906e-01,-4.465368762612342834e-02,-3.584869503974914551e-01,1.057987287640571594e-01,-1.196025609970092773e-01,-1.142881959676742554e-01,-6.261264681816101074e-01,-2.511930763721466064e-01,-3.856361508369445801e-01,1.079754754900932312e-01,1.070458441972732544e-01,2.320038825273513794e-01,-5.348348617553710938e-01,0.000000000000000000e+00,0.000000000000000000e+00,-2.281312793493270874e-01,3.293117284774780273e-01,-3.375421464443206787e-01,-1.012345433235168457e+00,1.159386485815048218e-01,3.232154846191406250e-01,-1.682467013597488403e-01,1.010830923914909363e-01,-3.797315359115600586e-01,-7.742133736610412598e-02
2.649733543395996094e+00,-2.717549800872802734e+00,7.644699811935424805e-01,-5.086868256330490112e-02,4.044759273529052734e-02,9.823548793792724609e-01,1.753718256950378418e-01,2.014858573675155640e-01,8.943536318838596344e-03,-3.329249024391174316e-01,1.511762589216232300e-01,3.459130972623825073e-02,-1.482306569814682007e-01,-5.849394798278808594e-01,-1.706294268369674683e-01,-3.892653882503509521e-01,1.758273839950561523e-01,3.931539505720138550e-02,1.194680333137512207e-01,-5.042814612388610840e-01,0.000000000000000000e+00,0.000000000000000000e+00,-1.689323782920837402e-01,3.468826711177825928e-01,-3.169094920158386230e-01,-1.013732433319091797e+00,1.406040191650390625e-01,3.353113830089569092e-01,-1.446958184242248535e-01,1.420744359493255615e-01,-3.571532070636749268e-01,-6.625805050134658813e-02
2.608672618865966797e+00,-2.672576665878295898e+00,7.700226306915283203e-01,-4.449725896120071411e-02,2.304770424962043762e-02,9.808126688003540039e-01,1.884021013975143433e-01,2.313249409198760986e-01,4.715579375624656677e-02,-2.712083458900451660e-01,2.172824442386627197e-01,2.737889885902404785e-01,-1.515764147043228149e-01,-5.351949930191040039e-01,-1.047595068812370300e-01,-3.515297472476959229e-01,2.232654839754104614e-01,-7.667081896215677261e-03,5.003888905048370361e-02,-4.776065051555633545e-01,0.000000000000000000e+00,0.000000000000000000e+00,-1.030493229627609253e-01,3.477014899253845215e-01,-2.870513796806335449e-01,-9.845513701438903809e-01,1.661145836114883423e-01,3.293686807155609131e-01,-1.323324739933013916e-01,1.685483157634735107e-01,-3.421378135681152344e-01,-6.007898971438407898e-02
2.567154884338378906e+00,-2.627775669097900391e+00,7.808027863502502441e-01,-3.667512536048889160e-02,2.864269353449344635e-02,9.775924086570739746e-01,2.052987515926361084e-01,2.123943567276000977e-01,3.310057148337364197e-02,-1.797780543565750122e-01,3.097453117370605469e-01,4.521932005882263184e-01,-1.252573281526565552e-01,-4.601595103740692139e-01,-7.217494398355484009e-02,-3.223194777965545654e-01,2.155733853578567505e-01,-4.138164594769477844e-02,-2.974110841751098633e-02,-4.280743896961212158e-01,0.000000000000000000e+00,0.000000000000000000e+00,-5.802238360047340393e-02,3.137758970260620117e-01,-2.838775813579559326e-01,-9.465902447700500488e-01,2.107875794172286987e-01,3.078776597976684570e-01,-1.468827873468399048e-01,1.660839319229125977e-01,-3.470267951488494873e-01,-1.983892917633056641e-01
2.526921987533569336e+00,-2.585003376007080078e+00,7.957150340080261230e-01,-3.606507554650306702e-02,5.194470286369323730e-02,9.695110321044921875e-01,2.367474734783172607e-01,9.751792997121810913e-02,-5.147305503487586975e-02,-1.240194067358970642e-01,4.367404282093048096e-01,3.641278445720672607e-01,-8.745842427015304565e-02,-4.008697867393493652e-01,-6.226769462227821350e-02,-2.590279281139373779e-01,1.796877533197402954e-01,-5.340020358562469482e-02,-4.369468241930007935e-02,-3.318712115287780762e-01,0.000000000000000000e+00,0.000000000000000000e+00,-5.237993970513343811e-02,2.344378232955932617e-01,-2.871648967266082764e-01,-8.811117410659790039e-01,1.809905469417572021e-01,2.760879993438720703e-01,-1.753873527050018311e-01,1.714105308055877686e-01,-4.049805998802185059e-01,-2.189824879169464111e-01
2.488953828811645508e+00,-2.548895359039306641e+00,8.090505599975585938e-01,-3.929836675524711609e-02,6.993474811315536499e-02,9.597346782684326172e-01,2.692101001739501953e-01,-4.140635579824447632e-02,-1.151742041110992432e-01,-3.779902681708335876e-02,5.059990882873535156e-01,2.698188126087188721e-01,-5.504003167152404785e-02,-3.541859686374664307e-01,-5.535976588726043701e-02,-1.855818331241607666e-01,1.508118212223052979e-01,-7.293126732110977173e-02,-5.068282037973403931e-02,-2.357057183980941772e-01,0.000000000000000000e+00,0.000000000000000000e+00,-2.237219735980033875e-02,1.554771363735198975e-01,-2.956794798374176025e-01,-8.067418336868286133e-01,1.105798184871673584e-01,2.228934019804000854e-01,-1.894505470991134644e-01,1.638900339603424072e-01,-4.483116567134857178e-01,-3.017901778221130371e-01
2.452494144439697266e+00,-2.509684085845947266e+00,8.219900131225585938e-01,-3.777484968304634094e-02,7.594878971576690674e-02,9.519621133804321289e-01,2.942327857017517090e-01,-1.658437252044677734e-01,-1.314418017864227295e-01,5.526758730411529541e-02,5.176742076873779297e-01,1.695460528135299683e-01,-3.000649623572826385e-02,-2.850073873996734619e-01,-3.499756753444671631e-02,-1.446033716201782227e-01,1.115335077047348022e-01,-8.458734303712844849e-02,-2.424704842269420624e-02,-1.505665183067321777e-01,0.000000000000000000e+00,0.000000000000000000e+00,1.990222185850143433e-02,1.121615320444107056e-01,-3.117167353630065918e-01,-7.450684905052185059e-01,9.840358793735504150e-02,1.883222162723541260e-01,-2.128762006759643555e-01,2.029709368944168091e-01,-5.182819962501525879e-01,-3.846228718757629395e-01
2.416311740875244141e+00,-2.474302530288696289e+00,8.293657898902893066e-01,-4.150269925594329834e-02,7.583313435316085815e-02,9.416891932487487793e-01,3.251897096633911133e-01,-2.733287811279296875e-01,-1.265000402927398682e-01,1.441319435834884644e-01,4.534654915332794189e-01,8.819191902875900269e-02,-1.978317275643348694e-02,-2.290363162755966187e-01,-7.652466185390949249e-03,-8.882518857717514038e-02,7.915854454040527344e-02,-9.406211972236633301e-02,1.265476178377866745e-02,-5.555472522974014282e-02,0.000000000000000000e+00,0.000000000000000000e+00,6.304333359003067017e-02,8.624287694692611694e-02,-3.278087675571441650e-01,-6.766208410263061523e-01,6.262855231761932373e-02,1.494704931974411011e-01,-2.434969097375869751e-01,2.762691378593444824e-01,-6.213966012001037598e-01,-2.611151635646820068e-01
2.379502058029174805e+00,-2.440542221069335938e+00,8.317719101905822754e-01,-4.695892706513404846e-02,7.140226662158966064e-02,9.304877519607543945e-01,3.562150299549102783e-01,-3.685550391674041748e-01,-1.066931784152984619e-01,2.110615819692611694e-01,3.555980622768402100e-01,1.172740291804075241e-02,-1.967955566942691803e-02,-1.778594404458999634e-01,2.085860818624496460e-02,-2.820275537669658661e-02,5.956031754612922668e-02,-8.992818742990493774e-02,2.825435996055603027e-02,3.243506699800491333e-02,0.000000000000000000e+00,0.000000000000000000e+00,1.100335419178009033e-01,6.725478172302246094e-02,-3.121404647827148438e-01,-6.066883802413940430e-01,1.585982441902160645e-01,1.037697866559028625e-01,-2.679223418235778809e-01,3.233028948307037354e-01,-7.208560705184936523e-01,-3.174012303352355957e-01
2.342518329620361328e+00,-2.406451463699340820e+00,8.295247554779052734e-01,-5.352368205785751343e-02,6.513056904077529907e-02,9.158615469932556152e-01,3.925440311431884766e-01,-4.552329182624816895e-01,-7.127696275711059570e-02,2.661657929420471191e-01,2.395190894603729248e-01,-5.736859887838363647e-02,-4.050029069185256958e-02,-1.257777959108352661e-01,4.308597370982170105e-02,2.794290706515312195e-02,4.486975446343421936e-02,-1.007413119077682495e-01,5.474469438195228577e-02,1.292396783828735352e-01,0.000000000000000000e+00,0.000000000000000000e+00,1.603907048702239990e-01,5.978070944547653198e-02,-2.920342385768890381e-01,-5.460071563720703125e-01,1.783631443977355957e-01,4.834264144301414490e-02,-2.969345450401306152e-01,3.669881224632263184e-01,-7.895912528038024902e-01,-3.236677646636962891e-01
2.304763317108154297e+00,-2.369238138198852539e+00,8.194645047187805176e-01,-6.533490121364593506e-02,5.088123306632041931e-02,9.009610414505004883e-01,4.259245097637176514e-01,-5.376046299934387207e-01,-3.395817941054701805e-03,3.134139478206634521e-01,1.331904977560043335e-01,-4.967822879552841187e-02,-8.261330425739288330e-02,-7.286112755537033081e-02,7.477717101573944092e-02,8.264976739883422852e-02,3.005255199968814850e-02,-1.173085942864418030e-01,4.617393389344215393e-02,2.118351906538009644e-01,0.000000000000000000e+00,0.000000000000000000e+00,2.114938795566558838e-01,7.298327237367630005e-02,-2.731153964996337891e-01,-5.099350810050964355e-01,1.179667413234710693e-01,-1.034977007657289505e-02,-3.048065006732940674e-01,3.839738667011260986e-01,-8.621726036071777344e-01,-3.144167661666870117e-01
2.265762329101562500e+00,-2.332499027252197266e+00,8.056798577308654785e-01,-7.709942758083343506e-02,3.767971694469451904e-02,8.841745257377624512e-01,4.592072665691375732e-01,-6.166218519210815430e-01,6.922300159931182861e-02,3.315865099430084229e-01,6.747074425220489502e-02,1.419464964419603348e-02,-1.238991245627403259e-01,-3.026678226888179779e-02,9.684687852859497070e-02,1.573334187269210815e-01,3.064750321209430695e-02,-1.352346390485763550e-01,4.140300303697586060e-02,2.935177683830261230e-01,0.000000000000000000e+00,0.000000000000000000e+00,2.516610622406005859e-01,9.608246386051177979e-02,-2.783544063568115234e-01,-4.697606563568115234e-01,3.661496564745903015e-02,-7.258553057909011841e-02,-3.128290772438049316e-01,3.924402296543121338e-01,-9.442998170852661133e-01,-3.325018584728240967e-01
2.226056814193725586e+00,-2.296112298965454102e+00,7.940140366554260254e-01,-7.962376624345779419e-02,3.416215628385543823e-02,8.709450960159301758e-01,4.836812913417816162e-01,-6.625713706016540527e-01,1.028776913881301880e-01,3.316372632980346680e-01,3.903532028198242188e-02,3.379160165786743164e-02,-1.532112658023834229e-01,1.273525226861238480e-02,8.821652829647064209e-02,2.279918938875198364e-01,4.537279158830642700e-02,-1.365932077169418335e-01,5.051292851567268372e-02,3.537953794002532959e-01,0.000000000000000000e+00,0.000000000000000000e+00,2.918316721916198730e-01,9.882950037717819214e-02,-2.835923731327056885e-01,-4.186087846755981445e-01,-1.439114194363355637e-02,-1.255509704351425171e-01,-3.324623107910156250e-01,3.922950625419616699e-01,-1.004739165306091309e+00,-3.160786032676696777e-01
2.184241294860839844e+00,-2.257961988449096680e+00,7.811614274978637695e-01,-8.064085245132446289e-02,2.955822274088859558e-02,8.609203100204467773e-01,5.014375448226928711e-01,-6.671696901321411133e-01,1.226328164339065552e-01,3.597982227802276611e-01,5.574310198426246643e-02,6.802573055028915405e-02,-1.786971241235733032e-01,6.117485091090202332e-02,7.576504349708557129e-02,2.906615138053894043e-01,6.485261768102645874e-02,-1.041176468133926392e-01,7.303643971681594849e-02,3.921498358249664307e-01,0.000000000000000000e+00,0.000000000000000000e+00,3.222184181213378906e-01,9.170740842819213867e-02,-2.787609696388244629e-01,-3.588353991508483887e-01,-3.815386071801185608e-02,-1.545774191617965698e-01,-3.477405905723571777e-01,3.836224377155303955e-01,-1.037130594253540039e+00,-3.143038749694824219e-01
2.139140367507934570e+00,-2.218930721282958984e+00,7.719369530677795410e-01,-7.426818460226058960e-02,3.253225237131118774e-02,8.583263754844665527e-01,5.066574215888977051e-01,-6.380702853202819824e-01,9.414379298686981201e-02,3.680420517921447754e-01,1.121044829487800598e-01,7.699880003929138184e-02,-1.733621060848236084e-01,1.180839091539382935e-01,4.615300893783569336e-02,3.267051875591278076e-01,8.686797320842742920e-02,-2.281608618795871735e-02,1.106642112135887146e-01,3.958337903022766113e-01,0.000000000000000000e+00,0.000000000000000000e+00,3.364524245262145996e-01,7.348553091287612915e-02,-2.721445560455322266e-01,-2.824819087982177734e-01,-5.821627005934715271e-02,-1.486620754003524780e-01,-3.735525012016296387e-01,3.523020744323730469e-01,-1.062700510025024414e+00,-2.932759225368499756e-01
2.089127302169799805e+00,-2.180622339248657227e+00,7.694448828697204590e-01,-5.012239888310432434e-02,5.260229855775833130e-02,8.603801727294921875e-01,5.044469237327575684e-01,-5.835556983947753906e-01,4.707613959908485413e-03,3.457372188568115234e-01,1.538763344287872314e-01,-1.807556860148906708e-02,-4.978474974632263184e-02,1.848107725381851196e-01,-2.658923901617527008e-02,3.219311237335205078e-01,1.148104369640350342e-01,1.353856772184371948e-01,1.570666134357452393e-01,3.750023543834686279e-01,0.000000000000000000e+00,0.000000000000000000e+00,3.715704977512359619e-01,1.020599063485860825e-02,-3.044377565383911133e-01,-2.210677266120910645e-01,-6.035810336470603943e-02,-8.569616079330444336e-02,-4.040367305278778076e-01,3.434495627880096436e-01,-1.066469192504882812e+00,-3.107786774635314941e-01
2.040891647338867188e+00,-2.142302513122558594e+00,7.702227830886840820e-01,-3.011346049606800079e-02,6.584291905164718628e-02,8.655387163162231445e-01,4.955810904502868652e-01,-5.354619622230529785e-01,-6.201048195362091064e-02,3.354056775569915771e-01,2.081579864025115967e-01,-8.218462765216827393e-02,2.416829019784927368e-02,2.412381023168563843e-01,-7.105647772550582886e-02,2.910168170928955078e-01,1.621556878089904785e-01,3.765892684459686279e-01,2.143934816122055054e-01,3.377168774604797363e-01,0.000000000000000000e+00,0.000000000000000000e+00,3.803546130657196045e-01,-1.967745274305343628e-02,-3.157390952110290527e-01,-1.900018155574798584e-01,-1.003086715936660767e-01,-2.522786520421504974e-02,-4.345279335975646973e-01,2.989314496517181396e-01,-1.060630679130554199e+00,-2.833878993988037109e-01
1.993586540222167969e+00,-2.102601051330566406e+00,7.751176953315734863e-01,-2.068957127630710602e-02,7.326477766036987305e-02,8.670246005058288574e-01,4.924149811267852783e-01,-4.702548682689666748e-01,-1.091235652565956116e-01,3.395142257213592529e-01,2.155073732137680054e-01,-9.919814020395278931e-02,8.100637793540954590e-02,1.720130443572998047e-01,-1.025373637676239014e-01,1.986174136400222778e-01,3.918059766292572021e-01,5.061399936676025391e-01,2.040678113698959351e-01,3.135664165019989014e-01,0.000000000000000000e+00,0.000000000000000000e+00,3.726105391979217529e-01,-2.793132513761520386e-02,-3.314020633697509766e-01,-2.013830393552780151e-01,-8.323986828327178955e-02,3.820193931460380554e-02,-4.190607964992523193e-01,2.787786424160003662e-01,-1.017313838005065918e+00,-2.937415540218353271e-01
1.951300859451293945e+00,-2.062091588973999023e+00,7.907432913780212402e-01,-4.214897751808166504e-02,5.378599092364311218e-02,8.840935826301574707e-01,4.622868299484252930e-01,-4.301449954509735107e-01,-1.061390414834022522e-01,2.446049302816390991e-01,2.112619578838348389e-01,-1.277682781219482422e-01,8.723747730255126953e-02,1.021506637334823608e-01,-6.611108034849166870e-02,3.424589708447456360e-02,4.330280125141143799e-01,5.061399936676025391e-01,1.200993433594703674e-01,2.287837266921997070e-01,0.000000000000000000e+00,0.000000000000000000e+00,3.057954311370849609e-01,1.103182137012481689e-02,-3.470935225486755371e-01,-2.428340762853622437e-01,-3.445060923695564270e-02,6.496800482273101807e-02,-3.620536029338836670e-01,2.701463699340820312e-01,-9.579557180404663086e-01,-3.270177841186523438e-01
1.910623073577880859e+00,-2.023933172225952148e+00,8.096978664398193359e-01,-6.893315166234970093e-02,3.052687644958496094e-02,8.950386643409729004e-01,4.395703375339508057e-01,-3.686538338661193848e-01,-7.829551398754119873e-02,1.838936507701873779e-01,1.611084938049316406e-01,-1.238588467240333557e-01,7.814094424247741699e-02,3.712629200890660286e-03,-1.497328002005815506e-02,-5.975671857595443726e-02,4.056983590126037598e-01,4.599957168102264404e-01,4.930668696761131287e-02,1.589817851781845093e-01,0.000000000000000000e+00,0.000000000000000000e+00,2.374882549047470093e-01,7.383402436971664429e-02,-3.433606624603271484e-01,-3.241294622421264648e-01,-3.428153228014707565e-03,9.277144819498062134e-02,-2.733829617500305176e-01,2.851366400718688965e-01,-8.764384388923645020e-01,-3.289532363414764404e-01
1.870349287986755371e+00,-1.987448573112487793e+00,8.231976032257080078e-01,-8.023285865783691406e-02,1.900642551481723785e-02,9.096108675003051758e-01,4.071970880031585693e-01,-2.966541647911071777e-01,-8.059539645910263062e-02,9.457276016473770142e-02,1.172558590769767761e-01,-1.104004830121994019e-01,4.677744582295417786e-02,-1.255710124969482422e-01,6.661044899374246597e-03,-1.531973034143447876e-01,4.333186447620391846e-01,3.292528688907623291e-01,2.141983993351459503e-02,7.379103451967239380e-02,0.000000000000000000e+00,0.000000000000000000e+00,1.760906726121902466e-01,1.398672908544540405e-01,-3.553657233715057373e-01,-4.324418306350708008e-01,1.407302450388669968e-02,1.293106228113174438e-01,-2.125602364540100098e-01,2.880554497241973877e-01,-7.897616028785705566e-01,-2.684857845306396484e-01
1.831679224967956543e+00,-1.952117085456848145e+00,8.338252305984497070e-01,-8.418109267950057983e-02,1.508963666856288910e-02,9.265690445899963379e-01,3.662725985050201416e-01,-2.272942513227462769e-01,-9.283617883920669556e-02,4.454216919839382172e-03,8.452890813350677490e-02,-8.989341557025909424e-02,7.752109318971633911e-03,-2.326930761337280273e-01,1.640275865793228149e-02,-2.162951827049255371e-01,3.975923359394073486e-01,2.208980023860931396e-01,1.459255069494247437e-02,-2.538591437041759491e-02,0.000000000000000000e+00,0.000000000000000000e+00,1.154654249548912048e-01,1.982299089431762695e-01,-3.660123944282531738e-01,-5.492441058158874512e-01,2.998863346874713898e-02,1.751315742731094360e-01,-1.690193712711334229e-01,2.707531750202178955e-01,-6.942512989044189453e-01,-2.507618069648742676e-01
1.794032692909240723e+00,-1.916761875152587891e+00,8.397287130355834961e-01,-8.688313513994216919e-02,1.581547409296035767e-02,9.407609105110168457e-01,3.273684084415435791e-01,-1.693479418754577637e-01,-9.733316302299499512e-02,-4.708240926265716553e-02,6.440504640340805054e-02,-8.227419108152389526e-02,-1.645875163376331329e-02,-3.392677009105682373e-01,6.854243576526641846e-03,-2.665328085422515869e-01,3.284760415554046631e-01,9.726516157388687134e-02,2.731328271329402924e-02,-1.129906028509140015e-01,0.000000000000000000e+00,0.000000000000000000e+00,3.623975068330764771e-02,2.557422220706939697e-01,-3.864320516586303711e-01,-6.564629673957824707e-01,4.130828753113746643e-02,2.235222309827804565e-01,-1.416243463754653931e-01,2.777331173419952393e-01,-5.913094282150268555e-01,-2.166314274072647095e-01
1.755121827125549316e+00,-1.881626486778259277e+00,8.379170298576354980e-01,-8.748966455459594727e-02,2.011903002858161926e-02,9.535920619964599609e-01,2.874072790145874023e-01,-1.107217371463775635e-01,-1.036980003118515015e-01,-1.150297671556472778e-01,4.755824804306030273e-02,-8.071312308311462402e-02,-3.997896611690521240e-02,-4.306761622428894043e-01,-2.774798311293125153e-02,-3.276156485080718994e-01,2.403645664453506470e-01,1.136283669620752335e-02,8.580228686332702637e-02,-2.014937698841094971e-01,0.000000000000000000e+00,0.000000000000000000e+00,-4.529223591089248657e-02,2.975882887840270996e-01,-4.154253602027893066e-01,-7.486402988433837891e-01,3.358864784240722656e-02,2.716021537780761719e-01,-1.086881831288337708e-01,2.705766260623931885e-01,-5.002641081809997559e-01,-1.898858249187469482e-01
1.716068387031555176e+00,-1.845322132110595703e+00,8.294277191162109375e-01,-8.468738943338394165e-02,2.990081161260604858e-02,9.656364917755126953e-01,2.438854575157165527e-01,-5.197826772928237915e-02,-1.102611273527145386e-01,-1.906596720218658447e-01,3.770558536052703857e-02,-9.140905737876892090e-02,-4.578834027051925659e-02,-5.055156350135803223e-01,-7.896205037832260132e-02,-3.508405089378356934e-01,1.356205344200134277e-01,-1.384581532329320908e-02,1.265563070774078369e-01,-2.926616072654724121e-01,0.000000000000000000e+00,0.000000000000000000e+00,-1.287024915218353271e-01,3.289999365806579590e-01,-4.399947226047515869e-01,-8.356178402900695801e-01,6.549792736768722534e-02,3.220283985137939453e-01,-9.542632848024368286e-02,2.633726000785827637e-01,-4.190208315849304199e-01,-1.439089179039001465e-01
1.676996946334838867e+00,-1.809718608856201172e+00,8.138275146484375000e-01,-8.400446921586990356e-02,4.347342625260353088e-02,9.750753641128540039e-01,2.007021754980087280e-01,-4.386350046843290329e-03,-1.115549802780151367e-01,-2.724438607692718506e-01,3.382077440619468689e-02,-1.049296855926513672e-01,-5.479453876614570618e-02,-5.854111909866333008e-01,-1.525497287511825562e-01,-3.472293615341186523e-01,7.135591655969619751e-02,4.962200671434402466e-02,1.847318112850189209e-01,-3.809778094291687012e-01,0.000000000000000000e+00,0.000000000000000000e+00,-2.220395356416702271e-01,3.458811640739440918e-01,-4.469784796237945557e-01,-9.248865842819213867e-01,8.474638313055038452e-02,3.550529181957244873e-01,-9.577196836471557617e-02,2.495968341827392578e-01,-3.546537160873413086e-01,-9.936767071485519409e-02
1.638521909713745117e+00,-1.771139740943908691e+00,7.982867956161499023e-01,-8.310862630605697632e-02,5.279508978128433228e-02,9.810526371002197266e-01,1.668574213981628418e-01,4.571266844868659973e-02,-9.652420878410339355e-02,-3.412171602249145508e-01,3.629261255264282227e-02,-1.177347227931022644e-01,-9.303804486989974976e-02,-6.388682126998901367e-01,-2.101677507162094116e-01,-3.254370987415313721e-01,3.323177248239517212e-02,9.807462990283966064e-02,2.316704541444778442e-01,-4.548774361610412598e-01,0.000000000000000000e+00,0.000000000000000000e+00,-3.057084679603576660e-01,3.679394721984863281e-01,-4.554483592510223389e-01,-1.014849901199340820e+00,7.974773645401000977e-02,3.843818604946136475e-01,-9.411727637052536011e-02,2.335468828678131104e-01,-3.047688305377960205e-01,-5.958702042698860168e-02
1.598521590232849121e+00,-1.730443596839904785e+00,7.839582562446594238e-01,-8.149053156375885010e-02,6.141066923737525940e-02,9.842904210090637207e-01,1.440847367048263550e-01,8.996427804231643677e-02,-7.618424296379089355e-02,-4.083772003650665283e-01,4.893573746085166931e-02,-1.152413040399551392e-01,-1.141802221536636353e-01,-6.652027964591979980e-01,-2.457520216703414917e-01,-3.358575701713562012e-01,5.416211485862731934e-02,1.211935877799987793e-01,2.786044180393218994e-01,-5.064556598663330078e-01,0.000000000000000000e+00,0.000000000000000000e+00,-3.541754484176635742e-01,3.703831136226654053e-01,-4.235541224479675293e-01,-1.070996046066284180e+00,1.041754186153411865e-01,3.973898589611053467e-01,-9.514845907688140869e-02,1.985429525375366211e-01,-2.617343366146087646e-01,-3.137639909982681274e-02
1.556520342826843262e+00,-1.687485575675964355e+00,7.747622132301330566e-01,-8.022768050432205200e-02,5.657877400517463684e-02,9.854156970977783203e-01,1.389903575181961060e-01,1.402460634708404541e-01,-3.506560251116752625e-02,-4.514524638652801514e-01,6.812430173158645630e-02,-7.086136192083358765e-02,-1.396076232194900513e-01,-6.590992808341979980e-01,-2.195559442043304443e-01,-3.289678394794464111e-01,1.229371055960655212e-01,9.236544370651245117e-02,2.425166070461273193e-01,-5.265858173370361328e-01,0.000000000000000000e+00,0.000000000000000000e+00,-3.499730527400970459e-01,3.813819289207458496e-01,-3.771640360355377197e-01,-1.119595885276794434e+00,1.590202897787094116e-01,3.945426642894744873e-01,-9.041340649127960205e-02,1.989590674638748169e-01,-2.187323570251464844e-01,1.909075304865837097e-02
1.513656139373779297e+00,-1.642300724983215332e+00,7.731989026069641113e-01,-7.874707132577896118e-02,3.146105632185935974e-02,9.838238358497619629e-01,1.577966213226318359e-01,2.027561813592910767e-01,2.738694287836551666e-02,-4.431139528751373291e-01,9.170042723417282104e-02,3.564142063260078430e-02,-1.464263498783111572e-01,-6.433214545249938965e-01,-1.547306478023529053e-01,-3.917245566844940186e-01,2.462265789508819580e-01,-1.717562414705753326e-02,1.398479044437408447e-01,-5.027743577957153320e-01,0.000000000000000000e+00,0.000000000000000000e+00,-2.796897888183593750e-01,4.156592488288879395e-01,-3.308046460151672363e-01,-1.170961141586303711e+00,1.798453927040100098e-01,3.956258594989776611e-01,-6.709281355142593384e-02,2.089230567216873169e-01,-1.982313096523284912e-01,1.758538186550140381e-02
1.467919826507568359e+00,-1.593624591827392578e+00,7.735874056816101074e-01,-7.936440408229827881e-02,5.238720681518316269e-03,9.829278588294982910e-01,1.659115403890609741e-01,2.488701641559600830e-01,8.924537152051925659e-02,-4.133324623107910156e-01,1.321524381637573242e-01,2.398289293050765991e-01,-2.246983349323272705e-01,-6.092661023139953613e-01,-7.245027273893356323e-02,-3.607544302940368652e-01,3.175333440303802490e-01,-1.013663783669471741e-01,8.988960832357406616e-02,-4.907531142234802246e-01,0.000000000000000000e+00,0.000000000000000000e+00,-1.836845874786376953e-01,4.319291114807128906e-01,-2.941116988658905029e-01,-1.206451892852783203e+00,1.881526857614517212e-01,3.863243460655212402e-01,-3.272565081715583801e-02,2.390688955783843994e-01,-2.052814513444900513e-01,-2.417903579771518707e-02
1.420373201370239258e+00,-1.546805024147033691e+00,7.804830670356750488e-01,-7.944541424512863159e-02,3.091163933277130127e-03,9.802777171134948730e-01,1.809265762567520142e-01,2.568579614162445068e-01,9.181486815214157104e-02,-3.310835659503936768e-01,1.913292407989501953e-01,4.509715139865875244e-01,-2.113153338432312012e-01,-5.612031817436218262e-01,-1.843695901334285736e-02,-3.221390247344970703e-01,3.459978401660919189e-01,-1.891826689243316650e-01,9.853978641331195831e-03,-4.627937376499176025e-01,0.000000000000000000e+00,0.000000000000000000e+00,-7.322205603122711182e-02,4.251938462257385254e-01,-2.448023706674575806e-01,-1.233752012252807617e+00,2.479144632816314697e-01,3.474374711513519287e-01,-3.068073280155658722e-02,2.253958284854888916e-01,-2.538113594055175781e-01,-9.741590917110443115e-02
1.372250556945800781e+00,-1.499695897102355957e+00,7.964814901351928711e-01,-9.204087406396865845e-02,2.496740967035293579e-02,9.719374179840087891e-01,2.150414288043975830e-01,1.612751632928848267e-01,2.787268534302711487e-02,-2.134399265050888062e-01,2.855689525604248047e-01,4.407408833503723145e-01,-1.439341753721237183e-01,-5.123296976089477539e-01,1.198243815451860428e-02,-2.495958656072616577e-01,3.083166778087615967e-01,-2.430555224418640137e-01,-7.669238373637199402e-03,-3.574230372905731201e-01,0.000000000000000000e+00,0.000000000000000000e+00,-3.250644356012344360e-02,3.768028318881988525e-01,-2.407310754060745239e-01,-1.196360111236572266e+00,2.596368193626403809e-01,2.996833026409149170e-01,-5.451028421521186829e-02,2.116489857435226440e-01,-3.660134673118591309e-01,-1.812234669923782349e-01
1.323596477508544922e+00,-1.454202532768249512e+00,8.150583505630493164e-01,-1.051543653011322021e-01,5.620903894305229187e-02,9.584972858428955078e-01,2.589711546897888184e-01,-4.266610834747552872e-03,-6.302101910114288330e-02,-1.022336184978485107e-01,3.854449689388275146e-01,2.930932939052581787e-01,-7.775142043828964233e-02,-4.324305653572082520e-01,2.860188297927379608e-02,-1.428698003292083740e-01,1.987512260675430298e-01,-2.487395554780960083e-01,9.488171897828578949e-03,-2.251487970352172852e-01,0.000000000000000000e+00,0.000000000000000000e+00,-2.150625921785831451e-02,2.876514792442321777e-01,-2.736257612705230713e-01,-1.081653356552124023e+00,2.314288169145584106e-01,2.325876653194427490e-01,-1.068389564752578735e-01,2.052744030952453613e-01,-4.840124249458312988e-01,-2.548269033432006836e-01
1.275480031967163086e+00,-1.408300280570983887e+00,8.300637602806091309e-01,-1.140789091587066650e-01,7.975115627050399780e-02,9.447941184043884277e-01,2.966307401657104492e-01,-1.700451672077178955e-01,-1.112364232540130615e-01,1.017174031585454941e-02,4.290173351764678955e-01,1.726833134889602661e-01,-2.654747292399406433e-02,-3.487463593482971191e-01,3.056318871676921844e-02,-6.048173829913139343e-02,1.075034886598587036e-01,-2.306150346994400024e-01,2.761576697230339050e-02,-1.077566519379615784e-01,0.000000000000000000e+00,0.000000000000000000e+00,1.198886055499315262e-02,2.067023515701293945e-01,-3.061670064926147461e-01,-9.533994793891906738e-01,1.778512746095657349e-01,1.659555733203887939e-01,-1.573838591575622559e-01,2.204086482524871826e-01,-6.063033342361450195e-01,-3.249291479587554932e-01
1.229383826255798340e+00,-1.364812731742858887e+00,8.418829441070556641e-01,-1.230641454458236694e-01,9.279809892177581787e-02,9.297043085098266602e-01,3.345050811767578125e-01,-3.245494067668914795e-01,-1.247567459940910339e-01,1.009170114994049072e-01,4.153220355510711670e-01,7.249490916728973389e-02,-1.099968235939741135e-02,-2.834240794181823730e-01,3.505397960543632507e-02,-9.712771512567996979e-03,5.054013431072235107e-02,-2.071290165185928345e-01,7.055573910474777222e-02,-7.905201055109500885e-04,0.000000000000000000e+00,0.000000000000000000e+00,6.633210927248001099e-02,1.565064042806625366e-01,-3.259007334709167480e-01,-8.161080479621887207e-01,1.447412669658660889e-01,9.565937519073486328e-02,-2.025395631790161133e-01,2.419868260622024536e-01,-7.528439760208129883e-01,-3.557240068912506104e-01
1.181772708892822266e+00,-1.325239062309265137e+00,8.454536199569702148e-01,-1.351654082536697388e-01,1.034204438328742981e-01,9.151125550270080566e-01,3.655181825160980225e-01,-4.792437255382537842e-01,-1.307479888200759888e-01,1.403639167547225952e-01,3.692814707756042480e-01,-2.044026181101799011e-02,1.308027934283018112e-02,-2.298106253147125244e-01,3.104360401630401611e-02,3.051116131246089935e-02,1.105132233351469040e-02,-1.818515807390213013e-01,1.137391403317451477e-01,7.735051214694976807e-02,0.000000000000000000e+00,0.000000000000000000e+00,1.459248661994934082e-01,1.153699532151222229e-01,-3.290860056877136230e-01,-7.246029973030090332e-01,1.414626389741897583e-01,1.803394593298435211e-02,-2.548963725566864014e-01,2.663024365901947021e-01,-9.115206599235534668e-01,-3.507064580917358398e-01
1.135830521583557129e+00,-1.284368872642517090e+00,8.388381004333496094e-01,-1.473215073347091675e-01,1.087692975997924805e-01,8.985083699226379395e-01,3.989339470863342285e-01,-6.209068894386291504e-01,-1.068873181939125061e-01,1.848176717758178711e-01,3.065356016159057617e-01,-8.528428524732589722e-02,-2.853547222912311554e-02,-1.869457066059112549e-01,2.731429226696491241e-02,7.096294313669204712e-02,8.064017151809821371e-07,-1.721670627593994141e-01,1.280520856380462646e-01,1.503176093101501465e-01,0.000000000000000000e+00,0.000000000000000000e+00,2.453272044658660889e-01,1.012729257345199585e-01,-3.394974768161773682e-01,-6.870533823966979980e-01,1.238545849919319153e-01,-6.491658091545104980e-02,-3.182023465633392334e-01,2.885003089904785156e-01,-1.092343688011169434e+00,-3.495573401451110840e-01
1.091059803962707520e+00,-1.245631575584411621e+00,8.242326974868774414e-01,-1.602222025394439697e-01,1.156924813985824585e-01,8.827214837074279785e-01,4.263178408145904541e-01,-7.628028988838195801e-01,-7.080474495887756348e-02,2.194582521915435791e-01,2.517064809799194336e-01,-1.171479970216751099e-01,-6.482765078544616699e-02,-1.568316519260406494e-01,1.804320327937602997e-02,1.296169608831405640e-01,7.380758688668720424e-07,-1.664336323738098145e-01,1.152342036366462708e-01,2.130173593759536743e-01,0.000000000000000000e+00,0.000000000000000000e+00,3.579969704151153564e-01,1.021630689501762390e-01,-3.550849258899688721e-01,-7.212057113647460938e-01,1.294707804918289185e-01,-1.587626934051513672e-01,-3.912843167781829834e-01,3.120724558830261230e-01,-1.285945177078247070e+00,-3.631167709827423096e-01
1.047266721725463867e+00,-1.207552313804626465e+00,8.046531081199645996e-01,-1.687654703855514526e-01,1.255476921796798706e-01,8.714683651924133301e-01,4.430563449859619141e-01,-9.020655155181884766e-01,-2.973999455571174622e-02,2.630128264427185059e-01,2.508624494075775146e-01,-1.551710516214370728e-01,-5.610334128141403198e-02,-1.284254640340805054e-01,-1.405713497661054134e-03,1.793666481971740723e-01,1.666124351322650909e-02,-1.727191656827926636e-01,1.058050468564033508e-01,2.545942068099975586e-01,0.000000000000000000e+00,0.000000000000000000e+00,4.883769750595092773e-01,1.010512113571166992e-01,-3.369067609310150146e-01,-7.965734601020812988e-01,1.428841203451156616e-01,-2.424919009208679199e-01,-4.464762806892395020e-01,3.137342035770416260e-01,-1.467145323753356934e+00,-3.325516283512115479e-01
1.001103281974792480e+00,-1.165271759033203125e+00,7.826348543167114258e-01,-1.759544461965560913e-01,1.303883641958236694e-01,8.633328080177307129e-01,4.546376764774322510e-01,-1.012329936027526855e+00,1.644009910523891449e-02,3.218077123165130615e-01,3.182147443294525146e-01,-1.699231863021850586e-01,-5.071466416120529175e-02,-8.959277719259262085e-02,-1.827529817819595337e-02,2.202459871768951416e-01,3.757559135556221008e-02,-1.795580685138702393e-01,1.163394823670387268e-01,2.870237827301025391e-01,0.000000000000000000e+00,0.000000000000000000e+00,6.052431464195251465e-01,1.168775707483291626e-01,-3.179156780242919922e-01,-8.852103352546691895e-01,1.553223133087158203e-01,-2.941230833530426025e-01,-4.967946410179138184e-01,3.149989843368530273e-01,-1.608172655105590820e+00,-2.887802720069885254e-01
9.493563771247863770e-01,-1.118345975875854492e+00,7.627788186073303223e-01,-1.798049658536911011e-01,1.393515318632125854e-01,8.551105856895446777e-01,4.658725559711456299e-01,-1.072609782218933105e+00,2.915078960359096527e-02,3.544346988201141357e-01,4.335528314113616943e-01,-1.523864269256591797e-01,-7.361482083797454834e-02,-4.850081726908683777e-02,-5.140393599867820740e-02,2.413767278194427490e-01,6.903199851512908936e-02,-1.260541230440139771e-01,1.641321033239364624e-01,3.155551552772521973e-01,0.000000000000000000e+00,0.000000000000000000e+00,6.823509335517883301e-01,9.681189805269241333e-02,-3.154934942722320557e-01,-9.345439076423645020e-01,1.753207445144653320e-01,-2.926142215728759766e-01,-5.542985796928405762e-01,3.024093508720397949e-01,-1.692773818969726562e+00,-2.372585982084274292e-01
8.932306766510009766e-01,-1.069181442260742188e+00,7.477695941925048828e-01,-1.746276021003723145e-01,1.595867425203323364e-01,8.505116105079650879e-01,4.697523117065429688e-01,-1.085390686988830566e+00,2.219979465007781982e-02,4.299669265747070312e-01,5.984822511672973633e-01,-2.122650146484375000e-01,-7.373788394033908844e-03,-5.431235767900943756e-03,-1.079353988170623779e-01,2.300222516059875488e-01,1.175039783120155334e-01,7.686672359704971313e-02,2.071657031774520874e-01,3.049702346324920654e-01,0.000000000000000000e+00,0.000000000000000000e+00,7.241711020469665527e-01,4.950188100337982178e-02,-3.168797194957733154e-01,-9.742522835731506348e-01,1.718616187572479248e-01,-2.266888022422790527e-01,-6.090685129165649414e-01,2.805114388465881348e-01,-1.737972021102905273e+00,-2.072723954916000366e-01
8.354369401931762695e-01,-1.017233610153198242e+00,7.399137616157531738e-01,-1.782121509313583374e-01,1.737704426050186157e-01,8.484006524085998535e-01,4.671837389469146729e-01,-1.084741473197937012e+00,-4.798353184014558792e-03,4.366036057472229004e-01,7.187650799751281738e-01,-3.097974359989166260e-01,7.143584638833999634e-02,1.844585128128528595e-02,-1.441333591938018799e-01,1.887879520654678345e-01,1.696515381336212158e-01,3.880350887775421143e-01,2.634738385677337646e-01,2.651686072349548340e-01,0.000000000000000000e+00,0.000000000000000000e+00,7.114936709403991699e-01,-7.867073640227317810e-03,-3.004573285579681396e-01,-1.008331418037414551e+00,1.578855216503143311e-01,-8.607666939496994019e-02,-6.314826607704162598e-01,2.397326231002807617e-01,-1.733994841575622559e+00,-2.408896237611770630e-01
7.729227542877197266e-01,-9.603491425514221191e-01,7.383667230606079102e-01,-2.054042816162109375e-01,1.752123385667800903e-01,8.621008396148681641e-01,4.288260936737060547e-01,-1.098249316215515137e+00,-7.544205337762832642e-02,3.599214255809783936e-01,8.031138777732849121e-01,-3.807000219821929932e-01,1.367106288671493530e-01,-1.051442697644233704e-01,-1.474010199308395386e-01,5.129266995936632156e-03,4.450982213020324707e-01,5.061399936676025391e-01,1.687800288200378418e-01,1.749958544969558716e-01,0.000000000000000000e+00,0.000000000000000000e+00,6.094191074371337891e-01,-5.598750431090593338e-03,-2.626210153102874756e-01,-1.031386613845825195e+00,1.792708337306976318e-01,7.993657886981964111e-02,-5.964396595954895020e-01,1.733912080526351929e-01,-1.662462234497070312e+00,-2.963322997093200684e-01
7.080647349357604980e-01,-8.980134725570678711e-01,7.520205378532409668e-01,-2.471029758453369141e-01,1.411271393299102783e-01,8.763099312782287598e-01,3.887212276458740234e-01,-1.053499817848205566e+00,-1.013865023851394653e-01,2.144782245159149170e-01,8.097100853919982910e-01,-4.319595992565155029e-01,1.717407256364822388e-01,-2.738892734050750732e-01,-7.201483845710754395e-02,-8.855505287647247314e-02,6.456252336502075195e-01,5.052868127822875977e-01,7.769949734210968018e-02,8.231121301651000977e-02,0.000000000000000000e+00,0.000000000000000000e+00,4.636047184467315674e-01,3.617461770772933960e-02,-1.966150701045989990e-01,-1.082947731018066406e+00,2.070757895708084106e-01,1.992498338222503662e-01,-4.932768642902374268e-01,1.741288006305694580e-01,-1.507369875907897949e+00,-3.136740028858184814e-01
6.452206969261169434e-01,-8.386709690093994141e-01,7.592866420745849609e-01,-2.676846981048583984e-01,1.179343461990356445e-01,8.865759372711181641e-01,3.583567440509796143e-01,-9.509292244911193848e-01,-1.093993559479713440e-01,1.315115690231323242e-01,7.644651532173156738e-01,-4.636812210083007812e-01,1.603255122900009155e-01,-5.287945270538330078e-01,-3.823876753449440002e-02,-1.272994875907897949e-01,9.576973915100097656e-01,4.605494439601898193e-01,8.160664886236190796e-02,1.351482886821031570e-02,0.000000000000000000e+00,0.000000000000000000e+00,2.957194447517395020e-01,1.117706075310707092e-01,-1.766828596591949463e-01,-1.137842416763305664e+00,1.872997432947158813e-01,3.119160830974578857e-01,-3.932914733886718750e-01,1.901357322931289673e-01,-1.306366205215454102e+00,-3.215886354446411133e-01
5.781153440475463867e-01,-7.769133448600769043e-01,7.670643329620361328e-01,-2.712719440460205078e-01,9.936185181140899658e-02,8.978567719459533691e-01,3.322528004646301270e-01,-7.812053561210632324e-01,-1.156445518136024475e-01,5.327202752232551575e-02,6.560590863227844238e-01,-4.743927717208862305e-01,1.306207329034805298e-01,-7.546318173408508301e-01,-5.224758386611938477e-02,-1.758436858654022217e-01,1.170562386512756348e+00,3.826556205749511719e-01,7.515953481197357178e-02,-5.128398910164833069e-02,0.000000000000000000e+00,0.000000000000000000e+00,1.600232124328613281e-01,1.743527501821517944e-01,-1.468636244535446167e-01,-1.244763135910034180e+00,1.989444047212600708e-01,4.440917372703552246e-01,-3.085439801216125488e-01,2.104458808898925781e-01,-1.124981284141540527e+00,-3.616057634353637695e-01
5.078169107437133789e-01,-7.116671800613403320e-01,7.808277010917663574e-01,-2.699055075645446777e-01,8.291169255971908569e-02,9.115608334541320801e-01,2.988871037960052490e-01,-5.690292716026306152e-01,-1.058036684989929199e-01,-3.447555750608444214e-02,4.843279719352722168e-01,-4.216344654560089111e-01,7.004412263631820679e-02,-9.363893270492553711e-01,-6.886696815490722656e-02,-2.114789038896560669e-01,1.227034687995910645e+00,2.794357538223266602e-01,8.066793531179428101e-02,-1.356897801160812378e-01,0.000000000000000000e+00,0.000000000000000000e+00,8.587051928043365479e-02,2.081431597471237183e-01,-1.058037057518959045e-01,-1.403547406196594238e+00,1.772006899118423462e-01,5.740929245948791504e-01,-2.258892953395843506e-01,2.266387790441513062e-01,-1.012581229209899902e+00,-3.720971941947937012e-01
4.345488548278808594e-01,-6.416605114936828613e-01,7.945882081985473633e-01,-2.661939859390258789e-01,5.874155089259147644e-02,9.208496809005737305e-01,2.787939608097076416e-01,-3.479051887989044189e-01,-4.920097067952156067e-02,-1.242366135120391846e-01,3.069956600666046143e-01,-2.734925746917724609e-01,3.474717959761619568e-03,-1.045651555061340332e+00,-5.913832038640975952e-02,-2.471521347761154175e-01,1.139953136444091797e+00,2.392968833446502686e-01,9.271080791950225830e-02,-2.071861773729324341e-01,0.000000000000000000e+00,0.000000000000000000e+00,4.332985728979110718e-02,2.634831368923187256e-01,-8.906494826078414917e-02,-1.578701376914978027e+00,1.842456161975860596e-01,6.820150017738342285e-01,-1.839424967765808105e-01,2.624182999134063721e-01,-9.673340916633605957e-01,-3.738417625427246094e-01
3.604082167148590088e-01,-5.689380764961242676e-01,8.054660558700561523e-01,-2.610308229923248291e-01,2.984422072768211365e-02,9.302500486373901367e-01,2.561387121677398682e-01,-1.726591587066650391e-01,3.237033635377883911e-02,-2.023361325263977051e-01,2.118748426437377930e-01,-1.740331202745437622e-02,-1.146150454878807068e-01,-1.069096684455871582e+00,-5.153637751936912537e-02,-3.267658948898315430e-01,9.393980503082275391e-01,2.530811131000518799e-01,1.125261411070823669e-01,-2.752880752086639404e-01,0.000000000000000000e+00,0.000000000000000000e+00,2.358761243522167206e-02,3.334767520427703857e-01,-9.876020252704620361e-02,-1.716972589492797852e+00,1.510657072067260742e-01,7.718207240104675293e-01,-1.389851570129394531e-01,2.765146493911743164e-01,-9.348747134208679199e-01,-3.881251513957977295e-01
2.842182517051696777e-01,-4.981706440448760986e-01,8.171104788780212402e-01,-2.462700009346008301e-01,1.535039674490690231e-02,9.442281723022460938e-01,2.180564999580383301e-01,-3.954558447003364563e-02,9.794960170984268188e-02,-3.187716603279113770e-01,1.647398918867111206e-01,2.395150810480117798e-01,-1.570778191089630127e-01,-1.035243272781372070e+00,-3.366025537252426147e-02,-3.340116739273071289e-01,6.602773666381835938e-01,2.734822630882263184e-01,1.414076685905456543e-01,-3.724903464317321777e-01,0.000000000000000000e+00,0.000000000000000000e+00,5.148227512836456299e-02,4.015662670135498047e-01,-1.290354579687118530e-01,-1.847072243690490723e+00,1.117196008563041687e-01,8.431247472763061523e-01,-1.069226861000061035e-01,2.649157941341400146e-01,-9.291186332702636719e-01,-3.825339972972869873e-01
2.029582262039184570e-01,-4.281464815139770508e-01,8.267518281936645508e-01,-2.238854616880416870e-01,2.967133559286594391e-02,9.575184583663940430e-01,1.793133318424224854e-01,4.019491001963615417e-02,1.219374164938926697e-01,-3.344319462776184082e-01,1.648433506488800049e-01,3.555924594402313232e-01,-1.159620434045791626e-01,-9.690364599227905273e-01,-6.226797401905059814e-02,-2.882849872112274170e-01,3.867596685886383057e-01,2.228682190179824829e-01,1.838643550872802734e-01,-4.789058268070220947e-01,0.000000000000000000e+00,0.000000000000000000e+00,6.211227923631668091e-02,4.104054272174835205e-01,-1.517707407474517822e-01,-1.867499828338623047e+00,8.339641988277435303e-02,8.742433786392211914e-01,-1.044890731573104858e-01,2.120069116353988647e-01,-9.479293823242187500e-01,-3.785273432731628418e-01
1.176471412181854248e-01,-3.584955334663391113e-01,8.355900645256042480e-01,-1.964680552482604980e-01,7.318075001239776611e-02,9.584661722183227539e-01,1.933585405349731445e-01,7.261819392442703247e-02,4.359795153141021729e-02,-2.139660716056823730e-01,2.731106281280517578e-01,3.465590775012969971e-01,-5.592887103557586670e-02,-8.982779979705810547e-01,-1.150551214814186096e-01,-2.824454903602600098e-01,2.452825605869293213e-01,1.340611428022384644e-01,1.765579283237457275e-01,-4.848639667034149170e-01,0.000000000000000000e+00,0.000000000000000000e+00,1.022600680589675903e-01,3.443399369716644287e-01,-1.659068316221237183e-01,-1.867499947547912598e+00,1.024004966020584106e-01,8.456388711929321289e-01,-1.472360491752624512e-01,1.131308004260063171e-01,-9.714876413345336914e-01,-4.144107699394226074e-01
3.366740792989730835e-02,-2.866294085979461670e-01,8.373615145683288574e-01,-1.772426962852478027e-01,1.268041729927062988e-01,9.498509764671325684e-01,2.242516875267028809e-01,-2.268943563103675842e-02,-7.342345267534255981e-02,-8.467669785022735596e-02,5.441958308219909668e-01,3.033495843410491943e-01,2.143439091742038727e-02,-8.238698840141296387e-01,-1.646925806999206543e-01,-2.709434628486633301e-01,2.437015324831008911e-01,1.102608442306518555e-01,1.277641505002975464e-01,-4.366299510002136230e-01,0.000000000000000000e+00,0.000000000000000000e+00,1.823266446590423584e-01,2.535813152790069580e-01,-1.513971835374832153e-01,-1.867499947547912598e+00,1.177406609058380127e-01,7.472128868103027344e-01,-2.049686312675476074e-01,2.131425961852073669e-02,-9.878523945808410645e-01,-4.293943345546722412e-01
-4.573473334312438965e-02,-2.163138985633850098e-01,8.290315866470336914e-01,-1.611615717411041260e-01,1.472451835870742798e-01,9.449931383132934570e-01,2.435852140188217163e-01,-2.171351760625839233e-01,-1.073919758200645447e-01,4.333620890974998474e-02,9.161902666091918945e-01,2.088517546653747559e-01,6.933636963367462158e-02,-7.297205924987792969e-01,-1.520247906446456909e-01,-1.753577739000320435e-01,3.039880394935607910e-01,-1.460776012390851974e-02,5.593592673540115356e-02,-3.756256699562072754e-01,0.000000000000000000e+00,0.000000000000000000e+00,2.402022778987884521e-01,2.008385658264160156e-01,-1.705305725336074829e-01,-1.726281285285949707e+00,1.777268350124359131e-01,6.535201668739318848e-01,-2.483171075582504272e-01,-1.174054224975407124e-03,-1.031525373458862305e+00,-4.516627788543701172e-01
-1.153873875737190247e-01,-1.485912799835205078e-01,8.125634789466857910e-01,-1.645352542400360107e-01,1.464435756206512451e-01,9.373106360435485840e-01,2.700578868389129639e-01,-4.833919107913970947e-01,-6.958245486021041870e-02,1.569161266088485718e-01,1.240474343299865723e+00,1.281637400388717651e-01,1.121320202946662903e-01,-6.819556355476379395e-01,-1.117735877633094788e-01,-1.373839676380157471e-01,3.888701200485229492e-01,-1.938919872045516968e-01,-4.127967730164527893e-02,-2.680889070034027100e-01,0.000000000000000000e+00,0.000000000000000000e+00,3.006205856800079346e-01,2.054392844438552856e-01,-1.761923879384994507e-01,-1.554003953933715820e+00,1.619609296321868896e-01,5.341250896453857422e-01,-2.674909830093383789e-01,2.499852143228054047e-02,-1.100464701652526855e+00,-4.713479876518249512e-01
-1.832052022218704224e-01,-8.383302390575408936e-02,7.972108125686645508e-01,-1.819474399089813232e-01,1.454874724149703979e-01,9.215044379234313965e-01,3.107379972934722900e-01,-7.682241797447204590e-01,-9.471146389842033386e-03,2.513788044452667236e-01,1.409582138061523438e+00,5.577379837632179260e-02,1.241961941123008728e-01,-6.485767960548400879e-01,-5.841507762670516968e-02,-9.391345828771591187e-02,4.517876505851745605e-01,-3.073960244655609131e-01,-7.243296504020690918e-02,-1.050338894128799438e-01,0.000000000000000000e+00,0.000000000000000000e+00,3.697233200073242188e-01,2.324857413768768311e-01,-1.783789098262786865e-01,-1.443685173988342285e+00,1.022572964429855347e-01,3.824069201946258545e-01,-2.959404587745666504e-01,2.814512141048908234e-02,-1.213374733924865723e+00,-4.842211604118347168e-01
-2.611034214496612549e-01,-1.604404114186763763e-02,7.959551811218261719e-01,-1.849609017372131348e-01,1.484221369028091431e-01,8.997480273246765137e-01,3.663519918918609619e-01,-9.510352015495300293e-01,4.915338754653930664e-02,3.304408788681030273e-01,1.358233571052551270e+00,8.485819213092327118e-03,9.284724295139312744e-02,-5.143892765045166016e-01,-1.490464434027671814e-02,2.165659889578819275e-02,3.797127008438110352e-01,-3.231981694698333740e-01,-5.415022745728492737e-02,6.979191303253173828e-02,0.000000000000000000e+00,0.000000000000000000e+00,5.137146115303039551e-01,2.185495644807815552e-01,-1.554136127233505249e-01,-1.431143045425415039e+00,1.298537403345108032e-01,2.643077075481414795e-01,-3.270596861839294434e-01,1.057863421738147736e-02,-1.392378091812133789e+00,-4.175193309783935547e-01
-3.456535637378692627e-01,5.145671963691711426e-02,8.038633465766906738e-01,-1.773809045553207397e-01,1.642416417598724365e-01,8.859996199607849121e-01,3.956834673881530762e-01,-1.061623215675354004e+00,1.393913663923740387e-02,3.433414101600646973e-01,1.135513186454772949e+00,2.486952580511569977e-02,4.312027990818023682e-02,-3.398388028144836426e-01,-4.834904149174690247e-02,1.017996966838836670e-01,2.609325349330902100e-01,-1.992840766906738281e-01,5.991414189338684082e-02,1.819967478513717651e-01,0.000000000000000000e+00,0.000000000000000000e+00,6.236792802810668945e-01,2.043496817350387573e-01,-1.635241359472274780e-01,-1.424574851989746094e+00,1.411403119564056396e-01,1.472824066877365112e-01,-3.860812187194824219e-01,1.632686890661716461e-02,-1.558709502220153809e+00,-3.905846774578094482e-01
-4.349655508995056152e-01,1.220566332340240479e-01,8.128098249435424805e-01,-1.704937666654586792e-01,1.805980801582336426e-01,8.687359094619750977e-01,4.285022616386413574e-01,-1.079398989677429199e+00,-8.387869223952293396e-03,3.595460057258605957e-01,7.948966622352600098e-01,1.516912430524826050e-01,-3.080309368669986725e-02,-1.975504755973815918e-01,-1.072857230901718140e-01,2.116349637508392334e-01,1.803747415542602539e-01,3.858150914311408997e-02,1.557068824768066406e-01,2.891446352005004883e-01,0.000000000000000000e+00,0.000000000000000000e+00,7.211660146713256836e-01,1.859727352857589722e-01,-1.755029112100601196e-01,-1.428012967109680176e+00,1.421919763088226318e-01,6.026868522167205811e-02,-4.642205536365509033e-01,4.420273005962371826e-02,-1.712380051612854004e+00,-3.612974882125854492e-01
-5.262632966041564941e-01,1.956476867198944092e-01,8.175532817840576172e-01,-1.641726642847061157e-01,1.872119009494781494e-01,8.465019464492797852e-01,4.705671966075897217e-01,-1.064481735229492188e+00,-8.956012316048145294e-03,3.105002343654632568e-01,4.545577764511108398e-01,2.465462535619735718e-01,-7.775576412677764893e-02,-8.693712949752807617e-02,-1.728402525186538696e-01,3.105182349681854248e-01,1.362171322107315063e-01,3.172453045845031738e-01,2.671400308609008789e-01,3.993949294090270996e-01,0.000000000000000000e+00,0.000000000000000000e+00,8.126208186149597168e-01,1.484500467777252197e-01,-1.742896586656570435e-01,-1.435387253761291504e+00,1.570252031087875366e-01,1.090144924819469452e-02,-5.371366143226623535e-01,7.801203429698944092e-02,-1.836183071136474609e+00,-3.349119424819946289e-01
-6.179229021072387695e-01,2.748034000396728516e-01,8.294945359230041504e-01,-1.511132866144180298e-01,1.675272583961486816e-01,8.235430717468261719e-01,5.204576849937438965e-01,-9.806736111640930176e-01,6.026778742671012878e-02,2.915849089622497559e-01,1.858619898557662964e-01,2.093630880117416382e-01,-9.695485234260559082e-02,3.754702582955360413e-02,-2.533521056175231934e-01,3.023814260959625244e-01,6.986650079488754272e-02,4.375976622104644775e-01,1.963884979486465454e-01,5.262782573699951172e-01,0.000000000000000000e+00,0.000000000000000000e+00,9.000483155250549316e-01,1.577129065990447998e-01,-1.412453949451446533e-01,-1.477558732032775879e+00,1.701752692461013794e-01,-2.681422233581542969e-02,-5.721142292022705078e-01,1.203752607107162476e-01,-1.867499947547912598e+00,-3.106999099254608154e-01
-7.094911336898803711e-01,3.580422699451446533e-01,8.368402123451232910e-01,-1.357517540454864502e-01,1.128129884600639343e-01,8.221002221107482910e-01,5.412909388542175293e-01,-8.618730306625366211e-01,1.626958996057510376e-01,4.526369273662567139e-01,1.147613227367401123e-01,1.428665369749069214e-01,-8.141804486513137817e-02,1.712700277566909790e-01,-2.568779885768890381e-01,1.163407638669013977e-01,1.014120131731033325e-01,3.940570354461669922e-01,1.004532203078269958e-01,6.007993221282958984e-01,0.000000000000000000e+00,0.000000000000000000e+00,9.746159911155700684e-01,2.429865449666976929e-01,-3.588134795427322388e-02,-1.569295644760131836e+00,1.349124610424041748e-01,-9.018591605126857758e-03,-5.055222511291503906e-01,1.151873096823692322e-01,-1.867499947547912598e+00,-3.024031817913055420e-01
-7.990888357162475586e-01,4.424928724765777588e-01,8.341676592826843262e-01,-1.377513855695724487e-01,6.296834349632263184e-02,8.311645388603210449e-01,5.350000262260437012e-01,-7.697114944458007812e-01,2.063935101032257080e-01,4.979683160781860352e-01,1.653937399387359619e-01,1.259521245956420898e-01,-8.874070644378662109e-02,2.712766230106353760e-01,-2.148764282464981079e-01,2.591545879840850830e-02,2.028760462999343872e-01,5.014119744300842285e-01,5.958179943263530731e-03,5.878806114196777344e-01,0.000000000000000000e+00,0.000000000000000000e+00,9.248090982437133789e-01,2.807385623455047607e-01,2.809531986713409424e-02,-1.561434745788574219e+00,1.240848749876022339e-01,7.491830736398696899e-02,-4.349817633628845215e-01,7.188319414854049683e-02,-1.867499947547912598e+00,-3.418511748313903809e-01
-8.891752362251281738e-01,5.275569558143615723e-01,8.239907026290893555e-01,-1.443571150302886963e-01,3.182126954197883606e-02,8.598991632461547852e-01,4.885917603969573975e-01,-6.996229290962219238e-01,1.356527060270309448e-01,3.097848594188690186e-01,2.288338243961334229e-01,7.378611713647842407e-02,-4.746396839618682861e-02,2.264881879091262817e-01,-1.107096076011657715e-01,-1.776300254277884960e-03,5.586806535720825195e-01,5.061399936676025391e-01,-4.669063538312911987e-02,4.751413166522979736e-01,0.000000000000000000e+00,0.000000000000000000e+00,8.167892098426818848e-01,3.102043867111206055e-01,3.805339708924293518e-02,-1.523262858390808105e+00,1.321291029453277588e-01,1.771590113639831543e-01,-3.618370294570922852e-01,5.679699033498764038e-02,-1.815671086311340332e+00,-3.590137958526611328e-01
-9.764371514320373535e-01,6.052332520484924316e-01,8.149576187133789062e-01,-1.485727280378341675e-01,2.660647965967655182e-02,8.938618302345275879e-01,4.221720397472381592e-01,-6.798433065414428711e-01,4.668492451310157776e-02,1.814246624708175659e-01,3.664806485176086426e-01,-1.483594924211502075e-01,7.667105644941329956e-02,7.350166887044906616e-02,-6.265979260206222534e-02,-1.280852705240249634e-01,9.552246928215026855e-01,4.709721803665161133e-01,-8.147948235273361206e-02,2.909682691097259521e-01,0.000000000000000000e+00,0.000000000000000000e+00,6.927022337913513184e-01,3.081286251544952393e-01,6.551189348101615906e-03,-1.519379854202270508e+00,1.251151859760284424e-01,2.631867825984954834e-01,-3.201455473899841309e-01,7.802773267030715942e-02,-1.669023633003234863e+00,-3.907283842563629150e-01
-1.056066870689392090e+00,6.746801733970642090e-01,8.004239201545715332e-01,-1.543118059635162354e-01,3.908627480268478394e-02,9.130393266677856445e-01,3.755254149436950684e-01,-6.634011864662170410e-01,-2.104854211211204529e-02,1.263731271028518677e-01,4.973183870315551758e-01,-2.839539945125579834e-01,1.524484306573867798e-01,-1.853003203868865967e-01,-9.307810664176940918e-02,-2.041881531476974487e-01,1.354269027709960938e+00,4.182075560092926025e-01,-8.130515366792678833e-02,1.237777173519134521e-01,0.000000000000000000e+00,0.000000000000000000e+00,5.228977799415588379e-01,2.910586893558502197e-01,-5.998824909329414368e-02,-1.522510647773742676e+00,1.213732883334159851e-01,3.517280220985412598e-01,-3.014127910137176514e-01,1.070579588413238525e-01,-1.460642099380493164e+00,-3.609552979469299316e-01
-1.131331801414489746e+00,7.461902499198913574e-01,7.971826195716857910e-01,-1.624058932065963745e-01,4.383775219321250916e-02,9.281852245330810547e-01,3.319258093833923340e-01,-5.698342323303222656e-01,-6.221033632755279541e-02,3.934671729803085327e-02,4.956696927547454834e-01,-3.448681533336639404e-01,1.435743570327758789e-01,-4.503600001335144043e-01,-8.372825384140014648e-02,-2.504720389842987061e-01,1.538600444793701172e+00,3.542247712612152100e-01,-1.111383829265832901e-02,-2.118933573365211487e-02,0.000000000000000000e+00,0.000000000000000000e+00,3.037100434303283691e-01,3.169741332530975342e-01,-1.173612922430038452e-01,-1.535666108131408691e+00,1.534714549779891968e-01,4.418695867061614990e-01,-2.719135284423828125e-01,1.283663958311080933e-01,-1.287309885025024414e+00,-3.783654868602752686e-01
-1.213263154029846191e+00,8.241828083992004395e-01,8.058733940124511719e-01,-1.627929061651229858e-01,3.293322771787643433e-02,9.370858669281005859e-01,3.070569932460784912e-01,-3.791676163673400879e-01,-4.568639770150184631e-02,-2.360516972839832306e-02,3.901218771934509277e-01,-3.238867819309234619e-01,8.369433879852294922e-02,-6.532962322235107422e-01,-9.704893082380294800e-02,-2.988896369934082031e-01,1.516917824745178223e+00,2.735769450664520264e-01,1.281113643199205399e-02,-1.111056655645370483e-01,0.000000000000000000e+00,0.000000000000000000e+00,1.576028317213058472e-01,3.333947956562042236e-01,-1.253384351730346680e-01,-1.616875171661376953e+00,1.498033404350280762e-01,5.616695880889892578e-01,-2.310723513364791870e-01,1.478797942399978638e-01,-1.192261338233947754e+00,-4.217443168163299561e-01
-1.299508810043334961e+00,9.077202677726745605e-01,8.215415477752685547e-01,-1.591055840253829956e-01,1.332432404160499573e-02,9.450720548629760742e-01,2.852134406566619873e-01,-1.638855636119842529e-01,7.975827902555465698e-03,-9.645833075046539307e-02,2.549305260181427002e-01,-1.841390132904052734e-01,-1.184512022882699966e-02,-7.746767997741699219e-01,-8.357800543308258057e-02,-3.468355834484100342e-01,1.331658601760864258e+00,2.336550503969192505e-01,3.609367832541465759e-02,-2.000678181648254395e-01,0.000000000000000000e+00,0.000000000000000000e+00,8.010369539260864258e-02,3.435061275959014893e-01,-1.224452331662178040e-01,-1.709968924522399902e+00,1.523564606904983521e-01,6.700566411018371582e-01,-1.963894963264465332e-01,1.805027276277542114e-01,-1.138714075088500977e+00,-4.479082524776458740e-01
-1.385751605033874512e+00,9.904435873031616211e-01,8.383142948150634766e-01,-1.503608673810958862e-01,-9.636231698095798492e-03,9.574550986289978027e-01,2.461270093917846680e-01,5.046356469392776489e-03,8.119965344667434692e-02,-1.884241402149200439e-01,1.893036663532257080e-01,9.197594225406646729e-02,-1.393968015909194946e-01,-8.038195371627807617e-01,-8.038433641195297241e-02,-4.293037354946136475e-01,1.037574052810668945e+00,2.426635771989822388e-01,7.579308748245239258e-02,-3.137100338935852051e-01,0.000000000000000000e+00,0.000000000000000000e+00,5.228025466203689575e-02,3.865085542201995850e-01,-1.320669502019882202e-01,-1.805128693580627441e+00,1.258797645568847656e-01,7.729316353797912598e-01,-1.601110696792602539e-01,2.000748515129089355e-01,-1.105183124542236328e+00,-4.676385521888732910e-01
-1.474857687950134277e+00,1.074764013290405273e+00,8.554053306579589844e-01,-1.318295001983642578e-01,-8.497060276567935944e-03,9.718279242515563965e-01,1.951901912689208984e-01,1.351333558559417725e-01,1.468147039413452148e-01,-2.503431439399719238e-01,1.471528559923171997e-01,3.012326061725616455e-01,-1.542357653379440308e-01,-7.600172758102416992e-01,-1.039296165108680725e-01,-4.863747954368591309e-01,6.582106947898864746e-01,2.805841267108917236e-01,1.227131262421607971e-01,-4.551551043987274170e-01,0.000000000000000000e+00,0.000000000000000000e+00,3.974641114473342896e-02,3.742868304252624512e-01,-1.473496258258819580e-01,-1.867494583129882812e+00,1.086224913597106934e-01,8.646042346954345703e-01,-1.478478163480758667e-01,1.923041641712188721e-01,-1.105417966842651367e+00,-4.721350371837615967e-01
-1.569048643112182617e+00,1.158436655998229980e+00,8.664609789848327637e-01,-1.103311628103256226e-01,3.011384978890419006e-02,9.823560714721679688e-01,1.479754298925399780e-01,2.198068201541900635e-01,1.572427302598953247e-01,-2.562231421470642090e-01,1.561406403779983521e-01,3.328789174556732178e-01,-1.098194569349288940e-01,-7.237836122512817383e-01,-1.692517101764678955e-01,-4.255877435207366943e-01,2.956689596176147461e-01,2.845734059810638428e-01,1.801442652940750122e-01,-5.931634306907653809e-01,0.000000000000000000e+00,0.000000000000000000e+00,-2.711049281060695648e-02,3.282019495964050293e-01,-1.616116762161254883e-01,-1.867499947547912598e+00,1.022922694683074951e-01,9.151343703269958496e-01,-1.794048100709915161e-01,1.497136503458023071e-01,-1.128499984741210938e+00,-4.686694443225860596e-01
-1.666560888290405273e+00,1.242609500885009766e+00,8.695943355560302734e-01,-8.833603560924530029e-02,7.333929091691970825e-02,9.835234284400939941e-01,1.396413296461105347e-01,2.825029790401458740e-01,1.195819303393363953e-01,-2.373467683792114258e-01,2.535049021244049072e-01,3.925515413284301758e-01,-8.615243434906005859e-02,-7.296701669692993164e-01,-2.399864345788955688e-01,-3.221060931682586670e-01,1.138563975691795349e-01,2.534358203411102295e-01,2.260252535343170166e-01,-6.505149602890014648e-01,0.000000000000000000e+00,0.000000000000000000e+00,-4.759960249066352844e-02,2.507739663124084473e-01,-1.476023644208908081e-01,-1.867499947547912598e+00,9.115561842918395996e-02,9.196225404739379883e-01,-2.352302372455596924e-01,7.273272424936294556e-02,-1.176318287849426270e+00,-4.582831263542175293e-01
-1.761610627174377441e+00,1.329064607620239258e+00,8.719537854194641113e-01,-6.965390592813491821e-02,1.229535713791847229e-01,9.749585986137390137e-01,1.717161387205123901e-01,2.584340870380401611e-01,1.025217492133378983e-02,-1.908322125673294067e-01,4.993279576301574707e-01,4.090007543563842773e-01,-3.531616926193237305e-02,-7.223399281501770020e-01,-2.753733098506927490e-01,-2.704834938049316406e-01,8.065291494131088257e-02,2.508517205715179443e-01,2.045818865299224854e-01,-6.079209446907043457e-01,0.000000000000000000e+00,0.000000000000000000e+00,1.491558086127042770e-02,1.526531428098678589e-01,-1.164573803544044495e-01,-1.867499947547912598e+00,2.297722548246383667e-01,8.569987416267395020e-01,-2.756187617778778076e-01,-7.358680479228496552e-03,-1.183944821357727051e+00,-4.497614204883575439e-01
-1.851524829864501953e+00,1.411687731742858887e+00,8.593103289604187012e-01,-5.805344134569168091e-02,1.537028849124908447e-01,9.650205969810485840e-01,2.043049186468124390e-01,1.105363816022872925e-01,-6.636524945497512817e-02,-8.615092933177947998e-02,8.884972929954528809e-01,3.455871045589447021e-01,2.531424537301063538e-02,-6.629493236541748047e-01,-2.745796144008636475e-01,-2.450445890426635742e-01,1.246439814567565918e-01,1.758688241243362427e-01,1.015524193644523621e-01,-5.342128872871398926e-01,0.000000000000000000e+00,0.000000000000000000e+00,1.315979361534118652e-01,1.284958571195602417e-01,-1.209601238369941711e-01,-1.867499947547912598e+00,1.623723357915878296e-01,7.645460367202758789e-01,-3.145775794982910156e-01,-4.265765100717544556e-02,-1.206009387969970703e+00,-4.594209790229797363e-01
-1.926348686218261719e+00,1.489672660827636719e+00,8.454473614692687988e-01,-6.288342177867889404e-02,1.454271078109741211e-01,9.559338688850402832e-01,2.471579909324645996e-01,-1.097339019179344177e-01,-3.198650106787681580e-02,6.265187263488769531e-02,1.262167930603027344e+00,2.620329558849334717e-01,9.146174043416976929e-02,-6.386818885803222656e-01,-1.992930918931961060e-01,-1.943452656269073486e-01,2.708066999912261963e-01,3.346731513738632202e-02,-9.068349376320838928e-03,-4.107652306556701660e-01,0.000000000000000000e+00,0.000000000000000000e+00,2.289485484361648560e-01,1.561952382326126099e-01,-1.476530879735946655e-01,-1.756386995315551758e+00,1.481042355298995972e-01,6.540333032608032227e-01,-3.169267773628234863e-01,-7.387035526335239410e-03,-1.221917510032653809e+00,-4.561648666858673096e-01
-2.000157117843627930e+00,1.562322735786437988e+00,8.361322283744812012e-01,-7.665494084358215332e-02,1.401703059673309326e-01,9.444961547851562500e-01,2.870598137378692627e-01,-3.623635768890380859e-01,-4.533863812685012817e-02,1.422064006328582764e-01,1.477324724197387695e+00,2.094342112541198730e-01,9.564711898565292358e-02,-6.185765266418457031e-01,-1.322957873344421387e-01,-1.287252455949783325e-01,3.648461103439331055e-01,-5.417736619710922241e-02,-3.800663724541664124e-02,-2.773615717887878418e-01,0.000000000000000000e+00,0.000000000000000000e+00,3.170765638351440430e-01,1.854616105556488037e-01,-1.604136079549789429e-01,-1.610977053642272949e+00,8.806812763214111328e-02,4.986163973808288574e-01,-3.100270032882690430e-01,3.042976744472980499e-02,-1.235958933830261230e+00,-3.943767249584197998e-01
-2.074458360671997070e+00,1.634822726249694824e+00,8.374563455581665039e-01,-8.956286311149597168e-02,1.369574368000030518e-01,9.307152628898620605e-01,3.270936608314514160e-01,-5.876074433326721191e-01,-4.828214272856712341e-02,2.100602537393569946e-01,1.509972333908081055e+00,1.491700112819671631e-01,7.809005677700042725e-02,-5.330265760421752930e-01,-7.181485742330551147e-02,-8.045076578855514526e-02,3.747814595699310303e-01,-1.579348146915435791e-01,-7.290543615818023682e-02,-1.187643781304359436e-01,0.000000000000000000e+00,0.000000000000000000e+00,4.240829348564147949e-01,2.240626960992813110e-01,-1.673447191715240479e-01,-1.529190421104431152e+00,1.126682534813880920e-01,3.604841232299804688e-01,-2.968277931213378906e-01,1.426127390004694462e-03,-1.294014692306518555e+00,-3.856580853462219238e-01
-2.152609348297119141e+00,1.708283782005310059e+00,8.485603332519531250e-01,-9.375506639480590820e-02,1.479361355304718018e-01,9.156895875930786133e-01,3.617146909236907959e-01,-7.526836395263671875e-01,-5.556402355432510376e-02,2.675279974937438965e-01,1.357164859771728516e+00,9.569261968135833740e-02,7.928892970085144043e-02,-3.894320726394653320e-01,-6.051692366600036621e-02,-7.044003345072269440e-03,2.902310490608215332e-01,-1.387758255004882812e-01,-2.355492301285266876e-02,6.761180702596902847e-03,0.000000000000000000e+00,0.000000000000000000e+00,5.505143404006958008e-01,2.046981006860733032e-01,-1.403354853391647339e-01,-1.506311297416687012e+00,1.240280568599700928e-01,2.457947283983230591e-01,-3.234317004680633545e-01,-3.009931184351444244e-02,-1.437541961669921875e+00,-3.682465851306915283e-01
-2.236528396606445312e+00,1.784682035446166992e+00,8.700875639915466309e-01,-9.000633656978607178e-02,1.607710719108581543e-01,9.044334888458251953e-01,3.847746849060058594e-01,-8.172935843467712402e-01,-4.284196719527244568e-02,3.458501994609832764e-01,1.046923518180847168e+00,7.460495829582214355e-02,7.402553409337997437e-02,-2.252273708581924438e-01,-8.446399122476577759e-02,3.880294784903526306e-02,1.928007006645202637e-01,-2.545360475778579712e-02,5.987120792269706726e-02,1.058348864316940308e-01,0.000000000000000000e+00,0.000000000000000000e+00,6.611576676368713379e-01,1.941657066345214844e-01,-1.234694197773933411e-01,-1.488909244537353516e+00,1.246972978115081787e-01,1.665720045566558838e-01,-3.806789517402648926e-01,-2.915549650788307190e-02,-1.560978531837463379e+00,-3.159779310226440430e-01
-2.321434497833251953e+00,1.862080216407775879e+00,8.863447904586791992e-01,-9.131815284490585327e-02,1.628695726394653320e-01,8.885629773139953613e-01,4.190349876880645752e-01,-8.174833059310913086e-01,-2.076053246855735779e-02,4.378423094749450684e-01,6.687825918197631836e-01,1.735289841890335083e-01,2.939505688846111298e-02,-9.729633480310440063e-02,-9.897154569625854492e-02,1.011370792984962463e-01,1.470189243555068970e-01,1.528245359659194946e-01,1.615404486656188965e-01,2.181559503078460693e-01,0.000000000000000000e+00,0.000000000000000000e+00,7.542918920516967773e-01,1.973741799592971802e-01,-1.038746908307075500e-01,-1.489956140518188477e+00,1.210968047380447388e-01,1.143333762884140015e-01,-4.244348406791687012e-01,-1.186509430408477783e-02,-1.676507711410522461e+00,-3.133241236209869385e-01
-2.411969184875488281e+00,1.939300656318664551e+00,9.014871120452880859e-01,-9.712193161249160767e-02,1.508286595344543457e-01,8.600720167160034180e-01,4.775921106338500977e-01,-8.094974160194396973e-01,6.362009444274008274e-04,4.159227311611175537e-01,3.093388378620147705e-01,2.472083121538162231e-01,-2.614688826724886894e-03,1.182269211858510971e-02,-1.247700527310371399e-01,2.022729516029357910e-01,1.226574629545211792e-01,3.239991366863250732e-01,2.265348881483078003e-01,3.745483160018920898e-01,0.000000000000000000e+00,0.000000000000000000e+00,8.427091240882873535e-01,2.181799411773681641e-01,-8.930565416812896729e-02,-1.491161584854125977e+00,1.391486227512359619e-01,9.099358320236206055e-02,-4.525704383850097656e-01,2.641715668141841888e-02,-1.803715825080871582e+00,-3.514865934848785400e-01
-2.497390270233154297e+00,2.023467779159545898e+00,9.215752482414245605e-01,-8.102823793888092041e-02,1.090717464685440063e-01,8.273033499717712402e-01,5.450751781463623047e-01,-7.491422295570373535e-01,9.469540417194366455e-02,3.914781510829925537e-01,8.940042555332183838e-02,1.769181191921234131e-01,-1.254808008670806885e-01,1.677183806896209717e-01,-1.748249977827072144e-01,2.121057212352752686e-01,1.091423630714416504e-01,4.140033721923828125e-01,1.522407382726669312e-01,5.722680091857910156e-01,0.000000000000000000e+00,0.000000000000000000e+00,1.011361122131347656e+00,3.147053420543670654e-01,-7.329371292144060135e-03,-1.574175357818603516e+00,1.993200182914733887e-01,1.094640120863914490e-01,-4.623720347881317139e-01,1.360472571104764938e-02,-1.867499947547912598e+00,-3.662343025207519531e-01
-2.584896087646484375e+00,2.107800960540771484e+00,9.345355629920959473e-01,-7.776411622762680054e-02,7.803108543157577515e-02,8.200355768203735352e-01,5.616098046302795410e-01,-7.223207950592041016e-01,1.496255397796630859e-01,4.371672570705413818e-01,9.696354158222675323e-03,1.274884194135665894e-01,-1.408400684595108032e-01,2.738233804702758789e-01,-2.093001306056976318e-01,1.330799758434295654e-01,1.713113635778427124e-01,4.551229178905487061e-01,8.061766624450683594e-02,6.196764707565307617e-01,0.000000000000000000e+00,0.000000000000000000e+00,1.047086477279663086e+00,3.052881956100463867e-01,6.642016768455505371e-02,-1.595329046249389648e+00,1.600583344697952271e-01,5.899067223072052002e-02,-4.400944411754608154e-01,5.788506194949150085e-02,-1.867499947547912598e+00,-3.594283461570739746e-01
-2.670462131500244141e+00,2.197118520736694336e+00,9.260938763618469238e-01,-8.964069932699203491e-02,3.018055483698844910e-02,8.287709951400756836e-01,5.515363216400146484e-01,-6.899859309196472168e-01,1.979048550128936768e-01,4.336036741733551025e-01,3.346004337072372437e-02,1.579749137163162231e-01,-1.185539662837982178e-01,3.055352568626403809e-01,-1.704898476600646973e-01,6.946636736392974854e-02,3.906788825988769531e-01,5.061399936676025391e-01,3.838515840470790863e-03,6.197333931922912598e-01,0.000000000000000000e+00,0.000000000000000000e+00,1.047199964523315430e+00,3.509788215160369873e-01,1.737776845693588257e-01,-1.622189283370971680e+00,1.667606979608535767e-01,7.784983515739440918e-02,-3.513611555099487305e-01,3.093692846596240997e-02,-1.867499947547912598e+00,-3.710207641124725342e-01
-2.754027366638183594e+00,2.284811496734619141e+00,9.155963063240051270e-01,-1.163462325930595398e-01,-2.129764854907989502e-02,8.423610925674438477e-01,5.257735252380371094e-01,-6.406723260879516602e-01,2.150562554597854614e-01,2.786112725734710693e-01,7.022914290428161621e-02,2.121450603008270264e-01,-1.037112623453140259e-01,2.559320032596588135e-01,-3.053435683250427246e-02,9.665373712778091431e-02,6.446131467819213867e-01,4.562735855579376221e-01,-4.838434979319572449e-02,5.630178451538085938e-01,0.000000000000000000e+00,0.000000000000000000e+00,1.041908621788024902e+00,4.300979077816009521e-01,2.643002569675445557e-01,-1.647321701049804688e+00,1.996747404336929321e-01,1.446525752544403076e-01,-2.577166557312011719e-01,9.850564412772655487e-03,-1.867499947547912598e+00,-3.738182783126831055e-01
-2.834427356719970703e+00,2.366052150726318359e+00,8.927879333496093750e-01,-1.171135455369949341e-01,-4.926304146647453308e-02,8.588421344757080078e-01,4.962335824966430664e-01,-5.535690784454345703e-01,1.745105683803558350e-01,1.237474605441093445e-01,1.101472079753875732e-01,1.845143139362335205e-01,-6.181693449616432190e-02,1.625099629163742065e-01,3.009848296642303467e-03,-1.302755065262317657e-02,9.825564622879028320e-01,4.184482693672180176e-01,-9.807313978672027588e-02,5.019021034240722656e-01,0.000000000000000000e+00,0.000000000000000000e+00,9.991412162780761719e-01,5.251082181930541992e-01,2.737202048301696777e-01,-1.660672664642333984e+00,1.900639384984970093e-01,2.622503340244293213e-01,-1.662797033786773682e-01,-4.873265977948904037e-03,-1.774735927581787109e+00,-3.588516414165496826e-01
-2.923535823822021484e+00,2.437216043472290039e+00,8.714122772216796875e-01,-9.439824521541595459e-02,-4.510611295700073242e-02,8.769682049751281738e-01,4.690214693546295166e-01,-4.586832225322723389e-01,7.668398320674896240e-02,9.851558506488800049e-02,2.123000919818878174e-01,-3.538655489683151245e-02,4.408502951264381409e-02,4.456348344683647156e-02,-1.285470426082611084e-01,-1.706748753786087036e-01,1.288494825363159180e+00,3.747622072696685791e-01,-1.602015644311904907e-01,3.717195391654968262e-01,0.000000000000000000e+00,0.000000000000000000e+00,9.206569790840148926e-01,4.878766834735870361e-01,1.935345828533172607e-01,-1.642339110374450684e+00,1.785576343536376953e-01,3.524078726768493652e-01,-1.565455645322799683e-01,5.674872174859046936e-02,-1.556181311607360840e+00,-3.229100704193115234e-01
-2.997860193252563477e+00,2.500331401824951172e+00,8.478816151618957520e-01,-9.781855344772338867e-02,-2.569429390132427216e-02,8.999764919281005859e-01,4.240444600582122803e-01,-4.442565739154815674e-01,-1.300308946520090103e-02,2.979389391839504242e-02,3.070225119590759277e-01,-1.367678940296173096e-01,1.252651065587997437e-01,-1.487613171339035034e-01,-1.858997792005538940e-01,-2.510136067867279053e-01,1.495816946029663086e+00,3.256469368934631348e-01,-1.594181954860687256e-01,2.110216021537780762e-01,0.000000000000000000e+00,0.000000000000000000e+00,7.387055158615112305e-01,4.599192142486572266e-01,7.764865458011627197e-02,-1.614275097846984863e+00,1.872929781675338745e-01,3.948597013950347900e-01,-1.834086328744888306e-01,7.309377193450927734e-02,-1.327050328254699707e+00,-2.139511257410049438e-01
-3.055921316146850586e+00,2.575804471969604492e+00,8.425738215446472168e-01,-9.804295003414154053e-02,-7.691250648349523544e-03,9.202942848205566406e-01,3.786644935607910156e-01,-3.506914675235748291e-01,-6.397189199924468994e-02,-5.693485587835311890e-02,2.870385348796844482e-01,-1.513164043426513672e-01,8.431797474622726440e-02,-4.147360324859619141e-01,-5.612647905945777893e-02,-2.842864096164703369e-01,1.541878223419189453e+00,1.498877108097076416e-01,-4.299741983413696289e-02,7.368077337741851807e-02,0.000000000000000000e+00,0.000000000000000000e+00,5.222181081771850586e-01,4.718876183032989502e-01,-6.156739965081214905e-02,-1.565528631210327148e+00,1.529003083705902100e-01,4.721078574657440186e-01,-1.691678315401077271e-01,1.077445298433303833e-01,-1.147899985313415527e+00,-3.098136484622955322e-01
-3.129756689071655273e+00,2.644092082977294922e+00,8.535541296005249023e-01,-1.007948443293571472e-01,-1.298946049064397812e-02,9.347865581512451172e-01,3.403612673282623291e-01,-2.022460252046585083e-01,-5.851092562079429626e-02,-1.130020320415496826e-01,2.173092067241668701e-01,-1.172783970832824707e-01,2.817288972437381744e-02,-5.614987611770629883e-01,-2.435602992773056030e-02,-2.969928681850433350e-01,1.397086977958679199e+00,1.413951218128204346e-01,1.071658451110124588e-02,-5.287761241197586060e-02,0.000000000000000000e+00,0.000000000000000000e+00,3.758181929588317871e-01,4.431717097759246826e-01,-1.109162792563438416e-01,-1.601166605949401855e+00,1.868656426668167114e-01,5.524515509605407715e-01,-1.401074677705764771e-01,1.552211344242095947e-01,-1.013408780097961426e+00,-3.106682896614074707e-01
-3.209504604339599609e+00,2.715849399566650391e+00,8.658329844474792480e-01,-9.955019503831863403e-02,-1.625210419297218323e-02,9.484163522720336914e-01,3.005529642105102539e-01,-4.844695702195167542e-02,-3.725619986653327942e-02,-1.671915054321289062e-01,1.534725725650787354e-01,-1.244836393743753433e-02,-1.675822958350181580e-02,-6.087227463722229004e-01,-2.455569058656692505e-02,-3.157545924186706543e-01,1.121836066246032715e+00,2.466469556093215942e-01,4.491940885782241821e-02,-1.601977050304412842e-01,0.000000000000000000e+00,0.000000000000000000e+00,2.686175107955932617e-01,4.304042458534240723e-01,-1.156792864203453064e-01,-1.668281078338623047e+00,1.761202216148376465e-01,6.537416577339172363e-01,-1.321595311164855957e-01,1.858954280614852905e-01,-9.315800666809082031e-01,-2.094387561082839966e-01
