-1.112856119871139526e-01,1.067287996411323547e-01,1.077055215835571289e+00,-1.058386452496051788e-02,1.954693160951137543e-02,6.943799853324890137e-01,7.192651033401489258e-01,-3.781235963106155396e-02,-1.439874470233917236e-01,-5.492069721221923828e-01,-5.378499999642372131e-02,7.848203182220458984e-02,-4.704329073429107666e-01,-1.004753261804580688e-01,-1.914717070758342743e-02,-2.343684136867523193e-01,9.609387938147584407e-12,3.662696853280067444e-02,1.335676908493041992e-01,-1.350300312042236328e-01,-4.982144385576248169e-02,-9.575703740119934082e-02,2.135712938965139696e-14,2.036262862384319305e-02,2.713891677558422089e-02
-1.148645877838134766e-01,1.077655404806137085e-01,1.075422406196594238e+00,-1.058791484683752060e-02,2.740217186510562897e-02,6.962940096855163574e-01,7.171552777290344238e-01,5.562084261327981949e-03,-1.828038245439529419e-01,-6.149182319641113281e-01,-6.573348492383956909e-02,5.807537585496902466e-02,-4.739593863487243652e-01,-1.087283343076705933e-01,-3.803876787424087524e-02,-2.398327291011810303e-01,5.877115605211301460e-17,4.519895464181900024e-02,1.522360742092132568e-01,-1.457811146974563599e-01,-6.658195704221725464e-02,-1.084247827529907227e-01,1.214420253236052263e-18,2.491982467472553253e-02,4.331158101558685303e-02
-1.147199496626853943e-01,1.083592325448989868e-01,1.075095653533935547e+00,-9.736661799252033234e-03,3.034010343253612518e-02,6.949717998504638672e-01,7.183306217193603516e-01,3.389711305499076843e-02,-2.024415880441665649e-01,-6.538140177726745605e-01,-7.302674651145935059e-02,5.019669234752655029e-02,-4.688236415386199951e-01,-1.114827916026115417e-01,-4.404246434569358826e-02,-2.363820075988769531e-01,6.171756677658199876e-18,4.799220338463783264e-02,1.582667380571365356e-01,-1.471636593341827393e-01,-7.100975513458251953e-02,-1.059829071164131165e-01,-3.005709648221685602e-18,2.331356704235076904e-02,4.169635847210884094e-02
-1.151121109724044800e-01,1.086994558572769165e-01,1.075478792190551758e+00,-1.102580130100250244e-02,3.191559016704559326e-02,6.945044398307800293e-01,7.186956405639648438e-01,4.094591736793518066e-02,-2.059493660926818848e-01,-6.647921204566955566e-01,-7.957177609205245972e-02,4.438932612538337708e-02,-4.642658233642578125e-01,-1.149737387895584106e-01,-4.424445703625679016e-02,-2.350417524576187134e-01,2.436659017621955743e-18,4.803185164928436279e-02,1.562156677246093750e-01,-1.499964892864227295e-01,-7.150417566299438477e-02,-1.043174043297767639e-01,-2.393093069120012881e-18,2.287738770246505737e-02,4.068326950073242188e-02
-1.154930219054222107e-01,1.089808568358421326e-01,1.075355768203735352e+00,-1.084267348051071167e-02,3.282691910862922668e-02,6.943231225013732910e-01,7.188325524330139160e-01,4.427982866764068604e-02,-2.083463072776794434e-01,-6.726716160774230957e-01,-8.349795639514923096e-02,4.450506344437599182e-02,-4.614498913288116455e-01,-1.160749718546867371e-01,-4.655961692333221436e-02,-2.323669344186782837e-01,5.441931914480213346e-18,5.034327879548072815e-02,1.569226235151290894e-01,-1.508456170558929443e-01,-7.343649119138717651e-02,-1.033585816621780396e-01,-5.275030027924163846e-19,2.317631803452968597e-02,4.075242951512336731e-02
-1.150445193052291870e-01,1.100692078471183777e-01,1.075642704963684082e+00,-1.029796898365020752e-02,3.246823698282241821e-02,6.937395930290222168e-01,7.194200158119201660e-01,4.667071625590324402e-02,-2.085256576538085938e-01,-6.756179332733154297e-01,-8.383703976869583130e-02,4.714218899607658386e-02,-4.601771533489227295e-01,-1.134370192885398865e-01,-4.628045484423637390e-02,-2.339024841785430908e-01,2.603643622239260546e-18,4.800838977098464966e-02,1.559216380119323730e-01,-1.478692591190338135e-01,-7.273980230093002319e-02,-1.015102863311767578e-01,-4.053171766620034758e-18,2.089666575193405151e-02,4.176530987024307251e-02
-1.154513359069824219e-01,1.104645356535911560e-01,1.075277686119079590e+00,-1.046392321586608887e-02,3.247852250933647156e-02,6.932999491691589355e-01,7.198408842086791992e-01,4.615159332752227783e-02,-2.059161812067031860e-01,-6.745688319206237793e-01,-8.334335684776306152e-02,4.815413802862167358e-02,-4.624515175819396973e-01,-1.137509122490882874e-01,-4.618372023105621338e-02,-2.320601940155029297e-01,-2.822899424125016273e-18,4.800203815102577209e-02,1.543853431940078735e-01,-1.474875658750534058e-01,-7.326427847146987915e-02,-1.010895296931266785e-01,1.941280401098648741e-18,2.081265486776828766e-02,4.225303605198860168e-02
-1.155189946293830872e-01,1.111619248986244202e-01,1.074877381324768066e+00,-1.048696693032979965e-02,3.203450515866279602e-02,6.935541033744812012e-01,7.196155190467834473e-01,4.406667500734329224e-02,-2.038874775171279907e-01,-6.691143512725830078e-01,-8.403558284044265747e-02,4.766740277409553528e-02,-4.601201713085174561e-01,-1.123603209853172302e-01,-4.549680650234222412e-02,-2.335418164730072021e-01,-3.324438881850618225e-19,4.800279065966606140e-02,1.543001383543014526e-01,-1.464053839445114136e-01,-7.288490980863571167e-02,-1.017602458596229553e-01,-3.663748369119870178e-18,2.161457762122154236e-02,4.458193108439445496e-02
-1.158608794212341309e-01,1.115377470850944519e-01,1.075242996215820312e+00,-1.054615527391433716e-02,3.147091343998908997e-02,6.934155821800231934e-01,7.197730541229248047e-01,4.184604436159133911e-02,-2.006952464580535889e-01,-6.665956974029541016e-01,-8.547488600015640259e-02,4.659866541624069214e-02,-4.581575095653533936e-01,-1.112033352255821228e-01,-4.434385150671005249e-02,-2.326505035161972046e-01,-2.573534247942330338e-18,4.624737799167633057e-02,1.496890485286712646e-01,-1.450005769729614258e-01,-7.229122519493103027e-02,-1.019488647580146790e-01,-2.726506412982986852e-18,2.023089304566383362e-02,4.409370943903923035e-02
-1.162097454071044922e-01,1.123746037483215332e-01,1.074825048446655273e+00,-1.120922714471817017e-02,3.213946148753166199e-02,6.937881708145141602e-01,7.193742990493774414e-01,4.454129934310913086e-02,-2.085395604372024536e-01,-6.655371785163879395e-01,-8.622507750988006592e-02,4.626968875527381897e-02,-4.578655660152435303e-01,-1.122845262289047241e-01,-4.511946067214012146e-02,-2.361228317022323608e-01,-3.485153457424771078e-18,4.888553172349929810e-02,1.530548334121704102e-01,-1.464811563491821289e-01,-7.266357541084289551e-02,-1.032281592488288879e-01,3.222417733820778004e-18,2.099758759140968323e-02,4.346359521150588989e-02
-1.167113259434700012e-01,1.132772639393806458e-01,1.074367165565490723e+00,-1.141782570630311966e-02,3.212955966591835022e-02,6.945691108703613281e-01,7.186174392700195312e-01,4.729947075247764587e-02,-2.099318355321884155e-01,-6.657288670539855957e-01,-8.825183659791946411e-02,4.571536555886268616e-02,-4.546899497509002686e-01,-1.109912320971488953e-01,-4.583176597952842712e-02,-2.377243787050247192e-01,7.386292736180009562e-19,4.484038427472114563e-02,1.553570628166198730e-01,-1.464280933141708374e-01,-7.293383777141571045e-02,-1.054886281490325928e-01,2.013701718088891420e-18,2.161828055977821350e-02,4.358232393860816956e-02
-1.170635148882865906e-01,1.130595728754997253e-01,1.074548721313476562e+00,-1.060851570218801498e-02,3.224507719278335571e-02,6.922337412834167480e-01,7.208746075630187988e-01,4.058235138654708862e-02,-1.993341594934463501e-01,-6.664708852767944336e-01,-8.730626851320266724e-02,4.781377688050270081e-02,-4.559488296508789062e-01,-1.115889176726341248e-01,-4.691444337368011475e-02,-2.304517477750778198e-01,-1.166638992332539172e-18,4.641792923212051392e-02,1.536700278520584106e-01,-1.449912637472152710e-01,-7.372465729713439941e-02,-9.847775101661682129e-02,-2.140994888193451743e-18,2.026897668838500977e-02,4.411997646093368530e-02
-1.168129742145538330e-01,1.142838448286056519e-01,1.074434995651245117e+00,-9.309365414083003998e-03,3.123003989458084106e-02,6.912018656730651855e-01,7.219266295433044434e-01,3.400591015815734863e-02,-1.898068785667419434e-01,-6.593862771987915039e-01,-8.460714668035507202e-02,4.900283738970756531e-02,-4.576571583747863770e-01,-1.080772355198860168e-01,-4.706529900431632996e-02,-2.316824346780776978e-01,-2.996812493553065236e-18,4.944065213203430176e-02,1.565451622009277344e-01,-1.403793841600418091e-01,-7.304987311363220215e-02,-9.316889196634292603e-02,2.260400063976706394e-18,1.934456638991832733e-02,4.214172437787055969e-02
-1.169220209121704102e-01,1.140107065439224243e-01,1.074526786804199219e+00,-1.000973954796791077e-02,3.148193657398223877e-02,6.917715668678283691e-01,7.213603854179382324e-01,3.343486785888671875e-02,-1.950698196887969971e-01,-6.586119532585144043e-01,-8.341713249683380127e-02,4.881634563207626343e-02,-4.597090780735015869e-01,-1.089135035872459412e-01,-4.699618741869926453e-02,-2.307065129280090332e-01,-2.507280389599283034e-18,4.847400262951850891e-02,1.557604819536209106e-01,-1.418009251356124878e-01,-7.257331162691116333e-02,-9.426005929708480835e-02,-1.083262495309644195e-18,1.960034854710102081e-02,4.165829718112945557e-02
-1.167143881320953369e-01,1.142750158905982971e-01,1.075096845626831055e+00,-1.016008574515581131e-02,3.176340460777282715e-02,6.916376352310180664e-01,7.214743494987487793e-01,3.334136307239532471e-02,-1.973032653331756592e-01,-6.610572338104248047e-01,-8.358623087406158447e-02,4.859275743365287781e-02,-4.619674980640411377e-01,-1.090367436408996582e-01,-4.688308015465736389e-02,-2.286705076694488525e-01,-7.799320559639987341e-19,4.567137360572814941e-02,1.548178344964981079e-01,-1.418465524911880493e-01,-7.321394979953765869e-02,-9.687618166208267212e-02,-1.584825114092397631e-18,1.849306933581829071e-02,4.420074820518493652e-02
-1.168343201279640198e-01,1.150871738791465759e-01,1.074943304061889648e+00,-1.044133398681879044e-02,3.144807368516921997e-02,6.929590702056884766e-01,7.202150821685791016e-01,3.436506539583206177e-02,-1.964670866727828979e-01,-6.597598791122436523e-01,-8.571878075599670410e-02,4.357905313372612000e-02,-4.570604264736175537e-01,-1.071423292160034180e-01,-4.697208479046821594e-02,-2.324065119028091431e-01,5.255654149255721726e-18,4.379339888691902161e-02,1.560884267091751099e-01,-1.412397921085357666e-01,-7.301415503025054932e-02,-1.007941737771034241e-01,7.094695026642816246e-19,1.849438808858394623e-02,4.436586424708366394e-02
-1.165957376360893250e-01,1.154005154967308044e-01,1.074956893920898438e+00,-1.032959204167127609e-02,3.172059729695320129e-02,6.927061676979064941e-01,7.204479575157165527e-01,3.398137912154197693e-02,-1.952474713325500488e-01,-6.585001349449157715e-01,-8.643123507499694824e-02,4.300238192081451416e-02,-4.566113054752349854e-01,-1.074214130640029907e-01,-4.721289128065109253e-02,-2.306419163942337036e-01,2.841451430903355578e-18,4.701897874474525452e-02,1.556829214096069336e-01,-1.408134549856185913e-01,-7.309361547231674194e-02,-9.898594766855239868e-02,1.660475744194047330e-18,1.945181190967559814e-02,4.238428920507431030e-02
-1.164493337273597717e-01,1.154329553246498108e-01,1.075186848640441895e+00,-1.055044215172529221e-02,3.282682970166206360e-02,6.925430893898010254e-01,7.205520272254943848e-01,3.484909608960151672e-02,-1.968428492546081543e-01,-6.586054563522338867e-01,-8.567506074905395508e-02,4.723017662763595581e-02,-4.571248590946197510e-01,-1.090108305215835571e-01,-4.847209528088569641e-02,-2.325055152177810669e-01,-2.835681018950185657e-18,4.698226973414421082e-02,1.565348654985427856e-01,-1.421881020069122314e-01,-7.385788112878799438e-02,-9.835279732942581177e-02,-8.018490334742037554e-19,1.652893796563148499e-02,4.176958650350570679e-02
-1.163285225629806519e-01,1.155337691307067871e-01,1.075424671173095703e+00,-1.106044091284275055e-02,3.302544727921485901e-02,6.914492249488830566e-01,7.215850353240966797e-01,3.259690105915069580e-02,-1.938070505857467651e-01,-6.606494188308715820e-01,-8.437502384185791016e-02,4.544296115636825562e-02,-4.588387608528137207e-01,-1.101579442620277405e-01,-4.751534759998321533e-02,-2.284861356019973755e-01,6.260135963025815565e-19,4.328902065753936768e-02,1.541176289319992065e-01,-1.425921618938446045e-01,-7.295265048742294312e-02,-9.343333542346954346e-02,-5.829475957628657448e-18,1.523829903453588486e-02,4.429677128791809082e-02
-1.162655279040336609e-01,1.156225875020027161e-01,1.075644850730895996e+00,-1.174601819366216660e-02,3.390249609947204590e-02,6.921275854110717773e-01,7.208828330039978027e-01,3.377706557512283325e-02,-1.983806490898132324e-01,-6.636725664138793945e-01,-8.397634327411651611e-02,4.829480499029159546e-02,-4.603448808193206787e-01,-1.116407290101051331e-01,-4.794828221201896667e-02,-2.308188825845718384e-01,9.463508690423172659e-19,4.317720606923103333e-02,1.530530005693435669e-01,-1.445819288492202759e-01,-7.378952950239181519e-02,-9.742508083581924438e-02,-4.312016432622578391e-18,1.421163603663444519e-02,4.455272853374481201e-02
-1.160569116473197937e-01,1.160580366849899292e-01,1.075330495834350586e+00,-1.203131861984729767e-02,3.467914834618568420e-02,6.910710334777832031e-01,7.218541502952575684e-01,3.344466909766197205e-02,-1.983572393655776978e-01,-6.655156016349792480e-01,-8.249872922897338867e-02,4.974495619535446167e-02,-4.609676003456115723e-01,-1.134567409753799438e-01,-4.845483601093292236e-02,-2.264819592237472534e-01,-1.847719656374000887e-18,4.565213993191719055e-02,1.563848704099655151e-01,-1.453042030334472656e-01,-7.349592447280883789e-02,-9.375098347663879395e-02,2.145339240770580244e-18,1.511970721185207367e-02,4.268185421824455261e-02
-1.158770844340324402e-01,1.165080145001411438e-01,1.075371861457824707e+00,-1.201375201344490051e-02,3.466571494936943054e-02,6.907289028167724609e-01,7.221825122833251953e-01,3.169538453221321106e-02,-1.952918618917465210e-01,-6.634391546249389648e-01,-8.178494125604629517e-02,5.059848725795745850e-02,-4.631196260452270508e-01,-1.130391582846641541e-01,-4.801847413182258606e-02,-2.263378649950027466e-01,-5.600674491474039781e-20,4.461835324764251709e-02,1.550054848194122314e-01,-1.446370035409927368e-01,-7.328372448682785034e-02,-9.383676946163177490e-02,-2.011474947879898670e-18,1.365292351692914963e-02,4.329417273402214050e-02
-1.157307475805282593e-01,1.173374652862548828e-01,1.075292825698852539e+00,-1.205830462276935577e-02,3.450038284063339233e-02,6.910178661346435547e-01,7.219131588935852051e-01,2.799073606729507446e-02,-1.928671896457672119e-01,-6.559866666793823242e-01,-8.116925507783889771e-02,5.045432224869728088e-02,-4.635808765888214111e-01,-1.118502542376518250e-01,-4.768278822302818298e-02,-2.267715334892272949e-01,1.702304613409628834e-19,4.438412562012672424e-02,1.549314111471176147e-01,-1.438577920198440552e-01,-7.302221655845642090e-02,-9.397470206022262573e-02,-3.192450634589206917e-18,1.407168712466955185e-02,4.249316081404685974e-02
-1.156397387385368347e-01,1.180313006043434143e-01,1.075027823448181152e+00,-1.200868189334869385e-02,3.478263318538665771e-02,6.919419169425964355e-01,7.210147976875305176e-01,2.618063800036907196e-02,-1.903392225503921509e-01,-6.514762639999389648e-01,-8.251910656690597534e-02,4.555410519242286682e-02,-4.605759978294372559e-01,-1.110911443829536438e-01,-4.900130257010459900e-02,-2.324134558439254761e-01,2.838792872414610147e-18,4.513155668973922729e-02,1.582071632146835327e-01,-1.438527554273605347e-01,-7.348830997943878174e-02,-9.498851001262664795e-02,-4.716947812246887134e-19,1.384246814996004105e-02,4.440709203481674194e-02
-1.152035742998123169e-01,1.189063936471939087e-01,1.075030803680419922e+00,-1.145654823631048203e-02,3.462442755699157715e-02,6.925382018089294434e-01,7.204586863517761230e-01,2.437851950526237488e-02,-1.909222751855850220e-01,-6.478069424629211426e-01,-8.479840308427810669e-02,4.671483114361763000e-02,-4.570770263671875000e-01,-1.091676503419876099e-01,-4.914004728198051453e-02,-2.323164641857147217e-01,1.126727527776855587e-18,4.513202235102653503e-02,1.574732214212417603e-01,-1.420979797840118408e-01,-7.445096969604492188e-02,-1.001554951071739197e-01,-2.630993522012713853e-18,1.364056859165430069e-02,4.414592683315277100e-02
-1.150431260466575623e-01,1.192286983132362366e-01,1.075285673141479492e+00,-1.160661503672599792e-02,3.477612882852554321e-02,6.926632523536682129e-01,7.203288078308105469e-01,2.605696953833103180e-02,-1.926628053188323975e-01,-6.500976681709289551e-01,-8.606002479791641235e-02,4.487660527229309082e-02,-4.544095695018768311e-01,-1.087497323751449585e-01,-4.927389323711395264e-02,-2.338768541812896729e-01,1.259791109834585831e-18,4.434733465313911438e-02,1.592241376638412476e-01,-1.418269574642181396e-01,-7.409994304180145264e-02,-9.944442659616470337e-02,4.403720984052657251e-18,1.218483783304691315e-02,4.419378563761711121e-02
-1.149797588586807251e-01,1.200874745845794678e-01,1.075426816940307617e+00,-1.195449009537696838e-02,3.459762409329414368e-02,6.928978562355041504e-01,7.201060056686401367e-01,2.786796353757381439e-02,-1.952914148569107056e-01,-6.519079208374023438e-01,-8.677938580513000488e-02,4.620981588959693909e-02,-4.558816254138946533e-01,-1.078497543931007385e-01,-4.811990261077880859e-02,-2.325576096773147583e-01,3.020931425853886417e-18,4.093061760067939758e-02,1.573168635368347168e-01,-1.411727964878082275e-01,-7.312366366386413574e-02,-9.898343682289123535e-02,-2.786771483691150237e-19,1.098789740353822708e-02,4.057530686259269714e-02
-1.145469695329666138e-01,1.212138012051582336e-01,1.075251221656799316e+00,-1.168572623282670975e-02,3.483397141098976135e-02,6.931087374687194824e-01,7.198960781097412109e-01,2.861474640667438507e-02,-1.974566578865051270e-01,-6.550247073173522949e-01,-8.762842416763305664e-02,4.316129535436630249e-02,-4.549792408943176270e-01,-1.067035719752311707e-01,-4.856358468532562256e-02,-2.342337071895599365e-01,5.904509510993342588e-18,4.119514673948287964e-02,1.573434323072433472e-01,-1.399896442890167236e-01,-7.415217906236648560e-02,-1.010953485965728760e-01,-5.385045049393716527e-19,9.563673287630081177e-03,4.388818889856338501e-02
-1.141206994652748108e-01,1.220722720026969910e-01,1.074487686157226562e+00,-1.185834500938653946e-02,3.470823168754577637e-02,6.934234499931335449e-01,7.195961475372314453e-01,2.759579569101333618e-02,-1.945789009332656860e-01,-6.522215008735656738e-01,-8.888099342584609985e-02,4.142607375979423523e-02,-4.538209736347198486e-01,-1.061666011810302734e-01,-4.809218645095825195e-02,-2.356841713190078735e-01,1.214714729534121141e-19,4.163186252117156982e-02,1.593114137649536133e-01,-1.398725360631942749e-01,-7.336764037609100342e-02,-1.015141755342483521e-01,2.292491363021313656e-18,1.191916689276695251e-02,4.289260134100914001e-02
-1.138918101787567139e-01,1.225457936525344849e-01,1.074812531471252441e+00,-1.197671331465244293e-02,3.469373285770416260e-02,6.942988634109497070e-01,7.187502980232238770e-01,2.699079178273677826e-02,-1.967085748910903931e-01,-6.553471088409423828e-01,-9.028192609548568726e-02,3.990922123193740845e-02,-4.536467790603637695e-01,-1.051675379276275635e-01,-4.768651723861694336e-02,-2.351108938455581665e-01,7.074897285861972082e-18,4.021227359771728516e-02,1.578978002071380615e-01,-1.394272148609161377e-01,-7.358882576227188110e-02,-1.045562773942947388e-01,5.729962821216078007e-18,1.081508956849575043e-02,4.256658628582954407e-02
-1.135730817914009094e-01,1.231233254075050354e-01,1.074809193611145020e+00,-1.223154179751873016e-02,3.538573160767555237e-02,6.942366361618041992e-01,7.187723517417907715e-01,3.027759119868278503e-02,-2.002250403165817261e-01,-6.604190468788146973e-01,-9.034683555364608765e-02,4.468385875225067139e-02,-4.579182863235473633e-01,-1.058750152587890625e-01,-4.809984564781188965e-02,-2.367851287126541138e-01,-3.891041057837191122e-19,4.023040086030960083e-02,1.575135290622711182e-01,-1.400673240423202515e-01,-7.364483922719955444e-02,-1.037124842405319214e-01,7.182306688401982725e-18,1.029520295560359955e-02,4.229732975363731384e-02
-1.132204160094261169e-01,1.234844475984573364e-01,1.074990630149841309e+00,-1.262154802680015564e-02,3.550435975193977356e-02,6.946970820426940918e-01,7.183147668838500977e-01,3.178344294428825378e-02,-1.995438337326049805e-01,-6.605256199836730957e-01,-9.004911035299301147e-02,4.541124403476715088e-02,-4.579040110111236572e-01,-1.054950132966041565e-01,-4.725657030940055847e-02,-2.374602258205413818e-01,-4.364850112707565374e-19,3.761283308267593384e-02,1.566048413515090942e-01,-1.402495950460433960e-01,-7.302519679069519043e-02,-1.056378558278083801e-01,-3.132648785024073229e-18,9.545583277940750122e-03,4.059738665819168091e-02
-1.129693910479545593e-01,1.247048676013946533e-01,1.074877500534057617e+00,-1.208828482776880264e-02,3.525083512067794800e-02,6.952942013740539551e-01,7.177584767341613770e-01,3.166994452476501465e-02,-1.975441277027130127e-01,-6.595209240913391113e-01,-9.079176187515258789e-02,4.123952984809875488e-02,-4.564579725265502930e-01,-1.031683757901191711e-01,-4.736777022480964661e-02,-2.379966825246810913e-01,-3.373135004511614965e-18,3.832724690437316895e-02,1.550972014665603638e-01,-1.381323337554931641e-01,-7.377472519874572754e-02,-1.067032441496849060e-01,3.726279914706428858e-18,9.345362894237041473e-03,4.234743863344192505e-02
-1.128464192152023315e-01,1.252418756484985352e-01,1.074817776679992676e+00,-1.185387652367353439e-02,3.501541167497634888e-02,6.956226229667663574e-01,7.174556255340576172e-01,3.153891116380691528e-02,-1.993025690317153931e-01,-6.610310673713684082e-01,-9.072006493806838989e-02,4.452664032578468323e-02,-4.570087790489196777e-01,-1.017188876867294312e-01,-4.723316431045532227e-02,-2.400559186935424805e-01,-5.054971860844231682e-18,3.616648167371749878e-02,1.549802422523498535e-01,-1.368577480316162109e-01,-7.371225208044052124e-02,-1.071696802973747253e-01,-2.159752035763704199e-18,8.650658652186393738e-03,4.223375394940376282e-02
-1.128438264131546021e-01,1.257822215557098389e-01,1.074562907218933105e+00,-1.174480468034744263e-02,3.479949757456779480e-02,6.960338950157165527e-01,7.170689105987548828e-01,2.947694063186645508e-02,-1.972144693136215210e-01,-6.578490734100341797e-01,-9.021853655576705933e-02,4.401268810033798218e-02,-4.576176702976226807e-01,-1.007976010441780090e-01,-4.724124819040298462e-02,-2.395878434181213379e-01,-8.135337868071278243e-19,3.813677281141281128e-02,1.554745137691497803e-01,-1.364931315183639526e-01,-7.363288104534149170e-02,-1.084452420473098755e-01,-1.778587209499269046e-18,1.051356084644794464e-02,4.161601141095161438e-02
-1.125200316309928894e-01,1.265870481729507446e-01,1.074769139289855957e+00,-1.183705870062112808e-02,3.508381173014640808e-02,6.957054138183593750e-01,7.173722982406616211e-01,2.894620038568973541e-02,-1.985326707363128662e-01,-6.560791730880737305e-01,-8.895462751388549805e-02,4.665796458721160889e-02,-4.587606489658355713e-01,-1.005371063947677612e-01,-4.706533253192901611e-02,-2.394069433212280273e-01,-3.825635886802623224e-18,3.692664951086044312e-02,1.548608094453811646e-01,-1.357568502426147461e-01,-7.347098737955093384e-02,-1.084412410855293274e-01,-2.126611871702379698e-18,8.842428214848041534e-03,4.178210720419883728e-02
-1.126864552497863770e-01,1.267238855361938477e-01,1.074615597724914551e+00,-1.207721605896949768e-02,3.491435199975967407e-02,6.970212459564208984e-01,7.160980701446533203e-01,3.040400333702564240e-02,-2.002134919166564941e-01,-6.579387784004211426e-01,-8.957502990961074829e-02,4.554516077041625977e-02,-4.601180553436279297e-01,-9.948391467332839966e-02,-4.693922027945518494e-02,-2.461760938167572021e-01,2.573320835344291657e-18,3.510186076164245605e-02,1.534893959760665894e-01,-1.363642364740371704e-01,-7.317893952131271362e-02,-1.113613024353981018e-01,5.334954300219955383e-18,9.072021581232547760e-03,4.284420609474182129e-02
-1.124595031142234802e-01,1.275448650121688843e-01,1.074809551239013672e+00,-1.183654088526964188e-02,3.548746928572654724e-02,6.968004703521728516e-01,7.162888050079345703e-01,3.262058272957801819e-02,-2.031499445438385010e-01,-6.609230041503906250e-01,-8.839073777198791504e-02,4.767441749572753906e-02,-4.609826803207397461e-01,-9.944993257522583008e-02,-4.775469005107879639e-02,-2.435254305601119995e-01,-1.917039046067169712e-18,3.498649224638938904e-02,1.543557941913604736e-01,-1.356596201658248901e-01,-7.417780160903930664e-02,-1.112196594476699829e-01,-4.743890739158964352e-18,6.822773721069097519e-03,4.270026460289955139e-02
-1.121572107076644897e-01,1.282480359077453613e-01,1.074475049972534180e+00,-1.157451327890157700e-02,3.560634329915046692e-02,6.970767378807067871e-01,7.160183191299438477e-01,3.485705703496932983e-02,-2.036446481943130493e-01,-6.604113578796386719e-01,-8.863323181867599487e-02,4.324437305331230164e-02,-4.597107470035552979e-01,-9.884526580572128296e-02,-4.799978807568550110e-02,-2.467109560966491699e-01,-1.128588684155099899e-19,3.775922954082489014e-02,1.547565162181854248e-01,-1.348946094512939453e-01,-7.438597083091735840e-02,-1.105335876345634460e-01,-3.699287356957598459e-18,7.350045721977949142e-03,4.145302996039390564e-02
-1.123893782496452332e-01,1.280715763568878174e-01,1.074601888656616211e+00,-1.156452298164367676e-02,3.560301661491394043e-02,6.970092654228210449e-01,7.160843014717102051e-01,3.533688187599182129e-02,-2.030015736818313599e-01,-6.645624041557312012e-01,-8.769547939300537109e-02,4.611101746559143066e-02,-4.618725776672363281e-01,-9.893085807561874390e-02,-4.821719974279403687e-02,-2.437893152236938477e-01,-2.178533998752333245e-18,3.452693298459053040e-02,1.546691954135894775e-01,-1.352762579917907715e-01,-7.498659193515777588e-02,-1.127612441778182983e-01,-2.459231122177302762e-18,7.070416118949651718e-03,4.209448397159576416e-02
-1.120721846818923950e-01,1.290539503097534180e-01,1.074573755264282227e+00,-1.177635136991739273e-02,3.565585240721702576e-02,6.975993514060974121e-01,7.155034542083740234e-01,3.818622976541519165e-02,-2.043672651052474976e-01,-6.638773679733276367e-01,-8.704243600368499756e-02,4.705963283777236938e-02,-4.620185196399688721e-01,-9.797480702400207520e-02,-4.770629107952117920e-02,-2.457444667816162109e-01,-1.483813126409872104e-19,3.272642940282821655e-02,1.523658633232116699e-01,-1.350413858890533447e-01,-7.445800304412841797e-02,-1.134162321686744690e-01,3.032506991345953486e-18,6.921415682882070541e-03,4.192833602428436279e-02
-1.121287569403648376e-01,1.291391551494598389e-01,1.074491977691650391e+00,-1.151046715676784515e-02,3.534728288650512695e-02,6.977994441986083984e-01,7.153279185295104980e-01,3.736109286546707153e-02,-2.030713111162185669e-01,-6.658236384391784668e-01,-8.796181529760360718e-02,4.468725994229316711e-02,-4.605724811553955078e-01,-9.728322923183441162e-02,-4.778668284416198730e-02,-2.462285310029983521e-01,-3.276875996628819134e-19,3.411237150430679321e-02,1.527904868125915527e-01,-1.342211067676544189e-01,-7.436688244342803955e-02,-1.136119067668914795e-01,2.722069416177252412e-18,8.278543129563331604e-03,4.151848331093788147e-02
-1.125681623816490173e-01,1.288008689880371094e-01,1.074651122093200684e+00,-1.146914530545473099e-02,3.605815395712852478e-02,6.979844570159912109e-01,7.151125669479370117e-01,3.890843316912651062e-02,-2.061811089515686035e-01,-6.676996350288391113e-01,-8.865469694137573242e-02,4.586259275674819946e-02,-4.602967202663421631e-01,-9.855627268552780151e-02,-4.957173764705657959e-02,-2.473820447921752930e-01,-3.400604018293275908e-18,3.746720403432846069e-02,1.561011672019958496e-01,-1.354175209999084473e-01,-7.605466246604919434e-02,-1.150080114603042603e-01,-2.856420091268115167e-20,8.909979835152626038e-03,4.237850382924079895e-02
-1.122641414403915405e-01,1.288415342569351196e-01,1.074550986289978027e+00,-1.184215769171714783e-02,3.593809530138969421e-02,6.982160806655883789e-01,7.148863673210144043e-01,3.885117918252944946e-02,-2.051696181297302246e-01,-6.686053872108459473e-01,-8.936320245265960693e-02,4.644873738288879395e-02,-4.603629708290100098e-01,-9.839800000190734863e-02,-4.848391190171241760e-02,-2.485090196132659912e-01,-2.915497330616652403e-19,3.328099846839904785e-02,1.533338874578475952e-01,-1.360784471035003662e-01,-7.526545971632003784e-02,-1.153421029448509216e-01,-5.679650387638152651e-18,7.962700910866260529e-03,4.396950080990791321e-02
-1.124287471175193787e-01,1.288539171218872070e-01,1.075089693069458008e+00,-1.225528027862310410e-02,3.612649813294410706e-02,6.982840299606323242e-01,7.148035168647766113e-01,4.049070924520492554e-02,-2.061075717210769653e-01,-6.716698408126831055e-01,-8.845926076173782349e-02,4.798602685332298279e-02,-4.609182775020599365e-01,-9.900782257318496704e-02,-4.768926277756690979e-02,-2.467565685510635376e-01,3.085994144114857362e-18,3.157284483313560486e-02,1.517464816570281982e-01,-1.363934725522994995e-01,-7.496896386146545410e-02,-1.165018752217292786e-01,-3.189797039184136805e-18,6.647562142461538315e-03,4.337568208575248718e-02
-1.120825633406639099e-01,1.291992068290710449e-01,1.075006246566772461e+00,-1.225443650037050247e-02,3.630518540740013123e-02,6.981123685836791992e-01,7.149621844291687012e-01,4.138067364692687988e-02,-2.064372152090072632e-01,-6.707007288932800293e-01,-8.854436874389648438e-02,4.756551235914230347e-02,-4.604278206825256348e-01,-9.920764714479446411e-02,-4.759052768349647522e-02,-2.474637776613235474e-01,-3.960975869906099400e-18,3.388456255197525024e-02,1.524219363927841187e-01,-1.365470141172409058e-01,-7.483598589897155762e-02,-1.146077662706375122e-01,-4.108404270481425522e-18,7.465285714715719223e-03,4.303782060742378235e-02
-1.119605824351310730e-01,1.291093975305557251e-01,1.075065135955810547e+00,-1.240547560155391693e-02,3.638524562120437622e-02,6.979637145996093750e-01,7.151005864143371582e-01,4.309338331222534180e-02,-2.079765051603317261e-01,-6.762112379074096680e-01,-8.763758838176727295e-02,4.892717301845550537e-02,-4.624527096748352051e-01,-9.944558888673782349e-02,-4.748481884598731995e-02,-2.483058869838714600e-01,9.777423732887046662e-19,3.310337662696838379e-02,1.540111154317855835e-01,-1.369783282279968262e-01,-7.465995103120803833e-02,-1.147662773728370667e-01,8.710377286305892022e-19,8.482488803565502167e-03,4.431873187422752380e-02
-1.115332618355751038e-01,1.301425546407699585e-01,1.074974417686462402e+00,-1.188278757035732269e-02,3.661862760782241821e-02,6.985004544258117676e-01,7.145732641220092773e-01,4.518484324216842651e-02,-2.096410989761352539e-01,-6.745248436927795410e-01,-8.876490592956542969e-02,4.211281612515449524e-02,-4.586996436119079590e-01,-9.832859039306640625e-02,-4.818388447165489197e-02,-2.525556087493896484e-01,-2.306839637926658474e-18,3.390162810683250427e-02,1.538554280996322632e-01,-1.356538385152816772e-01,-7.509109377861022949e-02,-1.150543689727783203e-01,-2.192256925114587974e-18,6.541030481457710266e-03,4.301055520772933960e-02
-1.114685907959938049e-01,1.297693550586700439e-01,1.075004458427429199e+00,-1.176297478377819061e-02,3.664767369627952576e-02,6.981009244918823242e-01,7.149640917778015137e-01,4.584940895438194275e-02,-2.104199826717376709e-01,-6.789889335632324219e-01,-8.970181643962860107e-02,4.427969455718994141e-02,-4.596917033195495605e-01,-9.864281117916107178e-02,-4.836048185825347900e-02,-2.497040480375289917e-01,-5.645722747633677668e-19,3.410814702510833740e-02,1.543179899454116821e-01,-1.358866393566131592e-01,-7.538341730833053589e-02,-1.145055666565895081e-01,6.126136012514675293e-18,7.228875998407602310e-03,4.336592927575111389e-02
-1.110662594437599182e-01,1.301945447921752930e-01,1.074950098991394043e+00,-1.208341773599386215e-02,3.651826456189155579e-02,6.979754567146301270e-01,7.150878906250000000e-01,4.670134186744689941e-02,-2.102262973785400391e-01,-6.782759428024291992e-01,-8.969269692897796631e-02,4.367136210203170776e-02,-4.588050246238708496e-01,-9.841262549161911011e-02,-4.688371345400810242e-02,-2.475074678659439087e-01,1.525999337650076515e-19,3.119812346994876862e-02,1.524578481912612915e-01,-1.357233673334121704e-01,-7.398181408643722534e-02,-1.137452125549316406e-01,1.496677439296296790e-18,7.059856783598661423e-03,4.219111800193786621e-02
-1.108749210834503174e-01,1.297552287578582764e-01,1.075070500373840332e+00,-1.214990206062793732e-02,3.704422339797019958e-02,6.981404423713684082e-01,7.148986458778381348e-01,4.942637681961059570e-02,-2.140049487352371216e-01,-6.829330921173095703e-01,-8.990391343832015991e-02,4.707932472229003906e-02,-4.583991467952728271e-01,-9.980823099613189697e-02,-4.764240980148315430e-02,-2.476905435323715210e-01,-5.526079343834007745e-19,3.249714523553848267e-02,1.538983583450317383e-01,-1.371481418609619141e-01,-7.485168427228927612e-02,-1.157344877719879150e-01,4.814611372809798006e-18,8.279760368168354034e-03,4.293552041053771973e-02
-1.108450666069984436e-01,1.296361982822418213e-01,1.075160622596740723e+00,-1.235362328588962555e-02,3.720315173268318176e-02,6.975232958793640137e-01,7.154890298843383789e-01,5.050072818994522095e-02,-2.117673754692077637e-01,-6.836694478988647461e-01,-8.871144801378250122e-02,4.506564512848854065e-02,-4.593854546546936035e-01,-1.005957573652267456e-01,-4.698356240987777710e-02,-2.459195554256439209e-01,2.149241878900605429e-18,3.327179327607154846e-02,1.526581645011901855e-01,-1.376809477806091309e-01,-7.447287440299987793e-02,-1.132385060191154480e-01,-2.493588896100305320e-18,7.229673676192760468e-03,4.309553653001785278e-02
-1.108118072152137756e-01,1.300107091665267944e-01,1.074839830398559570e+00,-1.276278030127286911e-02,3.794012963771820068e-02,6.990888714790344238e-01,7.139134407043457031e-01,5.554739758372306824e-02,-2.208514362573623657e-01,-6.856852173805236816e-01,-9.137471765279769897e-02,4.025034978985786438e-02,-4.553381502628326416e-01,-1.015137135982513428e-01,-4.832909256219863892e-02,-2.485240846872329712e-01,-5.161870065765684554e-18,3.601603209972381592e-02,1.551853120326995850e-01,-1.394391506910324097e-01,-7.511287182569503784e-02,-1.165265142917633057e-01,-4.781424886634170535e-18,1.057079993188381195e-02,4.069910570979118347e-02
-1.103947609663009644e-01,1.292840391397476196e-01,1.074843168258666992e+00,-1.221582107245922089e-02,3.787223622202873230e-02,6.983202695846557617e-01,7.146784067153930664e-01,5.183009058237075806e-02,-2.134186625480651855e-01,-6.812122464179992676e-01,-9.296513348817825317e-02,4.263202100992202759e-02,-4.512663781642913818e-01,-1.015327572822570801e-01,-4.854400083422660828e-02,-2.477897703647613525e-01,3.855604640395419416e-19,3.528440743684768677e-02,1.556457579135894775e-01,-1.394282728433609009e-01,-7.525799423456192017e-02,-1.162375360727310181e-01,1.731884592114525103e-19,9.462968446314334869e-03,4.126994684338569641e-02
-1.103886440396308899e-01,1.293295472860336304e-01,1.074922323226928711e+00,-1.220671553164720535e-02,3.782222792506217957e-02,6.985321640968322754e-01,7.144741415977478027e-01,4.951577261090278625e-02,-2.119333148002624512e-01,-6.768490672111511230e-01,-9.340418130159378052e-02,4.201677814126014709e-02,-4.513264298439025879e-01,-1.011720895767211914e-01,-4.833820462226867676e-02,-2.496944367885589600e-01,4.224063972451040064e-19,3.261949867010116577e-02,1.556484848260879517e-01,-1.389212608337402344e-01,-7.501240819692611694e-02,-1.151838153600692749e-01,6.637264147900991942e-19,6.652445998042821884e-03,4.148535057902336121e-02
-1.104870587587356567e-01,1.287880986928939819e-01,1.075033903121948242e+00,-1.265833619982004166e-02,3.832994773983955383e-02,6.983194351196289062e-01,7.146471142768859863e-01,4.995487257838249207e-02,-2.152390033006668091e-01,-6.804538369178771973e-01,-9.252980351448059082e-02,4.434632137417793274e-02,-4.536533057689666748e-01,-1.031183823943138123e-01,-4.850455373525619507e-02,-2.479106783866882324e-01,9.918242960368074093e-19,3.336458280682563782e-02,1.547456085681915283e-01,-1.409078538417816162e-01,-7.521648705005645752e-02,-1.147559657692909241e-01,-2.917952402674709790e-18,7.989126257598400116e-03,4.185668006539344788e-02
-1.101219356060028076e-01,1.283756345510482788e-01,1.075276732444763184e+00,-1.267084758728742599e-02,3.828490152955055237e-02,6.983662843704223633e-01,7.146035432815551758e-01,4.945584014058113098e-02,-2.135584205389022827e-01,-6.803480982780456543e-01,-9.265083819627761841e-02,4.254220053553581238e-02,-4.535228908061981201e-01,-1.035685613751411438e-01,-4.789787903428077698e-02,-2.484582811594009399e-01,-2.491334001750485766e-18,3.424724563956260681e-02,1.535252034664154053e-01,-1.412779241800308228e-01,-7.492328435182571411e-02,-1.157393828034400940e-01,-6.253518518125391343e-19,8.451698347926139832e-03,4.192071035504341125e-02
-1.107345446944236755e-01,1.278589367866516113e-01,1.075487613677978516e+00,-1.307073794305324554e-02,3.816585987806320190e-02,6.986000537872314453e-01,7.143741846084594727e-01,4.814032837748527527e-02,-2.132273167371749878e-01,-6.827392578125000000e-01,-9.338483959436416626e-02,4.029907286167144775e-02,-4.515061080455780029e-01,-1.038147285580635071e-01,-4.772536829113960266e-02,-2.490192800760269165e-01,-2.517777311572580955e-18,3.273896127939224243e-02,1.537238210439682007e-01,-1.419879496097564697e-01,-7.470142841339111328e-02,-1.152571588754653931e-01,-3.631260023381237463e-18,9.037691168487071991e-03,4.135370254516601562e-02
-1.104962527751922607e-01,1.275669634342193604e-01,1.075653553009033203e+00,-1.303605735301971436e-02,3.851843997836112976e-02,6.977550387382507324e-01,7.151812911033630371e-01,4.715852439403533936e-02,-2.150236964225769043e-01,-6.833593845367431641e-01,-9.159993380308151245e-02,4.653500765562057495e-02,-4.537967443466186523e-01,-1.051345467567443848e-01,-4.772984981536865234e-02,-2.467990517616271973e-01,2.211684088981008382e-18,3.318763896822929382e-02,1.533436328172683716e-01,-1.423683017492294312e-01,-7.470896840095520020e-02,-1.133155003190040588e-01,-2.683274645448515414e-19,7.724503520876169205e-03,4.044715315103530884e-02
-1.107257753610610962e-01,1.273529380559921265e-01,1.075649380683898926e+00,-1.349909044802188873e-02,3.844151273369789124e-02,6.979125142097473145e-01,7.150231599807739258e-01,4.938482493162155151e-02,-2.129402607679367065e-01,-6.828932762145996094e-01,-9.051422774791717529e-02,4.557290300726890564e-02,-4.558281004428863525e-01,-1.054240837693214417e-01,-4.697686061263084412e-02,-2.472785562276840210e-01,-1.149565984489444681e-19,3.107564151287078857e-02,1.526572406291961670e-01,-1.432506591081619263e-01,-7.397517561912536621e-02,-1.141057685017585754e-01,2.383415055953142458e-18,8.859658613801002502e-03,4.097864776849746704e-02
-1.107395663857460022e-01,1.270990371704101562e-01,1.075762271881103516e+00,-1.292011700570583344e-02,3.877015039324760437e-02,6.978670358657836914e-01,7.150605320930480957e-01,4.828711971640586853e-02,-2.117543816566467285e-01,-6.808229684829711914e-01,-8.955558389425277710e-02,4.360067471861839294e-02,-4.576389789581298828e-01,-1.057510375976562500e-01,-4.861984029412269592e-02,-2.462921589612960815e-01,-1.889067106473076528e-18,3.662428632378578186e-02,1.557612866163253784e-01,-1.428541988134384155e-01,-7.566881924867630005e-02,-1.135837957262992859e-01,2.039992826678276852e-19,9.386042132973670959e-03,4.055539891123771667e-02
-1.105524897575378418e-01,1.272712349891662598e-01,1.075173497200012207e+00,-1.306834723800420761e-02,3.842262923717498779e-02,6.977123618125915527e-01,7.152274847030639648e-01,4.553278163075447083e-02,-2.096909582614898682e-01,-6.744569540023803711e-01,-8.832152932882308960e-02,4.663578793406486511e-02,-4.577778279781341553e-01,-1.056100949645042419e-01,-4.738906025886535645e-02,-2.424697577953338623e-01,-2.339926862428779581e-18,4.036726802587509155e-02,1.534653604030609131e-01,-1.426084935665130615e-01,-7.395764440298080444e-02,-1.111993193626403809e-01,5.426804435437843576e-18,1.074419915676116943e-02,4.025663807988166809e-02
-1.109258830547332764e-01,1.263042241334915161e-01,1.075579643249511719e+00,-1.312045846134424210e-02,3.800429031252861023e-02,6.984118819236755371e-01,7.145658731460571289e-01,4.490777477622032166e-02,-2.085043787956237793e-01,-6.758044958114624023e-01,-8.921205997467041016e-02,4.260446503758430481e-02,-4.571563303470611572e-01,-1.051071882247924805e-01,-4.742979630827903748e-02,-2.489204555749893188e-01,2.205346231127627084e-19,3.246030583977699280e-02,1.539124697446823120e-01,-1.431194841861724854e-01,-7.454059273004531860e-02,-1.146286204457283020e-01,2.194791406511450451e-18,8.946467190980911255e-03,4.173162952065467834e-02
-1.108869910240173340e-01,1.261512935161590576e-01,1.075643420219421387e+00,-1.293479930609464645e-02,3.780375048518180847e-02,6.980628371238708496e-01,7.149208784103393555e-01,4.262887686491012573e-02,-2.072391510009765625e-01,-6.739020943641662598e-01,-8.913984894752502441e-02,4.532549530267715454e-02,-4.578464925289154053e-01,-1.048167943954467773e-01,-4.722765088081359863e-02,-2.467575967311859131e-01,-5.163046316596734959e-19,3.285938873887062073e-02,1.521021425724029541e-01,-1.425925344228744507e-01,-7.460813224315643311e-02,-1.154010370373725891e-01,-3.504840356003533137e-18,9.063656441867351532e-03,4.308125376701354980e-02
-1.107582896947860718e-01,1.259286254644393921e-01,1.075289487838745117e+00,-1.301192864775657654e-02,3.774464502930641174e-02,6.976556181907653809e-01,7.153199911117553711e-01,4.142611473798751831e-02,-2.081635594367980957e-01,-6.727296710014343262e-01,-8.751678466796875000e-02,4.848387837409973145e-02,-4.605377614498138428e-01,-1.051767319440841675e-01,-4.687260836362838745e-02,-2.481498271226882935e-01,7.754206129031345211e-19,3.347616270184516907e-02,1.530077308416366577e-01,-1.424390822649002075e-01,-7.353608310222625732e-02,-1.118258908390998840e-01,-1.503089743404807861e-18,8.083363063633441925e-03,4.139375686645507812e-02
-1.107220575213432312e-01,1.256702393293380737e-01,1.075267672538757324e+00,-1.319891028106212616e-02,3.761978074908256531e-02,6.979045271873474121e-01,7.150803208351135254e-01,4.164060950279235840e-02,-2.076441198587417603e-01,-6.727510094642639160e-01,-8.762264996767044067e-02,4.746595770120620728e-02,-4.599850177764892578e-01,-1.052410230040550232e-01,-4.620125517249107361e-02,-2.453831285238265991e-01,-1.135933220813958232e-18,3.180845454335212708e-02,1.525646150112152100e-01,-1.426360458135604858e-01,-7.406145334243774414e-02,-1.154993399977684021e-01,-1.627752479161449555e-18,8.339152671396732330e-03,4.362478852272033691e-02
-1.106096431612968445e-01,1.253733187913894653e-01,1.075092196464538574e+00,-1.265929359942674637e-02,3.709554299712181091e-02,6.980220675468444824e-01,7.150026559829711914e-01,4.003376141190528870e-02,-2.052046507596969604e-01,-6.719718575477600098e-01,-8.840051293373107910e-02,4.633026942610740662e-02,-4.588329195976257324e-01,-1.039784848690032959e-01,-4.660853743553161621e-02,-2.491781115531921387e-01,-4.431791358139644245e-18,3.511694818735122681e-02,1.555264294147491455e-01,-1.418422609567642212e-01,-7.356100529432296753e-02,-1.130416393280029297e-01,-3.993515500842710403e-18,1.025035418570041656e-02,4.151747003197669983e-02
-1.107507795095443726e-01,1.251466125249862671e-01,1.075238704681396484e+00,-1.263179630041122437e-02,3.676911070942878723e-02,6.983940005302429199e-01,7.146567702293395996e-01,3.932442516088485718e-02,-2.045919448137283325e-01,-6.708463430404663086e-01,-8.934520930051803589e-02,4.604082927107810974e-02,-4.571554362773895264e-01,-1.034792661666870117e-01,-4.626492783427238464e-02,-2.480881065130233765e-01,-8.444612427298729760e-19,3.317432478070259094e-02,1.538003981113433838e-01,-1.416684240102767944e-01,-7.336053252220153809e-02,-1.151088774204254150e-01,-3.660208036098143219e-18,9.808322414755821228e-03,4.222214221954345703e-02
-1.106288060545921326e-01,1.249422729015350342e-01,1.075219631195068359e+00,-1.210342533886432648e-02,3.695411607623100281e-02,6.977843046188354492e-01,7.152516841888427734e-01,3.925567865371704102e-02,-2.042585313320159912e-01,-6.706750988960266113e-01,-8.879179507493972778e-02,4.780775681138038635e-02,-4.589618146419525146e-01,-1.037406697869300842e-01,-4.703265428543090820e-02,-2.491981536149978638e-01,-9.463434244168042887e-19,3.540188446640968323e-02,1.543936431407928467e-01,-1.412221491336822510e-01,-7.403051108121871948e-02,-1.144849359989166260e-01,-8.922188462678670500e-18,1.043797750025987625e-02,4.272108525037765503e-02
-1.107088103890419006e-01,1.246492490172386169e-01,1.075093865394592285e+00,-1.208066381514072418e-02,3.697722032666206360e-02,6.978158950805664062e-01,7.152200341224670410e-01,3.926705196499824524e-02,-2.048440277576446533e-01,-6.699569225311279297e-01,-8.793345093727111816e-02,4.841502383351325989e-02,-4.601477086544036865e-01,-1.037817373871803284e-01,-4.734242707490921021e-02,-2.490132898092269897e-01,2.407483530236597904e-18,3.593253716826438904e-02,1.553448587656021118e-01,-1.414397507905960083e-01,-7.374253869056701660e-02,-1.129429861903190613e-01,-3.525443770701003950e-19,9.939298965036869049e-03,4.134278371930122375e-02
-1.106261461973190308e-01,1.244043856859207153e-01,1.075260877609252930e+00,-1.212698780000209808e-02,3.684495016932487488e-02,6.979292035102844238e-01,7.151155471801757812e-01,3.855423629283905029e-02,-2.032785117626190186e-01,-6.697435975074768066e-01,-8.820229023694992065e-02,4.648425057530403137e-02,-4.599854052066802979e-01,-1.038737595081329346e-01,-4.690283164381980896e-02,-2.461986243724822998e-01,-3.009914207275292641e-18,3.346322104334831238e-02,1.536788344383239746e-01,-1.417246907949447632e-01,-7.393851131200790405e-02,-1.147386431694030762e-01,-2.844515307892251993e-18,1.037112344056367874e-02,4.254003241658210754e-02
-1.106361672282218933e-01,1.244551166892051697e-01,1.074584364891052246e+00,-1.240345742553472519e-02,3.660954907536506653e-02,6.980340480804443359e-01,7.150205373764038086e-01,3.720050677657127380e-02,-2.037122100591659546e-01,-6.668495535850524902e-01,-8.701768517494201660e-02,5.013553798198699951e-02,-4.613879919052124023e-01,-1.044951826333999634e-01,-4.612120985984802246e-02,-2.461585253477096558e-01,3.989224915005397848e-18,3.859286010265350342e-02,1.546093672513961792e-01,-1.422200947999954224e-01,-7.277964055538177490e-02,-1.129164397716522217e-01,-4.795993191582454459e-19,1.428621914237737656e-02,3.944125398993492126e-02
-1.107292398810386658e-01,1.241930499672889709e-01,1.074516415596008301e+00,-1.196228899061679840e-02,3.630903735756874084e-02,6.982660293579101562e-01,7.148168683052062988e-01,3.467094525694847107e-02,-2.002727687358856201e-01,-6.628801226615905762e-01,-8.845341950654983521e-02,4.494115337729454041e-02,-4.601582884788513184e-01,-1.037569940090179443e-01,-4.676354676485061646e-02,-2.457285970449447632e-01,3.060741974374838533e-19,4.007309675216674805e-02,1.539686769247055054e-01,-1.413477361202239990e-01,-7.322502136230468750e-02,-1.139644011855125427e-01,8.572304298458540642e-19,1.377071719616651535e-02,4.042095318436622620e-02
-1.105286031961441040e-01,1.241156905889511108e-01,1.074550390243530273e+00,-1.207548845559358597e-02,3.634067624807357788e-02,6.982135772705078125e-01,7.148645520210266113e-01,3.322419524192810059e-02,-1.983642876148223877e-01,-6.579890847206115723e-01,-8.817854523658752441e-02,4.877389222383499146e-02,-4.598387777805328369e-01,-1.038830727338790894e-01,-4.649079591035842896e-02,-2.473418861627578735e-01,-1.935757316148632175e-18,3.538803011178970337e-02,1.533085852861404419e-01,-1.419751644134521484e-01,-7.299687713384628296e-02,-1.153979822993278503e-01,-1.323350013741935371e-18,1.250406634062528610e-02,4.112176224589347839e-02
-1.108952015638351440e-01,1.235439404845237732e-01,1.074548721313476562e+00,-1.246607583016157150e-02,3.655804693698883057e-02,6.980816721916198730e-01,7.149755954742431641e-01,3.107454441487789154e-02,-1.982427984476089478e-01,-6.595689058303833008e-01,-8.715223520994186401e-02,5.055487900972366333e-02,-4.633853137493133545e-01,-1.050541996955871582e-01,-4.657085239887237549e-02,-2.479111254215240479e-01,3.584872561809876224e-18,3.494364768266677856e-02,1.535224318504333496e-01,-1.432762145996093750e-01,-7.316943258047103882e-02,-1.149110198020935059e-01,-2.213581641306205028e-18,1.189379673451185226e-02,4.252456501126289368e-02
-1.107593327760696411e-01,1.238019317388534546e-01,1.074514627456665039e+00,-1.209395844489336014e-02,3.631669655442237854e-02,6.982666850090026855e-01,7.148135900497436523e-01,3.088331595063209534e-02,-1.972312331199645996e-01,-6.561384797096252441e-01,-8.645627647638320923e-02,4.991286247968673706e-02,-4.629330933094024658e-01,-1.043556109070777893e-01,-4.643682390451431274e-02,-2.449731379747390747e-01,3.929085575750342524e-18,3.849881887435913086e-02,1.539862602949142456e-01,-1.420506387948989868e-01,-7.320950925350189209e-02,-1.142052263021469116e-01,1.483081898748375227e-18,1.249042246490716934e-02,4.147055745124816895e-02
-1.108600348234176636e-01,1.231070458889007568e-01,1.074490666389465332e+00,-1.201940141618251801e-02,3.596645966172218323e-02,6.986165642738342285e-01,7.144906520843505859e-01,3.153345733880996704e-02,-1.975495964288711548e-01,-6.615647077560424805e-01,-8.730334043502807617e-02,4.979417100548744202e-02,-4.633929431438446045e-01,-1.041651219129562378e-01,-4.632863029837608337e-02,-2.460334151983261108e-01,2.282850572982008118e-18,3.950366005301475525e-02,1.533291786909103394e-01,-1.423398405313491821e-01,-7.322167605161666870e-02,-1.164061427116394043e-01,1.100414912491543776e-19,1.528578158468008041e-02,4.117933660745620728e-02
-1.108021438121795654e-01,1.229198351502418518e-01,1.074585318565368652e+00,-1.188396662473678589e-02,3.549902513623237610e-02,6.992580890655517578e-01,7.138884663581848145e-01,3.429606929421424866e-02,-1.973094046115875244e-01,-6.616037487983703613e-01,-8.815030008554458618e-02,4.807726666331291199e-02,-4.609700441360473633e-01,-1.028819978237152100e-01,-4.573569446802139282e-02,-2.498331367969512939e-01,-3.234764231643744495e-19,3.537590801715850830e-02,1.520178169012069702e-01,-1.417166590690612793e-01,-7.276970148086547852e-02,-1.180230230093002319e-01,5.771404569904984693e-19,1.208714209496974945e-02,4.301470145583152771e-02
-1.110932007431983948e-01,1.225824505090713501e-01,1.074549794197082520e+00,-1.165622100234031677e-02,3.527629747986793518e-02,6.987398862838745117e-01,7.144104242324829102e-01,3.262865543365478516e-02,-1.946809738874435425e-01,-6.603870987892150879e-01,-8.776932954788208008e-02,4.856261238455772400e-02,-4.609517455101013184e-01,-1.032399982213973999e-01,-4.601487144827842712e-02,-2.481935173273086548e-01,-3.283203928314849796e-19,3.608397021889686584e-02,1.524702757596969604e-01,-1.414940953254699707e-01,-7.299809157848358154e-02,-1.161928176879882812e-01,5.104743318301547357e-18,1.294355094432830811e-02,4.241647943854331970e-02
-1.109574213624000549e-01,1.223299577832221985e-01,1.074611663818359375e+00,-1.153070479631423950e-02,3.478043153882026672e-02,6.988300085067749023e-01,7.143486738204956055e-01,3.135844320058822632e-02,-1.962105333805084229e-01,-6.585525870323181152e-01,-8.771277964115142822e-02,5.072059109807014465e-02,-4.622351229190826416e-01,-1.020447835326194763e-01,-4.521945491433143616e-02,-2.492184489965438843e-01,-2.218606763527464671e-18,3.481333330273628235e-02,1.511399596929550171e-01,-1.407639682292938232e-01,-7.234372198581695557e-02,-1.165593117475509644e-01,5.775639734641256195e-19,1.400816906243562698e-02,4.335432872176170349e-02
-1.112542524933815002e-01,1.216427162289619446e-01,1.074391365051269531e+00,-1.137075480073690414e-02,3.462459519505500793e-02,6.990199089050292969e-01,7.141729593276977539e-01,3.176520764827728271e-02,-1.944025456905364990e-01,-6.597180962562561035e-01,-8.756417781114578247e-02,4.847664758563041687e-02,-4.622318148612976074e-01,-1.024230644106864929e-01,-4.569947719573974609e-02,-2.500182986259460449e-01,-3.519543491391663204e-18,3.566438332200050354e-02,1.515973210334777832e-01,-1.413021683692932129e-01,-7.269894331693649292e-02,-1.174319088459014893e-01,-1.566911690746949264e-18,1.407034136354923248e-02,4.182079806923866272e-02
-1.112544760107994080e-01,1.216268017888069153e-01,1.074320316314697266e+00,-1.051839254796504974e-02,3.449849784374237061e-02,6.994827389717102051e-01,7.137387990951538086e-01,3.164032101631164551e-02,-1.945112943649291992e-01,-6.594224572181701660e-01,-8.765200525522232056e-02,4.839149117469787598e-02,-4.610133469104766846e-01,-1.012049913406372070e-01,-4.696926847100257874e-02,-2.484032362699508667e-01,-3.178242153207383561e-18,4.064688831567764282e-02,1.535815894603729248e-01,-1.398427039384841919e-01,-7.388397306203842163e-02,-1.170130297541618347e-01,6.134735382162776569e-18,1.658023148775100708e-02,4.167771711945533752e-02
-1.109717115759849548e-01,1.214339584112167358e-01,1.074004411697387695e+00,-1.082166004925966263e-02,3.430794924497604370e-02,6.989293098449707031e-01,7.142854332923889160e-01,3.195796906948089600e-02,-1.973869949579238892e-01,-6.571549177169799805e-01,-8.669929206371307373e-02,5.103115364909172058e-02,-4.624974727630615234e-01,-1.013619974255561829e-01,-4.614669084548950195e-02,-2.486712485551834106e-01,2.001999593963103738e-18,3.909415751695632935e-02,1.540450602769851685e-01,-1.404898762702941895e-01,-7.278976589441299438e-02,-1.161252856254577637e-01,-5.579518520127383545e-18,1.722539961338043213e-02,4.217505827546119690e-02
-1.110708490014076233e-01,1.206366792321205139e-01,1.074036478996276855e+00,-1.072736270725727081e-02,3.446148708462715149e-02,6.991158723831176758e-01,7.140968441963195801e-01,3.102226182818412781e-02,-1.946197301149368286e-01,-6.589100956916809082e-01,-8.566755056381225586e-02,5.076786130666732788e-02,-4.620008170604705811e-01,-1.025399640202522278e-01,-4.662100598216056824e-02,-2.477936446666717529e-01,-4.481455282117328026e-18,3.904034569859504700e-02,1.536377519369125366e-01,-1.412256807088851929e-01,-7.369729131460189819e-02,-1.177946925163269043e-01,2.518328213860541271e-18,1.622721552848815918e-02,4.180319607257843018e-02
-1.112517192959785461e-01,1.202828884124755859e-01,1.074484109878540039e+00,-1.020623836666345596e-02,3.398673236370086670e-02,6.988264322280883789e-01,7.144105434417724609e-01,2.829304523766040802e-02,-1.935110986232757568e-01,-6.578502058982849121e-01,-8.608641475439071655e-02,5.020246654748916626e-02,-4.622858762741088867e-01,-1.012957990169525146e-01,-4.672675952315330505e-02,-2.485461980104446411e-01,-2.222295161878838621e-19,4.137535020709037781e-02,1.541893482208251953e-01,-1.395536512136459351e-01,-7.331466674804687500e-02,-1.135616227984428406e-01,2.916327819951655643e-18,1.643788814544677734e-02,4.165743663907051086e-02
-1.112952083349227905e-01,1.200472861528396606e-01,1.074402689933776855e+00,-1.030080951750278473e-02,3.349281102418899536e-02,6.993635296821594238e-01,7.139067053794860840e-01,2.618964761495590210e-02,-1.918370425701141357e-01,-6.523298025131225586e-01,-8.596660941839218140e-02,5.066206678748130798e-02,-4.613833427429199219e-01,-1.008365526795387268e-01,-4.615073651075363159e-02,-2.486323118209838867e-01,1.452089922737850939e-18,3.913905844092369080e-02,1.542312949895858765e-01,-1.396951228380203247e-01,-7.269044965505599976e-02,-1.176069676876068115e-01,-1.527207021344403936e-18,1.454238407313823700e-02,4.074480012059211731e-02
-1.113772466778755188e-01,1.195990815758705139e-01,1.074389696121215820e+00,-1.011358201503753662e-02,3.303920850157737732e-02,6.999316811561584473e-01,7.133734822273254395e-01,2.431164309382438660e-02,-1.909385919570922852e-01,-6.506043076515197754e-01,-8.565761893987655640e-02,5.106233805418014526e-02,-4.614068567752838135e-01,-1.000091210007667542e-01,-4.614702612161636353e-02,-2.510735094547271729e-01,-2.549187840973057075e-18,3.759230300784111023e-02,1.549379825592041016e-01,-1.396009624004364014e-01,-7.257805764675140381e-02,-1.178062558174133301e-01,6.440567215680782385e-18,1.538029126822948456e-02,4.241170361638069153e-02
-1.114855855703353882e-01,1.199278160929679871e-01,1.074202179908752441e+00,-9.898850694298744202e-03,3.298892453312873840e-02,7.004122138023376465e-01,7.129070162773132324e-01,2.318798191845417023e-02,-1.902261227369308472e-01,-6.472806930541992188e-01,-8.769554644823074341e-02,4.307030513882637024e-02,-4.563198983669281006e-01,-9.929015487432479858e-02,-4.667551442980766296e-02,-2.544525861740112305e-01,-2.770263440206429463e-18,4.150594398379325867e-02,1.574560701847076416e-01,-1.390345543622970581e-01,-7.278738170862197876e-02,-1.183255687355995178e-01,-3.416255929844004297e-19,1.624835468828678131e-02,4.169663786888122559e-02
-1.116256415843963623e-01,1.197219789028167725e-01,1.074212670326232910e+00,-9.289477020502090454e-03,3.267461806535720825e-02,7.006425261497497559e-01,7.127034068107604980e-01,2.271509915590286255e-02,-1.888627707958221436e-01,-6.475860476493835449e-01,-9.044462442398071289e-02,4.252117127180099487e-02,-4.520701766014099121e-01,-9.818333387374877930e-02,-4.724697768688201904e-02,-2.524000108242034912e-01,6.971188689382523684e-19,4.191088676452636719e-02,1.552699208259582520e-01,-1.382543444633483887e-01,-7.388854026794433594e-02,-1.207126006484031677e-01,-2.910888280243506933e-18,1.718062907457351685e-02,4.259314760565757751e-02
