-8.115161955356597900e-02,-3.967105150222778320e+00,1.056256890296936035e+00,-1.940193399786949158e-02,-1.620319671928882599e-02,7.548501491546630859e-01,6.554099917411804199e-01,-1.449933350086212158e-01,-2.271941863000392914e-02,-4.973741769790649414e-01,1.593229174613952637e-01,1.243886053562164307e-01,-4.351303279399871826e-01,2.845414876937866211e-01,1.600757986307144165e-01,-2.972020804882049561e-01,6.266136942656430620e-09,-1.598707959055900574e-02,2.184276431798934937e-01,-4.202352166175842285e-01,-7.590464502573013306e-02,-2.219602614641189575e-01,8.543113619089126587e-02,2.911618947982788086e-01,-1.366069912910461426e-01
-8.299959450960159302e-02,-3.928232192993164062e+00,1.054966211318969727e+00,3.535052819643169641e-04,7.355748210102319717e-03,7.582035064697265625e-01,6.519763469696044922e-01,-4.657128453254699707e-02,-7.443174719810485840e-02,-6.054484844207763672e-01,1.668428033590316772e-01,4.725252464413642883e-02,-4.892871677875518799e-01,2.963318824768066406e-01,8.008289337158203125e-02,-3.302973806858062744e-01,2.607516758143901825e-02,7.580710947513580322e-02,3.433953821659088135e-01,-4.148735404014587402e-01,-1.343588680028915405e-01,-2.025731503963470459e-01,1.382321268320083618e-01,2.483905255794525146e-01,-1.481156945228576660e-01
-8.410821110010147095e-02,-3.894162416458129883e+00,1.057819128036499023e+00,2.002508379518985748e-02,1.328423060476779938e-02,7.521882653236389160e-01,6.585099101066589355e-01,-4.828510282095521688e-04,-1.068522632122039795e-01,-6.120378375053405762e-01,1.709083467721939087e-01,2.948370203375816345e-02,-4.975708723068237305e-01,2.835351824760437012e-01,2.737159281969070435e-02,-2.922375798225402832e-01,9.695464372634887695e-02,1.805488169193267822e-01,3.687501251697540283e-01,-3.639554679393768311e-01,-1.606099009513854980e-01,-1.823267787694931030e-01,1.453376412391662598e-01,2.144629508256912231e-01,-1.259008049964904785e-01
-8.674635738134384155e-02,-3.861174583435058594e+00,1.059463381767272949e+00,3.464632853865623474e-02,1.757796481251716614e-02,7.424897551536560059e-01,6.687298417091369629e-01,3.281682357192039490e-02,-1.167016774415969849e-01,-6.036944985389709473e-01,1.624642461538314819e-01,2.224209159612655640e-02,-5.057001709938049316e-01,2.581039071083068848e-01,-2.195269986987113953e-02,-2.408655136823654175e-01,1.638690382242202759e-01,3.089317679405212402e-01,3.763997256755828857e-01,-3.176580667495727539e-01,-1.745299100875854492e-01,-1.438156068325042725e-01,1.471142619848251343e-01,1.813010722398757935e-01,-9.849500656127929688e-02
-8.370478451251983643e-02,-3.832024574279785156e+00,1.059859633445739746e+00,4.364047199487686157e-02,1.737352833151817322e-02,7.326139211654663086e-01,6.790217161178588867e-01,6.173303350806236267e-02,-1.462800204753875732e-01,-6.083588600158691406e-01,1.490825563669204712e-01,1.218937803059816360e-02,-5.359399318695068359e-01,2.366036921739578247e-01,-5.827754735946655273e-02,-1.978485137224197388e-01,1.986972987651824951e-01,5.025078058242797852e-01,4.244631528854370117e-01,-2.746672630310058594e-01,-1.745299994945526123e-01,-1.280830800533294678e-01,1.434602439403533936e-01,1.568364650011062622e-01,-8.080655336380004883e-02
-7.944200187921524048e-02,-3.798479318618774414e+00,1.056484460830688477e+00,5.489766597747802734e-02,2.093207649886608124e-02,7.176898717880249023e-01,6.938799619674682617e-01,7.110659033060073853e-02,-1.883402168750762939e-01,-6.262900233268737793e-01,1.330261975526809692e-01,2.186213620007038116e-02,-5.557833909988403320e-01,1.047635003924369812e-01,-1.061228662729263306e-01,-7.900048047304153442e-02,4.490614533424377441e-01,5.061399936676025391e-01,4.846814870834350586e-01,-2.215670049190521240e-01,-1.745299994945526123e-01,-8.421930670738220215e-02,1.298659145832061768e-01,1.197585463523864746e-01,-6.912092119455337524e-02
-7.642127573490142822e-02,-3.767837762832641602e+00,1.068787217140197754e+00,4.931553453207015991e-02,2.084733918309211731e-02,7.188614010810852051e-01,6.930884718894958496e-01,7.538644969463348389e-02,-2.070307433605194092e-01,-6.355120539665222168e-01,8.992973715066909790e-02,3.056922927498817444e-02,-5.837827324867248535e-01,6.647457182407379150e-02,-8.724383264780044556e-02,-3.130213590338826180e-03,4.159178137779235840e-01,5.061399936676025391e-01,4.850965142250061035e-01,-1.912486404180526733e-01,-1.745299994945526123e-01,-1.090608909726142883e-01,1.227639913558959961e-01,9.672372788190841675e-02,-6.012127920985221863e-02
-7.524155080318450928e-02,-3.741277694702148438e+00,1.082236647605895996e+00,3.268178924918174744e-02,2.905813604593276978e-02,7.139711976051330566e-01,6.988080143928527832e-01,5.601188912987709045e-02,-2.181937992572784424e-01,-6.564226746559143066e-01,1.962326467037200928e-02,4.894948005676269531e-02,-5.918087363243103027e-01,-4.190135002136230469e-02,-7.894261926412582397e-02,5.594627186655998230e-02,4.354736804962158203e-01,4.331831037998199463e-01,4.385823309421539307e-01,-1.858960092067718506e-01,-1.606315374374389648e-01,-8.987184613943099976e-02,1.108274161815643311e-01,6.074059009552001953e-02,-5.220651626586914062e-02
-6.918080151081085205e-02,-3.713351726531982422e+00,1.092770218849182129e+00,1.769287139177322388e-02,1.796108111739158630e-02,6.947374939918518066e-01,7.188213467597961426e-01,1.588640175759792328e-02,-1.662414073944091797e-01,-6.288829445838928223e-01,-2.118796482682228088e-02,9.410111606121063232e-02,-6.042957305908203125e-01,-1.437876075506210327e-01,-7.886430621147155762e-02,4.540945217013359070e-02,4.824196994304656982e-01,3.440808355808258057e-01,3.593935072422027588e-01,-1.419699639081954956e-01,-1.080293133854866028e-01,-4.876270517706871033e-02,8.035978674888610840e-02,3.956194221973419189e-02,-6.817604601383209229e-02
-6.517349928617477417e-02,-3.687520980834960938e+00,1.101804971694946289e+00,5.272573325783014297e-03,1.227497309446334839e-02,6.813881993293762207e-01,7.318002581596374512e-01,8.994636125862598419e-03,-1.526961177587509155e-01,-6.305538415908813477e-01,-5.706609040498733521e-02,1.308102011680603027e-01,-6.104406714439392090e-01,-2.330589294433593750e-01,-8.880639821290969849e-02,5.103141535073518753e-03,4.954909086227416992e-01,2.670590877532958984e-01,2.947800457477569580e-01,-1.012593954801559448e-01,-7.443337887525558472e-02,-1.315354276448488235e-02,4.861837998032569885e-02,1.995364949107170105e-02,-8.043107390403747559e-02
-5.867113545536994934e-02,-3.661999940872192383e+00,1.106733322143554688e+00,-4.281891975551843643e-03,9.240707382559776306e-03,6.682847142219543457e-01,7.438358664512634277e-01,-2.116293879225850105e-03,-1.290923357009887695e-01,-6.307479143142700195e-01,-8.428847789764404297e-02,1.439156979322433472e-01,-6.313401460647583008e-01,-3.080520927906036377e-01,-8.473742753267288208e-02,-3.144712001085281372e-02,4.652846455574035645e-01,2.109180837869644165e-01,2.213110178709030151e-01,-6.687185168266296387e-02,-5.028269067406654358e-02,1.218601595610380173e-02,2.560666203498840332e-02,3.480612765997648239e-03,-8.855580538511276245e-02
-5.250992625951766968e-02,-3.636321306228637695e+00,1.109688997268676758e+00,-9.492516517639160156e-03,1.334746647626161575e-02,6.585687398910522461e-01,7.523422837257385254e-01,-2.219268586486577988e-03,-1.396171450614929199e-01,-6.421518325805664062e-01,-1.096355170011520386e-01,1.547930389642715454e-01,-6.641087532043457031e-01,-3.611446917057037354e-01,-8.652921020984649658e-02,-5.567709729075431824e-02,3.890712857246398926e-01,1.748473644256591797e-01,2.157960385084152222e-01,-3.968977555632591248e-02,-4.623280465602874756e-02,3.137302398681640625e-02,7.030532229691743851e-03,-1.800888217985630035e-02,-7.845197618007659912e-02
-4.508119821548461914e-02,-3.610774993896484375e+00,1.108677387237548828e+00,-1.230998989194631577e-02,2.323861606419086456e-02,6.508483886718750000e-01,7.587521672248840332e-01,6.081253290176391602e-03,-1.465196460485458374e-01,-6.691116690635681152e-01,-1.300963610410690308e-01,1.642803549766540527e-01,-7.130944728851318359e-01,-4.106851518154144287e-01,-7.930975407361984253e-02,-6.814932823181152344e-02,2.912397980690002441e-01,1.699747443199157715e-01,2.067131847143173218e-01,-2.223511599004268646e-02,-5.487287044525146484e-02,5.054207891225814819e-02,2.560397260822355747e-04,-4.832618683576583862e-02,-6.211294233798980713e-02
-3.925728425383567810e-02,-3.582462787628173828e+00,1.105433702468872070e+00,-9.706378914415836334e-03,3.478080779314041138e-02,6.461744904518127441e-01,7.623349428176879883e-01,1.842684298753738403e-02,-1.652631461620330811e-01,-6.847257614135742188e-01,-1.499999016523361206e-01,1.624876409769058228e-01,-7.536550760269165039e-01,-4.505009055137634277e-01,-7.248675823211669922e-02,-3.966100513935089111e-02,1.874273866415023804e-01,2.019888460636138916e-01,2.300968617200851440e-01,-2.340155187994241714e-03,-7.447034865617752075e-02,6.435797363519668579e-02,1.037627725963830017e-06,-8.230204880237579346e-02,-4.931281879544258118e-02
-3.224752098321914673e-02,-3.553053855895996094e+00,1.101815700531005859e+00,-8.751162327826023102e-03,4.068608209490776062e-02,6.401984095573425293e-01,7.670814990997314453e-01,2.571470849215984344e-02,-1.662631332874298096e-01,-6.881791949272155762e-01,-1.693488210439682007e-01,1.572658121585845947e-01,-7.804296612739562988e-01,-4.832863211631774902e-01,-4.953729733824729919e-02,2.064390107989311218e-02,9.780684113502502441e-02,1.906098574399948120e-01,2.729080021381378174e-01,2.356089651584625244e-02,-8.533371984958648682e-02,7.155109941959381104e-02,4.043600654313195264e-07,-1.155223548412322998e-01,-3.152747824788093567e-02
-2.437997236847877502e-02,-3.521728277206420898e+00,1.097019076347351074e+00,-1.042834762483835220e-02,3.846354782581329346e-02,6.352135539054870605e-01,7.713077068328857422e-01,3.529358655214309692e-02,-1.563469618558883667e-01,-6.746211647987365723e-01,-1.846387237310409546e-01,1.514699906110763550e-01,-7.961282134056091309e-01,-5.061119198799133301e-01,-2.090076170861721039e-02,5.844660848379135132e-02,3.700568526983261108e-02,1.609938442707061768e-01,2.865222096443176270e-01,5.858601629734039307e-02,-8.110437542200088501e-02,8.235339820384979248e-02,2.527252278977654143e-12,-1.449759155511856079e-01,-3.456559032201766968e-02
-1.680220104753971100e-02,-3.488904237747192383e+00,1.089255332946777344e+00,-1.181085500866174698e-02,3.694301098585128784e-02,6.328289508819580078e-01,7.733196020126342773e-01,4.456597194075584412e-02,-1.514933407306671143e-01,-6.443864107131958008e-01,-1.966555565595626831e-01,1.359631270170211792e-01,-8.025887012481689453e-01,-5.264678001403808594e-01,-8.764787344262003899e-04,9.432046860456466675e-02,4.129686567466706038e-04,1.530927270650863647e-01,2.852766215801239014e-01,9.449275583028793335e-02,-7.625303417444229126e-02,9.291286021471023560e-02,1.495659014526121502e-17,-1.707589328289031982e-01,-5.205270275473594666e-02
-9.286486543715000153e-03,-3.453241348266601562e+00,1.080832719802856445e+00,-9.230791591107845306e-03,3.633730858564376831e-02,6.340085864067077637e-01,7.724166512489318848e-01,5.391573905944824219e-02,-1.561477333307266235e-01,-6.080474853515625000e-01,-2.042933553457260132e-01,1.085057705640792847e-01,-7.999352812767028809e-01,-5.364608764648437500e-01,6.011733319610357285e-03,1.334378868341445923e-01,1.834205613704398274e-04,1.496108025312423706e-01,2.797092497348785400e-01,1.362223774194717407e-01,-7.667516916990280151e-02,1.024043187499046326e-01,-4.358249211419392213e-19,-2.004533857107162476e-01,-6.947115063667297363e-02
-1.745309913530945778e-03,-3.413892745971679688e+00,1.069928526878356934e+00,-2.119560260325670242e-03,4.247443750500679016e-02,6.370596885681152344e-01,7.696403861045837402e-01,5.106922611594200134e-02,-1.742103844881057739e-01,-5.592027902603149414e-01,-2.146008163690567017e-01,6.585766375064849854e-02,-7.837427258491516113e-01,-5.442242622375488281e-01,-7.850103080272674561e-03,1.495628654956817627e-01,2.844692021608352661e-02,2.072750627994537354e-01,2.762987911701202393e-01,1.734239757061004639e-01,-9.366204589605331421e-02,8.498707413673400879e-02,1.110327844952379260e-18,-2.144320309162139893e-01,-6.669474393129348755e-02
5.837062839418649673e-03,-3.371515035629272461e+00,1.058408737182617188e+00,5.096798297017812729e-03,4.762813821434974670e-02,6.402795910835266113e-01,7.666469812393188477e-01,4.076321795582771301e-02,-1.895546317100524902e-01,-4.940854012966156006e-01,-2.123672813177108765e-01,2.756098285317420959e-02,-7.525975704193115234e-01,-5.444798469543457031e-01,-2.721101604402065277e-02,1.502512991428375244e-01,5.363857746124267578e-02,2.888165414333343506e-01,2.826381921768188477e-01,2.094800323247909546e-01,-1.070955917239189148e-01,6.790377199649810791e-02,2.682182767039945417e-19,-1.911213397979736328e-01,-7.558522373437881470e-02
1.467085815966129303e-02,-3.327008247375488281e+00,1.050521135330200195e+00,8.639364503324031830e-03,4.616371169686317444e-02,6.448468565940856934e-01,7.628675103187561035e-01,2.925883606076240540e-02,-1.999578922986984253e-01,-4.366839826107025146e-01,-1.957003921270370483e-01,2.142996527254581451e-03,-7.116305828094482422e-01,-5.262306928634643555e-01,-3.489220514893531799e-02,1.498386859893798828e-01,7.109957188367843628e-02,3.554197549819946289e-01,2.828193902969360352e-01,2.465225607156753540e-01,-9.990164637565612793e-02,6.437196582555770874e-02,8.489136007483466528e-07,-1.391682326793670654e-01,-1.038196980953216553e-01
2.358303219079971313e-02,-3.282022476196289062e+00,1.048781633377075195e+00,7.957717403769493103e-03,3.353838995099067688e-02,6.479525566101074219e-01,7.609003782272338867e-01,2.229724265635013580e-02,-1.977674365043640137e-01,-3.834572732448577881e-01,-1.562802940607070923e-01,4.380458965897560120e-03,-6.576265096664428711e-01,-4.883237183094024658e-01,-1.851213909685611725e-02,1.397075206041336060e-01,9.989298135042190552e-02,3.667571544647216797e-01,2.723447680473327637e-01,2.742536067962646484e-01,-7.170582562685012817e-02,7.758502662181854248e-02,2.420675382018089294e-02,-6.467747688293457031e-02,-1.259646415710449219e-01
3.439958393573760986e-02,-3.239428043365478516e+00,1.049263954162597656e+00,-1.578222494572401047e-03,1.211083494126796722e-02,6.490023732185363770e-01,7.606883645057678223e-01,3.464717045426368713e-02,-1.616185754537582397e-01,-3.740190267562866211e-01,-9.194955974817276001e-02,4.256203398108482361e-02,-6.166568398475646973e-01,-4.461902976036071777e-01,2.868834696710109711e-02,1.249154284596443176e-01,1.326341778039932251e-01,3.311936557292938232e-01,2.468207627534866333e-01,2.643906176090240479e-01,-1.551411487162113190e-02,9.706392884254455566e-02,1.023713424801826477e-01,4.125938937067985535e-02,-1.467989981174468994e-01
4.226584360003471375e-02,-3.199376583099365234e+00,1.050789952278137207e+00,-1.272809226065874100e-02,-9.702531620860099792e-03,6.533363461494445801e-01,7.568986415863037109e-01,5.367272719740867615e-02,-1.255983710289001465e-01,-3.914872109889984131e-01,-2.215391770005226135e-02,8.976484090089797974e-02,-5.840917825698852539e-01,-3.969541192054748535e-01,7.236664742231369019e-02,1.049505323171615601e-01,1.480075865983963013e-01,2.993309795856475830e-01,2.326918691396713257e-01,2.406746447086334229e-01,4.270188137888908386e-02,8.957454562187194824e-02,1.803597062826156616e-01,1.961635798215866089e-01,-1.712907850742340088e-01
4.983573034405708313e-02,-3.162069082260131836e+00,1.053372979164123535e+00,-2.448529191315174103e-02,-2.876736968755722046e-02,6.596525311470031738e-01,7.506207227706909180e-01,6.961385160684585571e-02,-8.653006702661514282e-02,-4.253443777561187744e-01,3.551919758319854736e-02,1.371792703866958618e-01,-5.474705696105957031e-01,-3.442986607551574707e-01,1.113547757267951965e-01,7.202325016260147095e-02,1.470192968845367432e-01,2.618804872035980225e-01,2.050902545452117920e-01,2.003438919782638550e-01,9.860973805189132690e-02,6.992349773645401001e-02,2.449402213096618652e-01,3.859422206878662109e-01,-1.718968451023101807e-01
5.539822205901145935e-02,-3.124728202819824219e+00,1.051305294036865234e+00,-3.861285373568534851e-02,-4.997515305876731873e-02,6.651368737220764160e-01,7.440460324287414551e-01,8.566407114267349243e-02,-4.906482249498367310e-02,-4.787109494209289551e-01,5.875412002205848694e-02,1.795469969511032104e-01,-4.973658919334411621e-01,-2.857957184314727783e-01,1.510970741510391235e-01,4.639406502246856689e-02,1.313910186290740967e-01,2.345599532127380371e-01,2.206740379333496094e-01,1.095159202814102173e-01,1.715301573276519775e-01,5.784709379076957703e-02,4.003509283065795898e-01,5.061399936676025391e-01,-2.324978709220886230e-01
5.907740071415901184e-02,-3.091263055801391602e+00,1.061206102371215820e+00,-3.286599367856979370e-02,-4.136660695075988770e-02,6.766222119331359863e-01,7.344324588775634766e-01,6.779029220342636108e-02,-6.401067972183227539e-02,-5.316694974899291992e-01,6.466108560562133789e-02,1.743599176406860352e-01,-4.775702953338623047e-01,-2.501171231269836426e-01,1.284811347723007202e-01,2.745747007429599762e-02,1.293615549802780151e-01,1.935925930738449097e-01,2.149682641029357910e-01,1.247015967965126038e-02,1.642228811979293823e-01,2.598599717020988464e-02,4.713128805160522461e-01,5.061399936676025391e-01,-2.405639290809631348e-01
6.127472594380378723e-02,-3.061808824539184570e+00,1.074987530708312988e+00,-2.130082808434963226e-02,-1.733546517789363861e-02,6.923030614852905273e-01,7.210840582847595215e-01,4.025342315435409546e-02,-1.032926440238952637e-01,-5.672924518585205078e-01,5.504839494824409485e-02,1.498375535011291504e-01,-4.754233956336975098e-01,-2.203934788703918457e-01,7.685607671737670898e-02,4.486192017793655396e-03,1.094637364149093628e-01,1.611573994159698486e-01,2.052049338817596436e-01,-1.016966328024864197e-01,1.310476213693618774e-01,2.859136834740638733e-02,4.938435256481170654e-01,4.676325321197509766e-01,-1.911926716566085815e-01
6.384798884391784668e-02,-3.030338764190673828e+00,1.084594011306762695e+00,-1.511473953723907471e-02,-4.480457864701747894e-03,7.039124965667724609e-01,7.101117372512817383e-01,8.345578797161579132e-03,-1.191426813602447510e-01,-5.777094960212707520e-01,5.614699423313140869e-02,1.235916987061500549e-01,-4.877642393112182617e-01,-1.806258559226989746e-01,4.876956343650817871e-02,-2.569402940571308136e-02,8.914767205715179443e-02,1.258958727121353149e-01,2.021536678075790405e-01,-2.277043908834457397e-01,1.238543316721916199e-01,5.828880518674850464e-02,5.579967498779296875e-01,3.507978618144989014e-01,-1.435700207948684692e-01
6.513699144124984741e-02,-3.002289772033691406e+00,1.092038035392761230e+00,-1.496081985533237457e-02,4.783594049513339996e-03,7.152347564697265625e-01,6.987077593803405762e-01,-1.681017316877841949e-02,-1.369541883468627930e-01,-6.046419143676757812e-01,6.519609689712524414e-02,1.156816855072975159e-01,-5.216976404190063477e-01,-1.452887356281280518e-01,3.690164163708686829e-02,-5.561020225286483765e-02,6.430804729461669922e-02,9.608594328165054321e-02,1.944978237152099609e-01,-3.288125395774841309e-01,1.158608868718147278e-01,8.529881387948989868e-02,5.535147786140441895e-01,2.825763523578643799e-01,-1.061676591634750366e-01
6.615502387285232544e-02,-2.972591638565063477e+00,1.097421169281005859e+00,-1.633189432322978973e-02,1.123361941426992416e-02,7.232479453086853027e-01,6.903038620948791504e-01,-4.555526375770568848e-02,-1.476038843393325806e-01,-6.315854191780090332e-01,7.093425840139389038e-02,1.029841750860214233e-01,-5.552200078964233398e-01,-1.100426390767097473e-01,3.105919994413852692e-02,-7.477776706218719482e-02,4.359739273786544800e-02,7.027692347764968872e-02,1.987691670656204224e-01,-4.014978706836700439e-01,9.628251194953918457e-02,9.671369194984436035e-02,4.983088076114654541e-01,2.216047793626785278e-01,-9.028908610343933105e-02
6.631682068109512329e-02,-2.943444490432739258e+00,1.099782705307006836e+00,-2.193882502615451813e-02,1.667183451354503632e-02,7.315267920494079590e-01,6.812556385993957520e-01,-6.815768778324127197e-02,-1.672351658344268799e-01,-6.587726473808288574e-01,7.616689056158065796e-02,9.883152693510055542e-02,-5.828759074211120605e-01,-8.118376880884170532e-02,3.330089524388313293e-02,-9.522954374551773071e-02,2.394834347069263458e-02,4.807524755597114563e-02,1.969969123601913452e-01,-4.607075154781341553e-01,6.237330660223960876e-02,7.952217757701873779e-02,4.039005637168884277e-01,1.778963953256607056e-01,-8.173679560422897339e-02
6.395047158002853394e-02,-2.912116765975952148e+00,1.097905755043029785e+00,-2.679651603102684021e-02,2.073945291340351105e-02,7.368000149726867676e-01,6.752610802650451660e-01,-9.089001268148422241e-02,-1.736968159675598145e-01,-6.893606185913085938e-01,8.302349597215652466e-02,9.695497155189514160e-02,-6.027258634567260742e-01,-5.038860812783241272e-02,3.883706778287887573e-02,-1.025250479578971863e-01,4.533681552857160568e-03,3.487897291779518127e-02,1.872408688068389893e-01,-5.019467473030090332e-01,2.844852395355701447e-02,6.854197382926940918e-02,2.995548248291015625e-01,1.406851261854171753e-01,-8.205510675907135010e-02
6.235068291425704956e-02,-2.877469539642333984e+00,1.093862652778625488e+00,-3.818386793136596680e-02,1.894272863864898682e-02,7.419459223747253418e-01,6.691034436225891113e-01,-1.110448092222213745e-01,-1.765033155679702759e-01,-7.223192453384399414e-01,8.934663236141204834e-02,1.147958040237426758e-01,-6.219230294227600098e-01,-2.106635831296443939e-02,5.908641964197158813e-02,-1.291925311088562012e-01,6.912292604965841747e-08,-1.518068648874759674e-02,1.727613955736160278e-01,-5.419012308120727539e-01,-1.337693538516759872e-03,4.693610128015279770e-03,1.975729167461395264e-01,1.386885344982147217e-01,-9.092216193675994873e-02
6.172316148877143860e-02,-2.840403556823730469e+00,1.087166666984558105e+00,-4.240559414029121399e-02,1.785217411816120148e-02,7.447043061256408691e-01,6.658067107200622559e-01,-1.322959363460540771e-01,-1.687164008617401123e-01,-7.511596679687500000e-01,9.173463284969329834e-02,1.184686273336410522e-01,-6.174216866493225098e-01,1.294147782027721405e-02,7.359375059604644775e-02,-1.347877234220504761e-01,2.159528625529909956e-14,-5.001302808523178101e-02,1.565968543291091919e-01,-5.672999024391174316e-01,-3.147791698575019836e-02,-5.779953673481941223e-02,1.157275214791297913e-01,1.144551262259483337e-01,-9.783361107110977173e-02
6.091071292757987976e-02,-2.802814722061157227e+00,1.078969240188598633e+00,-4.199493676424026489e-02,1.655654981732368469e-02,7.494246363639831543e-01,6.605490446090698242e-01,-1.465543508529663086e-01,-1.691830158233642578e-01,-7.733733057975769043e-01,9.243500232696533203e-02,1.043360680341720581e-01,-6.106707453727722168e-01,5.431489273905754089e-02,8.242201060056686401e-02,-1.467643827199935913e-01,-6.337394632238268349e-19,-8.348274976015090942e-02,1.468618214130401611e-01,-5.803086161613464355e-01,-5.696667358279228210e-02,-9.223413467407226562e-02,5.970776081085205078e-02,8.254291862249374390e-02,-1.128437370061874390e-01
5.736816674470901489e-02,-2.765527009963989258e+00,1.069918036460876465e+00,-4.421628639101982117e-02,1.592238806188106537e-02,7.482498884201049805e-01,6.617503166198730469e-01,-1.690269410610198975e-01,-1.529433280229568481e-01,-7.724752426147460938e-01,9.365656226873397827e-02,1.074721962213516235e-01,-5.856312513351440430e-01,8.948803693056106567e-02,8.992044627666473389e-02,-1.445835977792739868e-01,-1.235225500002986015e-18,-1.098125502467155457e-01,1.427063345909118652e-01,-5.936610102653503418e-01,-6.144329532980918884e-02,-8.766419440507888794e-02,3.614983707666397095e-02,8.882998675107955933e-02,-1.378885656595230103e-01
5.559626966714859009e-02,-2.722472667694091797e+00,1.058189034461975098e+00,-4.901115968823432922e-02,1.121929474174976349e-02,7.473616600036621094e-01,6.625123023986816406e-01,-1.860578209161758423e-01,-1.333015710115432739e-01,-7.711175084114074707e-01,8.585041016340255737e-02,1.081841140985488892e-01,-5.674495697021484375e-01,1.277386248111724854e-01,1.089634448289871216e-01,-1.397660374641418457e-01,5.704125007602371634e-18,-1.312598586082458496e-01,1.327103674411773682e-01,-5.978151559829711914e-01,-5.834433436393737793e-02,-1.063536480069160461e-01,4.529795423150062561e-02,1.265715360641479492e-01,-1.432640850543975830e-01
5.598032847046852112e-02,-2.672145128250122070e+00,1.045101284980773926e+00,-5.455993115901947021e-02,4.248948302119970322e-03,7.461816668510437012e-01,6.634892821311950684e-01,-1.921569257974624634e-01,-1.147265806794166565e-01,-7.638301253318786621e-01,7.897567749023437500e-02,1.195977702736854553e-01,-5.512762665748596191e-01,1.687953472137451172e-01,1.334367394447326660e-01,-1.309611350297927856e-01,2.255192134840072532e-18,-1.274029016494750977e-01,1.336024850606918335e-01,-5.928806662559509277e-01,-4.967643320560455322e-02,-1.198414713144302368e-01,7.179068773984909058e-02,2.117819935083389282e-01,-1.212923899292945862e-01
5.577751621603965759e-02,-2.624693393707275391e+00,1.038014888763427734e+00,-5.386847630143165588e-02,2.339598024263978004e-03,7.429357171058654785e-01,6.671875119209289551e-01,-1.910697370767593384e-01,-1.013835519552230835e-01,-7.418662309646606445e-01,8.336089551448822021e-02,1.090885773301124573e-01,-5.328353047370910645e-01,2.045882791280746460e-01,1.341421157121658325e-01,-1.288944184780120850e-01,1.170970946873239882e-07,-8.684361726045608521e-02,1.536307334899902344e-01,-5.788544416427612305e-01,-4.783568903803825378e-02,-1.153915077447891235e-01,8.645347505807876587e-02,2.721021175384521484e-01,-1.077040359377861023e-01
5.433136969804763794e-02,-2.576871633529663086e+00,1.035809159278869629e+00,-4.588459804654121399e-02,2.137844450771808624e-03,7.407284975051879883e-01,6.702322959899902344e-01,-1.648562550544738770e-01,-1.026406437158584595e-01,-7.266566753387451172e-01,9.517621994018554688e-02,9.470436722040176392e-02,-5.293263196945190430e-01,2.349613904953002930e-01,1.185029149055480957e-01,-1.332256048917770386e-01,1.197844278067350388e-02,-1.017752196639776230e-02,1.827397346496582031e-01,-5.430108308792114258e-01,-5.839588493108749390e-02,-1.267688423395156860e-01,1.094599366188049316e-01,3.151035904884338379e-01,-1.177410706877708435e-01
5.268935486674308777e-02,-2.529148101806640625e+00,1.038336038589477539e+00,-2.259588800370693207e-02,9.101939387619495392e-03,7.395758628845214844e-01,6.726322770118713379e-01,-1.107814386487007141e-01,-1.267986893653869629e-01,-7.077351212501525879e-01,1.267122179269790649e-01,5.012782663106918335e-02,-5.276364684104919434e-01,2.399920225143432617e-01,6.869503855705261230e-02,-1.358921676874160767e-01,7.501811534166336060e-02,8.848529309034347534e-02,2.147514671087265015e-01,-4.893666803836822510e-01,-9.251915663480758667e-02,-1.008921042084693909e-01,1.320024132728576660e-01,2.827517688274383545e-01,-9.567373245954513550e-02
5.103608965873718262e-02,-2.485203027725219727e+00,1.042557358741760254e+00,1.340427203103899956e-03,1.936568692326545715e-02,7.343295812606811523e-01,6.785154938697814941e-01,-5.443220585584640503e-02,-1.615612208843231201e-01,-6.962303519248962402e-01,1.570605784654617310e-01,1.416700985282659531e-02,-5.421516895294189453e-01,2.253859192132949829e-01,8.927260525524616241e-03,-1.233917027711868286e-01,1.507650464773178101e-01,2.188591808080673218e-01,2.413350492715835571e-01,-4.353877902030944824e-01,-1.272403597831726074e-01,-6.746670603752136230e-02,1.513358950614929199e-01,2.331013083457946777e-01,-7.300401479005813599e-02
4.945177584886550903e-02,-2.442895412445068359e+00,1.046182036399841309e+00,2.436938323080539703e-02,2.779927663505077362e-02,7.283443212509155273e-01,6.842133402824401855e-01,-1.288293395191431046e-02,-1.750480830669403076e-01,-6.634123325347900391e-01,1.820439547300338745e-01,-3.450193628668785095e-02,-5.518174171447753906e-01,2.062162160873413086e-01,-5.368019267916679382e-02,-1.047691330313682556e-01,2.168353050947189331e-01,3.975352942943572998e-01,3.012244701385498047e-01,-3.767656385898590088e-01,-1.548650115728378296e-01,-3.954287618398666382e-02,1.551333963871002197e-01,2.024819999933242798e-01,-1.003271043300628662e-01
4.998380318284034729e-02,-2.405485391616821289e+00,1.047877669334411621e+00,4.125209897756576538e-02,3.667676448822021484e-02,7.146037220954895020e-01,6.973482370376586914e-01,2.445534057915210724e-02,-2.078972309827804565e-01,-6.603628993034362793e-01,1.966524124145507812e-01,-3.003358840942382812e-02,-5.714846253395080566e-01,1.082240939140319824e-01,-1.192470863461494446e-01,-7.290986925363540649e-02,3.970518112182617188e-01,5.061399936676025391e-01,3.254455626010894775e-01,-3.206669390201568604e-01,-1.745299994945526123e-01,5.748596042394638062e-03,1.432063579559326172e-01,1.687162667512893677e-01,-8.432813733816146851e-02
5.094008892774581909e-02,-2.366496086120605469e+00,1.058891534805297852e+00,3.729677572846412659e-02,3.833355382084846497e-02,7.090610861778259277e-01,7.031158208847045898e-01,3.141492977738380432e-02,-2.065132260322570801e-01,-6.493414044380187988e-01,1.624634712934494019e-01,-6.466241553425788879e-03,-5.661860108375549316e-01,3.083633072674274445e-02,-1.171239465475082397e-01,-1.835118420422077179e-02,4.589089453220367432e-01,5.061399936676025391e-01,3.412599563598632812e-01,-2.715727686882019043e-01,-1.711406260728836060e-01,1.521730329841375351e-02,1.171783581376075745e-01,1.382183432579040527e-01,-7.186627388000488281e-02
5.535042285919189453e-02,-2.331817626953125000e+00,1.075146794319152832e+00,1.839676126837730408e-02,2.536648884415626526e-02,7.044764161109924316e-01,7.090353369712829590e-01,4.368139803409576416e-02,-1.816666573286056519e-01,-6.436049342155456543e-01,1.185549795627593994e-01,2.779014781117439270e-02,-5.553802847862243652e-01,-3.302083164453506470e-02,-6.702834367752075195e-02,1.448543462902307510e-02,4.425582885742187500e-01,4.886318743228912354e-01,3.259718716144561768e-01,-2.337367683649063110e-01,-1.228185072541236877e-01,1.283152587711811066e-02,1.060771867632865906e-01,1.044257730245590210e-01,-7.267606258392333984e-02
5.799675732851028442e-02,-2.297073125839233398e+00,1.085697650909423828e+00,6.567479111254215240e-03,1.789181679487228394e-02,6.960819959640502930e-01,7.177093029022216797e-01,4.869535937905311584e-02,-1.565386652946472168e-01,-6.272044181823730469e-01,6.526358425617218018e-02,7.865672558546066284e-02,-5.341112017631530762e-01,-1.281932890415191650e-01,-5.447724834084510803e-02,2.285273745656013489e-02,4.825808107852935791e-01,4.261944890022277832e-01,3.073253631591796875e-01,-1.876460760831832886e-01,-9.004561603069305420e-02,2.695080637931823730e-02,8.190229535102844238e-02,7.768646627664566040e-02,-8.116088062524795532e-02
6.107637286186218262e-02,-2.263848781585693359e+00,1.093692302703857422e+00,-2.876764861866831779e-03,1.345299743115901947e-02,6.865607500076293945e-01,7.269423007965087891e-01,4.855698719620704651e-02,-1.391337513923645020e-01,-6.125079393386840820e-01,1.668187975883483887e-02,1.146329194307327271e-01,-5.362053513526916504e-01,-2.143564075231552124e-01,-5.445523187518119812e-02,1.089371833950281143e-02,4.849178493022918701e-01,3.771003186702728271e-01,2.860802114009857178e-01,-1.403442919254302979e-01,-6.646390259265899658e-02,3.790615871548652649e-02,5.216697975993156433e-02,5.963245406746864319e-02,-9.516826272010803223e-02
6.422992050647735596e-02,-2.231524705886840820e+00,1.099739074707031250e+00,-1.017834898084402084e-02,1.143402699381113052e-02,6.787138581275939941e-01,7.342432737350463867e-01,5.681296437978744507e-02,-1.292756646871566772e-01,-6.074897050857543945e-01,-2.591216750442981720e-02,1.427370458841323853e-01,-5.512335896492004395e-01,-2.896509766578674316e-01,-5.375487357378005981e-02,-5.689871031790971756e-03,4.539473652839660645e-01,3.237437009811401367e-01,2.485080063343048096e-01,-9.553377330303192139e-02,-4.795269295573234558e-02,6.507100909948348999e-02,2.665172144770622253e-02,3.096533380448818207e-02,-1.168559715151786804e-01
6.807021796703338623e-02,-2.199306488037109375e+00,1.103350400924682617e+00,-1.726489141583442688e-02,1.236216258257627487e-02,6.735675930976867676e-01,7.388205528259277344e-01,6.772447377443313599e-02,-1.368589997291564941e-01,-6.081900000572204590e-01,-6.526765227317810059e-02,1.631532907485961914e-01,-5.877779722213745117e-01,-3.585962653160095215e-01,-3.746336326003074646e-02,4.952588597006979398e-07,4.004542231559753418e-01,2.572501003742218018e-01,2.222301363945007324e-01,-5.776539072394371033e-02,-3.850734978914260864e-02,7.379455864429473877e-02,2.218515845015645027e-03,7.366329431533813477e-03,-1.121702492237091064e-01
7.231339812278747559e-02,-2.166998386383056641e+00,1.102503538131713867e+00,-2.082321047782897949e-02,1.944123581051826477e-02,6.688303351402282715e-01,7.428690791130065918e-01,7.677459716796875000e-02,-1.423348039388656616e-01,-6.098999977111816406e-01,-1.004398614168167114e-01,1.778747886419296265e-01,-6.346808671951293945e-01,-4.145063757896423340e-01,-3.137338161468505859e-02,-8.290686644613742828e-03,3.138067126274108887e-01,2.241237163543701172e-01,1.929731816053390503e-01,-3.535435348749160767e-02,-4.761665686964988708e-02,8.086161315441131592e-02,1.611820948710374068e-06,-2.605141140520572662e-02,-9.006830304861068726e-02
7.635305821895599365e-02,-2.133274793624877930e+00,1.098058819770812988e+00,-1.983018592000007629e-02,3.023004904389381409e-02,6.670191884040832520e-01,7.441627979278564453e-01,9.107370674610137939e-02,-1.483990997076034546e-01,-6.187239289283752441e-01,-1.400085687637329102e-01,1.638320386409759521e-01,-6.806029081344604492e-01,-4.569872617721557617e-01,-4.163146018981933594e-02,-1.833923719823360443e-02,2.112390100955963135e-01,2.295563817024230957e-01,2.165616899728775024e-01,-1.360932365059852600e-02,-6.614548712968826294e-02,7.381341606378555298e-02,9.354309895570622757e-07,-5.955706536769866943e-02,-8.533033728599548340e-02
8.052156865596771240e-02,-2.097788333892822266e+00,1.092347860336303711e+00,-1.917527988553047180e-02,3.852062299847602844e-02,6.666589975357055664e-01,7.441197633743286133e-01,1.045927852392196655e-01,-1.517005264759063721e-01,-6.186497807502746582e-01,-1.780575811862945557e-01,1.497257798910140991e-01,-7.248075008392333984e-01,-4.958055615425109863e-01,-4.072032868862152100e-02,-1.578450202941894531e-02,1.195084676146507263e-01,2.257891148328781128e-01,2.515712976455688477e-01,1.335143763571977615e-02,-7.889833301305770874e-02,6.952676177024841309e-02,6.563163310602249112e-07,-9.556967765092849731e-02,-8.887713402509689331e-02
8.444271981716156006e-02,-2.061227560043334961e+00,1.086792588233947754e+00,-2.123283036053180695e-02,4.021663591265678406e-02,6.668996214866638184e-01,7.437584996223449707e-01,1.181534826755523682e-01,-1.520749479532241821e-01,-6.100225448608398438e-01,-2.129225730895996094e-01,1.435722708702087402e-01,-7.584685087203979492e-01,-5.235174298286437988e-01,-2.556436881422996521e-02,-2.296559326350688934e-02,4.519335180521011353e-02,1.886124461889266968e-01,2.812840044498443604e-01,4.616826772689819336e-02,-7.984720915555953979e-02,6.993208080530166626e-02,4.101978305637299371e-12,-1.315530538558959961e-01,-8.593126386404037476e-02
8.886624127626419067e-02,-2.023607015609741211e+00,1.079533696174621582e+00,-2.150779403746128082e-02,4.021070897579193115e-02,6.678642630577087402e-01,7.428848147392272949e-01,1.368446946144104004e-01,-1.474718153476715088e-01,-6.042018532752990723e-01,-2.406187951564788818e-01,1.378951966762542725e-01,-7.775249481201171875e-01,-5.459874868392944336e-01,-1.321007404476404190e-02,-3.311747312545776367e-02,1.062634619302116334e-04,1.501324772834777832e-01,3.301376700401306152e-01,8.404189348220825195e-02,-8.035897463560104370e-02,6.686538457870483398e-02,2.633549179233257687e-17,-1.645428836345672607e-01,-9.198974817991256714e-02
9.301894158124923706e-02,-1.981933116912841797e+00,1.070871591567993164e+00,-2.024743705987930298e-02,3.747521713376045227e-02,6.685703992843627930e-01,7.424279451370239258e-01,1.547105908393859863e-01,-1.429534256458282471e-01,-5.937951207160949707e-01,-2.569856643676757812e-01,1.298662871122360229e-01,-7.863752841949462891e-01,-5.595233440399169922e-01,-1.062039984390139580e-03,-3.689926862716674805e-02,6.641466265833173566e-10,1.093517914414405823e-01,3.390695154666900635e-01,1.296707540750503540e-01,-8.097349852323532104e-02,5.997189506888389587e-02,7.147330183380790503e-18,-1.850159764289855957e-01,-9.551832079887390137e-02
9.757957607507705688e-02,-1.937729239463806152e+00,1.060821413993835449e+00,-1.772546581923961639e-02,3.972143679857254028e-02,6.727294921875000000e-01,7.386088967323303223e-01,1.671350896358489990e-01,-1.440723687410354614e-01,-5.834338665008544922e-01,-2.663996219635009766e-01,1.154251769185066223e-01,-7.901698946952819824e-01,-5.532837510108947754e-01,-1.563257246743887663e-04,-2.656796947121620178e-02,2.778078196570277214e-04,1.261223554611206055e-01,3.244377672672271729e-01,1.693169325590133667e-01,-8.532734960317611694e-02,3.914008289575576782e-02,-1.295444248596846430e-18,-1.903988420963287354e-01,-1.082943752408027649e-01
1.000691875815391541e-01,-1.887189149856567383e+00,1.047469973564147949e+00,-1.089085452258586884e-02,4.617346078157424927e-02,6.779433488845825195e-01,7.335817813873291016e-01,1.619772464036941528e-01,-1.544183194637298584e-01,-5.509603023529052734e-01,-2.655838131904602051e-01,8.887368440628051758e-02,-7.793784737586975098e-01,-5.541508197784423828e-01,-1.974441297352313995e-02,-3.268409892916679382e-02,2.223074622452259064e-02,2.342346310615539551e-01,2.867464125156402588e-01,2.087822854518890381e-01,-9.488359093666076660e-02,3.676040470600128174e-02,1.031706574394775089e-06,-1.579360067844390869e-01,-1.289856433868408203e-01
1.028722673654556274e-01,-1.836649179458618164e+00,1.038301348686218262e+00,-6.990414578467607498e-03,4.684621840715408325e-02,6.833511590957641602e-01,7.285518050193786621e-01,1.504438966512680054e-01,-1.597679108381271362e-01,-5.204623341560363770e-01,-2.514674663543701172e-01,7.794600725173950195e-02,-7.591607570648193359e-01,-5.445863604545593262e-01,-2.758879773318767548e-02,-2.174722962081432343e-02,4.200289770960807800e-02,3.199028968811035156e-01,2.690665721893310547e-01,2.345998287200927734e-01,-9.039250016212463379e-02,3.807668760418891907e-02,1.827019266784191132e-02,-8.885508030652999878e-02,-1.506440192461013794e-01
1.065029874444007874e-01,-1.785288453102111816e+00,1.033554196357727051e+00,-4.839548375457525253e-03,4.061493650078773499e-02,6.863733530044555664e-01,7.260982394218444824e-01,1.388693600893020630e-01,-1.516678631305694580e-01,-4.954321682453155518e-01,-2.137816399335861206e-01,7.834397256374359131e-02,-7.300779819488525391e-01,-5.213043093681335449e-01,-2.183900214731693268e-02,-1.018884312361478806e-02,7.756734639406204224e-02,3.779774308204650879e-01,2.516833245754241943e-01,2.416370660066604614e-01,-7.541196048259735107e-02,3.928640484809875488e-02,7.233651727437973022e-02,-5.200601299293339252e-04,-1.718509942293167114e-01
1.109019666910171509e-01,-1.739084839820861816e+00,1.032471776008605957e+00,-1.208941359072923660e-02,2.091789990663528442e-02,6.896577477455139160e-01,7.237323522567749023e-01,1.390098631381988525e-01,-1.170274689793586731e-01,-4.966897070407867432e-01,-1.522097140550613403e-01,1.081188470125198364e-01,-7.123365402221679688e-01,-4.863512516021728516e-01,1.792428642511367798e-02,-1.772669702768325806e-02,1.125991567969322205e-01,3.724631369113922119e-01,2.166828066110610962e-01,2.327571064233779907e-01,-2.848849073052406311e-02,3.355121985077857971e-02,1.355357170104980469e-01,1.416944712400436401e-01,-1.992285698652267456e-01
1.162760332226753235e-01,-1.696640133857727051e+00,1.034938931465148926e+00,-2.452600374817848206e-02,-1.191678573377430439e-03,6.936107873916625977e-01,7.199313640594482422e-01,1.430803835391998291e-01,-7.895760983228683472e-02,-5.241758823394775391e-01,-8.594581484794616699e-02,1.498067378997802734e-01,-7.053425312042236328e-01,-4.449181258678436279e-01,6.204898655414581299e-02,-4.845647141337394714e-02,1.400840133428573608e-01,3.253054916858673096e-01,1.932139843702316284e-01,2.071776092052459717e-01,2.721817232668399811e-02,1.872740499675273895e-02,1.927290856838226318e-01,3.286607563495635986e-01,-2.033007591962814331e-01
1.200229898095130920e-01,-1.655518531799316406e+00,1.035581946372985840e+00,-3.838336095213890076e-02,-2.577717974781990051e-02,6.988863945007324219e-01,7.137367129325866699e-01,1.346246004104614258e-01,-4.467169195413589478e-02,-5.463207364082336426e-01,-3.304797038435935974e-02,1.887471377849578857e-01,-6.790449619293212891e-01,-3.916361033916473389e-01,1.096999943256378174e-01,-7.995165884494781494e-02,1.471754461526870728e-01,2.855887711048126221e-01,1.787251681089401245e-01,1.460853070020675659e-01,9.624797850847244263e-02,1.531780511140823364e-02,2.978613674640655518e-01,5.053586363792419434e-01,-2.195160239934921265e-01
1.211449354887008667e-01,-1.616061806678771973e+00,1.044900059700012207e+00,-4.119463637471199036e-02,-2.367125079035758972e-02,7.047749161720275879e-01,7.078382372856140137e-01,1.072020605206489563e-01,-6.349273025989532471e-02,-5.774465203285217285e-01,-1.162118930369615555e-02,1.955836415290832520e-01,-6.514628529548645020e-01,-3.455205559730529785e-01,1.099981516599655151e-01,-8.488919585943222046e-02,1.293275654315948486e-01,2.509548962116241455e-01,1.799401789903640747e-01,3.668371587991714478e-02,1.259990036487579346e-01,3.880434855818748474e-02,4.283949136734008789e-01,5.061399936676025391e-01,-2.114143669605255127e-01
1.212012618780136108e-01,-1.580212116241455078e+00,1.060995101928710938e+00,-2.268818393349647522e-02,-4.928083624690771103e-03,7.159662842750549316e-01,6.977487206459045410e-01,7.256039977073669434e-02,-9.945860505104064941e-02,-6.077147126197814941e-01,1.835703733377158642e-03,1.541135758161544800e-01,-6.187255978584289551e-01,-3.002400398254394531e-01,5.575592070817947388e-02,-9.085440635681152344e-02,1.241041868925094604e-01,2.096724659204483032e-01,1.853138655424118042e-01,-3.431647643446922302e-02,8.927325904369354248e-02,3.360334411263465881e-02,4.242581129074096680e-01,4.857064783573150635e-01,-1.805849671363830566e-01
1.212161332368850708e-01,-1.545607447624206543e+00,1.071980476379394531e+00,-1.495589502155780792e-02,4.311287775635719299e-03,7.255981564521789551e-01,6.879426240921020508e-01,3.977265208959579468e-02,-1.316740810871124268e-01,-6.446297168731689453e-01,9.333209134638309479e-03,1.262261420488357544e-01,-5.943688154220581055e-01,-2.528404593467712402e-01,2.929615974426269531e-02,-1.106773465871810913e-01,1.083621084690093994e-01,1.738111972808837891e-01,1.941621899604797363e-01,-1.561438441276550293e-01,7.782182097434997559e-02,4.193863645195960999e-02,5.026636123657226562e-01,3.869522809982299805e-01,-1.442517787218093872e-01
1.200399026274681091e-01,-1.512032866477966309e+00,1.081232070922851562e+00,-9.206317365169525146e-03,9.111113846302032471e-03,7.373316884040832520e-01,6.754066944122314453e-01,1.476550847291946411e-02,-1.614623963832855225e-01,-6.733713746070861816e-01,2.430482767522335052e-02,1.089163422584533691e-01,-5.816466808319091797e-01,-1.969199180603027344e-01,1.113204471766948700e-02,-1.421738415956497192e-01,8.405531197786331177e-02,1.393940746784210205e-01,2.063174992799758911e-01,-2.569707334041595459e-01,6.392540037631988525e-02,4.021340236067771912e-02,5.254455804824829102e-01,3.057788610458374023e-01,-1.061047837138175964e-01
1.198716163635253906e-01,-1.480912446975708008e+00,1.086476564407348633e+00,-1.181668881326913834e-02,1.036521978676319122e-02,7.453350424766540527e-01,6.665047407150268555e-01,-1.587908342480659485e-02,-1.699796766042709351e-01,-6.983284950256347656e-01,4.724471271038055420e-02,1.073768511414527893e-01,-5.832443237304687500e-01,-1.526858955621719360e-01,1.508731395006179810e-02,-1.674089431762695312e-01,6.024675443768501282e-02,1.093718484044075012e-01,2.097504585981369019e-01,-3.359867334365844727e-01,6.457268446683883667e-02,4.587398469448089600e-02,4.847042262554168701e-01,2.720592916011810303e-01,-1.061124280095100403e-01
1.186622157692909241e-01,-1.450265884399414062e+00,1.089305281639099121e+00,-1.340971607714891434e-02,1.234454289078712463e-02,7.539619803428649902e-01,6.566651463508605957e-01,-3.865000605583190918e-02,-1.843349933624267578e-01,-7.268219590187072754e-01,6.026121973991394043e-02,1.130086034536361694e-01,-5.853928327560424805e-01,-1.115089952945709229e-01,1.734347082674503326e-02,-1.882860213518142700e-01,4.111214727163314819e-02,8.374759554862976074e-02,2.148308455944061279e-01,-4.007047414779663086e-01,4.861650615930557251e-02,4.543957486748695374e-02,4.124807119369506836e-01,2.322061508893966675e-01,-9.883931279182434082e-02
1.156618967652320862e-01,-1.417541980743408203e+00,1.088687300682067871e+00,-1.965633966028690338e-02,1.206362061202526093e-02,7.611358165740966797e-01,6.481823325157165527e-01,-5.542417988181114197e-02,-1.980733871459960938e-01,-7.673105001449584961e-01,7.282264530658721924e-02,1.359459757804870605e-01,-5.821983814239501953e-01,-7.197855412960052490e-02,3.008007258176803589e-02,-2.088419944047927856e-01,1.938786543905735016e-02,5.835038423538208008e-02,2.201343476772308350e-01,-4.485999345779418945e-01,2.843011915683746338e-02,2.516970597207546234e-02,3.082403838634490967e-01,2.114503830671310425e-01,-9.307973086833953857e-02
1.126001477241516113e-01,-1.383616805076599121e+00,1.085156321525573730e+00,-2.930706553161144257e-02,8.610055781900882721e-03,7.660450935363769531e-01,6.420606374740600586e-01,-7.717179507017135620e-02,-2.015642523765563965e-01,-7.961735725402832031e-01,8.621070533990859985e-02,1.512294858694076538e-01,-5.759612917900085449e-01,-3.577730059623718262e-02,5.555811896920204163e-02,-2.264699041843414307e-01,1.471347641199827194e-03,3.406037762761116028e-02,2.057322561740875244e-01,-4.928589761257171631e-01,1.823789253830909729e-02,3.633814165368676186e-03,2.043605744838714600e-01,2.046636939048767090e-01,-1.055327281355857849e-01
1.104867309331893921e-01,-1.348438739776611328e+00,1.079539179801940918e+00,-3.894009068608283997e-02,3.186641959473490715e-03,7.694507241249084473e-01,6.375100612640380859e-01,-9.974868595600128174e-02,-1.966251730918884277e-01,-8.211878538131713867e-01,9.305152297019958496e-02,1.675931960344314575e-01,-5.558310747146606445e-01,-5.495899822562932968e-03,8.579738438129425049e-02,-2.342306822538375854e-01,7.135373891742347041e-08,-7.225225213915109634e-03,1.851549446582794189e-01,-5.375034213066101074e-01,8.810626342892646790e-03,-3.770397976040840149e-02,1.210741698741912842e-01,1.924776732921600342e-01,-1.177608296275138855e-01
1.080900803208351135e-01,-1.311253309249877930e+00,1.073387980461120605e+00,-4.046089574694633484e-02,3.548743436112999916e-03,7.728646993637084961e-01,6.332697272300720215e-01,-1.203844770789146423e-01,-1.977559030055999756e-01,-8.325868844985961914e-01,1.084941476583480835e-01,1.681700497865676880e-01,-5.398297309875488281e-01,3.013742715120315552e-02,9.759598225355148315e-02,-2.438231557607650757e-01,3.427040429215821860e-09,-4.185561090707778931e-02,1.663123220205307007e-01,-5.692500472068786621e-01,-1.225910615175962448e-02,-5.060711130499839783e-02,5.729462578892707825e-02,1.426893621683120728e-01,-1.286699175834655762e-01
1.053103134036064148e-01,-1.272904515266418457e+00,1.065564393997192383e+00,-4.145362228155136108e-02,2.447600942105054855e-03,7.752818465232849121e-01,6.302489042282104492e-01,-1.377496570348739624e-01,-1.971154212951660156e-01,-8.367971181869506836e-01,1.218943595886230469e-01,1.576973497867584229e-01,-5.086582899093627930e-01,6.918883323669433594e-02,1.087740510702133179e-01,-2.512285411357879639e-01,2.142215272088032058e-14,-7.680201530456542969e-02,1.573654711246490479e-01,-5.865301489830017090e-01,-2.100969851016998291e-02,-2.500639855861663818e-02,9.158737957477569580e-03,1.109603792428970337e-01,-1.501977592706680298e-01
1.024184599518775940e-01,-1.232460141181945801e+00,1.057567834854125977e+00,-4.068107903003692627e-02,5.010970053263008595e-04,7.750065326690673828e-01,6.306422948837280273e-01,-1.511527746915817261e-01,-1.942311674356460571e-01,-8.335346579551696777e-01,1.347739398479461670e-01,1.490187346935272217e-01,-4.738270938396453857e-01,1.121870651841163635e-01,1.184200197458267212e-01,-2.540411055088043213e-01,-5.174444865437715681e-18,-1.092205941677093506e-01,1.465651988983154297e-01,-5.929632782936096191e-01,-2.655652910470962524e-02,1.712399825919419527e-04,4.956983611918985844e-04,7.829185575246810913e-02,-1.516286283731460571e-01
9.917259961366653442e-02,-1.189192056655883789e+00,1.048585653305053711e+00,-4.212054237723350525e-02,-2.655914518982172012e-03,7.723470330238342285e-01,6.337972283363342285e-01,-1.566086560487747192e-01,-1.802869886159896851e-01,-8.247686624526977539e-01,1.359103620052337646e-01,1.495645195245742798e-01,-4.454283118247985840e-01,1.533210724592208862e-01,1.314132511615753174e-01,-2.461199313402175903e-01,-2.745842586982026427e-18,-1.291508823633193970e-01,1.475369185209274292e-01,-5.889725685119628906e-01,-2.476909011602401733e-02,-1.453020423650741577e-02,1.386973075568675995e-02,8.465847373008728027e-02,-1.525821238756179810e-01
9.610738605260848999e-02,-1.142933487892150879e+00,1.038095831871032715e+00,-5.013605952262878418e-02,-8.593461476266384125e-03,7.662263512611389160e-01,6.405541896820068359e-01,-1.567455977201461792e-01,-1.517229080200195312e-01,-8.101817965507507324e-01,1.336908787488937378e-01,1.553404480218887329e-01,-4.297523200511932373e-01,1.866092532873153687e-01,1.516639143228530884e-01,-2.254139333963394165e-01,3.539671277236916026e-18,-1.215995624661445618e-01,1.431003361940383911e-01,-5.980556607246398926e-01,-4.591566976159811020e-03,-3.747074678540229797e-02,4.503208398818969727e-02,1.757946759462356567e-01,-1.506600975990295410e-01
9.184570610523223877e-02,-1.094769954681396484e+00,1.030486106872558594e+00,-5.128331482410430908e-02,-9.636126458644866943e-03,7.597849965095520020e-01,6.480770707130432129e-01,-1.508847177028656006e-01,-1.408910900354385376e-01,-7.886561155319213867e-01,1.290233135223388672e-01,1.523367166519165039e-01,-4.185136556625366211e-01,2.178855240345001221e-01,1.502994298934936523e-01,-2.022460103034973145e-01,7.093106839866714433e-19,-7.634993642568588257e-02,1.667358726263046265e-01,-5.912503600120544434e-01,4.393665585666894913e-03,-1.916799694299697876e-02,5.444186925888061523e-02,2.484813183546066284e-01,-1.394784152507781982e-01
8.822846412658691406e-02,-1.045765519142150879e+00,1.026342749595642090e+00,-4.833327978849411011e-02,-1.361651718616485596e-02,7.528108954429626465e-01,6.563186645507812500e-01,-1.327495872974395752e-01,-1.297354549169540405e-01,-7.696150541305541992e-01,1.127642914652824402e-01,1.517182439565658569e-01,-3.983634412288665771e-01,2.509236931800842285e-01,1.425310075283050537e-01,-2.000901252031326294e-01,7.187610026448965073e-03,-6.780063733458518982e-03,2.043320387601852417e-01,-5.647891759872436523e-01,1.679500006139278412e-02,-2.086920291185379028e-02,7.384899258613586426e-02,3.259097933769226074e-01,-1.534795761108398438e-01
8.333941549062728882e-02,-1.000234603881835938e+00,1.026477217674255371e+00,-3.844728693366050720e-02,-1.346481218934059143e-02,7.467761039733886719e-01,6.638267040252685547e-01,-9.811244904994964600e-02,-1.201679408550262451e-01,-7.401175498962402344e-01,1.040224358439445496e-01,1.418391764163970947e-01,-3.943734169006347656e-01,2.499435842037200928e-01,1.113829538226127625e-01,-1.997956335544586182e-01,6.888079643249511719e-02,7.638265192508697510e-02,2.199831604957580566e-01,-5.281166434288024902e-01,9.515107609331607819e-03,-2.469192445278167725e-02,9.283293038606643677e-02,3.545952439308166504e-01,-1.625337004661560059e-01
7.628808170557022095e-02,-9.582517743110656738e-01,1.029375433921813965e+00,-1.741492189466953278e-02,-2.642686478793621063e-03,7.420924901962280273e-01,6.700659990310668945e-01,-4.301548004150390625e-02,-1.559724360704421997e-01,-7.254728674888610840e-01,1.159569323062896729e-01,1.056170016527175903e-01,-4.185566902160644531e-01,2.358545511960983276e-01,4.807496070861816406e-02,-2.059816718101501465e-01,1.393798440694808960e-01,1.995473951101303101e-01,2.397171109914779663e-01,-4.839682877063751221e-01,-2.898698486387729645e-02,4.201108589768409729e-03,1.191755831241607666e-01,3.154773414134979248e-01,-1.265797615051269531e-01
7.053632289171218872e-02,-9.192380309104919434e-01,1.034293413162231445e+00,1.997468760237097740e-03,7.330511696636676788e-03,7.362235784530639648e-01,6.766957640647888184e-01,1.726309955120086670e-02,-1.964859366416931152e-01,-7.220330834388732910e-01,1.242146864533424377e-01,6.557382643222808838e-02,-4.558855593204498291e-01,2.084401249885559082e-01,-8.605635724961757660e-03,-1.953550130128860474e-01,2.072757929563522339e-01,3.518046140670776367e-01,2.303398996591567993e-01,-4.353924393653869629e-01,-6.122850626707077026e-02,3.522047400474548340e-02,1.327677518129348755e-01,2.724078595638275146e-01,-1.103431731462478638e-01
6.663353741168975830e-02,-8.820167779922485352e-01,1.036149978637695312e+00,2.447469159960746765e-02,1.942422986030578613e-02,7.297658324241638184e-01,6.829828023910522461e-01,6.034762784838676453e-02,-2.320251017808914185e-01,-6.914767026901245117e-01,1.115584522485733032e-01,2.685992233455181122e-02,-4.852857589721679688e-01,1.520984619855880737e-01,-8.427000045776367188e-02,-1.890991032123565674e-01,3.196916580200195312e-01,5.060570836067199707e-01,2.326767146587371826e-01,-3.809580802917480469e-01,-1.025459095835685730e-01,6.766740232706069946e-02,1.311024427413940430e-01,2.369020879268646240e-01,-8.771140873432159424e-02
6.520041078329086304e-02,-8.472849726676940918e-01,1.044300556182861328e+00,2.562221325933933258e-02,2.192155458033084869e-02,7.212634682655334473e-01,6.918395757675170898e-01,7.238405942916870117e-02,-2.293862253427505493e-01,-6.615041494369506836e-01,7.355250418186187744e-02,5.749716237187385559e-02,-5.169326066970825195e-01,4.565055295825004578e-02,-9.705016762018203735e-02,-1.092480868101119995e-01,4.550876617431640625e-01,5.061399936676025391e-01,2.579230666160583496e-01,-3.300998210906982422e-01,-1.035941690206527710e-01,9.062833338975906372e-02,1.040819510817527771e-01,2.099946886301040649e-01,-8.312340080738067627e-02
6.651807576417922974e-02,-8.170545697212219238e-01,1.059154272079467773e+00,8.789573796093463898e-03,5.259015597403049469e-03,7.188650369644165039e-01,6.950742006301879883e-01,8.242448419332504272e-02,-1.899970769882202148e-01,-6.305400133132934570e-01,1.615975052118301392e-02,7.087939232587814331e-02,-5.466294288635253906e-01,-1.175107154995203018e-02,-3.255252912640571594e-02,-4.496408998966217041e-02,4.354422986507415771e-01,5.019902586936950684e-01,2.623079121112823486e-01,-2.946214079856872559e-01,-5.599418655037879944e-02,8.190932124853134155e-02,9.852155297994613647e-02,1.846523880958557129e-01,-9.862794727087020874e-02
6.731782853603363037e-02,-7.888789176940917969e-01,1.069402098655700684e+00,-2.541641239076852798e-03,-2.973538823425769806e-03,7.127422094345092773e-01,7.014151811599731445e-01,7.873537391424179077e-02,-1.655016243457794189e-01,-6.063315868377685547e-01,-4.830728471279144287e-02,1.182194873690605164e-01,-5.765711069107055664e-01,-1.186972409486770630e-01,-1.716289669275283813e-02,-3.137921541929244995e-02,5.014460682868957520e-01,4.117634296417236328e-01,2.514458596706390381e-01,-2.583642005920410156e-01,-2.407432533800601959e-02,9.515208005905151367e-02,8.125578612089157104e-02,1.636203229427337646e-01,-1.122914403676986694e-01
6.659575551748275757e-02,-7.621872425079345703e-01,1.078134655952453613e+00,-9.627392515540122986e-03,-6.123243831098079681e-03,7.038754224777221680e-01,7.102317810058593750e-01,7.690155506134033203e-02,-1.440968960523605347e-01,-6.018419265747070312e-01,-1.008216664195060730e-01,1.357781738042831421e-01,-6.254056692123413086e-01,-2.131155729293823242e-01,-2.705222181975841522e-02,-4.764254018664360046e-02,5.262296795845031738e-01,3.341430127620697021e-01,2.290117442607879639e-01,-2.225144952535629272e-01,-6.299659144133329391e-03,1.173100695013999939e-01,6.339488923549652100e-02,1.373875439167022705e-01,-1.194969937205314636e-01
6.675378233194351196e-02,-7.363264560699462891e-01,1.084726929664611816e+00,-1.407026220113039017e-02,-6.496725138276815414e-03,6.956923604011535645e-01,7.181726694107055664e-01,8.544000238180160522e-02,-1.347373723983764648e-01,-6.100143194198608398e-01,-1.430677622556686401e-01,1.434985548257827759e-01,-6.785741448402404785e-01,-2.839640080928802490e-01,-4.552876576781272888e-02,-8.513557910919189453e-02,4.988165199756622314e-01,2.801994383335113525e-01,2.073938548564910889e-01,-1.877302527427673340e-01,2.776830457150936127e-03,1.335479170083999634e-01,4.498645290732383728e-02,1.163701638579368591e-01,-1.322306841611862183e-01
6.751435995101928711e-02,-7.115017175674438477e-01,1.089092373847961426e+00,-1.553388312458992004e-02,-5.107118748128414154e-03,6.897494792938232422e-01,7.238634228706359863e-01,9.523116052150726318e-02,-1.302288025617599487e-01,-6.245111227035522461e-01,-1.814365535974502563e-01,1.462437361478805542e-01,-7.334855198860168457e-01,-3.353284299373626709e-01,-5.749886110424995422e-02,-1.139766052365303040e-01,4.321477413177490234e-01,2.393813878297805786e-01,1.936558485031127930e-01,-1.529860943555831909e-01,3.333122469484806061e-03,1.461831182241439819e-01,2.628241851925849915e-02,9.750529378652572632e-02,-1.418255418539047241e-01
6.873440742492675781e-02,-6.866222620010375977e-01,1.090887427330017090e+00,-1.451351866126060486e-02,2.066351007670164108e-04,6.844230890274047852e-01,7.289406061172485352e-01,9.896757453680038452e-02,-1.275353729724884033e-01,-6.381018161773681641e-01,-2.164683789014816284e-01,1.270937621593475342e-01,-7.797455787658691406e-01,-3.693374395370483398e-01,-6.316385418176651001e-02,-1.222075521945953369e-01,3.253403306007385254e-01,2.304106503725051880e-01,1.985824853181838989e-01,-1.233413442969322205e-01,-4.880427848547697067e-03,1.630989015102386475e-01,1.220103539526462555e-02,7.687610387802124023e-02,-1.464471518993377686e-01
7.019390165805816650e-02,-6.611340641975402832e-01,1.089771389961242676e+00,-1.138760987669229507e-02,1.006619259715080261e-02,6.838464140892028809e-01,7.294676899909973145e-01,1.063362509012222290e-01,-1.387505084276199341e-01,-6.486849188804626465e-01,-2.523916661739349365e-01,1.134764254093170166e-01,-8.253479003906250000e-01,-4.061864912509918213e-01,-6.770098209381103516e-02,-9.475415945053100586e-02,2.228164225816726685e-01,2.261327654123306274e-01,2.228899300098419189e-01,-9.966279566287994385e-02,-2.553608641028404236e-02,1.662549972534179688e-01,1.465874520363286138e-04,5.186638981103897095e-02,-1.448177695274353027e-01
7.332578301429748535e-02,-6.340595483779907227e-01,1.088669896125793457e+00,-8.417276665568351746e-03,1.895389705896377563e-02,6.832450628280639648e-01,7.298945784568786621e-01,1.124156415462493896e-01,-1.507603973150253296e-01,-6.594219207763671875e-01,-2.809439897537231445e-01,1.101479902863502502e-01,-8.579541444778442383e-01,-4.421285390853881836e-01,-5.683201923966407776e-02,-3.093644417822360992e-02,1.348145455121994019e-01,2.199013382196426392e-01,2.193805575370788574e-01,-8.150240033864974976e-02,-4.877094179391860962e-02,1.552789211273193359e-01,7.200984555311151780e-07,2.411838434636592865e-02,-1.055122315883636475e-01
7.531523704528808594e-02,-6.080898046493530273e-01,1.086988925933837891e+00,-5.421372596174478531e-03,2.228263393044471741e-02,6.844035983085632324e-01,7.287425994873046875e-01,1.203465834259986877e-01,-1.582718640565872192e-01,-6.655887961387634277e-01,-3.033298552036285400e-01,1.087919473648071289e-01,-8.854451179504394531e-01,-4.611091911792755127e-01,-5.363460257649421692e-02,9.866270236670970917e-03,6.180767714977264404e-02,2.087174206972122192e-01,2.386758774518966675e-01,-5.503920093178749084e-02,-6.018841266632080078e-02,1.515110582113265991e-01,4.500620796182852601e-12,-2.760720904916524887e-03,-9.937226772308349609e-02
7.846795022487640381e-02,-5.808282494544982910e-01,1.083431005477905273e+00,-2.001636661589145660e-03,2.441810816526412964e-02,6.859453320503234863e-01,7.272405028343200684e-01,1.235893964767456055e-01,-1.612427085638046265e-01,-6.562147736549377441e-01,-3.251016438007354736e-01,9.993298351764678955e-02,-8.900691866874694824e-01,-4.692599475383758545e-01,-6.026520952582359314e-02,-1.244182791560888290e-02,1.222954969853162766e-02,2.054716050624847412e-01,2.640694677829742432e-01,-2.615637332201004028e-02,-6.785665452480316162e-02,1.415555924177169800e-01,3.107287427443197400e-17,-2.847266942262649536e-02,-1.070949882268905640e-01
8.178274333477020264e-02,-5.525872707366943359e-01,1.079474329948425293e+00,1.311214058659970760e-03,2.409239113330841064e-02,6.889721155166625977e-01,7.243860960006713867e-01,1.230829805135726929e-01,-1.597175002098083496e-01,-6.408854126930236816e-01,-3.396220505237579346e-01,8.756600320339202881e-02,-8.778657913208007812e-01,-4.694625139236450195e-01,-6.714848428964614868e-02,-6.067810207605361938e-02,2.717521510930964723e-06,1.804269254207611084e-01,2.858438491821289062e-01,6.469725165516138077e-03,-7.148201018571853638e-02,1.358590275049209595e-01,-1.037033025235280584e-18,-4.978148639202117920e-02,-1.140253692865371704e-01
8.481743931770324707e-02,-5.240138173103332520e-01,1.076037168502807617e+00,5.791485775262117386e-03,2.693946287035942078e-02,6.947996020317077637e-01,7.186753153800964355e-01,1.182311326265335083e-01,-1.665329784154891968e-01,-6.213821172714233398e-01,-3.447790145874023438e-01,6.578449159860610962e-02,-8.616721630096435547e-01,-4.594064056873321533e-01,-8.232700824737548828e-02,-1.172892749309539795e-01,7.514889603044139221e-06,1.766497492790222168e-01,3.010427057743072510e-01,3.530399873852729797e-02,-8.054856956005096436e-02,1.190596371889114380e-01,1.199345713752885886e-18,-6.993355602025985718e-02,-1.135184019804000854e-01
8.845570683479309082e-02,-4.923509657382965088e-01,1.072094440460205078e+00,1.226427592337131500e-02,3.161031380295753479e-02,7.031758427619934082e-01,7.102070450782775879e-01,1.140831932425498962e-01,-1.757417768239974976e-01,-6.004083156585693359e-01,-3.387648463249206543e-01,3.668147698044776917e-02,-8.310032486915588379e-01,-4.402521848678588867e-01,-9.831394255161285400e-02,-1.283885836601257324e-01,1.777684374246746302e-04,2.220948040485382080e-01,2.852406799793243408e-01,6.627574563026428223e-02,-9.188215434551239014e-02,9.289389848709106445e-02,1.722917954274450283e-18,-8.306618034839630127e-02,-1.172334253787994385e-01
9.192349761724472046e-02,-4.592227935791015625e-01,1.068041920661926270e+00,1.834561303257942200e-02,3.531787544488906860e-02,7.125759124755859375e-01,7.004653215408325195e-01,1.103920638561248779e-01,-1.829557418823242188e-01,-5.816740989685058594e-01,-3.209666609764099121e-01,1.001171581447124481e-02,-7.902125120162963867e-01,-4.233599901199340820e-01,-1.158460453152656555e-01,-1.287493109703063965e-01,3.585570811992511153e-05,2.677142024040222168e-01,2.655670046806335449e-01,9.838730096817016602e-02,-9.767658263444900513e-02,6.987241655588150024e-02,6.082742402213625610e-06,-9.048319607973098755e-02,-1.171896979212760925e-01
9.465926140546798706e-02,-4.246665835380554199e-01,1.062767624855041504e+00,2.518754266202449799e-02,3.941110149025917053e-02,7.229298949241638184e-01,6.893364191055297852e-01,1.006978303194046021e-01,-1.920604705810546875e-01,-5.673074722290039062e-01,-3.009171187877655029e-01,-4.549014382064342499e-03,-7.351833581924438477e-01,-4.022288620471954346e-01,-1.388215124607086182e-01,-1.149427443742752075e-01,3.365840530022978783e-04,3.273231089115142822e-01,2.731706798076629639e-01,1.258910745382308960e-01,-1.026671379804611206e-01,4.654454067349433899e-02,3.932031337171792984e-03,-7.740756124258041382e-02,-1.214425340294837952e-01
9.856524318456649780e-02,-3.899725377559661865e-01,1.060438036918640137e+00,2.917554415762424469e-02,3.874640911817550659e-02,7.326259613037109375e-01,6.789010763168334961e-01,8.962590992450714111e-02,-1.962139606475830078e-01,-5.513150095939636230e-01,-2.628897428512573242e-01,-1.748505630530416965e-03,-6.701260209083557129e-01,-3.726463019847869873e-01,-1.519428044557571411e-01,-1.316564977169036865e-01,8.465011604130268097e-03,3.580128848552703857e-01,2.776085436344146729e-01,1.360874623060226440e-01,-9.318703413009643555e-02,3.017083927989006042e-02,3.748849406838417053e-02,-5.387308821082115173e-02,-1.316079497337341309e-01
1.032402366399765015e-01,-3.585729897022247314e-01,1.061791062355041504e+00,2.617648057639598846e-02,2.673915401101112366e-02,7.414481043815612793e-01,6.699660420417785645e-01,8.049961924552917480e-02,-1.903297603130340576e-01,-5.423070788383483887e-01,-2.091047167778015137e-01,2.455407194793224335e-02,-6.131846904754638672e-01,-3.352118730545043945e-01,-1.302679926156997681e-01,-1.526496261358261108e-01,1.789101585745811462e-02,3.452230393886566162e-01,2.493440210819244385e-01,1.309952288866043091e-01,-5.670756846666336060e-02,1.113515347242355347e-02,8.903100341558456421e-02,-3.718222957104444504e-03,-1.547061800956726074e-01
1.084964871406555176e-01,-3.290470242500305176e-01,1.064462304115295410e+00,2.013456821441650391e-02,1.306275278329849243e-02,7.502909302711486816e-01,6.606720089912414551e-01,6.346248835325241089e-02,-1.682656258344650269e-01,-5.319097042083740234e-01,-1.401104032993316650e-01,5.314983427524566650e-02,-5.792931914329528809e-01,-2.980238497257232666e-01,-1.006739661097526550e-01,-1.864453554153442383e-01,2.740347199141979218e-02,3.185844123363494873e-01,2.282732129096984863e-01,1.137104108929634094e-01,-1.336149219423532486e-02,-9.095977060496807098e-03,1.450411677360534668e-01,6.879086047410964966e-02,-1.722570657730102539e-01
1.133492812514305115e-01,-3.025017678737640381e-01,1.064853787422180176e+00,1.185282878577709198e-02,-5.804779939353466034e-04,7.572455406188964844e-01,6.530224680900573730e-01,4.457900300621986389e-02,-1.523691266775131226e-01,-5.427013039588928223e-01,-7.276096194982528687e-02,9.392894059419631958e-02,-5.492430329322814941e-01,-2.631255388259887695e-01,-6.588207930326461792e-02,-2.175119072198867798e-01,2.631176076829433441e-02,2.961801290512084961e-01,2.158259004354476929e-01,8.674597740173339844e-02,2.878969721496105194e-02,-3.807853162288665771e-02,1.966883540153503418e-01,1.741759330034255981e-01,-2.008239328861236572e-01
1.170985922217369080e-01,-2.785542011260986328e-01,1.065434694290161133e+00,4.998941440135240555e-03,-7.663721218705177307e-03,7.625910639762878418e-01,6.468161940574645996e-01,2.405256219208240509e-02,-1.490833461284637451e-01,-5.722246766090393066e-01,-1.501693855971097946e-02,1.442590206861495972e-01,-5.222570300102233887e-01,-2.372580617666244507e-01,-4.104301333427429199e-02,-2.417033910751342773e-01,2.325483597815036774e-02,2.715244889259338379e-01,1.990204751491546631e-01,4.508224129676818848e-02,5.639996379613876343e-02,-4.812530428171157837e-02,2.529018521308898926e-01,2.794655859470367432e-01,-1.979662626981735229e-01
1.207534968852996826e-01,-2.582538723945617676e-01,1.064714908599853516e+00,-4.661635495722293854e-03,-1.672276109457015991e-02,7.695382237434387207e-01,6.383647322654724121e-01,3.074358217418193817e-03,-1.304928809404373169e-01,-6.056724190711975098e-01,2.493190579116344452e-02,1.687605977058410645e-01,-4.905426204204559326e-01,-2.155906558036804199e-01,-1.014227140694856644e-02,-2.710934877395629883e-01,1.898169703781604767e-02,2.534885108470916748e-01,1.837257593870162964e-01,-1.775043085217475891e-03,9.343686699867248535e-02,-4.894446209073066711e-02,2.918508946895599365e-01,4.394432306289672852e-01,-1.920365691184997559e-01
1.229399591684341431e-01,-2.403593212366104126e-01,1.066411256790161133e+00,-1.051146164536476135e-02,-1.739837974309921265e-02,7.749437093734741211e-01,6.317033171653747559e-01,-1.255633309483528137e-02,-1.282628774642944336e-01,-6.524476408958435059e-01,6.070036068558692932e-02,1.991970837116241455e-01,-4.718575775623321533e-01,-2.023247480392456055e-01,2.938497578725218773e-03,-2.909582257270812988e-01,1.761373504996299744e-02,2.311593592166900635e-01,1.710857301950454712e-01,-6.830967962741851807e-02,1.214358508586883545e-01,-2.166421711444854736e-02,3.573786318302154541e-01,5.047266483306884766e-01,-1.943603456020355225e-01
1.237189844250679016e-01,-2.249555140733718872e-01,1.073226928710937500e+00,-6.318333093076944351e-03,-1.725935260765254498e-03,7.821512818336486816e-01,6.230541467666625977e-01,-3.237870335578918457e-02,-1.670476645231246948e-01,-6.911937594413757324e-01,8.612925559282302856e-02,1.818674653768539429e-01,-4.542068541049957275e-01,-1.903172135353088379e-01,-2.263128198683261871e-02,-3.077166378498077393e-01,8.492711931467056274e-03,2.114887684583663940e-01,1.735574156045913696e-01,-1.496926695108413696e-01,1.084739938378334045e-01,1.186701934784650803e-02,4.154350161552429199e-01,4.439674615859985352e-01,-1.672964692115783691e-01
1.236768066883087158e-01,-2.106055766344070435e-01,1.077669024467468262e+00,-4.420840647071599960e-03,8.911454118788242340e-03,7.888460159301757812e-01,6.145104169845581055e-01,-5.075694620609283447e-02,-1.919091045856475830e-01,-7.237807512283325195e-01,1.128488928079605103e-01,1.547972857952117920e-01,-4.544543325901031494e-01,-1.765211969614028931e-01,-4.043515026569366455e-02,-3.256881833076477051e-01,4.574412305373698473e-04,1.930687874555587769e-01,1.876243501901626587e-01,-2.257663905620574951e-01,9.399100393056869507e-02,2.762206085026264191e-02,4.518124461174011230e-01,3.629299402236938477e-01,-1.478402018547058105e-01
1.238647028803825378e-01,-1.994522809982299805e-01,1.080570459365844727e+00,-7.677935529500246048e-03,1.529988739639520645e-02,7.941531538963317871e-01,6.074765324592590332e-01,-6.592598557472229004e-02,-2.065421640872955322e-01,-7.564561963081359863e-01,1.350694894790649414e-01,1.463315337896347046e-01,-4.657258987426757812e-01,-1.731491088867187500e-01,-4.578091949224472046e-02,-3.420557677745819092e-01,3.287556182840489782e-08,1.758009940385818481e-01,1.894052922725677490e-01,-2.842454910278320312e-01,8.950911462306976318e-02,3.987918794155120850e-02,4.360175430774688721e-01,3.152715265750885010e-01,-1.434136480093002319e-01
1.229260638356208801e-01,-1.886578202247619629e-01,1.082537293434143066e+00,-9.533388540148735046e-03,1.761305145919322968e-02,7.972422242164611816e-01,6.033272743225097656e-01,-7.614682614803314209e-02,-2.044351100921630859e-01,-7.715829014778137207e-01,1.471388936042785645e-01,1.440622061491012573e-01,-4.633975028991699219e-01,-1.639516055583953857e-01,-4.651238396763801575e-02,-3.518542945384979248e-01,1.001121563604101539e-04,1.585910916328430176e-01,1.969993114471435547e-01,-3.133122026920318604e-01,7.711096107959747314e-02,2.422893047332763672e-02,3.753836750984191895e-01,2.763276696205139160e-01,-1.682592928409576416e-01
1.211807355284690857e-01,-1.777188777923583984e-01,1.083178520202636719e+00,-1.712436601519584656e-02,2.174335531890392303e-02,8.001275658607482910e-01,5.991910099983215332e-01,-8.693037927150726318e-02,-2.008817046880722046e-01,-8.009319305419921875e-01,1.534129232168197632e-01,1.334036141633987427e-01,-4.787885546684265137e-01,-1.660924255847930908e-01,-4.382225498557090759e-02,-3.614484071731567383e-01,3.128504746929827718e-11,1.445482224225997925e-01,2.031715512275695801e-01,-3.559775948524475098e-01,6.121084094047546387e-02,-2.626604773104190826e-02,3.219715654850006104e-01,2.221124470233917236e-01,-1.983404457569122314e-01
1.183788180351257324e-01,-1.678875237703323364e-01,1.084249973297119141e+00,-2.212741225957870483e-02,2.419655397534370422e-02,8.012940883636474609e-01,5.973715186119079590e-01,-8.853606879711151123e-02,-1.939606368541717529e-01,-8.190611004829406738e-01,1.529220640659332275e-01,1.261999011039733887e-01,-4.841320514678955078e-01,-1.640267670154571533e-01,-4.165707528591156006e-02,-3.694506287574768066e-01,1.934358553732805006e-16,1.294083446264266968e-01,2.055027633905410767e-01,-3.798640668392181396e-01,3.943051025271415710e-02,-1.004249304533004761e-01,2.522551715373992920e-01,1.823671460151672363e-01,-2.101157307624816895e-01
1.153354719281196594e-01,-1.578684300184249878e-01,1.084834575653076172e+00,-2.558850497007369995e-02,2.650364860892295837e-02,8.006219267845153809e-01,5.980362296104431152e-01,-9.145019948482513428e-02,-1.880225688219070435e-01,-8.264558315277099609e-01,1.482194364070892334e-01,1.171750575304031372e-01,-4.881327450275421143e-01,-1.605723053216934204e-01,-4.046157747507095337e-02,-3.651104271411895752e-01,-2.322881978726511892e-18,1.208378449082374573e-01,2.145820260047912598e-01,-3.971771299839019775e-01,2.073475159704685211e-02,-1.855312883853912354e-01,1.985458880662918091e-01,1.468839496374130249e-01,-2.207727581262588501e-01
1.118516921997070312e-01,-1.478225737810134888e-01,1.085511326789855957e+00,-2.713343314826488495e-02,2.903748489916324615e-02,7.989472746849060059e-01,6.000865101814270020e-01,-8.652883023023605347e-02,-1.832920163869857788e-01,-8.287987709045410156e-01,1.405141055583953857e-01,1.057608276605606079e-01,-4.972852766513824463e-01,-1.557202041149139404e-01,-4.319126531481742859e-02,-3.546902239322662354e-01,-3.626359805432473327e-19,1.167087033390998840e-01,2.198238521814346313e-01,-4.083718955516815186e-01,1.140720117837190628e-02,-2.388147115707397461e-01,1.636910587549209595e-01,1.166672334074974060e-01,-2.100098282098770142e-01
1.079213321208953857e-01,-1.377965211868286133e-01,1.084638833999633789e+00,-3.018617630004882812e-02,2.786496840417385101e-02,7.949457168579101562e-01,6.052880883216857910e-01,-7.890891283750534058e-02,-1.739702075719833374e-01,-8.261011242866516113e-01,1.297902613878250122e-01,1.031446307897567749e-01,-5.137798786163330078e-01,-1.506691724061965942e-01,-3.727519884705543518e-02,-3.394993543624877930e-01,-9.893344823930227960e-19,1.118813231587409973e-01,2.258179336786270142e-01,-4.103324413299560547e-01,1.582114025950431824e-02,-2.749580442905426025e-01,1.386124342679977417e-01,1.283284872770309448e-01,-2.040094137191772461e-01
1.040021553635597229e-01,-1.274766623973846436e-01,1.082525730133056641e+00,-3.313174843788146973e-02,2.370858006179332733e-02,7.891668081283569336e-01,6.128261685371398926e-01,-7.938226312398910522e-02,-1.572474241256713867e-01,-8.049262762069702148e-01,1.123961210250854492e-01,1.043102741241455078e-01,-5.304450988769531250e-01,-1.429093182086944580e-01,-2.624611742794513702e-02,-3.209249675273895264e-01,-2.006356354249420534e-18,1.071191653609275818e-01,2.326464354991912842e-01,-4.027669131755828857e-01,2.903460152447223663e-02,-2.865122854709625244e-01,1.234459355473518372e-01,1.515754461288452148e-01,-2.029926031827926636e-01
9.949549287557601929e-02,-1.179358512163162231e-01,1.080679297447204590e+00,-3.458974137902259827e-02,1.840654201805591583e-02,7.820817828178405762e-01,6.219428181648254395e-01,-7.818251848220825195e-02,-1.388106048107147217e-01,-7.791210412979125977e-01,8.986824750900268555e-02,1.090697720646858215e-01,-5.489745736122131348e-01,-1.324405372142791748e-01,-1.653456315398216248e-02,-2.990082502365112305e-01,1.828029449072788616e-18,1.024554297327995300e-01,2.371063381433486938e-01,-3.839603662490844727e-01,4.997744411230087280e-02,-2.686699330806732178e-01,1.110112369060516357e-01,1.650315672159194946e-01,-2.062337547540664673e-01
9.403621405363082886e-02,-1.086324751377105713e-01,1.080863475799560547e+00,-3.263549134135246277e-02,1.581470668315887451e-02,7.754029035568237305e-01,6.304245591163635254e-01,-7.208151370286941528e-02,-1.319070160388946533e-01,-7.406041026115417480e-01,6.773160398006439209e-02,1.060722321271896362e-01,-5.656970143318176270e-01,-1.207846626639366150e-01,-1.610651053488254547e-02,-2.792463302612304688e-01,3.756247013937999944e-18,9.751147031784057617e-02,2.367418706417083740e-01,-3.571792244911193848e-01,5.729749053716659546e-02,-2.516858577728271484e-01,1.000044122338294983e-01,1.485677361488342285e-01,-2.032493501901626587e-01
8.794932067394256592e-02,-1.009309813380241394e-01,1.081543087959289551e+00,-3.172393143177032471e-02,1.408130489289760590e-02,7.663226127624511719e-01,6.415176987648010254e-01,-6.925318390130996704e-02,-1.333682537078857422e-01,-7.008442282676696777e-01,4.254368692636489868e-02,1.148597598075866699e-01,-5.781185626983642578e-01,-1.142018139362335205e-01,-1.621533930301666260e-02,-2.530653178691864014e-01,-3.702883938260979023e-18,9.919233620166778564e-02,2.411922067403793335e-01,-3.298914134502410889e-01,6.589370965957641602e-02,-2.225746512413024902e-01,8.078791201114654541e-02,1.466918438673019409e-01,-2.002563923597335815e-01
8.205243200063705444e-02,-9.395165741443634033e-02,1.083742499351501465e+00,-3.105055354535579681e-02,1.277804095298051834e-02,7.576072216033935547e-01,6.518465280532836914e-01,-5.765644088387489319e-02,-1.288323104381561279e-01,-6.674749851226806641e-01,1.837291195988655090e-02,1.117865070700645447e-01,-5.878216028213500977e-01,-1.096202358603477478e-01,-1.522464118897914886e-02,-2.251379191875457764e-01,-1.936661424558152635e-18,1.009144857525825500e-01,2.342751920223236084e-01,-3.034004271030426025e-01,7.207347452640533447e-02,-1.904166787862777710e-01,6.194158270955085754e-02,1.427065432071685791e-01,-1.935240179300308228e-01
7.613662630319595337e-02,-8.705841749906539917e-02,1.086044430732727051e+00,-3.044971451163291931e-02,1.105171255767345428e-02,7.497019767761230469e-01,6.609823107719421387e-01,-3.949284926056861877e-02,-1.240209266543388367e-01,-6.458660364151000977e-01,-1.082543656229972839e-02,1.127625480294227600e-01,-5.998558998107910156e-01,-1.039854884147644043e-01,-1.489493716508150101e-02,-2.045590132474899292e-01,-1.355596822741702602e-18,9.800416976213455200e-02,2.266709208488464355e-01,-2.758510410785675049e-01,7.546902447938919067e-02,-1.640014648437500000e-01,4.093643277883529663e-02,1.387804299592971802e-01,-1.831526011228561401e-01
6.987350434064865112e-02,-8.127836138010025024e-02,1.087272763252258301e+00,-3.079434484243392944e-02,1.072675362229347229e-02,7.426686286926269531e-01,6.688646674156188965e-01,-1.443498022854328156e-02,-1.226503998041152954e-01,-6.410757899284362793e-01,-4.036435857415199280e-02,1.135315075516700745e-01,-6.186282634735107422e-01,-1.020286157727241516e-01,-1.682935282588005066e-02,-1.834294795989990234e-01,4.590918574118307838e-19,9.856007993221282959e-02,2.241575568914413452e-01,-2.536148428916931152e-01,7.645384222269058228e-02,-1.390261352062225342e-01,2.053620666265487671e-02,1.345404237508773804e-01,-1.729601472616195679e-01
6.422477215528488159e-02,-7.514286786317825317e-02,1.087745308876037598e+00,-3.061684593558311462e-02,9.961651638150215149e-03,7.353598475456237793e-01,6.769115328788757324e-01,9.780786931514739990e-03,-1.131992042064666748e-01,-6.301394104957580566e-01,-6.664228439331054688e-02,1.050008609890937805e-01,-6.402345895767211914e-01,-9.831056743860244751e-02,-1.966053433716297150e-02,-1.633415967226028442e-01,5.835411805704337975e-19,9.878532588481903076e-02,2.268628627061843872e-01,-2.306473255157470703e-01,7.813767343759536743e-02,-1.151112169027328491e-01,4.440654302015900612e-04,1.349660605192184448e-01,-1.701498776674270630e-01
5.859909951686859131e-02,-6.930581480264663696e-02,1.088140964508056641e+00,-2.944135107100009918e-02,8.906031958758831024e-03,7.297816276550292969e-01,6.829880475997924805e-01,3.628110140562057495e-02,-1.205907315015792847e-01,-6.340610384941101074e-01,-8.948617428541183472e-02,1.148636341094970703e-01,-6.730704307556152344e-01,-9.280815720558166504e-02,-2.371925488114356995e-02,-1.461437344551086426e-01,1.866976421034235371e-18,9.794855862855911255e-02,2.294949442148208618e-01,-2.175164073705673218e-01,7.637203484773635864e-02,-9.809455275535583496e-02,5.550817760990867100e-08,1.246778443455696106e-01,-1.689904183149337769e-01
5.302333831787109375e-02,-6.495757400989532471e-02,1.088198065757751465e+00,-2.838672883808612823e-02,8.435041643679141998e-03,7.226703763008117676e-01,6.905581951141357422e-01,5.428086221218109131e-02,-1.245135813951492310e-01,-6.248884201049804688e-01,-1.068095862865447998e-01,1.095015183091163635e-01,-7.096156477928161621e-01,-8.962278068065643311e-02,-2.817380242049694061e-02,-1.307599097490310669e-01,2.879399168684838276e-18,9.659393876791000366e-02,2.290871143341064453e-01,-2.063679695129394531e-01,7.424546778202056885e-02,-7.686563581228256226e-02,6.938527443572928277e-12,1.157065629959106445e-01,-1.668407618999481201e-01
4.916102439165115356e-02,-6.070514768362045288e-02,1.088220000267028809e+00,-2.885579876601696014e-02,7.939342409372329712e-03,7.155230641365051270e-01,6.979477405548095703e-01,6.744248420000076294e-02,-1.212775409221649170e-01,-6.171600222587585449e-01,-1.178648844361305237e-01,1.073334366083145142e-01,-7.468939423561096191e-01,-8.943903446197509766e-02,-2.982747368514537811e-02,-1.100894957780838013e-01,-6.039897470572346840e-18,9.676358848810195923e-02,2.281503230333328247e-01,-1.975025534629821777e-01,7.572548091411590576e-02,-5.501915886998176575e-02,8.636217698889205908e-16,1.069925501942634583e-01,-1.675984114408493042e-01
4.520112648606300354e-02,-5.722644552588462830e-02,1.088615417480468750e+00,-2.860847674310207367e-02,7.113114465028047562e-03,7.090108990669250488e-01,7.045810818672180176e-01,7.036784291267395020e-02,-1.172357723116874695e-01,-5.972142815589904785e-01,-1.270973235368728638e-01,1.079495251178741455e-01,-7.785062193870544434e-01,-8.771383017301559448e-02,-3.238738328218460083e-02,-9.483925998210906982e-02,-5.150191929877660909e-19,9.546700865030288696e-02,2.322514206171035767e-01,-1.889373064041137695e-01,7.533077895641326904e-02,-3.519561886787414551e-02,3.350094715729562932e-18,1.014681011438369751e-01,-1.668854802846908569e-01
4.153485223650932312e-02,-5.416632816195487976e-02,1.089413881301879883e+00,-2.747157216072082520e-02,6.526189390569925308e-03,7.031847834587097168e-01,7.104462385177612305e-01,6.979633867740631104e-02,-1.197567507624626160e-01,-5.844886898994445801e-01,-1.294941604137420654e-01,1.101856455206871033e-01,-8.000401258468627930e-01,-8.574801683425903320e-02,-3.649685159325599670e-02,-7.816349714994430542e-02,-1.176680964968932928e-19,9.671312570571899414e-02,2.375172674655914307e-01,-1.803382039070129395e-01,7.291260361671447754e-02,-2.117583714425563812e-02,2.361633736063396133e-19,9.743979573249816895e-02,-1.650503277778625488e-01
3.839444741606712341e-02,-5.116134136915206909e-02,1.090116620063781738e+00,-2.758578024804592133e-02,5.504501517862081528e-03,6.977614164352416992e-01,7.157777547836303711e-01,7.190598547458648682e-02,-1.192143112421035767e-01,-5.851879119873046875e-01,-1.231416314840316772e-01,1.096445396542549133e-01,-8.221439719200134277e-01,-8.516540378332138062e-02,-3.705633431673049927e-02,-6.473761051893234253e-02,-1.443516195688738808e-18,9.991575777530670166e-02,2.390535175800323486e-01,-1.732116639614105225e-01,7.352616637945175171e-02,-5.582797341048717499e-03,3.909990111309555880e-18,9.453181177377700806e-02,-1.634990870952606201e-01
3.576686605811119080e-02,-4.899649322032928467e-02,1.090942025184631348e+00,-2.760262228548526764e-02,5.091306287795305252e-03,6.937934160232543945e-01,7.196269035339355469e-01,7.253191620111465454e-02,-1.177161484956741333e-01,-5.946643948554992676e-01,-1.161077618598937988e-01,1.081613078713417053e-01,-8.253102898597717285e-01,-8.488945662975311279e-02,-3.801539540290832520e-02,-5.430802702903747559e-02,1.250154455698343058e-18,9.936382621526718140e-02,2.396064102649688721e-01,-1.682477444410324097e-01,7.301992177963256836e-02,5.403194576501846313e-03,-7.636200542844530283e-19,8.890375494956970215e-02,-1.639006882905960083e-01
3.322496265172958374e-02,-4.644558206200599670e-02,1.091072678565979004e+00,-2.730989642441272736e-02,4.136588890105485916e-03,6.900144219398498535e-01,7.232683897018432617e-01,7.066877931356430054e-02,-1.152022108435630798e-01,-6.043022274971008301e-01,-1.038050204515457153e-01,1.102850958704948425e-01,-8.168586492538452148e-01,-8.315753936767578125e-02,-3.934803605079650879e-02,-4.399384185671806335e-02,-2.531318258200074018e-18,9.915507584810256958e-02,2.394596040248870850e-01,-1.619655489921569824e-01,7.307323813438415527e-02,1.667595468461513519e-02,-5.240850925013472742e-18,8.687038719654083252e-02,-1.644328087568283081e-01
3.137379139661788940e-02,-4.462554305791854858e-02,1.091380000114440918e+00,-2.635893411934375763e-02,4.593006335198879242e-03,6.855838894844055176e-01,7.275018095970153809e-01,6.075083464384078979e-02,-1.165103688836097717e-01,-6.201124191284179688e-01,-8.907074481248855591e-02,1.200317963957786560e-01,-8.030925393104553223e-01,-8.276969194412231445e-02,-4.254393652081489563e-02,-3.297571092844009399e-02,-8.023387243968351477e-19,9.824249148368835449e-02,2.437526732683181763e-01,-1.568669974803924561e-01,7.136441022157669067e-02,2.977949008345603943e-02,1.591032277408995551e-19,8.284392952919006348e-02,-1.646048128604888916e-01
2.991971187293529510e-02,-4.262650385499000549e-02,1.091585755348205566e+00,-2.591602317988872528e-02,4.709220025688409805e-03,6.823946833610534668e-01,7.305092215538024902e-01,5.247868224978446960e-02,-1.170909255743026733e-01,-6.285527944564819336e-01,-7.006405293941497803e-02,1.154862940311431885e-01,-7.774028778076171875e-01,-8.234176784753799438e-02,-4.387070983648300171e-02,-2.492362447082996368e-02,-6.212324923620250565e-19,9.839124977588653564e-02,2.410301417112350464e-01,-1.526052355766296387e-01,6.987641006708145142e-02,3.708297014236450195e-02,1.038941330908440419e-18,7.923996448516845703e-02,-1.610683798789978027e-01
2.783422917127609253e-02,-4.088621959090232849e-02,1.091579318046569824e+00,-2.551785483956336975e-02,4.607335664331912994e-03,6.793371438980102539e-01,7.333680391311645508e-01,4.103052243590354919e-02,-1.232597529888153076e-01,-6.408116817474365234e-01,-4.908089339733123779e-02,1.169816106557846069e-01,-7.409495115280151367e-01,-8.206837624311447144e-02,-4.524930566549301147e-02,-1.564820483326911926e-02,-2.421812779987854002e-18,9.934642910957336426e-02,2.420793473720550537e-01,-1.488930881023406982e-01,6.849349290132522583e-02,4.584984108805656433e-02,1.833484705212575834e-18,8.073578774929046631e-02,-1.574850827455520630e-01
2.704440802335739136e-02,-3.884512931108474731e-02,1.091819524765014648e+00,-2.498145587742328644e-02,4.119365941733121872e-03,6.775025725364685059e-01,7.350845336914062500e-01,3.093134984374046326e-02,-1.139653250575065613e-01,-6.540047526359558105e-01,-2.899609692394733429e-02,1.172415986657142639e-01,-6.973461508750915527e-01,-7.968246936798095703e-02,-4.513452202081680298e-02,-9.649383835494518280e-03,-1.730461841460933896e-19,9.750812500715255737e-02,2.464192956686019897e-01,-1.441791057586669922e-01,6.921433657407760620e-02,5.220643058419227600e-02,-1.926282789412449796e-18,7.807020843029022217e-02,-1.613743901252746582e-01
2.543926052749156952e-02,-3.662548586726188660e-02,1.091696143150329590e+00,-2.424037270247936249e-02,3.371004248037934303e-03,6.765726208686828613e-01,7.359691262245178223e-01,2.594720199704170227e-02,-1.107418164610862732e-01,-6.701708436012268066e-01,-8.013021200895309448e-03,1.127647086977958679e-01,-6.516231894493103027e-01,-7.669409364461898804e-02,-4.661798849701881409e-02,-5.025200545787811279e-03,1.379029195134104770e-18,9.596569091081619263e-02,2.430920749902725220e-01,-1.396711319684982300e-01,6.832755357027053833e-02,5.425391718745231628e-02,3.353465476725716519e-18,7.814164459705352783e-02,-1.599322557449340820e-01
2.445717528462409973e-02,-3.477010875940322876e-02,1.091765284538269043e+00,-2.316354215145111084e-02,3.661017399281263351e-03,6.751892566680908203e-01,7.372716665267944336e-01,1.968623697757720947e-02,-1.112977489829063416e-01,-6.811540722846984863e-01,1.340551022440195084e-02,1.156336516141891479e-01,-6.042657494544982910e-01,-7.472685724496841431e-02,-4.914470762014389038e-02,-3.160382388159632683e-03,-1.942028172372396678e-18,9.506040066480636597e-02,2.439407408237457275e-01,-1.359812319278717041e-01,6.624282896518707275e-02,5.879535526037216187e-02,-2.434548879879332969e-18,7.508803904056549072e-02,-1.561845093965530396e-01
2.380276098847389221e-02,-3.200810030102729797e-02,1.091777205467224121e+00,-2.228511869907379150e-02,3.077180823311209679e-03,6.736574769020080566e-01,7.387012243270874023e-01,1.270081289112567902e-02,-1.095889806747436523e-01,-6.847924590110778809e-01,3.603246062994003296e-02,1.240078285336494446e-01,-5.705882310867309570e-01,-7.172474265098571777e-02,-4.990040510892868042e-02,2.778422320261597633e-03,-6.583497408085045143e-19,9.594193100929260254e-02,2.445770353078842163e-01,-1.307254284620285034e-01,6.706070154905319214e-02,6.500334292650222778e-02,1.008110655117363971e-18,7.618765532970428467e-02,-1.582745611667633057e-01
2.311714738607406616e-02,-3.051553852856159210e-02,1.092091560363769531e+00,-2.111210860311985016e-02,3.479413688182830811e-03,6.748650670051574707e-01,7.376309037208557129e-01,1.029808912426233292e-02,-1.076886206865310669e-01,-6.829167008399963379e-01,5.196569114923477173e-02,1.170372590422630310e-01,-5.280249118804931641e-01,-6.862858682870864868e-02,-5.215173214673995972e-02,3.178992774337530136e-03,1.523813580206478946e-06,9.600950777530670166e-02,2.489746958017349243e-01,-1.286882460117340088e-01,6.416384875774383545e-02,6.425892561674118042e-02,1.134832837124122307e-05,7.654072344303131104e-02,-1.543252468109130859e-01
2.267030626535415649e-02,-2.940394729375839233e-02,1.092579126358032227e+00,-2.173668518662452698e-02,3.191889729350805283e-03,6.748178601264953613e-01,7.376571893692016602e-01,8.261351846158504486e-03,-1.056749075651168823e-01,-6.824488639831542969e-01,6.659279018640518188e-02,1.169622093439102173e-01,-5.030003786087036133e-01,-6.748943030834197998e-02,-5.073367431759834290e-02,-6.668966962024569511e-04,1.904766899762933008e-10,9.230191260576248169e-02,2.395521551370620728e-01,-1.280857771635055542e-01,6.572867184877395630e-02,6.652713567018508911e-02,9.667370468378067017e-04,7.501640170812606812e-02,-1.541341841220855713e-01
2.241046726703643799e-02,-2.885904163122177124e-02,1.092521429061889648e+00,-2.197028696537017822e-02,3.433738369494676590e-03,6.754896044731140137e-01,7.370341420173645020e-01,5.667140707373619080e-03,-1.035680919885635376e-01,-6.768510341644287109e-01,7.752373069524765015e-02,1.122259497642517090e-01,-4.935388863086700439e-01,-6.773930042982101440e-02,-5.160191282629966736e-02,3.830124624073505402e-04,2.380851050164112248e-14,9.285502135753631592e-02,2.353946268558502197e-01,-1.298430263996124268e-01,6.563761830329895020e-02,6.406192481517791748e-02,3.575678216293454170e-03,7.577368617057800293e-02,-1.517988741397857666e-01
2.174977771937847137e-02,-2.812193147838115692e-02,1.091836929321289062e+00,-2.101942896842956543e-02,5.252575036138296127e-03,6.774930357933044434e-01,7.352100014686584473e-01,6.599805783480405807e-03,-1.093012616038322449e-01,-6.732459664344787598e-01,8.141325414180755615e-02,1.049741730093955994e-01,-4.896076917648315430e-01,-6.665977835655212402e-02,-5.701583623886108398e-02,-5.323444493114948273e-03,1.037666493175493088e-06,9.278520941734313965e-02,2.508183419704437256e-01,-1.316243857145309448e-01,6.005429849028587341e-02,5.813447758555412292e-02,3.412174293771386147e-03,7.602518051862716675e-02,-1.470096409320831299e-01
2.219676598906517029e-02,-2.856394276022911072e-02,1.092041730880737305e+00,-2.208416908979415894e-02,5.613486282527446747e-03,6.787788271903991699e-01,7.339891791343688965e-01,8.224810473620891571e-03,-1.152964383363723755e-01,-6.669516563415527344e-01,8.512862771749496460e-02,1.049497500061988831e-01,-4.981091618537902832e-01,-6.818075478076934814e-02,-5.567393824458122253e-02,-9.997108019888401031e-03,2.575472353782970458e-05,9.283260256052017212e-02,2.458921968936920166e-01,-1.347691118717193604e-01,6.102649122476577759e-02,5.451933667063713074e-02,4.139900673180818558e-03,7.579436898231506348e-02,-1.468311548233032227e-01
2.253694087266921997e-02,-2.666105702519416809e-02,1.091657996177673340e+00,-2.174365520477294922e-02,5.658972542732954025e-03,6.797996759414672852e-01,7.330536246299743652e-01,1.312258746474981308e-02,-1.134916469454765320e-01,-6.596190929412841797e-01,8.834166824817657471e-02,9.988235682249069214e-02,-5.123865008354187012e-01,-6.543557345867156982e-02,-5.652233958244323730e-02,-1.200459338724613190e-02,2.221053136963746510e-06,9.164509177207946777e-02,2.506511509418487549e-01,-1.311897635459899902e-01,6.024186313152313232e-02,5.452439934015274048e-02,5.814001196995377541e-04,7.611326873302459717e-02,-1.471121609210968018e-01
2.300077117979526520e-02,-2.619378454983234406e-02,1.091967701911926270e+00,-2.231064438819885254e-02,5.129515193402767181e-03,6.806921362876892090e-01,7.322118282318115234e-01,1.781320944428443909e-02,-1.136916577816009521e-01,-6.538099646568298340e-01,8.701649308204650879e-02,1.006212830543518066e-01,-5.224657654762268066e-01,-6.453754007816314697e-02,-5.518915131688117981e-02,-1.580383814871311188e-02,2.776316399000222646e-10,8.977530896663665771e-02,2.498899847269058228e-01,-1.308448165655136108e-01,6.199050322175025940e-02,5.037950351834297180e-02,5.021686888539989013e-07,7.552400976419448853e-02,-1.518952697515487671e-01
