5.863338708877563477e-01,3.759334981441497803e-01,1.018775343894958496e+00,-4.362063482403755188e-02,5.153710767626762390e-02,6.823723316192626953e-01,7.278798818588256836e-01,-9.866323322057723999e-02,-1.338613778352737427e-01,-4.981971979141235352e-01,-2.196304872632026672e-02,2.154699862003326416e-01,-5.873386263847351074e-01,-2.417294234037399292e-01,-8.581665903329849243e-02,-1.345071643590927124e-01,3.672994796765499670e-13,1.097257621586322784e-02,1.190148741006851196e-01,-1.944278180599212646e-01,4.827326163649559021e-02,2.585208415985107422e-01,1.403237132068836657e-16,1.027652714401483536e-02,-6.832841783761978149e-02
5.866109728813171387e-01,3.818490505218505859e-01,1.015386819839477539e+00,-3.897562623023986816e-02,3.806948661804199219e-02,6.875131130218505859e-01,7.241252064704895020e-01,-2.930063195526599884e-02,-1.325197666883468628e-01,-5.592058300971984863e-01,8.219490945339202881e-02,2.572731077671051025e-01,-7.051771879196166992e-01,-2.092947214841842651e-01,-7.870272547006607056e-02,-1.601925045251846313e-01,-2.062789924360238294e-18,8.164188824594020844e-03,1.290804445743560791e-01,-1.708646565675735474e-01,5.472249910235404968e-02,2.284531146287918091e-01,6.236809469751820184e-18,1.333166658878326416e-02,-7.695397734642028809e-02
5.868979692459106445e-01,3.819693326950073242e-01,1.014584779739379883e+00,-4.038760811090469360e-02,3.803969547152519226e-02,6.879429817199707031e-01,7.236409783363342285e-01,-2.167929150164127350e-02,-1.332261115312576294e-01,-5.721850991249084473e-01,1.074214503169059753e-01,2.716632783412933350e-01,-7.398843765258789062e-01,-2.105926871299743652e-01,-7.692820578813552856e-02,-1.624896675348281860e-01,-6.651855613906427350e-19,7.715781684964895248e-03,1.282448917627334595e-01,-1.727842688560485840e-01,5.627720803022384644e-02,2.247248440980911255e-01,-3.389296459319676019e-18,1.456630509346723557e-02,-7.657269388437271118e-02
5.875643491744995117e-01,3.837344348430633545e-01,1.014013171195983887e+00,-4.092556983232498169e-02,3.723957389593124390e-02,6.881012320518493652e-01,7.235018610954284668e-01,-1.795461215078830719e-02,-1.304786205291748047e-01,-5.772824883460998535e-01,1.287934035062789917e-01,2.844418883323669434e-01,-7.639321088790893555e-01,-2.080638855695724487e-01,-7.516759634017944336e-02,-1.636439710855484009e-01,8.252747884217054991e-19,6.549902260303497314e-03,1.292075067758560181e-01,-1.709659397602081299e-01,5.808315053582191467e-02,2.232869714498519897e-01,5.291097184142393856e-18,1.361259724944829941e-02,-7.660131156444549561e-02
5.878435969352722168e-01,3.833105564117431641e-01,1.013724923133850098e+00,-4.163895919919013977e-02,3.656826168298721313e-02,6.877622008323669434e-01,7.238177061080932617e-01,-1.678260788321495056e-02,-1.274545043706893921e-01,-5.795295834541320801e-01,1.460914462804794312e-01,2.952480614185333252e-01,-7.842452526092529297e-01,-2.082856148481369019e-01,-7.302404195070266724e-02,-1.636402308940887451e-01,2.450572195525097668e-19,5.854610353708267212e-03,1.286456286907196045e-01,-1.717109531164169312e-01,5.902018025517463684e-02,2.171603441238403320e-01,3.939761995916564452e-19,1.349206548184156418e-02,-7.590319216251373291e-02
5.883786678314208984e-01,3.846946656703948975e-01,1.013463377952575684e+00,-4.190443083643913269e-02,3.576958924531936646e-02,6.885286569595336914e-01,7.231132984161376953e-01,-1.741932518780231476e-02,-1.250064820051193237e-01,-5.777742266654968262e-01,1.595559120178222656e-01,3.034909963607788086e-01,-7.994662523269653320e-01,-2.056909799575805664e-01,-7.169735431671142578e-02,-1.644614785909652710e-01,-3.170497261132049563e-18,4.402634222060441971e-03,1.293672919273376465e-01,-1.703526973724365234e-01,6.064539775252342224e-02,2.156875580549240112e-01,-5.583535309181941048e-18,1.308691129088401794e-02,-7.692365348339080811e-02
5.888300538063049316e-01,3.838017284870147705e-01,1.018273472785949707e+00,-3.166123479604721069e-02,4.797884821891784668e-02,6.903401017189025879e-01,7.211977243423461914e-01,-2.107886411249637604e-02,-1.416010707616806030e-01,-5.750654339790344238e-01,1.494973450899124146e-01,2.839736938476562500e-01,-8.003158569335937500e-01,-2.092012465000152588e-01,-1.038042083382606506e-01,-1.671718358993530273e-01,8.461329747478426450e-19,2.469434868544340134e-03,1.418073475360870361e-01,-1.708410829305648804e-01,3.272598981857299805e-02,2.473430335521697998e-01,-1.276637470189840792e-17,-7.599090784788131714e-02,-3.603005409240722656e-02
5.875453352928161621e-01,3.853582441806793213e-01,1.018047213554382324e+00,-2.797331660985946655e-02,4.883106425404548645e-02,6.889664530754089355e-01,7.226051688194274902e-01,-5.074931774288415909e-03,-1.532311290502548218e-01,-5.848281383514404297e-01,1.515012830495834351e-01,2.742200791835784912e-01,-8.007087707519531250e-01,-2.054887264966964722e-01,-1.117584779858589172e-01,-1.646873056888580322e-01,-3.883699002720170448e-18,-1.569736516103148460e-03,1.475909650325775146e-01,-1.617249846458435059e-01,2.326482348144054413e-02,2.403801977634429932e-01,4.729937856586419881e-18,-8.247586339712142944e-02,-1.849182695150375366e-02
5.875524878501892090e-01,3.856265842914581299e-01,1.018043756484985352e+00,-2.698073722422122955e-02,4.831422120332717896e-02,6.888418793678283691e-01,7.227963805198669434e-01,6.441791076213121414e-03,-1.589189916849136353e-01,-5.961244106292724609e-01,1.500043570995330811e-01,2.710132002830505371e-01,-7.966257333755493164e-01,-2.041504681110382080e-01,-1.123406663537025452e-01,-1.618389487266540527e-01,6.430568256436241387e-19,-1.672774204052984715e-03,1.465475857257843018e-01,-1.589220166206359863e-01,2.263498492538928986e-02,2.430368959903717041e-01,-2.866147735271738772e-19,-8.167161792516708374e-02,-2.310355938971042633e-02
5.873296856880187988e-01,3.862000405788421631e-01,1.017683982849121094e+00,-2.587103471159934998e-02,4.874327406287193298e-02,6.886940002441406250e-01,7.229490876197814941e-01,1.463914010673761368e-02,-1.638582795858383179e-01,-6.053729653358459473e-01,1.473367363214492798e-01,2.669871449470520020e-01,-7.939311265945434570e-01,-2.030044794082641602e-01,-1.151632964611053467e-01,-1.616697758436203003e-01,3.288076022122787129e-19,-3.116334846708923578e-04,1.476073861122131348e-01,-1.577928811311721802e-01,2.028007246553897858e-02,2.436881512403488159e-01,4.304303800591133961e-18,-8.153705298900604248e-02,-1.801933161914348602e-02
5.872124433517456055e-01,3.862608969211578369e-01,1.017843842506408691e+00,-2.511123195290565491e-02,4.891336709260940552e-02,6.884814500808715820e-01,7.231667637825012207e-01,2.021890878677368164e-02,-1.671078354120254517e-01,-6.123680472373962402e-01,1.441842764616012573e-01,2.632433474063873291e-01,-7.910116910934448242e-01,-2.022148072719573975e-01,-1.163167208433151245e-01,-1.616739928722381592e-01,-4.013718560123705550e-18,-2.548803109675645828e-03,1.473480314016342163e-01,-1.564811468124389648e-01,1.867721229791641235e-02,2.434260547161102295e-01,5.356318721080974982e-18,-8.379909396171569824e-02,-1.818959228694438934e-02
5.873614549636840820e-01,3.866100311279296875e-01,1.017778277397155762e+00,-2.458885684609413147e-02,4.922172427177429199e-02,6.886588931083679199e-01,7.229948639869689941e-01,2.503384090960025787e-02,-1.703302115201950073e-01,-6.171109080314636230e-01,1.397083848714828491e-01,2.590110301971435547e-01,-7.859727144241333008e-01,-2.017813026905059814e-01,-1.171009689569473267e-01,-1.595347076654434204e-01,-2.593667824051871032e-18,-1.764326938427984715e-03,1.469473391771316528e-01,-1.560248583555221558e-01,1.773305237293243408e-02,2.442339658737182617e-01,-2.473653843337777353e-18,-8.339044451713562012e-02,-1.827528700232505798e-02
5.870625376701354980e-01,3.866620063781738281e-01,1.017634272575378418e+00,-2.424502372741699219e-02,4.944783821702003479e-02,6.883153915405273438e-01,7.233180403709411621e-01,2.795623429119586945e-02,-1.720785051584243774e-01,-6.211716532707214355e-01,1.353256404399871826e-01,2.557484805583953857e-01,-7.806970477104187012e-01,-2.019290179014205933e-01,-1.183176487684249878e-01,-1.606607437133789062e-01,2.495306123051965405e-18,-1.380111556500196457e-03,1.484196484088897705e-01,-1.557049006223678589e-01,1.664654724299907684e-02,2.443447709083557129e-01,4.321244459536219967e-18,-8.282929658889770508e-02,-1.775258220732212067e-02
5.871171355247497559e-01,3.869304358959197998e-01,1.017761826515197754e+00,-2.381248213350772858e-02,4.960788041353225708e-02,6.886294484138488770e-01,7.230224609375000000e-01,3.079466521739959717e-02,-1.736117005348205566e-01,-6.234258413314819336e-01,1.307694911956787109e-01,2.517880201339721680e-01,-7.759481072425842285e-01,-2.011151313781738281e-01,-1.195132657885551453e-01,-1.607258170843124390e-01,-2.957468474897593028e-18,-1.933931605890393257e-03,1.480110287666320801e-01,-1.552207320928573608e-01,1.564910262823104858e-02,2.438346147537231445e-01,2.465395272102047924e-18,-8.343945443630218506e-02,-1.737979613244533539e-02
5.871875882148742676e-01,3.874506056308746338e-01,1.017658591270446777e+00,-2.354362607002258301e-02,4.993924498558044434e-02,6.884289383888244629e-01,7.231994271278381348e-01,3.330831974744796753e-02,-1.751686483621597290e-01,-6.264223456382751465e-01,1.268299669027328491e-01,2.491864413022994995e-01,-7.718544602394104004e-01,-2.008510231971740723e-01,-1.200458779931068420e-01,-1.596444100141525269e-01,-6.526230039916773931e-18,-2.544140210375189781e-03,1.479752659797668457e-01,-1.548583060503005981e-01,1.519799139350652695e-02,2.445437759160995483e-01,6.349570730855048917e-19,-8.353459089994430542e-02,-1.809810660779476166e-02
5.869392752647399902e-01,3.874070346355438232e-01,1.017718911170959473e+00,-2.327739633619785309e-02,5.029679089784622192e-02,6.886624693870544434e-01,7.229608297348022461e-01,3.612171113491058350e-02,-1.764711737632751465e-01,-6.300117969512939453e-01,1.232164055109024048e-01,2.450648695230484009e-01,-7.679718732833862305e-01,-2.008802741765975952e-01,-1.213641688227653503e-01,-1.609975695610046387e-01,-8.715386692095513158e-18,-2.340509556233882904e-03,1.482806354761123657e-01,-1.553710550069808960e-01,1.389911863952875137e-02,2.429176717996597290e-01,4.588906870868578874e-18,-8.375744521617889404e-02,-1.759269833564758301e-02
5.871427059173583984e-01,3.877769410610198975e-01,1.017810344696044922e+00,-2.420669980347156525e-02,5.106946825981140137e-02,6.901929974555969238e-01,7.214149832725524902e-01,4.489181563258171082e-02,-1.893861144781112671e-01,-6.409625411033630371e-01,1.200086995959281921e-01,2.473181188106536865e-01,-7.678943276405334473e-01,-2.015442550182342529e-01,-1.216849759221076965e-01,-1.648414731025695801e-01,-1.547793892429623688e-18,-4.020837601274251938e-03,1.489731818437576294e-01,-1.580830514430999756e-01,1.399502251297235489e-02,2.402253001928329468e-01,3.590255026055758775e-18,-8.266843855381011963e-02,-1.727634295821189880e-02
5.873414278030395508e-01,3.879272341728210449e-01,1.019897222518920898e+00,-2.716865204274654388e-02,4.845794290304183960e-02,6.897706985473632812e-01,7.218934297561645508e-01,5.062130838632583618e-02,-1.836582273244857788e-01,-6.505719423294067383e-01,1.202659234404563904e-01,2.495561689138412476e-01,-7.660551667213439941e-01,-1.950540840625762939e-01,-1.066439524292945862e-01,-1.699150800704956055e-01,1.024645168381686441e-18,-1.433339156210422516e-02,9.528568387031555176e-02,-1.581540703773498535e-01,2.108249813318252563e-02,2.380163371562957764e-01,1.736946937463349633e-18,-8.317344635725021362e-02,-9.586643427610397339e-03
5.879563093185424805e-01,3.882276415824890137e-01,1.019905090332031250e+00,-2.663927897810935974e-02,4.893645644187927246e-02,6.902334690093994141e-01,7.214384078979492188e-01,5.362388491630554199e-02,-1.843054145574569702e-01,-6.533104777336120605e-01,1.211565062403678894e-01,2.486104220151901245e-01,-7.672773599624633789e-01,-1.943072527647018433e-01,-1.078141033649444580e-01,-1.722351610660552979e-01,-4.416694484779938937e-18,-1.178886648267507553e-02,9.258246421813964844e-02,-1.584557741880416870e-01,2.046589553356170654e-02,2.359783500432968140e-01,-4.420135556128159532e-18,-8.427816629409790039e-02,-8.795593865215778351e-03
5.880174636840820312e-01,3.886767029762268066e-01,1.019724845886230469e+00,-2.631327696144580841e-02,4.843854904174804688e-02,6.887301206588745117e-01,7.229192256927490234e-01,5.052400380373001099e-02,-1.782145500183105469e-01,-6.495703458786010742e-01,1.229920908808708191e-01,2.491443157196044922e-01,-7.646971940994262695e-01,-1.937705427408218384e-01,-1.070754677057266235e-01,-1.709484457969665527e-01,-3.495546154640887318e-18,-1.306193601340055466e-02,9.470365196466445923e-02,-1.562079042196273804e-01,2.115217037498950958e-02,2.388135790824890137e-01,4.370372370476969387e-18,-8.318421244621276855e-02,-6.865735165774822235e-03
5.876944661140441895e-01,3.885964453220367432e-01,1.019646048545837402e+00,-2.630715258419513702e-02,4.799109697341918945e-02,6.887743473052978516e-01,7.229071259498596191e-01,4.778891429305076599e-02,-1.747854501008987427e-01,-6.446956396102905273e-01,1.231965720653533936e-01,2.489995360374450684e-01,-7.635440230369567871e-01,-1.921155899763107300e-01,-1.071476340293884277e-01,-1.723906546831130981e-01,7.101259531984037074e-18,-1.562119275331497192e-02,9.583117812871932983e-02,-1.561044156551361084e-01,2.166071906685829163e-02,2.389665693044662476e-01,1.927529350595567209e-18,-8.447052538394927979e-02,-7.564216852188110352e-03
5.881534218788146973e-01,3.890576362609863281e-01,1.019754886627197266e+00,-2.659475617110729218e-02,4.773173108696937561e-02,6.890374422073364258e-01,7.226629853248596191e-01,4.493592306971549988e-02,-1.736626625061035156e-01,-6.418330073356628418e-01,1.235801205039024353e-01,2.487053871154785156e-01,-7.640694379806518555e-01,-1.922652572393417358e-01,-1.053902953863143921e-01,-1.707226932048797607e-01,-4.415688633155074455e-19,-1.414819434285163879e-02,9.391357004642486572e-02,-1.562012135982513428e-01,2.315602265298366547e-02,2.403136789798736572e-01,2.774562297849867548e-18,-8.272766321897506714e-02,-8.630319498479366302e-03
5.878794193267822266e-01,3.889996707439422607e-01,1.019681453704833984e+00,-2.686773613095283508e-02,4.769961163401603699e-02,6.890525817871093750e-01,7.226405739784240723e-01,4.326699301600456238e-02,-1.725187748670578003e-01,-6.392563581466674805e-01,1.237585321068763733e-01,2.483303248882293701e-01,-7.627429962158203125e-01,-1.929004490375518799e-01,-1.052383929491043091e-01,-1.716028302907943726e-01,-7.383427382538125874e-18,-1.378346048295497894e-02,9.164680540561676025e-02,-1.561095565557479858e-01,2.307946048676967621e-02,2.386592179536819458e-01,-7.752363170626577066e-18,-8.272412419319152832e-02,-6.268832366913557053e-03
5.879884958267211914e-01,3.892793059349060059e-01,1.019694924354553223e+00,-2.700245007872581482e-02,4.746558144688606262e-02,6.888943314552307129e-01,7.228018641471862793e-01,4.160468280315399170e-02,-1.705142408609390259e-01,-6.376153826713562012e-01,1.238917931914329529e-01,2.475813627243041992e-01,-7.636547684669494629e-01,-1.926692128181457520e-01,-1.044069528579711914e-01,-1.709669381380081177e-01,-9.252246761977129391e-19,-1.402175053954124451e-02,9.171743690967559814e-02,-1.559723317623138428e-01,2.400566451251506805e-02,2.401277869939804077e-01,1.952940339013196219e-18,-8.301958441734313965e-02,-8.093073032796382904e-03
5.882499217987060547e-01,3.896536231040954590e-01,1.019674777984619141e+00,-2.754977904260158539e-02,4.712484776973724365e-02,6.895142793655395508e-01,7.222121357917785645e-01,4.074557870626449585e-02,-1.701887249946594238e-01,-6.373227238655090332e-01,1.238215044140815735e-01,2.469084858894348145e-01,-7.643918395042419434e-01,-1.921602934598922729e-01,-1.033317074179649353e-01,-1.734219342470169067e-01,2.728875458257338724e-18,-1.539765484631061554e-02,9.160665422677993774e-02,-1.565691232681274414e-01,2.543004043400287628e-02,2.393044233322143555e-01,-6.821791598949321356e-19,-8.128451555967330933e-02,-8.986802771687507629e-03
5.889446139335632324e-01,3.869456946849822998e-01,1.020129919052124023e+00,-3.041474707424640656e-02,5.060191452503204346e-02,6.884412765502929688e-01,7.228851914405822754e-01,2.798498049378395081e-02,-1.697071343660354614e-01,-6.326925158500671387e-01,1.051093116402626038e-01,2.409048080444335938e-01,-7.548783421516418457e-01,-2.035199105739593506e-01,-1.023733019828796387e-01,-1.720916926860809326e-01,5.708472668901950348e-19,-1.498821098357439041e-02,8.801195770502090454e-02,-1.669242680072784424e-01,2.599099092185497284e-02,2.415487021207809448e-01,-3.523127664985855473e-18,-7.860886305570602417e-02,-9.701836854219436646e-03
5.882003903388977051e-01,3.899909853935241699e-01,1.019692182540893555e+00,-2.917311340570449829e-02,4.862034693360328674e-02,6.886258721351623535e-01,7.228965759277343750e-01,3.102733008563518524e-02,-1.672467589378356934e-01,-6.311343312263488770e-01,1.107963025569915771e-01,2.424199879169464111e-01,-7.532935142517089844e-01,-1.957924515008926392e-01,-1.025871112942695618e-01,-1.702953428030014038e-01,-9.152720390674749101e-19,-1.899612694978713989e-02,9.194730222225189209e-02,-1.599068194627761841e-01,2.585903741419315338e-02,2.406130284070968628e-01,-9.388301429129851383e-19,-8.218117058277130127e-02,-9.418244473636150360e-03
5.880420207977294922e-01,3.902962803840637207e-01,1.019615411758422852e+00,-2.871473506093025208e-02,4.796211048960685730e-02,6.893602013587951660e-01,7.222586870193481445e-01,3.404282405972480774e-02,-1.685313731431961060e-01,-6.311419010162353516e-01,1.141619533300399780e-01,2.425307929515838623e-01,-7.532818913459777832e-01,-1.939184218645095825e-01,-1.033034473657608032e-01,-1.730592846870422363e-01,-5.426304818347861547e-20,-1.763007044792175293e-02,9.439653903245925903e-02,-1.585563123226165771e-01,2.554919198155403137e-02,2.397372573614120483e-01,-1.072661348579164592e-18,-8.154932409524917603e-02,-8.237074129283428192e-03
5.881244540214538574e-01,3.906112909317016602e-01,1.019590258598327637e+00,-2.815487049520015717e-02,4.824833571910858154e-02,6.888490915298461914e-01,7.227491736412048340e-01,3.477652370929718018e-02,-1.682781130075454712e-01,-6.306632161140441895e-01,1.162237301468849182e-01,2.420827597379684448e-01,-7.543653845787048340e-01,-1.931497305631637573e-01,-1.040479987859725952e-01,-1.717451363801956177e-01,-2.852436389438059786e-18,-1.655491627752780914e-02,9.238818287849426270e-02,-1.575864106416702271e-01,2.456725575029850006e-02,2.390337586402893066e-01,2.922793063619370107e-18,-8.308101445436477661e-02,-7.334561552852392197e-03
5.882533192634582520e-01,3.907348215579986572e-01,1.019502043724060059e+00,-2.812968008220195770e-02,4.814072325825691223e-02,6.889995336532592773e-01,7.226138710975646973e-01,3.586400300264358521e-02,-1.686145365238189697e-01,-6.294261217117309570e-01,1.164651066064834595e-01,2.422431707382202148e-01,-7.535915970802307129e-01,-1.937746852636337280e-01,-1.036188900470733643e-01,-1.717116087675094604e-01,2.345751868302378002e-19,-1.414240337908267975e-02,9.207638353109359741e-02,-1.577711403369903564e-01,2.503934130072593689e-02,2.401088476181030273e-01,2.449301646104216218e-18,-8.184571564197540283e-02,-9.366372600197792053e-03
5.882771015167236328e-01,3.907109797000885010e-01,1.019779562950134277e+00,-2.845631167292594910e-02,4.806584492325782776e-02,6.891281604766845703e-01,7.224833965301513672e-01,3.612480685114860535e-02,-1.681175380945205688e-01,-6.299529671669006348e-01,1.166813224554061890e-01,2.421737313270568848e-01,-7.527045011520385742e-01,-1.918885409832000732e-01,-1.036736667156219482e-01,-1.728863418102264404e-01,-7.063884203186441071e-18,-2.099272049963474274e-02,9.602423012256622314e-02,-1.578580290079116821e-01,2.544743567705154419e-02,2.403938323259353638e-01,3.542821181009517956e-18,-8.386071771383285522e-02,-7.639842107892036438e-03
5.883976817131042480e-01,3.908428549766540527e-01,1.019832849502563477e+00,-2.839728631079196930e-02,4.845983535051345825e-02,6.891112327575683594e-01,7.224755287170410156e-01,3.731859475374221802e-02,-1.687394082546234131e-01,-6.309882402420043945e-01,1.165311560034751892e-01,2.429102510213851929e-01,-7.546944022178649902e-01,-1.938878446817398071e-01,-1.033535972237586975e-01,-1.707665622234344482e-01,5.511802206461342488e-18,-1.572225056588649750e-02,9.094081819057464600e-02,-1.578562110662460327e-01,2.447622083127498627e-02,2.377631366252899170e-01,2.814372846370819664e-18,-8.359432220458984375e-02,-7.425297982990741730e-03
5.882282257080078125e-01,3.912973403930664062e-01,1.019794106483459473e+00,-2.841672115027904510e-02,4.858432337641716003e-02,6.889262199401855469e-01,7.226428985595703125e-01,3.791037574410438538e-02,-1.696248352527618408e-01,-6.306520700454711914e-01,1.171329393982887268e-01,2.441457062959671021e-01,-7.547119259834289551e-01,-1.933976113796234131e-01,-1.039288192987442017e-01,-1.718345284461975098e-01,4.859322139279514258e-19,-1.781034097075462341e-02,9.404350072145462036e-02,-1.578171253204345703e-01,2.416060119867324829e-02,2.401299923658370972e-01,-2.970862183376051652e-18,-8.411072194576263428e-02,-6.617987062782049179e-03
5.881303548812866211e-01,3.912654519081115723e-01,1.019914150238037109e+00,-2.889617346227169037e-02,4.836703091859817505e-02,6.891533136367797852e-01,7.224218845367431641e-01,3.811987861990928650e-02,-1.686614006757736206e-01,-6.318275928497314453e-01,1.183361411094665527e-01,2.446845322847366333e-01,-7.584954500198364258e-01,-1.933340132236480713e-01,-1.031571999192237854e-01,-1.731796115636825562e-01,-8.828253832317148678e-18,-1.883904077112674713e-02,9.231510758399963379e-02,-1.581284850835800171e-01,2.496901899576187134e-02,2.388242334127426147e-01,2.423890657686587208e-18,-8.408270776271820068e-02,-7.439318578690290451e-03
5.882753729820251465e-01,3.921478390693664551e-01,1.019564390182495117e+00,-2.889119833707809448e-02,4.880694299936294556e-02,6.888471841812133789e-01,7.226843833923339844e-01,3.823953121900558472e-02,-1.691107600927352905e-01,-6.310457587242126465e-01,1.201340630650520325e-01,2.475488334894180298e-01,-7.590349912643432617e-01,-1.937117129564285278e-01,-1.034894213080406189e-01,-1.717924028635025024e-01,1.388445819227408437e-18,-1.650449633598327637e-02,9.162773191928863525e-02,-1.578421592712402344e-01,2.477536164224147797e-02,2.391774058341979980e-01,-2.367774724930989810e-18,-8.394777774810791016e-02,-7.557109929621219635e-03
5.878579616546630859e-01,3.925162851810455322e-01,1.019600868225097656e+00,-2.911761030554771423e-02,4.860766232013702393e-02,6.893901228904724121e-01,7.221708297729492188e-01,3.880656138062477112e-02,-1.698469668626785278e-01,-6.311146616935729980e-01,1.214100345969200134e-01,2.478915750980377197e-01,-7.608037590980529785e-01,-1.930572837591171265e-01,-1.038558408617973328e-01,-1.736643463373184204e-01,-3.877822711648593740e-19,-1.815690845251083374e-02,9.306397289037704468e-02,-1.579286307096481323e-01,2.491400018334388733e-02,2.390248775482177734e-01,-5.135031363610789018e-18,-8.328926563262939453e-02,-7.762200199067592621e-03
5.880895853042602539e-01,3.931908309459686279e-01,1.019806027412414551e+00,-2.914383821189403534e-02,4.865071550011634827e-02,6.889173984527587891e-01,7.226178646087646484e-01,3.828833997249603271e-02,-1.683231592178344727e-01,-6.308006048202514648e-01,1.232869252562522888e-01,2.494440525770187378e-01,-7.621018886566162109e-01,-1.907805204391479492e-01,-1.037018597126007080e-01,-1.720018833875656128e-01,-4.251734818302163946e-18,-2.247002162039279938e-02,9.671646356582641602e-02,-1.569666266441345215e-01,2.499363571405410767e-02,2.398911565542221069e-01,5.892172939337726734e-19,-8.538834750652313232e-02,-7.790070958435535431e-03
5.877668261528015137e-01,3.935959041118621826e-01,1.019515633583068848e+00,-2.920082025229930878e-02,4.858995601534843445e-02,6.886738538742065430e-01,7.228517532348632812e-01,3.706727549433708191e-02,-1.671991199254989624e-01,-6.292341351509094238e-01,1.247529461979866028e-01,2.500719726085662842e-01,-7.630037069320678711e-01,-1.914577037096023560e-01,-1.037070676684379578e-01,-1.736859679222106934e-01,-7.976773962089763262e-18,-1.876057870686054230e-02,9.637448191642761230e-02,-1.564677357673645020e-01,2.534145675599575043e-02,2.422150969505310059e-01,1.928376383542821509e-18,-8.419016003608703613e-02,-8.032319135963916779e-03
5.879144668579101562e-01,3.942802846431732178e-01,1.019828200340270996e+00,-2.907543256878852844e-02,4.842034727334976196e-02,6.885946393013000488e-01,7.229436635971069336e-01,3.581162542104721069e-02,-1.665164232254028320e-01,-6.279918551445007324e-01,1.256741583347320557e-01,2.508307695388793945e-01,-7.640045285224914551e-01,-1.904505193233489990e-01,-1.031998842954635620e-01,-1.735083907842636108e-01,-1.127083215440253389e-19,-2.080654166638851166e-02,9.450548887252807617e-02,-1.555090844631195068e-01,2.548381499946117401e-02,2.417004257440567017e-01,7.195227249570061018e-18,-8.527781814336776733e-02,-8.607033640146255493e-03
5.877464413642883301e-01,3.946142494678497314e-01,1.019656181335449219e+00,-2.942248806357383728e-02,4.847650602459907532e-02,6.885480880737304688e-01,7.229701876640319824e-01,3.521182015538215637e-02,-1.666176915168762207e-01,-6.268211007118225098e-01,1.271512359380722046e-01,2.523621916770935059e-01,-7.657536864280700684e-01,-1.906674206256866455e-01,-1.024982929229736328e-01,-1.717472821474075317e-01,2.122611626260073256e-18,-2.058760449290275574e-02,9.504527598619461060e-02,-1.555136442184448242e-01,2.545901387929916382e-02,2.409039586782455444e-01,-6.233633096199616558e-18,-8.583048731088638306e-02,-8.126943372189998627e-03
5.875012278556823730e-01,3.952023386955261230e-01,1.019849896430969238e+00,-2.949613146483898163e-02,4.817131161689758301e-02,6.886841058731079102e-01,7.228580117225646973e-01,3.473085537552833557e-02,-1.654585897922515869e-01,-6.270592212677001953e-01,1.281134039163589478e-01,2.525737583637237549e-01,-7.679522037506103516e-01,-1.895929872989654541e-01,-1.021854877471923828e-01,-1.731910556554794312e-01,-4.754025356023964047e-18,-2.310163527727127075e-02,9.405706077814102173e-02,-1.543438881635665894e-01,2.543808519840240479e-02,2.408178001642227173e-01,5.017505542179254846e-18,-8.729437738656997681e-02,-7.319356314837932587e-03
5.876163244247436523e-01,3.956695199012756348e-01,1.019999504089355469e+00,-2.972211316227912903e-02,4.808020591735839844e-02,6.888259053230285645e-01,7.227196693420410156e-01,3.518860787153244019e-02,-1.658914685249328613e-01,-6.284250617027282715e-01,1.289277970790863037e-01,2.532489597797393799e-01,-7.702752351760864258e-01,-1.886690557003021240e-01,-1.016312167048454285e-01,-1.730806976556777954e-01,2.270842392029575815e-18,-2.456449717283248901e-02,9.420328587293624878e-02,-1.540142297744750977e-01,2.582738362252712250e-02,2.397464364767074585e-01,-1.915459131097193429e-18,-8.746873587369918823e-02,-7.727916352450847626e-03
5.873832702636718750e-01,3.959894180297851562e-01,1.019793987274169922e+00,-2.961054258048534393e-02,4.805428534746170044e-02,6.888388991355895996e-01,7.227136492729187012e-01,3.534755110740661621e-02,-1.661210656166076660e-01,-6.291231513023376465e-01,1.291644275188446045e-01,2.530460655689239502e-01,-7.712413072586059570e-01,-1.881287544965744019e-01,-1.018687263131141663e-01,-1.735266894102096558e-01,-7.306559142574798119e-18,-2.472130022943019867e-02,9.509565681219100952e-02,-1.534426957368850708e-01,2.549763768911361694e-02,2.403951734304428101e-01,1.683583861786328711e-18,-8.817074447870254517e-02,-6.946641020476818085e-03
5.874210596084594727e-01,3.962026834487915039e-01,1.019998311996459961e+00,-2.954639308154582977e-02,4.781656339764595032e-02,6.888189911842346191e-01,7.227510213851928711e-01,3.478005155920982361e-02,-1.639363467693328857e-01,-6.292034983634948730e-01,1.293598860502243042e-01,2.528510093688964844e-01,-7.728783488273620605e-01,-1.871551871299743652e-01,-1.016785353422164917e-01,-1.728004217147827148e-01,2.544010517519087675e-18,-2.620571106672286987e-02,9.315823018550872803e-02,-1.527655571699142456e-01,2.574401907622814178e-02,2.405818849802017212e-01,-1.342017825806032100e-18,-8.931949734687805176e-02,-7.682931143790483475e-03
5.871752500534057617e-01,3.964273035526275635e-01,1.019854545593261719e+00,-2.959709241986274719e-02,4.767034575343132019e-02,6.884481906890869141e-01,7.231117486953735352e-01,3.306354582309722900e-02,-1.618315726518630981e-01,-6.277770996093750000e-01,1.295511871576309204e-01,2.535485327243804932e-01,-7.726774215698242188e-01,-1.870324164628982544e-01,-1.015080362558364868e-01,-1.713711172342300415e-01,-1.597186501166390077e-19,-2.634383924305438995e-02,9.417243301868438721e-02,-1.524094194173812866e-01,2.557207457721233368e-02,2.403156757354736328e-01,-4.767419064502422671e-18,-8.858277648687362671e-02,-6.926388479769229889e-03
5.872278809547424316e-01,3.968157768249511719e-01,1.019767284393310547e+00,-2.976267598569393158e-02,4.780954122543334961e-02,6.883512139320373535e-01,7.231881022453308105e-01,3.218067437410354614e-02,-1.608197093009948730e-01,-6.273323893547058105e-01,1.294030398130416870e-01,2.535154819488525391e-01,-7.730925083160400391e-01,-1.875952333211898804e-01,-1.014907434582710266e-01,-1.725135445594787598e-01,4.172854875089107227e-18,-2.644895762205123901e-02,9.459632635116577148e-02,-1.518309265375137329e-01,2.594515122473239899e-02,2.402533441781997681e-01,5.198770592891675119e-18,-8.891206979751586914e-02,-7.781106047332286835e-03
5.873489975929260254e-01,3.970719873905181885e-01,1.019836425781250000e+00,-2.986591123044490814e-02,4.830606281757354736e-02,6.886358261108398438e-01,7.228798270225524902e-01,3.292770311236381531e-02,-1.619626730680465698e-01,-6.268643736839294434e-01,1.285323202610015869e-01,2.526793181896209717e-01,-7.730759382247924805e-01,-1.882923841476440430e-01,-1.020290777087211609e-01,-1.726903915405273438e-01,-2.499858925143457269e-18,-2.376392669975757599e-02,9.232783317565917969e-02,-1.530896574258804321e-01,2.550467103719711304e-02,2.401275187730789185e-01,3.416613271868627205e-18,-8.883227407932281494e-02,-7.267592474818229675e-03
5.870203971862792969e-01,3.975258767604827881e-01,1.019617676734924316e+00,-2.982124313712120056e-02,4.839027300477027893e-02,6.887163519859313965e-01,7.227993607521057129e-01,3.376403450965881348e-02,-1.637768596410751343e-01,-6.275529265403747559e-01,1.273140460252761841e-01,2.518301904201507568e-01,-7.727296948432922363e-01,-1.879113316535949707e-01,-1.023762598633766174e-01,-1.713839471340179443e-01,7.243719885800369712e-19,-2.450821362435817719e-02,9.513738006353378296e-02,-1.528076082468032837e-01,2.509113401174545288e-02,2.406407147645950317e-01,2.821149109948854067e-18,-8.967749029397964478e-02,-6.515209563076496124e-03
5.871148109436035156e-01,3.975952565670013428e-01,1.019728660583496094e+00,-2.989858016371726990e-02,4.828770831227302551e-02,6.885004043579101562e-01,7.230086922645568848e-01,3.378351405262947083e-02,-1.641584485769271851e-01,-6.289361119270324707e-01,1.267087608575820923e-01,2.518250644207000732e-01,-7.727015614509582520e-01,-1.876481771469116211e-01,-1.020147055387496948e-01,-1.714914888143539429e-01,4.275769378180504718e-18,-2.592150866985321045e-02,9.377277642488479614e-02,-1.523989439010620117e-01,2.542817592620849609e-02,2.402222454547882080e-01,3.311581186409093963e-18,-8.932134509086608887e-02,-6.948728580027818680e-03
5.869300961494445801e-01,3.977220356464385986e-01,1.019613623619079590e+00,-2.985742874443531036e-02,4.843233153223991394e-02,6.885019540786743164e-01,7.229992151260375977e-01,3.422496840357780457e-02,-1.638014614582061768e-01,-6.292896270751953125e-01,1.256747543811798096e-01,2.507427632808685303e-01,-7.718846201896667480e-01,-1.879568248987197876e-01,-1.024042591452598572e-01,-1.699825227260589600e-01,1.079437612157198995e-19,-2.476815693080425262e-02,9.418787807226181030e-02,-1.527215242385864258e-01,2.499215304851531982e-02,2.409314811229705811e-01,-4.432841050336974037e-18,-8.878730237483978271e-02,-7.040497846901416779e-03
5.870530009269714355e-01,3.980089128017425537e-01,1.019544601440429688e+00,-2.972019091248512268e-02,4.824262857437133789e-02,6.880643963813781738e-01,7.234340310096740723e-01,3.367109224200248718e-02,-1.636197865009307861e-01,-6.296604275703430176e-01,1.250199973583221436e-01,2.492422908544540405e-01,-7.694758772850036621e-01,-1.872342228889465332e-01,-1.019544228911399841e-01,-1.697060763835906982e-01,-2.054531353124508866e-18,-2.544519864022731781e-02,9.532587230205535889e-02,-1.517599225044250488e-01,2.515942603349685669e-02,2.413419783115386963e-01,2.728822518698135330e-18,-8.976253122091293335e-02,-6.469838786870241165e-03
5.870926976203918457e-01,3.980491459369659424e-01,1.019710421562194824e+00,-3.009316697716712952e-02,4.781424999237060547e-02,6.881613731384277344e-01,7.233547568321228027e-01,3.406467661261558533e-02,-1.629466563463211060e-01,-6.300823092460632324e-01,1.245345100760459900e-01,2.487941980361938477e-01,-7.690466642379760742e-01,-1.869081705808639526e-01,-1.009441092610359192e-01,-1.706213504076004028e-01,-4.343214376605628382e-18,-2.760412171483039856e-02,9.332371503114700317e-02,-1.516587436199188232e-01,2.661541663110256195e-02,2.424937784671783447e-01,2.050878523539474696e-19,-8.904325962066650391e-02,-9.215757250785827637e-03
5.868195891380310059e-01,3.981032073497772217e-01,1.019376993179321289e+00,-3.014104813337326050e-02,4.809249937534332275e-02,6.882336139678955078e-01,7.232655882835388184e-01,3.439981862902641296e-02,-1.631364971399307251e-01,-6.293153762817382812e-01,1.242048293352127075e-01,2.488538026809692383e-01,-7.685703635215759277e-01,-1.876200735569000244e-01,-1.013925448060035706e-01,-1.693490594625473022e-01,2.314041072339545133e-18,-2.557065896689891815e-02,9.487306326627731323e-02,-1.520732939243316650e-01,2.579454518854618073e-02,2.410208880901336670e-01,3.503434148962192990e-18,-8.903422951698303223e-02,-6.929047405719757080e-03
5.869809985160827637e-01,3.982264697551727295e-01,1.019478678703308105e+00,-3.019966743886470795e-02,4.792628437280654907e-02,6.881563067436218262e-01,7.233477234840393066e-01,3.476512804627418518e-02,-1.638189554214477539e-01,-6.300898194313049316e-01,1.237653344869613647e-01,2.483323961496353149e-01,-7.674564123153686523e-01,-1.876225918531417847e-01,-1.007492989301681519e-01,-1.698455512523651123e-01,8.971508279521532223e-18,-2.604538947343826294e-02,9.200547635555267334e-02,-1.516633629798889160e-01,2.649264037609100342e-02,2.413530796766281128e-01,-3.493057995358327811e-18,-8.879789710044860840e-02,-8.649852126836776733e-03
5.870168209075927734e-01,3.983943164348602295e-01,1.019452333450317383e+00,-3.013694658875465393e-02,4.800994321703910828e-02,6.882112026214599609e-01,7.232925295829772949e-01,3.513567894697189331e-02,-1.632472425699234009e-01,-6.293504238128662109e-01,1.235715821385383606e-01,2.477947324514389038e-01,-7.664516568183898926e-01,-1.872102767229080200e-01,-1.014760285615921021e-01,-1.701146811246871948e-01,2.347287115519276421e-18,-2.681602351367473602e-02,9.561204165220260620e-02,-1.514744758605957031e-01,2.622129209339618683e-02,2.420394867658615112e-01,3.162079871218709953e-18,-8.947879076004028320e-02,-9.081189520657062531e-03
5.868332982063293457e-01,3.983572125434875488e-01,1.019227504730224609e+00,-3.002632223069667816e-02,4.793090373277664185e-02,6.881253719329833984e-01,7.233840823173522949e-01,3.506765142083168030e-02,-1.635488122701644897e-01,-6.287823319435119629e-01,1.227338388562202454e-01,2.466294467449188232e-01,-7.650296688079833984e-01,-1.869685947895050049e-01,-1.015723869204521179e-01,-1.700850725173950195e-01,-3.449382859015527950e-18,-2.642183937132358551e-02,9.566124528646469116e-02,-1.514355093240737915e-01,2.584470249712467194e-02,2.412522286176681519e-01,1.546788040804759207e-18,-8.920183777809143066e-02,-7.997613400220870972e-03
5.869634747505187988e-01,3.982429802417755127e-01,1.019454002380371094e+00,-2.995954081416130066e-02,4.769261553883552551e-02,6.881822347640991211e-01,7.233484983444213867e-01,3.494644910097122192e-02,-1.632625460624694824e-01,-6.295824646949768066e-01,1.230574026703834534e-01,2.463800013065338135e-01,-7.666559815406799316e-01,-1.865758448839187622e-01,-1.011318340897560120e-01,-1.698757559061050415e-01,1.643190978114139264e-18,-2.704739384353160858e-02,9.407063573598861694e-02,-1.510295718908309937e-01,2.641767822206020355e-02,2.421459257602691650e-01,-1.787133639588166928e-18,-9.000935405492782593e-02,-9.307103231549263000e-03
5.868201255798339844e-01,3.983591496944427490e-01,1.019177317619323730e+00,-3.013907745480537415e-02,4.786794632673263550e-02,6.881824135780334473e-01,7.233292460441589355e-01,3.546966239809989929e-02,-1.642780452966690063e-01,-6.291750669479370117e-01,1.228777691721916199e-01,2.468825429677963257e-01,-7.646327614784240723e-01,-1.869750171899795532e-01,-1.013050004839897156e-01,-1.704082489013671875e-01,1.560181749283217831e-18,-2.550369314849376678e-02,9.470626711845397949e-02,-1.514989435672760010e-01,2.628823556005954742e-02,2.423430234193801880e-01,-3.044977566260802931e-18,-8.965732902288436890e-02,-8.641471154987812042e-03
5.868330597877502441e-01,3.983515202999114990e-01,1.019124269485473633e+00,-3.030397742986679077e-02,4.763740301132202148e-02,6.877524852752685547e-01,7.237464189529418945e-01,3.502277284860610962e-02,-1.641836613416671753e-01,-6.297728419303894043e-01,1.234783232212066650e-01,2.477965950965881348e-01,-7.644596099853515625e-01,-1.869991421699523926e-01,-1.004478484392166138e-01,-1.699071079492568970e-01,5.452721658390355039e-18,-2.723043039441108704e-02,9.281918406486511230e-02,-1.511000245809555054e-01,2.703808248043060303e-02,2.437645643949508667e-01,-6.357723422972371558e-18,-8.932592719793319702e-02,-8.323593996465206146e-03
5.870319604873657227e-01,3.983901739120483398e-01,1.019408583641052246e+00,-3.022005222737789154e-02,4.750024527311325073e-02,6.881293058395385742e-01,7.234007120132446289e-01,3.536912053823471069e-02,-1.639675796031951904e-01,-6.293448805809020996e-01,1.228056699037551880e-01,2.467083334922790527e-01,-7.640850543975830078e-01,-1.864118427038192749e-01,-1.006920114159584045e-01,-1.704435199499130249e-01,2.604996889721397299e-18,-2.759993262588977814e-02,9.412080794572830200e-02,-1.510044634342193604e-01,2.694030106067657471e-02,2.426124960184097290e-01,2.304988407715764798e-19,-8.975306153297424316e-02,-8.378825150430202484e-03
5.870143771171569824e-01,3.984596133232116699e-01,1.019212841987609863e+00,-3.009224496781826019e-02,4.752198606729507446e-02,6.879269480705261230e-01,7.235969901084899902e-01,3.509439900517463684e-02,-1.635316163301467896e-01,-6.293532252311706543e-01,1.221102103590965271e-01,2.464172989130020142e-01,-7.639110088348388672e-01,-1.860708296298980713e-01,-1.006720438599586487e-01,-1.705975830554962158e-01,-2.079995281101341270e-19,-2.760006673634052277e-02,9.488039463758468628e-02,-1.505942493677139282e-01,2.668061666190624237e-02,2.420696914196014404e-01,-4.732796592783403145e-20,-8.938749134540557861e-02,-7.530475966632366180e-03
5.868932604789733887e-01,3.985029757022857666e-01,1.019228100776672363e+00,-2.999813482165336609e-02,4.743055626749992371e-02,6.876736283302307129e-01,7.238476276397705078e-01,3.418330475687980652e-02,-1.629824191331863403e-01,-6.296276450157165527e-01,1.217851713299751282e-01,2.463155835866928101e-01,-7.636643648147583008e-01,-1.861217319965362549e-01,-1.007975265383720398e-01,-1.697656661272048950e-01,-2.443107717677419147e-18,-2.712563052773475647e-02,9.408230334520339966e-02,-1.502579599618911743e-01,2.644516713917255402e-02,2.419735193252563477e-01,-8.545503646611822546e-19,-9.015503525733947754e-02,-7.574163377285003662e-03
5.868222117424011230e-01,3.984881043434143066e-01,1.019085407257080078e+00,-3.008016385138034821e-02,4.735533893108367920e-02,6.882458925247192383e-01,7.233050465583801270e-01,3.431104496121406555e-02,-1.623499244451522827e-01,-6.297930479049682617e-01,1.207086667418479919e-01,2.448112368583679199e-01,-7.637148499488830566e-01,-1.859745085239410400e-01,-1.010267361998558044e-01,-1.698590517044067383e-01,-7.225720435671215830e-19,-2.668320015072822571e-02,9.492462128400802612e-02,-1.506301462650299072e-01,2.672696113586425781e-02,2.419722676277160645e-01,-5.089609221814277162e-19,-9.001970291137695312e-02,-8.630485273897647858e-03
5.870240330696105957e-01,3.985250294208526611e-01,1.019157290458679199e+00,-2.981092594563961029e-02,4.740821197628974915e-02,6.878859996795654297e-01,7.236550450325012207e-01,3.380668535828590393e-02,-1.622460633516311646e-01,-6.299464106559753418e-01,1.203436776995658875e-01,2.448389679193496704e-01,-7.631459236145019531e-01,-1.859171241521835327e-01,-1.006810665130615234e-01,-1.689182221889495850e-01,5.099508919385311798e-18,-2.669317647814750671e-02,9.347873181104660034e-02,-1.500516533851623535e-01,2.641427889466285706e-02,2.419286817312240601e-01,5.338107512715007524e-18,-8.987583220005035400e-02,-7.480169646441936493e-03
5.871928930282592773e-01,3.985245823860168457e-01,1.019309163093566895e+00,-2.972408384084701538e-02,4.733227938413619995e-02,6.877738237380981445e-01,7.237702012062072754e-01,3.348385170102119446e-02,-1.609217226505279541e-01,-6.289162635803222656e-01,1.206191554665565491e-01,2.452043145895004272e-01,-7.627566456794738770e-01,-1.855209618806838989e-01,-1.008346080780029297e-01,-1.689548492431640625e-01,-7.865230310848212586e-19,-2.633951604366302490e-02,9.457010030746459961e-02,-1.496752649545669556e-01,2.680281363427639008e-02,2.432789802551269531e-01,2.920675481251234357e-18,-8.926519006490707397e-02,-7.444027811288833618e-03
5.870444774627685547e-01,3.985984623432159424e-01,1.019193530082702637e+00,-2.970178425312042236e-02,4.726237431168556213e-02,6.880878806114196777e-01,7.234770655632019043e-01,3.262218087911605835e-02,-1.616836488246917725e-01,-6.290846467018127441e-01,1.208989545702934265e-01,2.457233220338821411e-01,-7.645993232727050781e-01,-1.853133887052536011e-01,-1.008434221148490906e-01,-1.688586175441741943e-01,7.119258982113190956e-18,-2.697906456887722015e-02,9.412093460559844971e-02,-1.497672647237777710e-01,2.639405056834220886e-02,2.417826354503631592e-01,3.005378775976664391e-18,-8.961375057697296143e-02,-7.428646087646484375e-03
5.870516896247863770e-01,3.985742330551147461e-01,1.019192576408386230e+00,-2.993371896445751190e-02,4.705491289496421814e-02,6.879521012306213379e-01,7.236101627349853516e-01,3.204969316720962524e-02,-1.611494272947311401e-01,-6.293006539344787598e-01,1.216393187642097473e-01,2.466377466917037964e-01,-7.646086215972900391e-01,-1.852422803640365601e-01,-1.000614762306213379e-01,-1.698804348707199097e-01,-1.673366526860073714e-18,-2.706697210669517517e-02,9.310126304626464844e-02,-1.497058421373367310e-01,2.714899554848670959e-02,2.422281801700592041e-01,2.612355488450669033e-18,-8.890533447265625000e-02,-7.136784493923187256e-03
5.871231555938720703e-01,3.985494971275329590e-01,1.019315123558044434e+00,-3.002893738448619843e-02,4.719124734401702881e-02,6.881601810455322266e-01,7.233994603157043457e-01,3.172213584184646606e-02,-1.621269285678863525e-01,-6.297634243965148926e-01,1.224427595734596252e-01,2.477544695138931274e-01,-7.655543684959411621e-01,-1.855752170085906982e-01,-1.004465445876121521e-01,-1.700777113437652588e-01,-5.118725979376143737e-19,-2.706217393279075623e-02,9.476785361766815186e-02,-1.501813083887100220e-01,2.716883458197116852e-02,2.420696020126342773e-01,1.734829355095213882e-18,-8.938122540712356567e-02,-8.334550075232982635e-03
5.872692465782165527e-01,3.985885381698608398e-01,1.019456863403320312e+00,-3.017485328018665314e-02,4.731590300798416138e-02,6.883541345596313477e-01,7.232007384300231934e-01,3.203250467777252197e-02,-1.625509709119796753e-01,-6.298476457595825195e-01,1.237237304449081421e-01,2.488919794559478760e-01,-7.673211097717285156e-01,-1.854930520057678223e-01,-1.001859232783317566e-01,-1.705768853425979614e-01,6.185828674238951982e-18,-2.874139323830604553e-02,9.498742222785949707e-02,-1.505281180143356323e-01,2.737312577664852142e-02,2.423480451107025146e-01,8.109599316131078234e-18,-8.970925956964492798e-02,-7.649288047105073929e-03
5.873061418533325195e-01,3.987481892108917236e-01,1.019727587699890137e+00,-2.999571152031421661e-02,4.719460383057594299e-02,6.882538199424743652e-01,7.233115434646606445e-01,3.210908547043800354e-02,-1.624998599290847778e-01,-6.304658055305480957e-01,1.248116120696067810e-01,2.492514401674270630e-01,-7.685332298278808594e-01,-1.850700527429580688e-01,-9.999803453683853149e-02,-1.693179756402969360e-01,-2.443319475914232722e-18,-2.782289125025272369e-02,9.402868151664733887e-02,-1.495274752378463745e-01,2.683143876492977142e-02,2.398931384086608887e-01,-3.759767494625025630e-19,-8.960355818271636963e-02,-6.695473566651344299e-03
5.871467590332031250e-01,3.986780941486358643e-01,1.019548177719116211e+00,-3.012707829475402832e-02,4.701711237430572510e-02,6.889151930809020996e-01,7.226877808570861816e-01,3.264864534139633179e-02,-1.641967892646789551e-01,-6.315293908119201660e-01,1.248187720775604248e-01,2.484808117151260376e-01,-7.688978314399719238e-01,-1.848583817481994629e-01,-9.992533177137374878e-02,-1.721493899822235107e-01,5.436416274155709757e-18,-2.796920575201511383e-02,9.476856887340545654e-02,-1.503676623106002808e-01,2.730574272572994232e-02,2.399583160877227783e-01,-3.719215792275226001e-18,-8.955557644367218018e-02,-7.950784638524055481e-03
5.872274041175842285e-01,3.987917900085449219e-01,1.019732236862182617e+00,-2.997844107449054718e-02,4.740902781486511230e-02,6.884071230888366699e-01,7.231523394584655762e-01,3.339157626032829285e-02,-1.644595414400100708e-01,-6.312887072563171387e-01,1.258176565170288086e-01,2.499734014272689819e-01,-7.692322134971618652e-01,-1.852171868085861206e-01,-1.003542244434356689e-01,-1.708761304616928101e-01,-2.995373199287222968e-18,-2.822086960077285767e-02,9.364336729049682617e-02,-1.501583009958267212e-01,2.662695944309234619e-02,2.405046224594116211e-01,3.156150640587929851e-18,-9.098182618618011475e-02,-7.075960282236337662e-03
5.872020721435546875e-01,3.987406492233276367e-01,1.019827485084533691e+00,-2.993946895003318787e-02,4.753184318542480469e-02,6.887879371643066406e-01,7.227831482887268066e-01,3.340350463986396790e-02,-1.657378375530242920e-01,-6.322682499885559082e-01,1.258300989866256714e-01,2.492327243089675903e-01,-7.692564725875854492e-01,-1.854913085699081421e-01,-1.008318960666656494e-01,-1.707226932048797607e-01,1.372987467940017456e-18,-2.682041190564632416e-02,9.457375109195709229e-02,-1.504742205142974854e-01,2.632703632116317749e-02,2.414748817682266235e-01,-4.093604354961626751e-18,-9.096890687942504883e-02,-7.179679814726114273e-03
5.873702168464660645e-01,3.990069329738616943e-01,1.019766807556152344e+00,-3.007730469107627869e-02,4.745360091328620911e-02,6.885368227958679199e-01,7.230218052864074707e-01,3.391577675938606262e-02,-1.661475151777267456e-01,-6.329630613327026367e-01,1.256576776504516602e-01,2.498194128274917603e-01,-7.691101431846618652e-01,-1.853941679000854492e-01,-1.002536937594413757e-01,-1.714550405740737915e-01,1.407927577014257345e-18,-2.837421372532844543e-02,9.489115327596664429e-02,-1.501926928758621216e-01,2.721937745809555054e-02,2.425089776515960693e-01,-3.493905028305582111e-18,-9.026949107646942139e-02,-8.415253832936286926e-03
5.874549150466918945e-01,3.988301753997802734e-01,1.019971728324890137e+00,-3.013201244175434113e-02,4.741446301341056824e-02,6.882223486900329590e-01,7.233214378356933594e-01,3.320398181676864624e-02,-1.649914979934692383e-01,-6.334719061851501465e-01,1.263176500797271729e-01,2.501970827579498291e-01,-7.699838876724243164e-01,-1.855661720037460327e-01,-9.964691102504730225e-02,-1.701597273349761963e-01,6.435915151915784158e-18,-2.835090458393096924e-02,9.229889512062072754e-02,-1.497572958469390869e-01,2.664932049810886383e-02,2.385030239820480347e-01,-2.152204839854770374e-18,-9.081861376762390137e-02,-6.572517100721597672e-03
5.874379277229309082e-01,3.985572755336761475e-01,1.019964098930358887e+00,-3.041115589439868927e-02,4.757929965853691101e-02,6.885831356048583984e-01,7.229555249214172363e-01,3.354353085160255432e-02,-1.661656051874160767e-01,-6.334592700004577637e-01,1.272734850645065308e-01,2.517397403717041016e-01,-7.701529860496520996e-01,-1.864163726568222046e-01,-9.992130100727081299e-02,-1.712675392627716064e-01,-6.998874424484673520e-18,-2.802023105323314667e-02,9.410609304904937744e-02,-1.513124555349349976e-01,2.722105756402015686e-02,2.418111264705657959e-01,2.751268891800374289e-18,-9.073199331760406494e-02,-7.418442051857709885e-03
5.875692963600158691e-01,3.984912335872650146e-01,1.019933581352233887e+00,-3.042462654411792755e-02,4.781290143728256226e-02,6.881676316261291504e-01,7.233350872993469238e-01,3.298992663621902466e-02,-1.648941487073898315e-01,-6.337431669235229492e-01,1.276797056198120117e-01,2.524827718734741211e-01,-7.716572880744934082e-01,-1.873956173658370972e-01,-9.990583360195159912e-02,-1.706745475530624390e-01,4.125632788279679983e-18,-2.636243402957916260e-02,9.360952675342559814e-02,-1.515409946441650391e-01,2.690882980823516846e-02,2.409379035234451294e-01,6.012345738729430594e-18,-8.936364948749542236e-02,-5.673618521541357040e-03
5.874615907669067383e-01,3.984853625297546387e-01,1.020001173019409180e+00,-3.067048266530036926e-02,4.773553460836410522e-02,6.884441971778869629e-01,7.230665683746337891e-01,3.290697559714317322e-02,-1.653292626142501831e-01,-6.331158876419067383e-01,1.286959946155548096e-01,2.533076107501983643e-01,-7.744836211204528809e-01,-1.872492432594299316e-01,-9.943982213735580444e-02,-1.705368608236312866e-01,2.673606558448995626e-18,-2.765113674104213715e-02,9.374268352985382080e-02,-1.519030481576919556e-01,2.708473429083824158e-02,2.398645132780075073e-01,8.092658657185992227e-18,-8.985548466444015503e-02,-6.343555636703968048e-03
5.875524878501892090e-01,3.984771966934204102e-01,1.020108103752136230e+00,-3.077361546456813812e-02,4.791669920086860657e-02,6.887173056602478027e-01,7.227900028228759766e-01,3.331550955772399902e-02,-1.658450961112976074e-01,-6.334453225135803223e-01,1.292502731084823608e-01,2.549994885921478271e-01,-7.756286859512329102e-01,-1.877530962228775024e-01,-9.969566762447357178e-02,-1.720866262912750244e-01,4.707544423043384316e-18,-2.717803604900836945e-02,9.412672370672225952e-02,-1.525031924247741699e-01,2.711746841669082642e-02,2.403404861688613892e-01,-4.581495332580103746e-18,-9.015379101037979126e-02,-6.783419288694858551e-03
5.874893069267272949e-01,3.984488844871520996e-01,1.020094871520996094e+00,-3.068651258945465088e-02,4.782798513770103455e-02,6.889145374298095703e-01,7.226116061210632324e-01,3.309580683708190918e-02,-1.646651029586791992e-01,-6.327678561210632324e-01,1.306601762771606445e-01,2.552652060985565186e-01,-7.791293859481811523e-01,-1.873007565736770630e-01,-9.976297616958618164e-02,-1.721895039081573486e-01,6.892201212689835071e-19,-2.561020664870738983e-02,9.400293976068496704e-02,-1.523307263851165771e-01,2.705020830035209656e-02,2.409626394510269165e-01,-1.872683967260851262e-18,-8.931735157966613770e-02,-6.999388802796602249e-03
5.874713659286499023e-01,3.986724019050598145e-01,1.019952654838562012e+00,-3.093253821134567261e-02,4.793700203299522400e-02,6.887013316154479980e-01,7.227971553802490234e-01,3.273156285285949707e-02,-1.647406518459320068e-01,-6.333444714546203613e-01,1.319006532430648804e-01,2.572664916515350342e-01,-7.795015573501586914e-01,-1.879299134016036987e-01,-9.934724122285842896e-02,-1.702391654253005981e-01,4.222194544266670221e-18,-2.628772892057895660e-02,9.384965896606445312e-02,-1.518918424844741821e-01,2.694040164351463318e-02,2.374360114336013794e-01,3.111257894383451933e-18,-8.953323960304260254e-02,-5.894484464079141617e-03
5.872996449470520020e-01,3.984200656414031982e-01,1.020356655120849609e+00,-3.278470039367675781e-02,5.135732144117355347e-02,6.883829832077026367e-01,7.227838635444641113e-01,2.177296578884124756e-02,-1.660141050815582275e-01,-6.301959156990051270e-01,1.136296018958091736e-01,2.495372146368026733e-01,-7.728195190429687500e-01,-1.950384527444839478e-01,-1.016472876071929932e-01,-1.718575358390808105e-01,-1.075573024335351249e-18,-2.825281769037246704e-02,9.411775320768356323e-02,-1.594581753015518188e-01,2.540917322039604187e-02,2.425198704004287720e-01,4.049770399941216709e-18,-9.098341315984725952e-02,-9.087183512747287750e-03
5.874112248420715332e-01,3.982982635498046875e-01,1.020220279693603516e+00,-3.151488676667213440e-02,4.936442151665687561e-02,6.882717609405517578e-01,7.230850458145141602e-01,2.589132450520992279e-02,-1.635885685682296753e-01,-6.308409571647644043e-01,1.205748096108436584e-01,2.517106533050537109e-01,-7.723311781883239746e-01,-1.911409050226211548e-01,-1.001183763146400452e-01,-1.683492362499237061e-01,5.494596849720239512e-19,-2.585674822330474854e-02,9.312694519758224487e-02,-1.550343781709671021e-01,2.619423344731330872e-02,2.418051958084106445e-01,-1.081555194525334745e-18,-9.112630039453506470e-02,-6.624102126806974411e-03
5.873672962188720703e-01,3.983413577079772949e-01,1.020189404487609863e+00,-3.095142729580402374e-02,4.862146452069282532e-02,6.882721185684204102e-01,7.231593728065490723e-01,2.944149635732173920e-02,-1.650694012641906738e-01,-6.317762136459350586e-01,1.253115981817245483e-01,2.539829909801483154e-01,-7.743510603904724121e-01,-1.891307979822158813e-01,-1.004340946674346924e-01,-1.708428710699081421e-01,-3.375055717893963095e-18,-2.683173120021820068e-02,9.541629254817962646e-02,-1.532066166400909424e-01,2.641816437244415283e-02,2.413110435009002686e-01,7.351504828338479430e-18,-9.063267707824707031e-02,-8.380161598324775696e-03
5.875327587127685547e-01,3.981393873691558838e-01,1.020359396934509277e+00,-3.051679767668247223e-02,4.809475690126419067e-02,6.884166002273559570e-01,7.230755090713500977e-01,3.155159577727317810e-02,-1.651493906974792480e-01,-6.336646080017089844e-01,1.286997199058532715e-01,2.540874779224395752e-01,-7.783905267715454102e-01,-1.880574524402618408e-01,-1.001743674278259277e-01,-1.709479391574859619e-01,-5.391894104865655596e-19,-2.549102157354354858e-02,9.504339098930358887e-02,-1.522847115993499756e-01,2.633016556501388550e-02,2.393851131200790405e-01,4.041405949587080493e-19,-9.059447795152664185e-02,-6.511694751679897308e-03
5.872609615325927734e-01,3.982651531696319580e-01,1.020134210586547852e+00,-3.021044097840785980e-02,4.749260842800140381e-02,6.883386373519897461e-01,7.232023477554321289e-01,3.209202364087104797e-02,-1.635813564062118530e-01,-6.333304643630981445e-01,1.300945878028869629e-01,2.535903453826904297e-01,-7.775040268898010254e-01,-1.870867758989334106e-01,-9.964431077241897583e-02,-1.681956797838211060e-01,-1.178699285663562316e-18,-2.576565742492675781e-02,9.383182227611541748e-02,-1.510282158851623535e-01,2.688425220549106598e-02,2.419172823429107666e-01,1.961834184959366373e-18,-8.978335559368133545e-02,-7.000281475484371185e-03
5.874389410018920898e-01,3.984400033950805664e-01,1.020326614379882812e+00,-3.016206808388233185e-02,4.709503427147865295e-02,6.885200738906860352e-01,7.230576872825622559e-01,3.353347256779670715e-02,-1.645074933767318726e-01,-6.325656771659851074e-01,1.308107972145080566e-01,2.539967298507690430e-01,-7.764206528663635254e-01,-1.862724423408508301e-01,-9.927178919315338135e-02,-1.705421656370162964e-01,-3.804077905678266217e-18,-2.620158530771732330e-02,9.294764697551727295e-02,-1.504955589771270752e-01,2.746460959315299988e-02,2.409963011741638184e-01,-2.512193842437848018e-18,-8.955277502536773682e-02,-7.603293750435113907e-03
5.872371196746826172e-01,3.980805277824401855e-01,1.020254015922546387e+00,-2.957946993410587311e-02,4.687416926026344299e-02,6.881120800971984863e-01,7.234843969345092773e-01,3.285632282495498657e-02,-1.641143858432769775e-01,-6.329928040504455566e-01,1.314021497964859009e-01,2.540462315082550049e-01,-7.780932188034057617e-01,-1.857741922140121460e-01,-9.985162317752838135e-02,-1.691527515649795532e-01,1.728953064023637173e-18,-2.517192251980304718e-02,9.321055561304092407e-02,-1.495036631822586060e-01,2.707759663462638855e-02,2.430716902017593384e-01,-1.494907272785433311e-18,-9.026415646076202393e-02,-7.904010824859142303e-03
5.870523452758789062e-01,3.976975977420806885e-01,1.020172476768493652e+00,-2.946392819285392761e-02,4.656219854950904846e-02,6.879293918609619141e-01,7.236829400062561035e-01,3.250882774591445923e-02,-1.638274192810058594e-01,-6.328675746917724609e-01,1.314579546451568604e-01,2.543090283870697021e-01,-7.773277163505554199e-01,-1.857760697603225708e-01,-9.951081126928329468e-02,-1.686519980430603027e-01,-5.672420829084439189e-18,-2.522106468677520752e-02,9.388405084609985352e-02,-1.490036994218826294e-01,2.673081122338771820e-02,2.406527400016784668e-01,4.838675711190190687e-20,-8.964231610298156738e-02,-6.955525372177362442e-03
5.870220661163330078e-01,3.975151777267456055e-01,1.020393967628479004e+00,-2.936307713389396667e-02,4.625285044312477112e-02,6.881147623062133789e-01,7.235305905342102051e-01,3.209286555647850037e-02,-1.638497561216354370e-01,-6.321001052856445312e-01,1.314731240272521973e-01,2.547931969165802002e-01,-7.769495844841003418e-01,-1.854639798402786255e-01,-9.927805513143539429e-02,-1.683807820081710815e-01,-3.123275174322622319e-18,-2.609257213771343231e-02,9.179469197988510132e-02,-1.487981677055358887e-01,2.727096714079380035e-02,2.420326769351959229e-01,1.255408706949279890e-18,-8.967158943414688110e-02,-7.968895137310028076e-03
5.866922140121459961e-01,3.971335887908935547e-01,1.020213007926940918e+00,-2.912484109401702881e-02,4.620011523365974426e-02,6.879656314849853516e-01,7.236853837966918945e-01,3.184084966778755188e-02,-1.637966930866241455e-01,-6.325737833976745605e-01,1.309121400117874146e-01,2.545889019966125488e-01,-7.764599323272705078e-01,-1.853659152984619141e-01,-9.974267333745956421e-02,-1.676841527223587036e-01,4.537449619322880129e-19,-2.466149069368839264e-02,9.489835053682327271e-02,-1.488364040851593018e-01,2.655681222677230835e-02,2.425329536199569702e-01,1.351970462936270129e-18,-8.925054222345352173e-02,-6.361201405525207520e-03
5.866997838020324707e-01,3.969848752021789551e-01,1.020283579826354980e+00,-2.912020310759544373e-02,4.610839858651161194e-02,6.881207227706909180e-01,7.235440015792846680e-01,3.348368778824806213e-02,-1.650395244359970093e-01,-6.322815418243408203e-01,1.310393363237380981e-01,2.548989951610565186e-01,-7.774613499641418457e-01,-1.851206421852111816e-01,-9.986934065818786621e-02,-1.692871898412704468e-01,-1.761246195137707374e-18,-2.556718327105045319e-02,9.482844173908233643e-02,-1.488979905843734741e-01,2.717269770801067352e-02,2.432036697864532471e-01,-1.259432113448737817e-18,-8.899006992578506470e-02,-7.643573917448520660e-03
5.866974592208862305e-01,3.965880274772644043e-01,1.020262122154235840e+00,-2.906665392220020294e-02,4.621354117989540100e-02,6.882338523864746094e-01,7.234318256378173828e-01,3.500833362340927124e-02,-1.672923415899276733e-01,-6.340256929397583008e-01,1.308108568191528320e-01,2.551241219043731689e-01,-7.773517370223999023e-01,-1.856525987386703491e-01,-1.002166271209716797e-01,-1.697197705507278442e-01,-1.832820479180695752e-18,-2.431240864098072052e-02,9.474276006221771240e-02,-1.496683210134506226e-01,2.658440358936786652e-02,2.419704943895339966e-01,4.718926428272113976e-18,-8.826407790184020996e-02,-7.411444094032049179e-03
5.866453647613525391e-01,3.962993919849395752e-01,1.020129680633544922e+00,-2.902088128030300140e-02,4.627990722656250000e-02,6.884672045707702637e-01,7.232073545455932617e-01,3.669521212577819824e-02,-1.683381199836730957e-01,-6.347582936286926270e-01,1.306252032518386841e-01,2.551642656326293945e-01,-7.768225073814392090e-01,-1.865544021129608154e-01,-1.001990959048271179e-01,-1.702006012201309204e-01,-1.819056193787813372e-18,-2.257951907813549042e-02,9.270095080137252808e-02,-1.501072198152542114e-01,2.648355625569820404e-02,2.415139973163604736e-01,4.659634121964312953e-18,-8.822126686573028564e-02,-7.031203247606754303e-03
5.865257978439331055e-01,3.957783579826354980e-01,1.020306348800659180e+00,-2.885523810982704163e-02,4.635643959045410156e-02,6.887281537055969238e-01,7.229605913162231445e-01,3.703724592924118042e-02,-1.686284393072128296e-01,-6.355190873146057129e-01,1.297277063131332397e-01,2.544686496257781982e-01,-7.762374877929687500e-01,-1.862227469682693481e-01,-1.011947393417358398e-01,-1.707941442728042603e-01,6.097525489487691172e-18,-2.314476482570171356e-02,9.405499696731567383e-02,-1.505205631256103516e-01,2.600565366446971893e-02,2.417369633913040161e-01,7.648813392824738849e-18,-8.808521181344985962e-02,-6.870251148939132690e-03
5.866572856903076172e-01,3.954142332077026367e-01,1.020286560058593750e+00,-2.888997271656990051e-02,4.669085144996643066e-02,6.884172558784484863e-01,7.232336997985839844e-01,3.765564784407615662e-02,-1.704125106334686279e-01,-6.373291611671447754e-01,1.296747028827667236e-01,2.547378838062286377e-01,-7.765496373176574707e-01,-1.873656660318374634e-01,-1.013223081827163696e-01,-1.696343570947647095e-01,-7.738334187437677716e-18,-2.128656581044197083e-02,9.473838657140731812e-02,-1.509053111076354980e-01,2.533349953591823578e-02,2.389913052320480347e-01,-8.418448704523677495e-19,-8.727307617664337158e-02,-5.856440402567386627e-03
5.863357782363891602e-01,3.951394259929656982e-01,1.020136475563049316e+00,-2.898338623344898224e-02,4.671740159392356873e-02,6.886956691741943359e-01,7.229631543159484863e-01,3.879605233669281006e-02,-1.704998612403869629e-01,-6.376290321350097656e-01,1.301462650299072266e-01,2.547240257263183594e-01,-7.764916419982910156e-01,-1.878503412008285522e-01,-1.014346405863761902e-01,-1.701992452144622803e-01,2.965832925251729243e-18,-2.096324786543846130e-02,9.383302181959152222e-02,-1.522066593170166016e-01,2.548717521131038666e-02,2.406464368104934692e-01,3.860882052703507733e-18,-8.604721724987030029e-02,-5.875753704458475113e-03
5.864942073822021484e-01,3.948076367378234863e-01,1.020313978195190430e+00,-2.901635318994522095e-02,4.670714586973190308e-02,6.888151764869689941e-01,7.228486537933349609e-01,3.881892934441566467e-02,-1.709165871143341064e-01,-6.392039060592651367e-01,1.315077841281890869e-01,2.552455961704254150e-01,-7.792116999626159668e-01,-1.877966374158859253e-01,-1.013159677386283875e-01,-1.713517010211944580e-01,-1.584216309161558603e-18,-2.133983187377452850e-02,9.350569546222686768e-02,-1.525510102510452271e-01,2.560365386307239532e-02,2.397672981023788452e-01,5.345836688358703015e-19,-8.707094192504882812e-02,-6.438829004764556885e-03
5.865358114242553711e-01,3.951070904731750488e-01,1.020206689834594727e+00,-2.891242504119873047e-02,4.665746912360191345e-02,6.884980201721191406e-01,7.231580615043640137e-01,3.974078595638275146e-02,-1.723982840776443481e-01,-6.402792930603027344e-01,1.323617547750473022e-01,2.554108798503875732e-01,-7.791993618011474609e-01,-1.873961389064788818e-01,-1.012137979269027710e-01,-1.701145321130752563e-01,4.051093888921301553e-18,-2.142504043877124786e-02,9.422660619020462036e-02,-1.517992615699768066e-01,2.584906853735446930e-02,2.412071973085403442e-01,4.461428412306806673e-18,-8.729088306427001953e-02,-7.173480000346899033e-03
5.861673355102539062e-01,3.946434855461120605e-01,1.020279645919799805e+00,-2.885254099965095520e-02,4.686801880598068237e-02,6.884288787841796875e-01,7.232126593589782715e-01,3.966293483972549438e-02,-1.718025207519531250e-01,-6.407934427261352539e-01,1.335190981626510620e-01,2.561332583427429199e-01,-7.794400453567504883e-01,-1.889462172985076904e-01,-1.016493514180183411e-01,-1.682395637035369873e-01,-3.624295162623540970e-18,-1.862829923629760742e-02,9.162768721580505371e-02,-1.524647176265716553e-01,2.526628598570823669e-02,2.418689578771591187e-01,1.008922119298278491e-18,-8.672100305557250977e-02,-6.424187682569026947e-03
5.864443778991699219e-01,3.947055339813232422e-01,1.020408987998962402e+00,-2.885129116475582123e-02,4.667631164193153381e-02,6.882901787757873535e-01,7.233571410179138184e-01,3.958104178309440613e-02,-1.718956083059310913e-01,-6.396119594573974609e-01,1.347344964742660522e-01,2.571999132633209229e-01,-7.799513339996337891e-01,-1.882532685995101929e-01,-1.010635346174240112e-01,-1.667025089263916016e-01,-1.325659502012183424e-18,-2.066513709723949432e-02,9.389061480760574341e-02,-1.518845707178115845e-01,2.570413053035736084e-02,2.413683682680130005e-01,2.221026266819182277e-18,-8.741887658834457397e-02,-7.146913558244705200e-03
5.861548781394958496e-01,3.945794701576232910e-01,1.020384788513183594e+00,-2.896757796406745911e-02,4.643296450376510620e-02,6.880280375480651855e-01,7.236174941062927246e-01,3.969882428646087646e-02,-1.701593846082687378e-01,-6.397327780723571777e-01,1.370090097188949585e-01,2.581939697265625000e-01,-7.810019850730895996e-01,-1.876348108053207397e-01,-1.008462831377983093e-01,-1.695919930934906006e-01,2.341516703566106500e-19,-2.173764817416667938e-02,9.440632909536361694e-02,-1.517977267503738403e-01,2.579373121261596680e-02,2.414359748363494873e-01,8.462917934254528263e-19,-8.645778894424438477e-02,-5.104590207338333130e-03
5.862247347831726074e-01,3.944650888442993164e-01,1.020489096641540527e+00,-2.887378819286823273e-02,4.640340059995651245e-02,6.883228421211242676e-01,7.233427166938781738e-01,3.941730037331581116e-02,-1.697487831115722656e-01,-6.388157010078430176e-01,1.382303237915039062e-01,2.585631906986236572e-01,-7.821453213691711426e-01,-1.874782294034957886e-01,-1.011613011360168457e-01,-1.703180521726608276e-01,1.697189328501600911e-18,-2.085565030574798584e-02,9.547276794910430908e-02,-1.520268470048904419e-01,2.573006413877010345e-02,2.402678877115249634e-01,-5.492055750878476611e-18,-8.730367571115493774e-02,-6.957054138183593750e-03
5.862463712692260742e-01,3.942531049251556396e-01,1.020334959030151367e+00,-2.856878936290740967e-02,4.667090252041816711e-02,6.888277530670166016e-01,7.228568196296691895e-01,4.034626111388206482e-02,-1.713131517171859741e-01,-6.385828256607055664e-01,1.385931372642517090e-01,2.577681541442871094e-01,-7.857420444488525391e-01,-1.872203797101974487e-01,-1.022254452109336853e-01,-1.699181199073791504e-01,3.197284678088966811e-18,-2.036065794527530670e-02,9.708628058433532715e-02,-1.518936753273010254e-01,2.477728016674518585e-02,2.380235195159912109e-01,-2.368198241404616960e-18,-8.780357241630554199e-02,-5.826703738421201706e-03
5.861284136772155762e-01,3.937152624130249023e-01,1.020402431488037109e+00,-2.872001752257347107e-02,4.635891690850257874e-02,6.883147358894348145e-01,7.233594059944152832e-01,4.017043113708496094e-02,-1.692179739475250244e-01,-6.382046341896057129e-01,1.396792680025100708e-01,2.592447996139526367e-01,-7.852241992950439453e-01,-1.878951787948608398e-01,-1.014231592416763306e-01,-1.699804067611694336e-01,-5.305655562923327143e-18,-2.101999893784523010e-02,9.538015723228454590e-02,-1.524161696434020996e-01,2.560745179653167725e-02,2.409822344779968262e-01,-1.062073436738485838e-18,-8.688494563102722168e-02,-6.734299939125776291e-03
5.862812995910644531e-01,3.936649560928344727e-01,1.020323276519775391e+00,-2.908604592084884644e-02,4.643175750970840454e-02,6.886888146400451660e-01,7.229839563369750977e-01,3.992743045091629028e-02,-1.697840988636016846e-01,-6.379107236862182617e-01,1.407817751169204712e-01,2.607126235961914062e-01,-7.859666943550109863e-01,-1.896131634712219238e-01,-1.008770763874053955e-01,-1.705287396907806396e-01,1.871678115635986780e-18,-1.716583967208862305e-02,9.387035667896270752e-02,-1.535753607749938965e-01,2.627747505903244019e-02,2.410249263048171997e-01,-2.174227696483382183e-18,-8.466324955224990845e-02,-6.690953858196735382e-03
5.861613750457763672e-01,3.934587538242340088e-01,1.020178794860839844e+00,-2.892293781042098999e-02,4.664731025695800781e-02,6.888494491577148438e-01,7.228235602378845215e-01,4.027758166193962097e-02,-1.705340445041656494e-01,-6.381614804267883301e-01,1.407551914453506470e-01,2.604966759681701660e-01,-7.878361940383911133e-01,-1.892369091510772705e-01,-1.014958918094635010e-01,-1.702044010162353516e-01,-3.840500322410201131e-18,-1.845346018671989441e-02,9.474068880081176758e-02,-1.532327681779861450e-01,2.516296133399009705e-02,2.376315742731094360e-01,2.794467572110343606e-18,-8.513003587722778320e-02,-5.534147378057241440e-03
5.863100290298461914e-01,3.929758071899414062e-01,1.020219087600708008e+00,-2.934782952070236206e-02,4.679732397198677063e-02,6.888445615768432617e-01,7.228013873100280762e-01,3.969000279903411865e-02,-1.700496822595596313e-01,-6.384933590888977051e-01,1.419921219348907471e-01,2.627879381179809570e-01,-7.894225120544433594e-01,-1.894125789403915405e-01,-1.013653129339218140e-01,-1.700849682092666626e-01,-6.756411243333130048e-18,-1.946879364550113678e-02,9.472056478261947632e-02,-1.548663526773452759e-01,2.628130093216896057e-02,2.400380671024322510e-01,-1.730382432122128805e-18,-8.481565862894058228e-02,-7.411828264594078064e-03
5.863753557205200195e-01,3.930902779102325439e-01,1.020158410072326660e+00,-2.948813140392303467e-02,4.668520018458366394e-02,6.888787746429443359e-01,7.227703332901000977e-01,3.950167447328567505e-02,-1.697834879159927368e-01,-6.375907063484191895e-01,1.426034569740295410e-01,2.633259892463684082e-01,-7.905410528182983398e-01,-1.894470751285552979e-01,-1.012695804238319397e-01,-1.722485721111297607e-01,3.765008510986161613e-18,-1.958617195487022400e-02,9.670237451791763306e-02,-1.549420207738876343e-01,2.666044235229492188e-02,2.406659275293350220e-01,8.056342119572464100e-19,-8.515198528766632080e-02,-6.807271856814622879e-03
5.862454771995544434e-01,3.929409980773925781e-01,1.019992709159851074e+00,-2.947916463017463684e-02,4.659217223525047302e-02,6.889916062355041504e-01,7.226691842079162598e-01,3.917916864156723022e-02,-1.680969744920730591e-01,-6.368267536163330078e-01,1.425600796937942505e-01,2.630802392959594727e-01,-7.911287546157836914e-01,-1.895940899848937988e-01,-1.010925546288490295e-01,-1.705081164836883545e-01,-2.783191446000020733e-18,-2.012918889522552490e-02,9.679549187421798706e-02,-1.549063622951507568e-01,2.648550644516944885e-02,2.392718344926834106e-01,6.108166340887573320e-19,-8.473487198352813721e-02,-6.620022002607584000e-03
5.864418745040893555e-01,3.928650617599487305e-01,1.020107984542846680e+00,-2.934135682880878448e-02,4.665243998169898987e-02,6.892216801643371582e-01,7.224514484405517578e-01,3.871298581361770630e-02,-1.694547235965728760e-01,-6.364839673042297363e-01,1.424890607595443726e-01,2.627411782741546631e-01,-7.907951474189758301e-01,-1.911809295415878296e-01,-1.008063256740570068e-01,-1.711211353540420532e-01,1.168429011178103924e-18,-1.622112654149532318e-02,9.127814322710037231e-02,-1.551241576671600342e-01,2.647833898663520813e-02,2.391305416822433472e-01,-1.406815846270986076e-18,-8.485019207000732422e-02,-7.112455088645219803e-03
5.864157080650329590e-01,3.927719891071319580e-01,1.019894480705261230e+00,-2.951612882316112518e-02,4.674985632300376892e-02,6.888537406921386719e-01,7.227889299392700195e-01,3.832837566733360291e-02,-1.699283421039581299e-01,-6.373827457427978516e-01,1.413835585117340088e-01,2.624087333679199219e-01,-7.902857065200805664e-01,-1.897276192903518677e-01,-1.015635430812835693e-01,-1.730464696884155273e-01,1.167581978230849624e-18,-1.925981417298316956e-02,9.819023311138153076e-02,-1.551806181669235229e-01,2.624267525970935822e-02,2.365319430828094482e-01,-2.176768795325145084e-18,-8.424571901559829712e-02,-6.450399756431579590e-03
5.862307548522949219e-01,3.926612436771392822e-01,1.019959807395935059e+00,-2.938323840498924255e-02,4.665824398398399353e-02,6.890778541564941406e-01,7.225865721702575684e-01,3.813352435827255249e-02,-1.692362576723098755e-01,-6.364371180534362793e-01,1.420021802186965942e-01,2.628574073314666748e-01,-7.901321053504943848e-01,-1.895528584718704224e-01,-1.015144735574722290e-01,-1.702872216701507568e-01,-6.896595196103716754e-18,-1.949630118906497955e-02,9.599432349205017090e-02,-1.552784591913223267e-01,2.634918130934238434e-02,2.392738163471221924e-01,1.457955460461464459e-19,-8.498946577310562134e-02,-7.074711844325065613e-03
