2.065652757883071899e-01,-1.885114908218383789e+00,1.014236569404602051e+00,-4.356100037693977356e-02,8.089840412139892578e-02,6.590143442153930664e-01,7.464971542358398438e-01,-4.329493641853332520e-02,-1.621958762407302856e-01,-5.122521519660949707e-01,-7.741346955299377441e-02,1.839652359485626221e-01,-5.960395336151123047e-01,-2.351304292678833008e-01,-6.265392899513244629e-02,-7.091627269983291626e-02,3.458469361066818237e-02,-1.010579988360404968e-01,5.869609862565994263e-02,-1.273709237575531006e-01,-3.852104768157005310e-02,3.146642446517944336e-01,6.050360577402203593e-15,-2.115233093500137329e-01,1.309626363217830658e-02
2.121516466140747070e-01,-1.888715624809265137e+00,1.018540740013122559e+00,-3.046813048422336578e-02,6.532281637191772461e-02,6.637079119682312012e-01,7.445108890533447266e-01,5.073934420943260193e-02,-1.768765449523925781e-01,-5.693966150283813477e-01,2.487525716423988342e-02,2.103465497493743896e-01,-6.488019227981567383e-01,-2.233703881502151489e-01,-5.572453513741493225e-02,-7.844682782888412476e-02,8.180787414312362671e-02,-1.277133673429489136e-01,4.006886482238769531e-02,-9.240845590829849243e-02,-3.621086850762367249e-02,3.001460731029510498e-01,1.997498628725224989e-07,-2.136239558458328247e-01,2.589908055961132050e-02
2.080862224102020264e-01,-1.893149971961975098e+00,1.019581794738769531e+00,-2.729750797152519226e-02,6.024362146854400635e-02,6.598910689353942871e-01,7.484446167945861816e-01,6.775672733783721924e-02,-1.687312871217727661e-01,-5.851738452911376953e-01,5.731659755110740662e-02,2.253618389368057251e-01,-6.588183045387268066e-01,-2.364173978567123413e-01,-5.280058830976486206e-02,-6.360933184623718262e-02,1.150253266096115112e-01,-1.429965645074844360e-01,3.168718144297599792e-02,-8.510468900203704834e-02,-3.861003741621971130e-02,3.082326948642730713e-01,2.496873367785479303e-11,-2.173305302858352661e-01,3.888455405831336975e-02
2.073313295841217041e-01,-1.896752715110778809e+00,1.019079208374023438e+00,-2.519562095403671265e-02,5.746388807892799377e-02,6.620736718177795410e-01,7.468075752258300781e-01,8.199041336774826050e-02,-1.626445800065994263e-01,-5.931798815727233887e-01,7.152837514877319336e-02,2.307559698820114136e-01,-6.691424846649169922e-01,-2.428198605775833130e-01,-5.400515720248222351e-02,-7.007005810737609863e-02,1.368298530578613281e-01,-1.547525823116302490e-01,3.029296733438968658e-02,-8.448815345764160156e-02,-3.740718588232994080e-02,2.979760766029357910e-01,3.129085396824313192e-15,-2.121125459671020508e-01,3.946035727858543396e-02
2.070612907409667969e-01,-1.901847481727600098e+00,1.019237041473388672e+00,-2.691079489886760712e-02,6.044669449329376221e-02,6.644486188888549805e-01,7.443990707397460938e-01,7.428724318742752075e-02,-1.609442532062530518e-01,-5.991919636726379395e-01,5.684438347816467285e-02,2.257936596870422363e-01,-6.668996214866638184e-01,-2.583533525466918945e-01,-5.763316154479980469e-02,-8.082598447799682617e-02,1.500467211008071899e-01,-1.578408479690551758e-01,3.073082119226455688e-02,-9.699256718158721924e-02,-3.850655630230903625e-02,2.897237539291381836e-01,1.265473692910745740e-04,-2.076489776372909546e-01,4.071499779820442200e-02
2.057064473628997803e-01,-1.903070211410522461e+00,1.019185185432434082e+00,-2.396922931075096130e-02,5.780987441539764404e-02,6.707230806350708008e-01,7.390629649162292480e-01,9.298453480005264282e-02,-1.667582541704177856e-01,-6.226118803024291992e-01,6.664212793111801147e-02,2.241021990776062012e-01,-6.724132299423217773e-01,-2.557027637958526611e-01,-6.338012963533401489e-02,-9.367559105157852173e-02,1.636168956756591797e-01,-1.622584760189056396e-01,2.950069680809974670e-02,-9.337907284498214722e-02,-4.156789556145668030e-02,2.717947661876678467e-01,1.865598605945706367e-04,-2.036634981632232666e-01,4.463636502623558044e-02
2.050328105688095093e-01,-1.904661893844604492e+00,1.019361853599548340e+00,-2.204664237797260284e-02,5.596661940217018127e-02,6.766090989112854004e-01,7.338812947273254395e-01,1.099946498870849609e-01,-1.798930317163467407e-01,-6.507528424263000488e-01,7.381126284599304199e-02,2.189441919326782227e-01,-6.800684332847595215e-01,-2.520418763160705566e-01,-6.897893548011779785e-02,-1.093732491135597229e-01,1.687700450420379639e-01,-1.684581786394119263e-01,3.413578495383262634e-02,-9.217922389507293701e-02,-4.332073032855987549e-02,2.566003203392028809e-01,3.553599162842147052e-05,-2.007874697446823120e-01,4.396342486143112183e-02
2.049244940280914307e-01,-1.906104803085327148e+00,1.019152522087097168e+00,-2.087274380028247833e-02,5.442672595381736755e-02,6.799836754798889160e-01,7.309064269065856934e-01,1.254602521657943726e-01,-1.950589120388031006e-01,-6.819318532943725586e-01,8.133269846439361572e-02,2.101781070232391357e-01,-6.796228289604187012e-01,-2.497896105051040649e-01,-7.133685052394866943e-02,-1.197246536612510681e-01,1.719649285078048706e-01,-1.705299764871597290e-01,3.398107737302780151e-02,-9.204456955194473267e-02,-4.346523806452751160e-02,2.461105436086654663e-01,1.942321978276595473e-04,-1.967035979032516479e-01,4.546937346458435059e-02
2.044416666030883789e-01,-1.907120227813720703e+00,1.019046664237976074e+00,-1.874529570341110229e-02,5.291407927870750427e-02,6.799694895744323730e-01,7.310883998870849609e-01,1.346744596958160400e-01,-2.044326514005661011e-01,-7.035081386566162109e-01,8.818589895963668823e-02,1.976261287927627563e-01,-6.712725162506103516e-01,-2.485325634479522705e-01,-7.237430661916732788e-02,-1.171053722500801086e-01,1.753671318292617798e-01,-1.681868731975555420e-01,3.502692282199859619e-02,-8.841568976640701294e-02,-4.480718076229095459e-02,2.482690066099166870e-01,4.186113528703572229e-06,-1.973669528961181641e-01,4.414395242929458618e-02
2.043453305959701538e-01,-1.908038020133972168e+00,1.019009232521057129e+00,-1.774854958057403564e-02,5.103212222456932068e-02,6.773813366889953613e-01,7.336452007293701172e-01,1.367519497871398926e-01,-1.983520388603210449e-01,-7.160584330558776855e-01,9.772393107414245605e-02,1.835018694400787354e-01,-6.690875291824340820e-01,-2.488617599010467529e-01,-7.186401635408401489e-02,-1.146582141518592834e-01,1.805264055728912354e-01,-1.700928807258605957e-01,3.455923497676849365e-02,-8.534735441207885742e-02,-4.368481040000915527e-02,2.541149556636810303e-01,1.915491338877473027e-06,-1.949829459190368652e-01,4.450199007987976074e-02
2.046807259321212769e-01,-1.909743428230285645e+00,1.019724011421203613e+00,-1.701011508703231812e-02,4.894605278968811035e-02,6.736401915550231934e-01,7.372406721115112305e-01,1.304631680250167847e-01,-1.914131939411163330e-01,-7.077095508575439453e-01,9.817215800285339355e-02,1.757416278123855591e-01,-6.462949514389038086e-01,-2.541156709194183350e-01,-6.617010384798049927e-02,-1.011607870459556580e-01,1.867056041955947876e-01,-1.732881814241409302e-01,2.989047206938266754e-02,-8.226284384727478027e-02,-4.197621718049049377e-02,2.642314732074737549e-01,1.857491270129685290e-06,-1.966046988964080811e-01,4.528909921646118164e-02
2.045134902000427246e-01,-1.910321950912475586e+00,1.019235014915466309e+00,-1.731176301836967468e-02,4.923443868756294250e-02,6.707538366317749023e-01,7.398415803909301758e-01,1.233314201235771179e-01,-1.908951848745346069e-01,-7.044585943222045898e-01,9.665600210428237915e-02,1.724111437797546387e-01,-6.330599188804626465e-01,-2.595671415328979492e-01,-6.370621919631958008e-02,-9.063519537448883057e-02,1.903232932090759277e-01,-1.718850433826446533e-01,2.986057288944721222e-02,-8.275547623634338379e-02,-4.153105616569519043e-02,2.735991179943084717e-01,1.017067643260816112e-05,-1.959032863378524780e-01,4.444537311792373657e-02
2.040932178497314453e-01,-1.910616993904113770e+00,1.019123911857604980e+00,-1.761169545352458954e-02,4.974277317523956299e-02,6.703454256057739258e-01,7.401705980300903320e-01,1.207293495535850525e-01,-1.892306059598922729e-01,-7.043038606643676758e-01,9.415966272354125977e-02,1.632722318172454834e-01,-6.283262372016906738e-01,-2.623116374015808105e-01,-6.420164555311203003e-02,-9.010776877403259277e-02,1.927781701087951660e-01,-1.722110658884048462e-01,2.971974574029445648e-02,-8.407197147607803345e-02,-4.206205531954765320e-02,2.752816975116729736e-01,1.059041678672656417e-04,-1.959571838378906250e-01,4.606230184435844421e-02
2.035269886255264282e-01,-1.910853505134582520e+00,1.019234657287597656e+00,-1.722854934632778168e-02,5.018399283289909363e-02,6.714109182357788086e-01,7.391834259033203125e-01,1.207484900951385498e-01,-1.863238513469696045e-01,-7.046951055526733398e-01,8.849431574344635010e-02,1.530246287584304810e-01,-6.252562403678894043e-01,-2.641999423503875732e-01,-6.525254994630813599e-02,-8.798889815807342529e-02,1.965930014848709106e-01,-1.739322990179061890e-01,3.020538389682769775e-02,-8.460469543933868408e-02,-4.314848780632019043e-02,2.749244868755340576e-01,2.346661494811996818e-04,-1.956291198730468750e-01,4.609274491667747498e-02
2.032146453857421875e-01,-1.910838961601257324e+00,1.019309997558593750e+00,-1.750009320676326752e-02,5.125244334340095520e-02,6.737885475158691406e-01,7.369368672370910645e-01,1.264497041702270508e-01,-1.915196329355239868e-01,-7.101271748542785645e-01,8.198039233684539795e-02,1.456081867218017578e-01,-6.256539225578308105e-01,-2.681415081024169922e-01,-6.840731948614120483e-02,-9.408358484506607056e-02,2.037287801504135132e-01,-1.796624064445495605e-01,2.884010598063468933e-02,-8.750607073307037354e-02,-4.502458125352859497e-02,2.671354115009307861e-01,3.952156985178589821e-04,-1.938141882419586182e-01,4.791487008333206177e-02
2.031028121709823608e-01,-1.911400437355041504e+00,1.019338965415954590e+00,-1.749516278505325317e-02,5.292091146111488342e-02,6.766601800918579102e-01,7.341827154159545898e-01,1.369178742170333862e-01,-2.008598893880844116e-01,-7.176237106323242188e-01,7.706654071807861328e-02,1.433143764734268188e-01,-6.292006373405456543e-01,-2.745699286460876465e-01,-7.262217998504638672e-02,-1.001993194222450256e-01,2.138336896896362305e-01,-1.833096444606781006e-01,2.879410050809383392e-02,-9.155377745628356934e-02,-4.727627709507942200e-02,2.605470716953277588e-01,5.844042752869427204e-04,-1.912244558334350586e-01,4.642567411065101624e-02
2.023187875747680664e-01,-1.910693883895874023e+00,1.019240856170654297e+00,-1.698915287852287292e-02,5.429809913039207458e-02,6.788620948791503906e-01,7.320583462715148926e-01,1.454079151153564453e-01,-2.043218612670898438e-01,-7.224991321563720703e-01,7.260634005069732666e-02,1.415016800165176392e-01,-6.354723572731018066e-01,-2.779630422592163086e-01,-7.789603620767593384e-02,-1.036450490355491638e-01,2.223387211561203003e-01,-1.886778771877288818e-01,2.997897565364837646e-02,-9.310556203126907349e-02,-5.066878721117973328e-02,2.557691335678100586e-01,7.601365796290338039e-04,-1.895395517349243164e-01,4.780407249927520752e-02
2.013810575008392334e-01,-1.910183310508728027e+00,1.019362092018127441e+00,-1.642686687409877777e-02,5.458295345306396484e-02,6.797731518745422363e-01,7.312040328979492188e-01,1.462319493293762207e-01,-1.998799592256546021e-01,-7.202481031417846680e-01,6.977201998233795166e-02,1.403992474079132080e-01,-6.382560133934020996e-01,-2.803663313388824463e-01,-8.117739856243133545e-02,-1.042842566967010498e-01,2.301858812570571899e-01,-1.945988237857818604e-01,3.085561655461788177e-02,-9.741906821727752686e-02,-5.211111530661582947e-02,2.509366571903228760e-01,7.974177598953247070e-03,-1.882955282926559448e-01,4.833554849028587341e-02
1.987263262271881104e-01,-1.909617543220520020e+00,1.019469380378723145e+00,-1.621911674737930298e-02,5.496646463871002197e-02,6.814818382263183594e-01,7.295876145362854004e-01,1.451605111360549927e-01,-1.964159458875656128e-01,-7.142335176467895508e-01,6.752464175224304199e-02,1.438120603561401367e-01,-6.399307847023010254e-01,-2.826442718505859375e-01,-8.631502836942672729e-02,-1.047906726598739624e-01,2.359754145145416260e-01,-1.985406726598739624e-01,3.829639032483100891e-02,-1.087958440184593201e-01,-5.203643813729286194e-02,2.507083117961883545e-01,2.758761495351791382e-02,-1.907651424407958984e-01,4.543765634298324585e-02
1.947281360626220703e-01,-1.909904599189758301e+00,1.020497798919677734e+00,-1.891142688691616058e-02,5.965802818536758423e-02,6.832781434059143066e-01,7.274711132049560547e-01,1.292138993740081787e-01,-1.948165744543075562e-01,-7.081764340400695801e-01,5.036638304591178894e-02,1.447082161903381348e-01,-6.403881311416625977e-01,-3.001013100147247314e-01,-9.474414587020874023e-02,-1.073331236839294434e-01,2.501423060894012451e-01,-2.050562351942062378e-01,3.710893169045448303e-02,-1.291404813528060913e-01,-5.335951596498489380e-02,2.571120858192443848e-01,4.560939967632293701e-02,-1.938914805650711060e-01,4.784435406327247620e-02
1.883121281862258911e-01,-1.910266280174255371e+00,1.023652553558349609e+00,-1.654276810586452484e-02,6.531330943107604980e-02,6.864382624626159668e-01,7.240600585937500000e-01,1.234401091933250427e-01,-1.999970823526382446e-01,-7.026436328887939453e-01,4.049612581729888916e-02,1.434492468833923340e-01,-6.439138054847717285e-01,-3.104168772697448730e-01,-1.140017509460449219e-01,-1.149304062128067017e-01,2.630916237831115723e-01,-2.157543748617172241e-01,3.429119288921356201e-02,-1.462002694606781006e-01,-5.740738660097122192e-02,2.803198695182800293e-01,7.809707522392272949e-02,-2.331443727016448975e-01,2.936504222452640533e-02
1.802522093057632446e-01,-1.909972310066223145e+00,1.026132822036743164e+00,-1.283001806586980820e-02,7.057970017194747925e-02,6.905007958412170410e-01,7.197656631469726562e-01,1.255832165479660034e-01,-2.125577777624130249e-01,-7.015583515167236328e-01,3.495820611715316772e-02,1.397784352302551270e-01,-6.525002717971801758e-01,-3.185676634311676025e-01,-1.370847374200820923e-01,-1.211048588156700134e-01,2.800059914588928223e-01,-2.266238182783126831e-01,3.223087266087532043e-02,-1.735422164201736450e-01,-4.923110455274581909e-02,3.314237296581268311e-01,1.418278068304061890e-01,-2.696486413478851318e-01,1.018194295465946198e-02
1.726050823926925659e-01,-1.909555792808532715e+00,1.026656508445739746e+00,-9.507899172604084015e-03,7.428862154483795166e-02,6.941657662391662598e-01,7.159082889556884766e-01,1.314038485288619995e-01,-2.237513065338134766e-01,-7.035806775093078613e-01,3.039968945086002350e-02,1.404510438442230225e-01,-6.605753302574157715e-01,-3.297853767871856689e-01,-1.571334302425384521e-01,-1.199066266417503357e-01,3.035637140274047852e-01,-2.348950356245040894e-01,3.098907135426998138e-02,-2.148469686508178711e-01,-1.711927540600299835e-02,3.811528682708740234e-01,2.341817021369934082e-01,-2.933136522769927979e-01,7.268702611327171326e-04
1.634543389081954956e-01,-1.908201217651367188e+00,1.024312257766723633e+00,-6.819528527557849884e-03,7.113482058048248291e-02,6.951718330383300781e-01,7.152827978134155273e-01,1.624275445938110352e-01,-2.380876392126083374e-01,-7.242397665977478027e-01,4.716223850846290588e-02,1.492614448070526123e-01,-6.789287328720092773e-01,-3.353825211524963379e-01,-1.692430078983306885e-01,-1.240075230598449707e-01,3.320513367652893066e-01,-2.457639127969741821e-01,3.177684172987937927e-02,-2.716399133205413818e-01,4.093234613537788391e-02,3.739318847656250000e-01,3.668061494827270508e-01,-3.341913819313049316e-01,-1.624060096219182014e-03
1.541130244731903076e-01,-1.907007217407226562e+00,1.020555257797241211e+00,-9.896748699247837067e-03,6.864854693412780762e-02,6.954978108406066895e-01,7.151728868484497070e-01,1.746578663587570190e-01,-2.410909682512283325e-01,-7.402684092521667480e-01,6.060712784528732300e-02,1.703425347805023193e-01,-7.011145353317260742e-01,-3.556732535362243652e-01,-1.739593893289566040e-01,-1.245472431182861328e-01,3.720576763153076172e-01,-2.651000022888183594e-01,3.055189363658428192e-02,-3.249346613883972168e-01,1.032492816448211670e-01,3.473372161388397217e-01,4.629304111003875732e-01,-3.515619635581970215e-01,-1.718763145618140697e-03
1.436247974634170532e-01,-1.903729677200317383e+00,1.017828941345214844e+00,-1.088075712323188782e-02,6.895983219146728516e-02,6.946703195571899414e-01,7.159324884414672852e-01,1.778921633958816528e-01,-2.493114322423934937e-01,-7.444654703140258789e-01,7.485709339380264282e-02,1.880628764629364014e-01,-7.202321290969848633e-01,-3.855020999908447266e-01,-1.857526302337646484e-01,-1.179061532020568848e-01,4.287851154804229736e-01,-2.855138182640075684e-01,2.701178379356861115e-02,-3.620560765266418457e-01,1.527923047542572021e-01,3.088320493698120117e-01,5.230795145034790039e-01,-3.614940047264099121e-01,1.808381406590342522e-03
1.315053105354309082e-01,-1.901928901672363281e+00,1.012719273567199707e+00,-1.020897366106510162e-02,7.006181776523590088e-02,6.930688023567199707e-01,7.173860669136047363e-01,1.715862303972244263e-01,-2.520473599433898926e-01,-7.385663986206054688e-01,8.602553606033325195e-02,1.999747753143310547e-01,-7.316006422042846680e-01,-4.275366663932800293e-01,-2.034464478492736816e-01,-1.062781885266304016e-01,5.025358200073242188e-01,-3.072956800460815430e-01,3.158538043498992920e-02,-3.913100361824035645e-01,1.989025920629501343e-01,2.738943099975585938e-01,5.636847019195556641e-01,-3.557809591293334961e-01,9.014003910124301910e-03
1.175940707325935364e-01,-1.899495244026184082e+00,1.006408572196960449e+00,-1.003776956349611282e-02,7.054808735847473145e-02,6.895402669906616211e-01,7.207332253456115723e-01,1.558024138212203979e-01,-2.465802878141403198e-01,-7.259616851806640625e-01,9.791284054517745972e-02,2.181336879730224609e-01,-7.416613101959228516e-01,-4.791748821735382080e-01,-2.163828164339065552e-01,-8.457162231206893921e-02,5.930961966514587402e-01,-3.459152579307556152e-01,1.733997650444507599e-02,-4.079088568687438965e-01,2.495627701282501221e-01,2.559781372547149658e-01,5.847250819206237793e-01,-3.372390270233154297e-01,2.051150426268577576e-02
1.021805256605148315e-01,-1.896743535995483398e+00,9.988684654235839844e-01,-8.922751061618328094e-03,7.154951989650726318e-02,6.878769993782043457e-01,7.222369909286499023e-01,1.436010897159576416e-01,-2.509550452232360840e-01,-7.140881419181823730e-01,1.058378294110298157e-01,2.289049625396728516e-01,-7.441957592964172363e-01,-5.251325368881225586e-01,-2.327387332916259766e-01,-6.501968950033187866e-02,6.756543517112731934e-01,-3.791765868663787842e-01,9.976961649954319000e-03,-4.189854264259338379e-01,2.919156849384307861e-01,2.282895147800445557e-01,5.933336615562438965e-01,-3.107216060161590576e-01,1.765956543385982513e-02
8.485773950815200806e-02,-1.892922639846801758e+00,9.899525642395019531e-01,-8.747729472815990448e-03,7.085311412811279297e-02,6.877483129501342773e-01,7.224302887916564941e-01,1.344607621431350708e-01,-2.560858428478240967e-01,-7.041413784027099609e-01,1.073496043682098389e-01,2.395861595869064331e-01,-7.388192415237426758e-01,-5.607703924179077148e-01,-2.506089806556701660e-01,-5.292589962482452393e-02,7.464951276779174805e-01,-4.116530120372772217e-01,6.106760352849960327e-03,-4.248630106449127197e-01,3.307355046272277832e-01,1.951621323823928833e-01,5.876446366310119629e-01,-2.700583636760711670e-01,5.859583616256713867e-03
6.570363789796829224e-02,-1.888378143310546875e+00,9.811063408851623535e-01,-4.681699909269809723e-03,6.706757843494415283e-02,6.894752383232116699e-01,7.211823463439941406e-01,1.496932208538055420e-01,-2.737612426280975342e-01,-7.042496800422668457e-01,1.225063875317573547e-01,2.560499310493469238e-01,-7.370777726173400879e-01,-5.827365517616271973e-01,-2.745771706104278564e-01,-3.971702232956886292e-02,8.172405958175659180e-01,-4.695174098014831543e-01,3.003048710525035858e-02,-4.154597818851470947e-01,3.664396107196807861e-01,1.655739545822143555e-01,5.789757966995239258e-01,-2.658230960369110107e-01,-5.363604426383972168e-02
4.369594156742095947e-02,-1.886165380477905273e+00,9.694711565971374512e-01,-4.884103778749704361e-03,6.682821363210678101e-02,6.901540756225585938e-01,7.205535769462585449e-01,1.425260007381439209e-01,-2.827546298503875732e-01,-6.919627189636230469e-01,1.122117042541503906e-01,2.630117237567901611e-01,-7.289490103721618652e-01,-6.194062232971191406e-01,-2.947544157505035400e-01,-2.136415429413318634e-02,8.827351927757263184e-01,-4.980253279209136963e-01,2.482542395591735840e-02,-4.260836839675903320e-01,4.026334285736083984e-01,1.459956765174865723e-01,5.826263427734375000e-01,-2.466268986463546753e-01,-7.529176026582717896e-02
2.020438387989997864e-02,-1.882627367973327637e+00,9.581189751625061035e-01,-3.024189034476876259e-03,6.222083792090415955e-02,6.939262151718139648e-01,7.173464298248291016e-01,1.569431871175765991e-01,-2.987880408763885498e-01,-6.865491271018981934e-01,1.138910725712776184e-01,2.702367901802062988e-01,-7.301238179206848145e-01,-6.341421604156494141e-01,-3.201118409633636475e-01,-1.401828322559595108e-02,9.309003353118896484e-01,-5.171049833297729492e-01,2.201809175312519073e-02,-4.149529635906219482e-01,4.281246066093444824e-01,1.185597926378250122e-01,5.544719099998474121e-01,-1.961375325918197632e-01,-8.810797333717346191e-02
-6.314549595117568970e-03,-1.879519462585449219e+00,9.470966458320617676e-01,-2.865506336092948914e-03,5.826542899012565613e-02,6.960074901580810547e-01,7.156609296798706055e-01,1.549206078052520752e-01,-3.070307970046997070e-01,-6.626895070075988770e-01,1.068191975355148315e-01,2.693929076194763184e-01,-7.248401045799255371e-01,-6.486871242523193359e-01,-3.408564925193786621e-01,2.215759828686714172e-03,9.691016077995300293e-01,-5.368363857269287109e-01,2.137071825563907623e-02,-4.119401276111602783e-01,4.392317235469818115e-01,8.013951033353805542e-02,5.446472167968750000e-01,-1.668049842119216919e-01,-8.856613188982009888e-02
-3.715950995683670044e-02,-1.877161502838134766e+00,9.363428950309753418e-01,-4.805738106369972229e-03,5.484490469098091125e-02,6.984620690345764160e-01,7.135261893272399902e-01,1.549053043127059937e-01,-3.151805102825164795e-01,-6.429157853126525879e-01,1.004254743456840515e-01,2.753027677536010742e-01,-7.263271212577819824e-01,-6.593165993690490723e-01,-3.669529855251312256e-01,1.614135503768920898e-02,9.905982613563537598e-01,-5.406331419944763184e-01,3.350140526890754700e-02,-4.178552329540252686e-01,4.329931437969207764e-01,2.991080656647682190e-02,5.495139360427856445e-01,-1.485940963029861450e-01,-8.699880540370941162e-02
-7.180572301149368286e-02,-1.874109268188476562e+00,9.285094141960144043e-01,-4.744313657283782959e-03,5.135389789938926697e-02,7.000117897987365723e-01,7.122666239738464355e-01,1.557403504848480225e-01,-3.269295990467071533e-01,-6.233634948730468750e-01,9.060186892747879028e-02,2.739253342151641846e-01,-7.257618308067321777e-01,-6.537817120552062988e-01,-4.025187194347381592e-01,2.843800932168960571e-02,9.844651222229003906e-01,-5.298979282379150391e-01,6.917873769998550415e-02,-4.381625354290008545e-01,4.138602912425994873e-01,-1.565702445805072784e-02,6.142269968986511230e-01,-2.424170076847076416e-01,-1.266361176967620850e-01
-1.112006232142448425e-01,-1.870983362197875977e+00,9.237444400787353516e-01,-6.228152196854352951e-03,4.803301021456718445e-02,7.004752755165100098e-01,7.120311856269836426e-01,1.595606654882431030e-01,-3.400764465332031250e-01,-6.072828173637390137e-01,8.840958774089813232e-02,2.778953909873962402e-01,-7.280668616294860840e-01,-6.345452070236206055e-01,-4.425426721572875977e-01,3.383712843060493469e-02,9.447535276412963867e-01,-4.930492341518402100e-01,1.128167361021041870e-01,-4.763718247413635254e-01,3.924559950828552246e-01,-2.648174576461315155e-02,7.289056777954101562e-01,-3.984363973140716553e-01,-1.373245865106582642e-01
-1.545028835535049438e-01,-1.869795083999633789e+00,9.223523139953613281e-01,-1.185335591435432434e-02,4.383843019604682922e-02,7.006618380546569824e-01,7.120468020439147949e-01,1.566557139158248901e-01,-3.447414040565490723e-01,-5.933681130409240723e-01,8.685101568698883057e-02,2.830349206924438477e-01,-7.281882166862487793e-01,-6.085657477378845215e-01,-4.662043154239654541e-01,4.296343401074409485e-02,8.732308149337768555e-01,-4.199116230010986328e-01,1.409800499677658081e-01,-5.156317353248596191e-01,3.714909553527832031e-01,-1.315991953015327454e-02,8.270604014396667480e-01,-5.171853303909301758e-01,-1.070650443434715271e-01
-1.979549974203109741e-01,-1.870455741882324219e+00,9.266628623008728027e-01,-1.912102848291397095e-02,3.615413606166839600e-02,7.010864615440368652e-01,7.119023799896240234e-01,1.509019285440444946e-01,-3.307898640632629395e-01,-5.823714137077331543e-01,1.016050651669502258e-01,3.019622564315795898e-01,-7.397822737693786621e-01,-5.580419301986694336e-01,-4.807987511157989502e-01,4.037223383784294128e-02,7.575032711029052734e-01,-2.936674654483795166e-01,1.618572622537612915e-01,-5.493906736373901367e-01,3.428004384040832520e-01,-2.667139656841754913e-02,8.861888051033020020e-01,-5.482286810874938965e-01,-7.856460660696029663e-02
-2.400368005037307739e-01,-1.872331738471984863e+00,9.358924627304077148e-01,-2.349879965186119080e-02,3.281005844473838806e-02,6.994472146034240723e-01,7.135438919067382812e-01,1.339207440614700317e-01,-3.143862485885620117e-01,-5.706849098205566406e-01,1.124745756387710571e-01,3.133068680763244629e-01,-7.518861889839172363e-01,-5.059416890144348145e-01,-4.991842210292816162e-01,2.709362469613552094e-02,6.220508813858032227e-01,-1.275727450847625732e-01,1.651669591665267944e-01,-5.662441849708557129e-01,3.129155039787292480e-01,-1.531478017568588257e-02,9.140524268150329590e-01,-5.475311279296875000e-01,-5.912154540419578552e-02
-2.795804142951965332e-01,-1.875877737998962402e+00,9.458417892456054688e-01,-2.449850179255008698e-02,3.325114026665687561e-02,6.969690918922424316e-01,7.159107923507690430e-01,1.102657988667488098e-01,-2.920125424861907959e-01,-5.663200616836547852e-01,1.179796606302261353e-01,3.118602335453033447e-01,-7.573118805885314941e-01,-4.510604441165924072e-01,-5.252395868301391602e-01,-2.343237027525901794e-02,4.778043925762176514e-01,5.052625387907028198e-02,1.397835314273834229e-01,-5.665314197540283203e-01,2.717478871345520020e-01,4.310232121497392654e-03,9.160513281822204590e-01,-5.623679757118225098e-01,-1.974930614233016968e-02
-3.133631050586700439e-01,-1.879537343978881836e+00,9.553303718566894531e-01,-2.819291129708290100e-02,3.213435038924217224e-02,6.967508792877197266e-01,7.160382270812988281e-01,9.112453460693359375e-02,-2.576714456081390381e-01,-5.830236673355102539e-01,1.304998397827148438e-01,3.238686025142669678e-01,-7.743318080902099609e-01,-4.342743754386901855e-01,-5.245621204376220703e-01,-6.461801379919052124e-02,4.328986704349517822e-01,9.562690556049346924e-02,1.216565743088722229e-01,-5.617287755012512207e-01,2.417056113481521606e-01,1.713188551366329193e-02,8.962331414222717285e-01,-5.611563920974731445e-01,3.733384190127253532e-03
-3.415720164775848389e-01,-1.881005287170410156e+00,9.671005010604858398e-01,-3.440110757946968079e-02,2.586659602820873260e-02,7.025371789932250977e-01,7.103443145751953125e-01,8.954742550849914551e-02,-2.224390208721160889e-01,-6.085553169250488281e-01,1.554204225540161133e-01,3.472047746181488037e-01,-7.911115288734436035e-01,-4.371501505374908447e-01,-4.806016981601715088e-01,-6.374424695968627930e-02,4.801066517829895020e-01,6.602297537028789520e-03,1.061777025461196899e-01,-5.517855882644653320e-01,2.194335162639617920e-01,8.537322282791137695e-03,8.602485656738281250e-01,-5.415250062942504883e-01,1.159091200679540634e-02
-3.667334914207458496e-01,-1.883752942085266113e+00,9.783048033714294434e-01,-3.843998536467552185e-02,2.225222624838352203e-02,7.097056508064270020e-01,7.030967473983764648e-01,9.007693082094192505e-02,-2.015890777111053467e-01,-6.380482316017150879e-01,1.772075146436691284e-01,3.646057844161987305e-01,-8.109394311904907227e-01,-4.564830362796783447e-01,-4.363306462764739990e-01,-7.613357901573181152e-02,5.692870616912841797e-01,-1.097884327173233032e-01,8.622920513153076172e-02,-5.366868972778320312e-01,1.921443045139312744e-01,-8.493012282997369766e-04,8.136427998542785645e-01,-5.175046920776367188e-01,1.409601699560880661e-02
-3.887124061584472656e-01,-1.886781811714172363e+00,9.868727922439575195e-01,-4.199172183871269226e-02,2.113086171448230743e-02,7.150564789772033691e-01,6.974843740463256836e-01,9.204089641571044922e-02,-1.914661675691604614e-01,-6.696565151214599609e-01,2.054359614849090576e-01,3.900457024574279785e-01,-8.301297426223754883e-01,-4.779087305068969727e-01,-3.973740041255950928e-01,-1.141249462962150574e-01,6.598768830299377441e-01,-2.292954176664352417e-01,6.318593025207519531e-02,-5.235746502876281738e-01,1.660299450159072876e-01,-6.680499296635389328e-03,7.706052660942077637e-01,-4.971043169498443604e-01,2.467339113354682922e-02
-4.073332548141479492e-01,-1.890197038650512695e+00,9.930416941642761230e-01,-4.488175362348556519e-02,2.284207008779048920e-02,7.188859581947326660e-01,6.933013796806335449e-01,9.659699350595474243e-02,-1.968202739953994751e-01,-7.086289525032043457e-01,2.266660183668136597e-01,4.093908667564392090e-01,-8.451192975044250488e-01,-4.869736135005950928e-01,-3.546456694602966309e-01,-1.622256338596343994e-01,7.153173089027404785e-01,-3.092759847640991211e-01,4.637628793716430664e-02,-5.113515257835388184e-01,1.439013183116912842e-01,-7.125633303076028824e-03,7.273443937301635742e-01,-4.750949442386627197e-01,2.280543558299541473e-02
-4.245479404926300049e-01,-1.893682599067687988e+00,9.979730844497680664e-01,-4.588339105248451233e-02,2.187139727175235748e-02,7.218357324600219727e-01,6.901952624320983887e-01,1.022482365369796753e-01,-1.894852072000503540e-01,-7.425263524055480957e-01,2.421230971813201904e-01,4.241162538528442383e-01,-8.440161943435668945e-01,-4.791270792484283447e-01,-3.082568943500518799e-01,-2.209540754556655884e-01,7.386673092842102051e-01,-3.688875734806060791e-01,3.558415919542312622e-02,-4.927051365375518799e-01,1.257743835449218750e-01,-5.157339386641979218e-03,6.855437755584716797e-01,-4.541265070438385010e-01,2.481344155967235565e-02
-4.397956728935241699e-01,-1.896269917488098145e+00,1.001469969749450684e+00,-4.487288370728492737e-02,2.183569595217704773e-02,7.237483859062194824e-01,6.882571578025817871e-01,1.134530305862426758e-01,-1.932220309972763062e-01,-7.623599767684936523e-01,2.479031682014465332e-01,4.314755201339721680e-01,-8.380020260810852051e-01,-4.626487791538238525e-01,-2.579264044761657715e-01,-2.682668864727020264e-01,7.330541610717773438e-01,-4.026954770088195801e-01,3.778217732906341553e-02,-4.703712463378906250e-01,1.064368560910224915e-01,-4.803668241947889328e-03,6.419318318367004395e-01,-4.308483004570007324e-01,2.161451429128646851e-02
-4.544920027256011963e-01,-1.899425506591796875e+00,1.005015611648559570e+00,-4.206173866987228394e-02,2.256866730749607086e-02,7.258377075195312500e-01,6.862077713012695312e-01,1.264025568962097168e-01,-2.005761414766311646e-01,-7.818735241889953613e-01,2.417117506265640259e-01,4.217091798782348633e-01,-8.225278258323669434e-01,-4.487972259521484375e-01,-2.047548890113830566e-01,-2.943214476108551025e-01,7.168810367584228516e-01,-4.309812784194946289e-01,3.542785346508026123e-02,-4.461031556129455566e-01,8.470566570758819580e-02,-2.681182930245995522e-03,5.992574691772460938e-01,-4.144314229488372803e-01,2.500345744192600250e-02
-4.674320518970489502e-01,-1.901737928390502930e+00,1.008071064949035645e+00,-3.775328025221824646e-02,2.352762036025524139e-02,7.285856008529663086e-01,6.835086941719055176e-01,1.440696716308593750e-01,-2.209739387035369873e-01,-8.118203878402709961e-01,2.244665473699569702e-01,4.037130475044250488e-01,-7.994206547737121582e-01,-4.330122768878936768e-01,-1.490532010793685913e-01,-2.962204515933990479e-01,6.875289082527160645e-01,-4.486379921436309814e-01,3.379182890057563782e-02,-4.229908585548400879e-01,5.963082239031791687e-02,-6.396160461008548737e-03,5.606317520141601562e-01,-3.959451615810394287e-01,3.497701510787010193e-02
-4.797010421752929688e-01,-1.904053330421447754e+00,1.010248303413391113e+00,-3.310227021574974060e-02,2.545484527945518494e-02,7.307012677192687988e-01,6.814190745353698730e-01,1.596183031797409058e-01,-2.272561639547348022e-01,-8.176236152648925781e-01,2.127346247434616089e-01,3.827997148036956787e-01,-7.807349562644958496e-01,-4.256169795989990234e-01,-9.397120773792266846e-02,-2.645384073257446289e-01,6.592237949371337891e-01,-4.648225009441375732e-01,4.229519143700599670e-02,-3.972708880901336670e-01,3.664920479059219360e-02,-7.629769388586282730e-03,5.170565247535705566e-01,-3.731923401355743408e-01,3.191192075610160828e-02
-4.915450513362884521e-01,-1.905553340911865234e+00,1.012154221534729004e+00,-2.937933057546615601e-02,2.605656906962394714e-02,7.315536141395568848e-01,6.806520223617553711e-01,1.675877869129180908e-01,-2.354085147380828857e-01,-8.227744102478027344e-01,2.051311284303665161e-01,3.630489110946655273e-01,-7.692020535469055176e-01,-4.143432080745697021e-01,-4.463194683194160461e-02,-2.205069661140441895e-01,6.243079900741577148e-01,-4.868720173835754395e-01,4.716274514794349670e-02,-3.710441291332244873e-01,1.900151185691356659e-02,-6.338502746075391769e-03,4.750065803527832031e-01,-3.534703552722930908e-01,3.203552961349487305e-02
-5.023869872093200684e-01,-1.907346367835998535e+00,1.012896895408630371e+00,-2.565957047045230865e-02,2.563914097845554352e-02,7.315670847892761230e-01,6.808037757873535156e-01,1.720655858516693115e-01,-2.386738806962966919e-01,-8.138644695281982422e-01,1.957597136497497559e-01,3.420137465000152588e-01,-7.528827190399169922e-01,-3.922830820083618164e-01,-8.363811648450791836e-04,-1.682059317827224731e-01,5.693194866180419922e-01,-4.919959604740142822e-01,4.006864875555038452e-02,-3.491086065769195557e-01,3.380383364856243134e-03,-6.765547208487987518e-03,4.433932602405548096e-01,-3.420609533786773682e-01,3.878302872180938721e-02
-5.124558210372924805e-01,-1.909714937210083008e+00,1.012685418128967285e+00,-1.849110424518585205e-02,2.731323614716529846e-02,7.303075194358825684e-01,6.823217272758483887e-01,1.751688718795776367e-01,-2.494078874588012695e-01,-8.059318661689758301e-01,1.768722534179687500e-01,3.053283989429473877e-01,-7.267758846282958984e-01,-3.469535112380981445e-01,1.454285439103841782e-02,-1.321071833372116089e-01,4.614943861961364746e-01,-3.930744230747222900e-01,5.161222815513610840e-02,-3.248435258865356445e-01,-1.715901866555213928e-02,6.771242624381557107e-05,4.099385440349578857e-01,-3.287778496742248535e-01,4.995469748973846436e-02
-5.216241478919982910e-01,-1.911983728408813477e+00,1.011408090591430664e+00,-1.098228804767131805e-02,3.186829388141632080e-02,7.272709608078002930e-01,6.855221986770629883e-01,1.709946244955062866e-01,-2.573870718479156494e-01,-7.920454740524291992e-01,1.405342221260070801e-01,2.565678656101226807e-01,-6.821562051773071289e-01,-3.046417236328125000e-01,5.120246205478906631e-03,-1.266112029552459717e-01,3.600071966648101807e-01,-2.727104723453521729e-01,1.719483733177185059e-02,-3.038645982742309570e-01,-3.970744833350181580e-02,8.638962171971797943e-03,3.757888376712799072e-01,-3.140143454074859619e-01,6.465354561805725098e-02
-5.299391150474548340e-01,-1.914786577224731445e+00,1.013193488121032715e+00,-3.565802006050944328e-03,3.268324211239814758e-02,7.225539684295654297e-01,6.905323266983032227e-01,1.542920470237731934e-01,-2.509362995624542236e-01,-7.668229341506958008e-01,9.959024190902709961e-02,1.963102817535400391e-01,-6.228644251823425293e-01,-2.812861502170562744e-01,-4.610836622305214405e-04,-9.793976694345474243e-02,3.199130594730377197e-01,-2.281985133886337280e-01,-2.402553148567676544e-02,-2.699409127235412598e-01,-5.438312143087387085e-02,2.617448009550571442e-02,3.268831670284271240e-01,-2.922503948211669922e-01,9.135854244232177734e-02
-5.365711450576782227e-01,-1.917031645774841309e+00,1.014635324478149414e+00,1.282553654164075851e-03,3.409761190414428711e-02,7.208258509635925293e-01,6.922758221626281738e-01,1.423632949590682983e-01,-2.449138462543487549e-01,-7.112723588943481445e-01,6.883828341960906982e-02,1.589034795761108398e-01,-5.797406435012817383e-01,-2.718915343284606934e-01,-1.556032244116067886e-02,-8.695525676012039185e-02,3.065588474273681641e-01,-2.149091660976409912e-01,-1.115075033158063889e-02,-2.455212324857711792e-01,-6.372544169425964355e-02,4.242446646094322205e-02,2.909878790378570557e-01,-2.820297181606292725e-01,8.861509710550308228e-02
-5.417168736457824707e-01,-1.919486165046691895e+00,1.016626954078674316e+00,4.230972845107316971e-03,3.368314355611801147e-02,7.198916077613830566e-01,6.932557821273803711e-01,1.315211206674575806e-01,-2.397429496049880981e-01,-6.682662963867187500e-01,4.506931453943252563e-02,1.247652396559715271e-01,-5.494856238365173340e-01,-2.587671875953674316e-01,-2.203940413892269135e-02,-8.348690718412399292e-02,2.863582968711853027e-01,-2.071791291236877441e-01,-3.667782759293913841e-03,-2.133819609880447388e-01,-6.715887784957885742e-02,5.364478752017021179e-02,2.369720935821533203e-01,-2.619739174842834473e-01,7.396430522203445435e-02
-5.461196899414062500e-01,-1.921882748603820801e+00,1.017330288887023926e+00,4.771583247929811478e-03,3.424289077520370483e-02,7.165232300758361816e-01,6.967058777809143066e-01,1.212930381298065186e-01,-2.268479168415069580e-01,-6.382362842559814453e-01,2.785966917872428894e-02,9.754522889852523804e-02,-5.318061113357543945e-01,-2.475340962409973145e-01,-2.429813332855701447e-02,-7.537116110324859619e-02,2.585580348968505859e-01,-1.944594532251358032e-01,-3.242099890485405922e-03,-1.891987025737762451e-01,-7.093568146228790283e-02,6.651967763900756836e-02,1.889920383691787720e-01,-2.385628074407577515e-01,7.313461601734161377e-02
-5.495910048484802246e-01,-1.924556374549865723e+00,1.017348647117614746e+00,3.144056070595979691e-03,3.673341870307922363e-02,7.138158679008483887e-01,6.993623375892639160e-01,1.116226837038993835e-01,-2.142958492040634155e-01,-6.252703666687011719e-01,5.676936358213424683e-03,7.217230647802352905e-02,-5.213100910186767578e-01,-2.512351870536804199e-01,-2.781432494521141052e-02,-6.797903776168823242e-02,2.510663568973541260e-01,-1.919585764408111572e-01,-2.708290237933397293e-03,-1.833144873380661011e-01,-7.276220619678497314e-02,8.320274949073791504e-02,1.665082424879074097e-01,-2.306152284145355225e-01,7.661797106266021729e-02
-5.526056289672851562e-01,-1.926728844642639160e+00,1.017564773559570312e+00,2.026482950896024704e-03,3.878227248787879944e-02,7.114161252975463867e-01,7.016971707344055176e-01,1.110751405358314514e-01,-2.096405029296875000e-01,-6.275654435157775879e-01,-1.318181864917278290e-02,6.478872895240783691e-02,-5.136267542839050293e-01,-2.554321289062500000e-01,-3.035578876733779907e-02,-5.771997943520545959e-02,2.466537207365036011e-01,-1.904218494892120361e-01,2.307118615135550499e-03,-1.780439466238021851e-01,-7.507754117250442505e-02,9.666674584150314331e-02,1.473186314105987549e-01,-2.194143235683441162e-01,7.658405601978302002e-02
-5.546496510505676270e-01,-1.928945064544677734e+00,1.017868041992187500e+00,2.421676646918058395e-03,4.004099965095520020e-02,7.114956378936767578e-01,7.015445828437805176e-01,1.124200224876403809e-01,-2.022620439529418945e-01,-6.323942542076110840e-01,-2.403884008526802063e-02,6.583553552627563477e-02,-5.066953301429748535e-01,-2.582075893878936768e-01,-3.353168815374374390e-02,-5.493829399347305298e-02,2.461405247449874878e-01,-1.873446255922317505e-01,2.355645410716533661e-03,-1.759731471538543701e-01,-8.020747452974319458e-02,9.560260921716690063e-02,1.355993747711181641e-01,-2.080958336591720581e-01,8.120884746313095093e-02
-5.559191703796386719e-01,-1.930634260177612305e+00,1.017705440521240234e+00,2.479554619640111923e-03,3.992490097880363464e-02,7.135053873062133789e-01,6.995068788528442383e-01,1.134324893355369568e-01,-1.925377994775772095e-01,-6.393228769302368164e-01,-3.095680288970470428e-02,7.023536413908004761e-02,-5.041881799697875977e-01,-2.570013105869293213e-01,-3.622242063283920288e-02,-6.106929108500480652e-02,2.431706488132476807e-01,-1.862249672412872314e-01,1.723061082884669304e-03,-1.777563840150833130e-01,-8.233437687158584595e-02,9.031205624341964722e-02,1.324954777956008911e-01,-1.978246271610260010e-01,8.193799853324890137e-02
-5.571495890617370605e-01,-1.932977676391601562e+00,1.017922759056091309e+00,-2.126345352735370398e-04,4.201818257570266724e-02,7.146167755126953125e-01,6.982530355453491211e-01,9.832050651311874390e-02,-1.790737360715866089e-01,-6.402297616004943848e-01,-4.141310974955558777e-02,7.857801020145416260e-02,-5.054858326911926270e-01,-2.678542137145996094e-01,-3.823527321219444275e-02,-6.570801883935928345e-02,2.495985776185989380e-01,-1.904097199440002441e-01,5.211147945374250412e-03,-1.889165490865707397e-01,-8.242764323949813843e-02,9.083136916160583496e-02,1.362248957157135010e-01,-1.977073997259140015e-01,8.394866436719894409e-02
-5.578963756561279297e-01,-1.934477567672729492e+00,1.018062949180603027e+00,7.863835198804736137e-04,4.109388217329978943e-02,7.153384089469909668e-01,6.975683569908142090e-01,1.036837622523307800e-01,-1.739966422319412231e-01,-6.484562754631042480e-01,-3.105899505317211151e-02,9.137777239084243774e-02,-5.207222700119018555e-01,-2.614096701145172119e-01,-3.985332697629928589e-02,-6.872920691967010498e-02,2.413842231035232544e-01,-1.875301152467727661e-01,6.819961126893758774e-03,-1.894251108169555664e-01,-8.489198237657546997e-02,8.371369540691375732e-02,1.373971700668334961e-01,-1.975909769535064697e-01,8.372247219085693359e-02
-5.582318902015686035e-01,-1.935274004936218262e+00,1.018069148063659668e+00,5.188942886888980865e-04,4.144317656755447388e-02,7.145529985427856445e-01,6.983524560928344727e-01,1.039589568972587585e-01,-1.724437624216079712e-01,-6.540500521659851074e-01,-1.964654773473739624e-02,1.050750836730003357e-01,-5.397348999977111816e-01,-2.563989162445068359e-01,-4.122660681605339050e-02,-6.939824670553207397e-02,2.290896922349929810e-01,-1.781651228666305542e-01,1.156358793377876282e-02,-1.913818717002868652e-01,-8.463253825902938843e-02,8.763498067855834961e-02,1.381294727325439453e-01,-1.979922056198120117e-01,8.475275337696075439e-02
-5.584254264831542969e-01,-1.935593128204345703e+00,1.018072724342346191e+00,-5.160417058505117893e-04,4.126442968845367432e-02,7.124324440956115723e-01,7.005261778831481934e-01,1.008683890104293823e-01,-1.731850951910018921e-01,-6.555941700935363770e-01,-3.025812562555074692e-03,1.282019764184951782e-01,-5.627980232238769531e-01,-2.523135542869567871e-01,-3.881775960326194763e-02,-6.616605073213577271e-02,2.163378596305847168e-01,-1.725032627582550049e-01,1.443181559443473816e-02,-1.922485083341598511e-01,-8.185520023107528687e-02,9.383618831634521484e-02,1.376368999481201172e-01,-1.980388462543487549e-01,8.486269414424896240e-02
-5.586799383163452148e-01,-1.936195969581604004e+00,1.018225550651550293e+00,-1.417624764144420624e-03,4.045820981264114380e-02,7.106943726539611816e-01,7.023351192474365234e-01,9.682098776102066040e-02,-1.677999943494796753e-01,-6.486489772796630859e-01,1.670095697045326233e-02,1.517821550369262695e-01,-5.850877761840820312e-01,-2.494758665561676025e-01,-3.637694939970970154e-02,-6.671453267335891724e-02,2.076039761304855347e-01,-1.690521091222763062e-01,1.399324554949998856e-02,-1.918190270662307739e-01,-7.929893583059310913e-02,9.490811824798583984e-02,1.358495503664016724e-01,-1.973714083433151245e-01,8.926056325435638428e-02
-5.587436556816101074e-01,-1.936388134956359863e+00,1.018200159072875977e+00,-2.200123621150851250e-03,3.998364880681037903e-02,7.104576826095581055e-01,7.025997638702392578e-01,9.335245937108993530e-02,-1.680490672588348389e-01,-6.435106396675109863e-01,3.670682385563850403e-02,1.713310331106185913e-01,-6.028894186019897461e-01,-2.461031526327133179e-01,-3.512050956487655640e-02,-6.696536391973495483e-02,1.997863203287124634e-01,-1.616190671920776367e-01,1.699248328804969788e-02,-1.899484246969223022e-01,-7.642749696969985962e-02,1.009356006979942322e-01,1.322795301675796509e-01,-1.961138397455215454e-01,8.337049931287765503e-02
-5.596836209297180176e-01,-1.936567902565002441e+00,1.018485665321350098e+00,-3.150431672111153603e-03,3.940358385443687439e-02,7.108569145202636719e-01,7.022249102592468262e-01,8.999762684106826782e-02,-1.731863319873809814e-01,-6.396904587745666504e-01,5.092627555131912231e-02,1.827315539121627808e-01,-6.142201423645019531e-01,-2.426654696464538574e-01,-3.475633636116981506e-02,-7.482205331325531006e-02,1.916439682245254517e-01,-1.603234261274337769e-01,1.608519814908504486e-02,-1.883327364921569824e-01,-7.620633393526077271e-02,9.670463949441909790e-02,1.276882588863372803e-01,-1.969242542982101440e-01,8.878637105226516724e-02
-5.599557161331176758e-01,-1.936433672904968262e+00,1.018764615058898926e+00,-3.148604417219758034e-03,3.861459717154502869e-02,7.107847332954406738e-01,7.023417949676513672e-01,8.805577456951141357e-02,-1.825939714908599854e-01,-6.446605324745178223e-01,5.952892452478408813e-02,1.928047984838485718e-01,-6.192024946212768555e-01,-2.395371049642562866e-01,-3.293972089886665344e-02,-7.206113636493682861e-02,1.871513277292251587e-01,-1.557680368423461914e-01,1.481810212135314941e-02,-1.856725513935089111e-01,-7.554557174444198608e-02,9.494554251432418823e-02,1.242162585258483887e-01,-1.964887976646423340e-01,8.947152644395828247e-02
-5.604692697525024414e-01,-1.936434388160705566e+00,1.018740892410278320e+00,-6.700163241475820541e-03,4.108704999089241028e-02,7.100760936737060547e-01,7.028932571411132812e-01,7.699853181838989258e-02,-1.868596225976943970e-01,-6.436830759048461914e-01,5.017751455307006836e-02,1.956253498792648315e-01,-6.162954568862915039e-01,-2.484196424484252930e-01,-3.285694494843482971e-02,-8.060969412326812744e-02,1.887586265802383423e-01,-1.616551429033279419e-01,1.513686683028936386e-02,-1.946388483047485352e-01,-7.367765158414840698e-02,9.904763847589492798e-02,1.262578368186950684e-01,-1.969589143991470337e-01,8.840090781450271606e-02
-5.605925321578979492e-01,-1.935620784759521484e+00,1.018576979637145996e+00,-4.971947055310010910e-03,3.909375518560409546e-02,7.117111086845397949e-01,7.013660073280334473e-01,9.429056942462921143e-02,-1.989564150571823120e-01,-6.529679298400878906e-01,5.934253707528114319e-02,1.966688036918640137e-01,-6.209748983383178711e-01,-2.404091209173202515e-01,-3.156708925962448120e-02,-7.302475720643997192e-02,1.857127398252487183e-01,-1.550662666559219360e-01,1.437807735055685043e-02,-1.904067546129226685e-01,-7.439617812633514404e-02,9.381435811519622803e-02,1.277038007974624634e-01,-1.959785073995590210e-01,8.758208900690078735e-02
