1.468079090118408203e-01,-2.141200304031372070e+00,1.008950710296630859e+00,-3.667903691530227661e-02,5.936202406883239746e-02,7.019948363304138184e-01,7.087552547454833984e-01,-1.224173679947853088e-01,-1.345198601484298706e-01,-3.719713389873504639e-01,-1.347901821136474609e-01,1.185287907719612122e-01,-4.957284927368164062e-01,-1.926170885562896729e-01,-1.311020702123641968e-01,-2.397571206092834473e-01,9.517661681002209662e-08,-6.581865251064300537e-02,1.057005226612091064e-01,-1.459673792123794556e-01,3.909114375710487366e-02,2.971737682819366455e-01,2.926944372093863433e-15,-1.369145363569259644e-01,-1.792487688362598419e-02
1.472975164651870728e-01,-2.132885932922363281e+00,1.016870617866516113e+00,-1.767322048544883728e-02,4.246572777628898621e-02,7.015580534934997559e-01,7.111263275146484375e-01,-2.975234529003500938e-03,-1.567105352878570557e-01,-5.376634001731872559e-01,-1.937652193009853363e-02,1.360311061143875122e-01,-5.734258294105529785e-01,-1.323179006576538086e-01,-1.266304701566696167e-01,-2.343505322933197021e-01,1.904027594719082117e-04,-8.857800066471099854e-02,8.204180002212524414e-02,-8.764269202947616577e-02,2.864169701933860779e-02,2.905282378196716309e-01,-3.818424526222385929e-18,-1.660277545452117920e-01,1.554797776043415070e-02
1.468659639358520508e-01,-2.133363962173461914e+00,1.017964482307434082e+00,-1.564511656761169434e-02,4.058955237269401550e-02,7.017797231674194336e-01,7.110646367073059082e-01,2.407557889819145203e-02,-1.630463749170303345e-01,-5.895165801048278809e-01,4.268315620720386505e-03,1.419937908649444580e-01,-5.975332260131835938e-01,-1.268368363380432129e-01,-1.251718103885650635e-01,-2.326812893152236938e-01,1.770981839399610180e-06,-8.944841474294662476e-02,7.621325552463531494e-02,-8.349446952342987061e-02,2.831254899501800537e-02,2.917022407054901123e-01,9.825582188149883933e-19,-1.666585057973861694e-01,1.775885932147502899e-02
1.458796113729476929e-01,-2.133881330490112305e+00,1.018187522888183594e+00,-1.788529008626937866e-02,4.310000687837600708e-02,7.020412087440490723e-01,7.106058597564697266e-01,2.518938854336738586e-02,-1.655198037624359131e-01,-6.025463938713073730e-01,1.561196870170533657e-03,1.444928646087646484e-01,-6.031075119972229004e-01,-1.322568058967590332e-01,-1.257070899009704590e-01,-2.340601384639739990e-01,4.974241619493113831e-06,-9.059327840805053711e-02,7.613023370504379272e-02,-9.034298360347747803e-02,2.791018038988113403e-02,2.931069433689117432e-01,7.962109704190423187e-20,-1.667813658714294434e-01,1.541893742978572845e-02
1.456319689750671387e-01,-2.135155916213989258e+00,1.018638730049133301e+00,-1.862340793013572693e-02,4.378813505172729492e-02,7.020484209060668945e-01,7.105376720428466797e-01,2.601939812302589417e-02,-1.649021506309509277e-01,-6.101737022399902344e-01,1.633104868233203888e-03,1.470479071140289307e-01,-6.049774289131164551e-01,-1.350175589323043823e-01,-1.253313720226287842e-01,-2.330316603183746338e-01,3.440584987401962280e-05,-9.153185784816741943e-02,7.371901720762252808e-02,-9.384843707084655762e-02,2.829749323427677155e-02,2.924464643001556396e-01,-4.963613070910199987e-19,-1.665377020835876465e-01,1.596928760409355164e-02
1.454075276851654053e-01,-2.135069131851196289e+00,1.018690347671508789e+00,-1.511577889323234558e-02,4.022163525223731995e-02,7.025331258773803711e-01,7.103526592254638672e-01,4.588748514652252197e-02,-1.671717464923858643e-01,-6.228444576263427734e-01,2.168411761522293091e-02,1.500963866710662842e-01,-6.143143773078918457e-01,-1.254316717386245728e-01,-1.253392696380615234e-01,-2.333092838525772095e-01,6.451437366195023060e-05,-9.041012823581695557e-02,7.354766130447387695e-02,-8.481316268444061279e-02,2.789806202054023743e-02,2.910378873348236084e-01,2.674930047429080471e-18,-1.661338806152343750e-01,1.687329635024070740e-02
1.444696784019470215e-01,-2.134512424468994141e+00,1.018405556678771973e+00,-1.328643970191478729e-02,3.853047639131546021e-02,7.036027908325195312e-01,7.094236612319946289e-01,5.773975327610969543e-02,-1.708541810512542725e-01,-6.309120655059814453e-01,3.235137835144996643e-02,1.521460115909576416e-01,-6.227027773857116699e-01,-1.194123178720474243e-01,-1.266099810600280762e-01,-2.359188944101333618e-01,1.616613076294015627e-06,-9.085809439420700073e-02,7.544897496700286865e-02,-8.049090206623077393e-02,2.712311409413814545e-02,2.882649302482604980e-01,8.775261333554551513e-18,-1.653386950492858887e-01,1.627566665410995483e-02
1.436517238616943359e-01,-2.135743141174316406e+00,1.018972873687744141e+00,-1.584762334823608398e-02,4.079264402389526367e-02,7.033615708351135254e-01,7.094838619232177734e-01,4.737560078501701355e-02,-1.686252653598785400e-01,-6.316161751747131348e-01,2.287593297660350800e-02,1.534677296876907349e-01,-6.231817007064819336e-01,-1.267845481634140015e-01,-1.266964226961135864e-01,-2.366359680891036987e-01,1.628129211894702166e-05,-9.095708280801773071e-02,7.486065477132797241e-02,-8.776367455720901489e-02,2.693141438066959381e-02,2.899882793426513672e-01,-7.508100044462118206e-18,-1.654006391763687134e-01,1.708139106631278992e-02
1.428768187761306763e-01,-2.135735034942626953e+00,1.018932223320007324e+00,-1.688640192151069641e-02,4.230069369077682495e-02,7.033277750015258789e-01,7.094050645828247070e-01,4.080877080559730530e-02,-1.680318117141723633e-01,-6.288545131683349609e-01,1.792491972446441650e-02,1.530895382165908813e-01,-6.222172975540161133e-01,-1.299946457147598267e-01,-1.280193626880645752e-01,-2.366968095302581787e-01,5.543606675928458571e-05,-8.972264826297760010e-02,7.603960484266281128e-02,-9.126655012369155884e-02,2.558298408985137939e-02,2.893761396408081055e-01,-2.364915988734006547e-18,-1.664089262485504150e-01,1.751144230365753174e-02
1.427124291658401489e-01,-2.136387109756469727e+00,1.018956542015075684e+00,-1.765880361199378967e-02,4.279073327779769897e-02,7.034589052200317383e-01,7.092267870903015137e-01,3.650427609682083130e-02,-1.677572429180145264e-01,-6.265326142311096191e-01,1.441332045942544937e-02,1.534997671842575073e-01,-6.212252974510192871e-01,-1.322478204965591431e-01,-1.276723444461822510e-01,-2.358830273151397705e-01,7.118296343833208084e-05,-8.947390317916870117e-02,7.534530013799667358e-02,-9.370100498199462891e-02,2.596752345561981201e-02,2.889189422130584717e-01,3.015437292225309207e-18,-1.652107387781143188e-01,1.745479367673397064e-02
1.424705833196640015e-01,-2.136652231216430664e+00,1.019170284271240234e+00,-1.805025525391101837e-02,4.299949854612350464e-02,7.034342885017395020e-01,7.092287540435791016e-01,3.302824124693870544e-02,-1.671601384878158569e-01,-6.248444318771362305e-01,1.226950157433748245e-02,1.535756736993789673e-01,-6.206734776496887207e-01,-1.333617866039276123e-01,-1.274288594722747803e-01,-2.352416664361953735e-01,7.860679761506617069e-05,-8.914065361022949219e-02,7.444426417350769043e-02,-9.466472268104553223e-02,2.589910477399826050e-02,2.895113229751586914e-01,1.124859753953710850e-18,-1.653805971145629883e-01,1.711822673678398132e-02
1.417898833751678467e-01,-2.136161804199218750e+00,1.019116401672363281e+00,-1.470595411956310272e-02,3.945898264646530151e-02,7.037590146064758301e-01,7.091896533966064453e-01,4.943968355655670166e-02,-1.700461655855178833e-01,-6.305902600288391113e-01,3.055544570088386536e-02,1.579993665218353271e-01,-6.300036311149597168e-01,-1.236651614308357239e-01,-1.278633624315261841e-01,-2.353976517915725708e-01,1.317005080636590719e-04,-8.938821405172348022e-02,7.446499913930892944e-02,-8.545152842998504639e-02,2.521362900733947754e-02,2.874236702919006348e-01,-7.250602028496810902e-19,-1.654787808656692505e-01,1.780588179826736450e-02
1.417948454618453979e-01,-2.136582851409912109e+00,1.019230842590332031e+00,-1.669162139296531677e-02,4.157912731170654297e-02,7.034454345703125000e-01,7.093356847763061523e-01,4.134694114327430725e-02,-1.706377863883972168e-01,-6.306781172752380371e-01,2.321903780102729797e-02,1.604483574628829956e-01,-6.315379738807678223e-01,-1.296062469482421875e-01,-1.279035061597824097e-01,-2.358939647674560547e-01,7.250357157317921519e-05,-8.948630839586257935e-02,7.425026595592498779e-02,-9.091379493474960327e-02,2.529284171760082245e-02,2.898069620132446289e-01,-1.138412281109779656e-18,-1.658087670803070068e-01,1.806259714066982269e-02
1.413447707891464233e-01,-2.136706829071044922e+00,1.019139647483825684e+00,-1.808206550776958466e-02,4.248434677720069885e-02,7.034346461296081543e-01,7.092586159706115723e-01,3.600140661001205444e-02,-1.702806800603866577e-01,-6.292088031768798828e-01,1.920655183494091034e-02,1.616223603487014771e-01,-6.327684521675109863e-01,-1.326917409896850586e-01,-1.277792155742645264e-01,-2.360939085483551025e-01,8.898498344933614135e-05,-8.901641517877578735e-02,7.461132109165191650e-02,-9.428519010543823242e-02,2.554671838879585266e-02,2.894134223461151123e-01,-3.562620576151587226e-18,-1.648554652929306030e-01,1.653306558728218079e-02
1.404788047075271606e-01,-2.135790348052978516e+00,1.018910288810729980e+00,-1.478029787540435791e-02,3.856597095727920532e-02,7.041044235229492188e-01,7.088943719863891602e-01,4.765754938125610352e-02,-1.696783006191253662e-01,-6.276295185089111328e-01,3.596116602420806885e-02,1.638044118881225586e-01,-6.391229033470153809e-01,-1.219659373164176941e-01,-1.278430968523025513e-01,-2.370674908161163330e-01,1.204746877192519605e-04,-9.095446765422821045e-02,7.485510408878326416e-02,-8.460425585508346558e-02,2.542500384151935577e-02,2.868124246597290039e-01,-2.735916419631390095e-18,-1.647408306598663330e-01,1.858873851597309113e-02
1.405671685934066772e-01,-2.136299133300781250e+00,1.019251823425292969e+00,-1.691022515296936035e-02,4.084425419569015503e-02,7.040454149246215820e-01,7.087777256965637207e-01,4.020008444786071777e-02,-1.696154773235321045e-01,-6.273958086967468262e-01,2.804883942008018494e-02,1.647905260324478149e-01,-6.389954686164855957e-01,-1.280836164951324463e-01,-1.276755779981613159e-01,-2.376499623060226440e-01,9.056451381184160709e-05,-8.893667161464691162e-02,7.336275279521942139e-02,-9.077232331037521362e-02,2.537068538367748260e-02,2.880119085311889648e-01,-3.095058389267213439e-18,-1.651193201541900635e-01,1.834171265363693237e-02
1.399396210908889771e-01,-2.136077880859375000e+00,1.019319772720336914e+00,-1.786215044558048248e-02,4.208276048302650452e-02,7.038085460662841797e-01,7.089171409606933594e-01,3.387823700904846191e-02,-1.686871945858001709e-01,-6.237255930900573730e-01,2.335756830871105194e-02,1.642556488513946533e-01,-6.379712820053100586e-01,-1.306857764720916748e-01,-1.283513605594635010e-01,-2.365298122167587280e-01,9.691861487226560712e-05,-9.064516425132751465e-02,7.253788411617279053e-02,-9.307633340358734131e-02,2.428459376096725464e-02,2.878929376602172852e-01,2.353057527472446342e-18,-1.668377220630645752e-01,2.011997625231742859e-02
1.400539129972457886e-01,-2.136029958724975586e+00,1.019178390502929688e+00,-1.873117126524448395e-02,4.274721071124076843e-02,7.038921117782592773e-01,7.087719440460205078e-01,3.098064474761486053e-02,-1.679223626852035522e-01,-6.226589083671569824e-01,2.050502225756645203e-02,1.644019186496734619e-01,-6.371449828147888184e-01,-1.326698362827301025e-01,-1.281558722257614136e-01,-2.372828871011734009e-01,1.265751925529912114e-04,-9.036298841238021851e-02,7.208336144685745239e-02,-9.543762356042861938e-02,2.481206692755222321e-02,2.882565259933471680e-01,4.694256593683332479e-18,-1.654166728258132935e-01,1.908987015485763550e-02
1.397935897111892700e-01,-2.134927034378051758e+00,1.018982410430908203e+00,-1.541644614189863205e-02,3.895947337150573730e-02,7.044051885604858398e-01,7.085604071617126465e-01,4.487974941730499268e-02,-1.664989590644836426e-01,-6.243228912353515625e-01,4.013722389936447144e-02,1.675987243652343750e-01,-6.440997123718261719e-01,-1.224207878112792969e-01,-1.278302818536758423e-01,-2.349508106708526611e-01,2.940983977168798447e-04,-8.982367068529129028e-02,7.197696715593338013e-02,-8.600584417581558228e-02,2.554932795464992523e-02,2.868505418300628662e-01,3.501676530959230149e-07,-1.627988964319229126e-01,1.790185458958148956e-02
1.401395946741104126e-01,-2.135129690170288086e+00,1.019531250000000000e+00,-1.821019500494003296e-02,4.109070450067520142e-02,7.044255137443542480e-01,7.083534598350524902e-01,3.784286603331565857e-02,-1.661236733198165894e-01,-6.256076693534851074e-01,3.257032111287117004e-02,1.681559830904006958e-01,-6.446394324302673340e-01,-1.289071291685104370e-01,-1.264679580926895142e-01,-2.362165302038192749e-01,2.728888648562133312e-04,-8.825043588876724243e-02,6.974501162767410278e-02,-9.289850294589996338e-02,2.739523537456989288e-02,2.875395715236663818e-01,1.032025247695855796e-04,-1.600086539983749390e-01,1.419311668723821640e-02
1.409720033407211304e-01,-2.135219812393188477e+00,1.020594835281372070e+00,-2.008985914289951324e-02,4.248161241412162781e-02,7.043219804763793945e-01,7.083235383033752441e-01,3.173176571726799011e-02,-1.670958548784255981e-01,-6.230309009552001953e-01,2.874575927853584290e-02,1.674198359251022339e-01,-6.425137519836425781e-01,-1.337130367755889893e-01,-1.245384588837623596e-01,-2.358248233795166016e-01,5.324881058186292648e-04,-8.482339233160018921e-02,6.224308162927627563e-02,-9.818029403686523438e-02,2.883797883987426758e-02,2.856099903583526611e-01,3.516019787639379501e-04,-1.568444967269897461e-01,1.421465724706649780e-02
1.432779580354690552e-01,-2.136697053909301758e+00,1.022037863731384277e+00,-2.183744683861732483e-02,4.315243661403656006e-02,7.044457197189331055e-01,7.081082463264465332e-01,3.037057630717754364e-02,-1.673984825611114502e-01,-6.257128715515136719e-01,2.630648389458656311e-02,1.680244654417037964e-01,-6.404790282249450684e-01,-1.455840021371841431e-01,-1.213269680738449097e-01,-2.315919846296310425e-01,1.356978807598352432e-02,-8.542238175868988037e-02,5.752313137054443359e-02,-1.032342761754989624e-01,3.201244398951530457e-02,2.812067270278930664e-01,6.867626798339188099e-04,-1.535459905862808228e-01,1.930538937449455261e-02
1.472342014312744141e-01,-2.137308835983276367e+00,1.023880720138549805e+00,-2.436137199401855469e-02,4.266001656651496887e-02,7.039852738380432129e-01,7.085134983062744141e-01,3.024851344525814056e-02,-1.684271395206451416e-01,-6.291643977165222168e-01,2.928193844854831696e-02,1.720156371593475342e-01,-6.435309648513793945e-01,-1.676289588212966919e-01,-1.180110946297645569e-01,-2.265403717756271362e-01,4.913089424371719360e-02,-9.303703159093856812e-02,5.821247771382331848e-02,-1.079223528504371643e-01,4.032381623983383179e-02,2.801937162876129150e-01,3.563074860721826553e-03,-1.514929085969924927e-01,2.013421244919300079e-02
1.520918905735015869e-01,-2.138298273086547852e+00,1.024402856826782227e+00,-2.805872261524200439e-02,4.298849403858184814e-02,7.030851244926452637e-01,7.092503309249877930e-01,3.062551654875278473e-02,-1.669153869152069092e-01,-6.412661671638488770e-01,4.866118356585502625e-02,1.883765608072280884e-01,-6.669983863830566406e-01,-2.510350942611694336e-01,-1.332545578479766846e-01,-2.223688364028930664e-01,2.007001042366027832e-01,-1.620845943689346313e-01,7.157117873430252075e-02,-1.280069798231124878e-01,5.280949175357818604e-02,2.831061780452728271e-01,3.100661374628543854e-02,-1.629621237516403198e-01,2.557685971260070801e-02
1.591876745223999023e-01,-2.139704942703247070e+00,1.023524880409240723e+00,-2.917572669684886932e-02,4.528258368372917175e-02,7.019386887550354004e-01,7.101973891258239746e-01,2.577829174697399139e-02,-1.683807820081710815e-01,-6.524627208709716797e-01,6.988624483346939087e-02,2.038513422012329102e-01,-6.901419758796691895e-01,-3.452027738094329834e-01,-1.483312398195266724e-01,-1.747042983770370483e-01,3.737396895885467529e-01,-2.467066198587417603e-01,9.274222701787948608e-02,-1.670206636190414429e-01,6.879933178424835205e-02,2.851232588291168213e-01,9.894192963838577271e-02,-1.912150382995605469e-01,2.964603900909423828e-02
1.674106419086456299e-01,-2.138803720474243164e+00,1.022156834602355957e+00,-2.492691576480865479e-02,3.596963733434677124e-02,7.023166418075561523e-01,7.105182409286499023e-01,5.137694627046585083e-02,-1.686727404594421387e-01,-6.677449345588684082e-01,1.307721585035324097e-01,2.313077300786972046e-01,-7.212519645690917969e-01,-3.732061684131622314e-01,-1.438623070716857910e-01,-1.256260275840759277e-01,4.568677544593811035e-01,-2.814953327178955078e-01,9.710582345724105835e-02,-1.932654827833175659e-01,9.401492029428482056e-02,2.750881612300872803e-01,1.859439164400100708e-01,-2.288203090429306030e-01,3.622825816273689270e-02
1.758400946855545044e-01,-2.137813568115234375e+00,1.020331144332885742e+00,-2.902202680706977844e-02,3.508574143052101135e-02,7.024415135383605957e-01,7.102834582328796387e-01,5.243983492255210876e-02,-1.755287498235702515e-01,-6.871933341026306152e-01,1.504369825124740601e-01,2.604566216468811035e-01,-7.395467162132263184e-01,-4.074726402759552002e-01,-1.680218577384948730e-01,-1.177979335188865662e-01,5.190598964691162109e-01,-2.941706180572509766e-01,8.309017121791839600e-02,-2.422832548618316650e-01,1.218665540218353271e-01,2.728441953659057617e-01,2.781972885131835938e-01,-2.699912786483764648e-01,3.748238459229469299e-02
1.850838214159011841e-01,-2.136444091796875000e+00,1.015689849853515625e+00,-3.411879017949104309e-02,3.303343430161476135e-02,7.046058773994445801e-01,7.080079317092895508e-01,6.120141595602035522e-02,-1.872709095478057861e-01,-7.123212218284606934e-01,1.670000851154327393e-01,2.867939174175262451e-01,-7.541040182113647461e-01,-4.326293468475341797e-01,-2.074226438999176025e-01,-1.280580163002014160e-01,5.599474310874938965e-01,-2.853907942771911621e-01,5.668882280588150024e-02,-3.112198710441589355e-01,1.571336090564727783e-01,2.565137445926666260e-01,4.021837711334228516e-01,-3.204624354839324951e-01,3.593739122152328491e-02
1.960596442222595215e-01,-2.134422302246093750e+00,1.008060574531555176e+00,-3.927341848611831665e-02,2.956664375960826874e-02,7.063567042350769043e-01,7.061470150947570801e-01,6.825796514749526978e-02,-1.888807117938995361e-01,-7.306513786315917969e-01,1.797049343585968018e-01,3.129577636718750000e-01,-7.616688609123229980e-01,-4.500001668930053711e-01,-2.483827173709869385e-01,-1.347590088844299316e-01,5.845672488212585449e-01,-2.455554902553558350e-01,3.176047652959823608e-02,-3.883144855499267578e-01,1.955396085977554321e-01,2.330644130706787109e-01,5.452004075050354004e-01,-3.783634603023529053e-01,4.354104027152061462e-02
2.086708545684814453e-01,-2.132103919982910156e+00,9.988044500350952148e-01,-4.653946310281753540e-02,2.476864308118820190e-02,7.092908024787902832e-01,7.029417753219604492e-01,7.362689077854156494e-02,-1.954858601093292236e-01,-7.493832707405090332e-01,1.850244253873825073e-01,3.418975472450256348e-01,-7.656805515289306641e-01,-4.634416103363037109e-01,-2.859172821044921875e-01,-1.397209465503692627e-01,5.968807935714721680e-01,-2.130094766616821289e-01,1.610374450683593750e-02,-4.590830802917480469e-01,2.363074868917465210e-01,2.058764547109603882e-01,6.660550236701965332e-01,-4.237593710422515869e-01,3.961787745356559753e-02
2.228580713272094727e-01,-2.128990888595581055e+00,9.903162717819213867e-01,-5.186145380139350891e-02,1.854369230568408966e-02,7.096484303474426270e-01,7.023999094963073730e-01,7.001604139804840088e-02,-1.858570426702499390e-01,-7.456309795379638672e-01,1.917268633842468262e-01,3.698925375938415527e-01,-7.726482748985290527e-01,-4.709604382514953613e-01,-3.244237303733825684e-01,-1.437063217163085938e-01,6.042551398277282715e-01,-2.083019316196441650e-01,5.904446355998516083e-03,-5.045785307884216309e-01,2.737107872962951660e-01,1.801569312810897827e-01,7.503359913825988770e-01,-4.560767412185668945e-01,3.462042659521102905e-02
2.392331063747406006e-01,-2.123365879058837891e+00,9.819980263710021973e-01,-5.205335840582847595e-02,1.446610782295465469e-02,7.097206711769104004e-01,7.024084925651550293e-01,6.576941907405853271e-02,-1.856787055730819702e-01,-7.338836193084716797e-01,2.060411721467971802e-01,4.036252200603485107e-01,-7.779704928398132324e-01,-4.633933305740356445e-01,-3.739431202411651611e-01,-1.444693356752395630e-01,5.935114622116088867e-01,-1.918678283691406250e-01,5.689414963126182556e-02,-5.338691473007202148e-01,3.024827241897583008e-01,1.579571664333343506e-01,8.251485824584960938e-01,-5.125885605812072754e-01,8.930864743888378143e-03
2.579326331615447998e-01,-2.119308233261108398e+00,9.715451002120971680e-01,-5.219335108995437622e-02,1.138567551970481873e-02,7.086612582206726074e-01,7.035235762596130371e-01,6.158848106861114502e-02,-1.837687790393829346e-01,-7.213888764381408691e-01,2.190763503313064575e-01,4.250997304916381836e-01,-7.863093018531799316e-01,-4.642851352691650391e-01,-4.048382043838500977e-01,-1.197562515735626221e-01,5.806165933609008789e-01,-1.551923006772994995e-01,5.800456926226615906e-02,-5.608233809471130371e-01,3.305026292800903320e-01,1.380934566259384155e-01,8.853897452354431152e-01,-5.371275544166564941e-01,6.782688666135072708e-03
2.798686921596527100e-01,-2.115395545959472656e+00,9.602950215339660645e-01,-5.017561092972755432e-02,1.044773776084184647e-02,7.078974843025207520e-01,7.044532895088195801e-01,5.701106786727905273e-02,-1.883311718702316284e-01,-7.178470492362976074e-01,2.296367734670639038e-01,4.496006667613983154e-01,-7.869706153869628906e-01,-4.679831564426422119e-01,-4.277727305889129639e-01,-7.641264051198959351e-02,5.716882944107055664e-01,-1.172434911131858826e-01,5.778011679649353027e-02,-5.853700637817382812e-01,3.549180626869201660e-01,1.185658648610115051e-01,9.396995902061462402e-01,-5.584325194358825684e-01,6.361145526170730591e-03
3.040650784969329834e-01,-2.109810113906860352e+00,9.486163854598999023e-01,-4.453030601143836975e-02,6.019887048751115799e-03,7.075830698013305664e-01,7.051999568939208984e-01,6.144986301660537720e-02,-1.865395754575729370e-01,-7.133990526199340820e-01,2.498735338449478149e-01,4.692763984203338623e-01,-7.855815887451171875e-01,-4.524179399013519287e-01,-4.337911009788513184e-01,-1.734470948576927185e-02,5.493471026420593262e-01,-6.973513960838317871e-02,6.541173905134201050e-02,-5.946685075759887695e-01,3.811915218830108643e-01,9.988348931074142456e-02,9.836235642433166504e-01,-5.700736641883850098e-01,-1.135877915658056736e-03
3.314852118492126465e-01,-2.105108737945556641e+00,9.349979758262634277e-01,-4.061134159564971924e-02,9.960466064512729645e-03,7.076677083969116211e-01,7.053070068359375000e-01,5.739148706197738647e-02,-2.015794217586517334e-01,-7.207890748977661133e-01,2.444404661655426025e-01,4.802094697952270508e-01,-7.742221355438232422e-01,-4.682183265686035156e-01,-4.554823935031890869e-01,2.233044430613517761e-02,5.655130743980407715e-01,-4.878293350338935852e-02,6.657770276069641113e-02,-6.108797192573547363e-01,4.042035937309265137e-01,8.844201266765594482e-02,1.015847802162170410e+00,-5.790476799011230469e-01,-1.011739484965801239e-02
3.625870048999786377e-01,-2.102565526962280273e+00,9.229962825775146484e-01,-3.702862188220024109e-02,9.221782907843589783e-03,7.069987058639526367e-01,7.061845660209655762e-01,5.584812164306640625e-02,-2.026383131742477417e-01,-7.292749881744384766e-01,2.449244111776351929e-01,4.975338876247406006e-01,-7.609428763389587402e-01,-4.913679659366607666e-01,-4.452667832374572754e-01,8.270548284053802490e-02,6.229132413864135742e-01,-1.153259351849555969e-01,1.009101122617721558e-01,-6.183925867080688477e-01,4.346464872360229492e-01,7.128435373306274414e-02,1.036150574684143066e+00,-5.818641185760498047e-01,-2.566511370241641998e-02
3.980071842670440674e-01,-2.098959684371948242e+00,9.102708101272583008e-01,-3.044601902365684509e-02,7.292963564395904541e-03,7.090472579002380371e-01,7.044656872749328613e-01,7.094158232212066650e-02,-2.143411040306091309e-01,-7.531570196151733398e-01,2.636576890945434570e-01,5.202345848083496094e-01,-7.657616138458251953e-01,-5.200695991516113281e-01,-4.088866114616394043e-01,1.609190702438354492e-01,7.312426567077636719e-01,-2.505715787410736084e-01,1.639264822006225586e-01,-6.143086552619934082e-01,4.653726518154144287e-01,5.324755236506462097e-02,1.038992285728454590e+00,-5.796126127243041992e-01,-4.803796485066413879e-02
4.365217089653015137e-01,-2.095474481582641602e+00,8.988287448883056641e-01,-2.344994433224201202e-02,1.108144409954547882e-02,7.107537388801574707e-01,7.029626369476318359e-01,7.899756729602813721e-02,-2.272787243127822876e-01,-7.710517644882202148e-01,2.608758807182312012e-01,5.246639847755432129e-01,-7.547158002853393555e-01,-5.705137848854064941e-01,-3.691177964210510254e-01,2.142166793346405029e-01,8.679106235504150391e-01,-4.010242819786071777e-01,1.744494438171386719e-01,-6.066347956657409668e-01,4.881228506565093994e-01,3.900306671857833862e-02,1.023401856422424316e+00,-5.581071376800537109e-01,-7.080475240945816040e-02
4.772691428661346436e-01,-2.093217849731445312e+00,8.906137347221374512e-01,-1.332097500562667847e-02,1.849476434290409088e-02,7.103719711303710938e-01,7.034572958946228027e-01,8.571020513772964478e-02,-2.437018156051635742e-01,-7.874816060066223145e-01,2.405887395143508911e-01,5.105000734329223633e-01,-7.293943166732788086e-01,-6.221141815185546875e-01,-3.611539304256439209e-01,2.048619389533996582e-01,9.921131134033203125e-01,-5.236407518386840820e-01,1.633666008710861206e-01,-5.839480757713317871e-01,5.021864175796508789e-01,3.437860682606697083e-02,9.810360670089721680e-01,-5.122770667076110840e-01,-9.360790252685546875e-02
5.190112590789794922e-01,-2.093490839004516602e+00,8.874650001525878906e-01,-4.354753531515598297e-03,2.786867693066596985e-02,7.084683179855346680e-01,7.051787376403808594e-01,8.209703862667083740e-02,-2.684073448181152344e-01,-7.966291308403015137e-01,2.206318080425262451e-01,4.958388805389404297e-01,-7.191835045814514160e-01,-6.648007035255432129e-01,-3.592440187931060791e-01,1.817277967929840088e-01,1.078001737594604492e+00,-5.927142500877380371e-01,1.400203704833984375e-01,-5.522887110710144043e-01,5.037407875061035156e-01,1.848608069121837616e-02,9.104096889495849609e-01,-4.272177815437316895e-01,-1.162380725145339966e-01
5.616841912269592285e-01,-2.095236301422119141e+00,8.883048892021179199e-01,1.471640309318900108e-03,3.670300170779228210e-02,7.068359851837158203e-01,7.064231634140014648e-01,7.802551239728927612e-02,-2.760989069938659668e-01,-8.083706498146057129e-01,2.021134644746780396e-01,4.744298160076141357e-01,-7.153152227401733398e-01,-6.960943937301635742e-01,-3.260271549224853516e-01,1.896505504846572876e-01,1.131258726119995117e+00,-6.200318932533264160e-01,1.176738739013671875e-01,-5.229818820953369141e-01,5.097510218620300293e-01,6.749915424734354019e-03,8.161951303482055664e-01,-2.961522936820983887e-01,-1.277957558631896973e-01
6.026371717453002930e-01,-2.098726987838745117e+00,8.916805386543273926e-01,1.537583884783089161e-03,4.153442382812500000e-02,7.061923146247863770e-01,7.067990899085998535e-01,7.561316341161727905e-02,-2.729839086532592773e-01,-8.143408298492431641e-01,1.994592994451522827e-01,4.754695594310760498e-01,-7.312728166580200195e-01,-7.169305086135864258e-01,-2.850935459136962891e-01,1.795169711112976074e-01,1.168316960334777832e+00,-6.482580900192260742e-01,8.559761941432952881e-02,-4.888278543949127197e-01,5.277868509292602539e-01,6.214237771928310394e-03,7.007896304130554199e-01,-1.293608397245407104e-01,-1.355041116476058960e-01
6.389607787132263184e-01,-2.102715492248535156e+00,8.968310952186584473e-01,-4.200105322524905205e-04,4.535331577062606812e-02,7.064172029495239258e-01,7.063410282135009766e-01,7.571716606616973877e-02,-2.667415142059326172e-01,-8.201454877853393555e-01,2.061618268489837646e-01,4.860408902168273926e-01,-7.572894692420959473e-01,-7.254810333251953125e-01,-2.433206886053085327e-01,1.653836369514465332e-01,1.178831100463867188e+00,-6.610528826713562012e-01,4.768854752182960510e-02,-4.581495523452758789e-01,5.432851314544677734e-01,3.009761497378349304e-02,5.910655260086059570e-01,1.358260586857795715e-02,-1.123871132731437683e-01
6.701741814613342285e-01,-2.107383489608764648e+00,9.046236872673034668e-01,2.388373482972383499e-03,5.827080830931663513e-02,7.020547986030578613e-01,7.097308635711669922e-01,7.196268439292907715e-02,-2.772278487682342529e-01,-8.278114795684814453e-01,1.935877650976181030e-01,4.752863347530364990e-01,-7.701222300529479980e-01,-7.453110814094543457e-01,-2.207048684358596802e-01,1.725140064954757690e-01,1.177526712417602539e+00,-6.579859256744384766e-01,3.243587911128997803e-02,-4.629350602626800537e-01,5.137764811515808105e-01,3.542865812778472900e-02,5.749336481094360352e-01,-1.684220880270004272e-02,-9.376778453588485718e-02
6.967130899429321289e-01,-2.112106084823608398e+00,9.149442315101623535e-01,5.442710593342781067e-03,7.060343772172927856e-02,6.999276280403137207e-01,7.106946706771850586e-01,7.978574931621551514e-02,-2.974705100059509277e-01,-8.398951888084411621e-01,1.884815990924835205e-01,4.672385752201080322e-01,-7.989343404769897461e-01,-7.518943548202514648e-01,-2.089407593011856079e-01,1.759551316499710083e-01,1.155648589134216309e+00,-6.454106569290161133e-01,3.142834082245826721e-02,-4.774360656738281250e-01,4.663665592670440674e-01,4.192912206053733826e-02,5.838317871093750000e-01,-8.899535238742828369e-02,-9.401146322488784790e-02
7.197668552398681641e-01,-2.118334770202636719e+00,9.251677989959716797e-01,3.635798115283250809e-03,8.679213374853134155e-02,6.977210044860839844e-01,7.110831737518310547e-01,7.257604598999023438e-02,-3.223757743835449219e-01,-8.449056744575500488e-01,1.610577851533889771e-01,4.511362314224243164e-01,-8.133643269538879395e-01,-7.702015638351440430e-01,-1.969114243984222412e-01,1.827309280633926392e-01,1.133215427398681641e+00,-6.349737048149108887e-01,3.231763467192649841e-02,-5.081980228424072266e-01,4.236484169960021973e-01,8.084571361541748047e-02,6.135815382003784180e-01,-1.717742234468460083e-01,-8.238644897937774658e-02
7.399220466613769531e-01,-2.122503280639648438e+00,9.381472468376159668e-01,9.179932996630668640e-03,8.552223443984985352e-02,7.001231908798217773e-01,7.088223695755004883e-01,1.142717674374580383e-01,-3.418422639369964600e-01,-8.539994955062866211e-01,1.863849163055419922e-01,4.483517408370971680e-01,-8.559517860412597656e-01,-7.312051653861999512e-01,-1.902031302452087402e-01,1.696343719959259033e-01,1.075731754302978516e+00,-6.086566448211669922e-01,3.440279141068458557e-02,-4.980118572711944580e-01,3.840934038162231445e-01,1.258720159530639648e-01,6.251901388168334961e-01,-2.318216711282730103e-01,-8.072540909051895142e-02
7.577062249183654785e-01,-2.126640558242797852e+00,9.502956867218017578e-01,7.820812053978443146e-03,8.880740404129028320e-02,6.995179057121276855e-01,7.090322971343994141e-01,1.259732395410537720e-01,-3.495869338512420654e-01,-8.467611670494079590e-01,1.936642080545425415e-01,4.495294392108917236e-01,-8.900758028030395508e-01,-7.102598547935485840e-01,-1.760160028934478760e-01,1.643360257148742676e-01,1.019516825675964355e+00,-5.806142687797546387e-01,3.658858686685562134e-02,-4.980510771274566650e-01,3.524630069732666016e-01,1.875430643558502197e-01,6.444849371910095215e-01,-2.851839363574981689e-01,-7.361848652362823486e-02
7.736247181892395020e-01,-2.129454374313354492e+00,9.621722698211669922e-01,5.856074392795562744e-03,9.170306473970413208e-02,7.009568214416503906e-01,7.072593569755554199e-01,1.356888413429260254e-01,-3.588409125804901123e-01,-8.328642249107360840e-01,2.017231732606887817e-01,4.636637568473815918e-01,-9.261573553085327148e-01,-6.828781366348266602e-01,-1.693421453237533569e-01,1.504671424627304077e-01,9.536788463592529297e-01,-5.429804921150207520e-01,3.634041175246238708e-02,-4.996389448642730713e-01,3.107174336910247803e-01,2.359225749969482422e-01,6.623120903968811035e-01,-3.302808701992034912e-01,-3.918736800551414490e-02
7.875539660453796387e-01,-2.131979465484619141e+00,9.724349379539489746e-01,2.944791223853826523e-03,9.044899046421051025e-02,7.018496990203857422e-01,7.065531015396118164e-01,1.362321823835372925e-01,-3.535652458667755127e-01,-8.146606683731079102e-01,2.051825970411300659e-01,4.765073657035827637e-01,-9.567551016807556152e-01,-6.525563001632690430e-01,-1.575313359498977661e-01,1.338663697242736816e-01,8.890909552574157715e-01,-5.083639025688171387e-01,3.558318316936492920e-02,-4.941489398479461670e-01,2.727437615394592285e-01,2.750729024410247803e-01,6.721925139427185059e-01,-3.622280359268188477e-01,-2.121401950716972351e-02
7.999014258384704590e-01,-2.134465456008911133e+00,9.818100333213806152e-01,8.134532254189252853e-04,8.881900459527969360e-02,7.023388743400573730e-01,7.062794566154479980e-01,1.354476660490036011e-01,-3.518491387367248535e-01,-7.955046296119689941e-01,2.057173252105712891e-01,4.846302568912506104e-01,-9.825431704521179199e-01,-6.222193241119384766e-01,-1.471920311450958252e-01,1.177839860320091248e-01,8.251156210899353027e-01,-4.710999727249145508e-01,3.451272100210189819e-02,-4.891431629657745361e-01,2.269291877746582031e-01,2.939303517341613770e-01,6.814638972282409668e-01,-3.987231552600860596e-01,-6.025774404406547546e-03
8.108618855476379395e-01,-2.136209249496459961e+00,9.894878268241882324e-01,-2.270640106871724129e-03,8.510603755712509155e-02,7.033039331436157227e-01,7.057728767395019531e-01,1.342355012893676758e-01,-3.418169617652893066e-01,-7.783899903297424316e-01,2.027558535337448120e-01,4.845762252807617188e-01,-9.951913952827453613e-01,-5.922229290008544922e-01,-1.350242197513580322e-01,9.854865074157714844e-02,7.709051966667175293e-01,-4.488704204559326172e-01,2.132662199437618256e-02,-4.805842339992523193e-01,1.835079193115234375e-01,3.010759651660919189e-01,6.819450259208679199e-01,-4.209039211273193359e-01,-1.111378427594900131e-03
8.216692209243774414e-01,-2.138213157653808594e+00,9.959360361099243164e-01,-5.530889611691236496e-03,8.089485764503479004e-02,7.030264139175415039e-01,7.065262198448181152e-01,1.285608261823654175e-01,-3.309407532215118408e-01,-7.483548521995544434e-01,1.986494511365890503e-01,4.861016273498535156e-01,-1.004411101341247559e+00,-5.615524649620056152e-01,-1.181473359465599060e-01,8.670791983604431152e-02,7.135628461837768555e-01,-4.215351939201354980e-01,1.797066628932952881e-02,-4.699740111827850342e-01,1.480632424354553223e-01,3.073978722095489502e-01,6.775878667831420898e-01,-4.359014332294464111e-01,-1.903375377878546715e-03
8.312240839004516602e-01,-2.139093160629272461e+00,1.001036405563354492e+00,-1.058376021683216095e-02,7.603009045124053955e-02,7.019198536872863770e-01,7.081072926521301270e-01,1.124187484383583069e-01,-3.097073435783386230e-01,-7.212297320365905762e-01,1.968394368886947632e-01,4.924135804176330566e-01,-1.015734076499938965e+00,-5.242412090301513672e-01,-9.869193285703659058e-02,8.093744516372680664e-02,6.406328678131103516e-01,-3.823049664497375488e-01,3.160668909549713135e-02,-4.590317010879516602e-01,1.205216795206069946e-01,3.063945770263671875e-01,6.660061478614807129e-01,-4.388826787471771240e-01,-4.051258321851491928e-03
8.404539823532104492e-01,-2.140055656433105469e+00,1.005178570747375488e+00,-1.522380486130714417e-02,6.926519423723220825e-02,7.015882134437561035e-01,7.090448141098022461e-01,1.022099927067756653e-01,-2.915421724319458008e-01,-7.015209794044494629e-01,1.972202211618423462e-01,5.052181482315063477e-01,-1.028510451316833496e+00,-4.862357676029205322e-01,-7.959710061550140381e-02,6.869176775217056274e-02,5.730428099632263184e-01,-3.483997285366058350e-01,3.527891635894775391e-02,-4.382632374763488770e-01,1.006383895874023438e-01,2.992669343948364258e-01,6.319531798362731934e-01,-4.240020811557769775e-01,-1.195665262639522552e-02
8.483290076255798340e-01,-2.139612197875976562e+00,1.008557438850402832e+00,-1.813073270022869110e-02,6.324750930070877075e-02,7.007236480712890625e-01,7.103924155235290527e-01,9.869094938039779663e-02,-2.815905511379241943e-01,-6.846741437911987305e-01,1.994547098875045776e-01,5.060337781906127930e-01,-1.033128976821899414e+00,-4.475190043449401855e-01,-6.275039166212081909e-02,6.294450163841247559e-02,5.081475973129272461e-01,-3.188770115375518799e-01,3.934518620371818542e-02,-4.067962169647216797e-01,8.511637151241302490e-02,2.912091016769409180e-01,5.795457959175109863e-01,-3.980502486228942871e-01,-7.247310597449541092e-03
8.550963997840881348e-01,-2.139352321624755859e+00,1.010947585105895996e+00,-1.949019357562065125e-02,5.747436732053756714e-02,7.004961967468261719e-01,7.110709547996520996e-01,9.636738151311874390e-02,-2.705121636390686035e-01,-6.649957895278930664e-01,2.012804299592971802e-01,5.072560310363769531e-01,-1.035322904586791992e+00,-4.051281213760375977e-01,-5.010200664401054382e-02,5.981864407658576965e-02,4.392720460891723633e-01,-2.890687286853790283e-01,4.549684748053550720e-02,-3.654387593269348145e-01,9.216455370187759399e-02,3.153142333030700684e-01,5.093669295310974121e-01,-3.600156009197235107e-01,2.452685311436653137e-02
8.599446415901184082e-01,-2.139313697814941406e+00,1.013678550720214844e+00,-1.616974174976348877e-02,5.171029642224311829e-02,6.994847059249877930e-01,7.125908732414245605e-01,9.224991500377655029e-02,-2.527686655521392822e-01,-6.492537260055541992e-01,2.016214430332183838e-01,4.852040708065032959e-01,-1.025137066841125488e+00,-3.534652590751647949e-01,-4.038389772176742554e-02,6.349042803049087524e-02,3.560553193092346191e-01,-2.308643013238906860e-01,1.561302505433559418e-02,-3.076572716236114502e-01,7.607280462980270386e-02,3.035769760608673096e-01,4.110385477542877197e-01,-3.146439492702484131e-01,3.954049944877624512e-02
8.632274866104125977e-01,-2.139614105224609375e+00,1.014127612113952637e+00,-1.628072373569011688e-02,5.082244798541069031e-02,6.991010308265686035e-01,7.130285501480102539e-01,1.020882725715637207e-01,-2.556465864181518555e-01,-6.630430221557617188e-01,2.035369426012039185e-01,4.785367548465728760e-01,-1.030298233032226562e+00,-3.281632661819458008e-01,-3.980907797813415527e-02,6.067302078008651733e-02,3.106955289840698242e-01,-2.114725559949874878e-01,2.296946384012699127e-02,-2.820032536983489990e-01,7.356754690408706665e-02,3.111180067062377930e-01,3.710215091705322266e-01,-3.120354115962982178e-01,3.829476609826087952e-02
8.650578260421752930e-01,-2.140405178070068359e+00,1.015048146247863770e+00,-1.549892220646142960e-02,4.971587285399436951e-02,6.992924213409423828e-01,7.129363417625427246e-01,1.004423424601554871e-01,-2.514673471450805664e-01,-6.572175025939941406e-01,2.017448693513870239e-01,4.646148085594177246e-01,-1.027852058410644531e+00,-2.964158654212951660e-01,-4.210703819990158081e-02,5.787660554051399231e-02,2.551687955856323242e-01,-1.850693970918655396e-01,3.178405761718750000e-02,-2.512357234954833984e-01,6.759130209684371948e-02,3.162274658679962158e-01,3.181441426277160645e-01,-2.964517772197723389e-01,3.218558430671691895e-02
8.663688302040100098e-01,-2.141271829605102539e+00,1.016226768493652344e+00,-1.440402120351791382e-02,4.855301976203918457e-02,7.002940177917480469e-01,7.120557427406311035e-01,1.043432131409645081e-01,-2.504790127277374268e-01,-6.607255339622497559e-01,2.057285904884338379e-01,4.502519071102142334e-01,-1.025156021118164062e+00,-2.700006067752838135e-01,-4.522524029016494751e-02,5.064760893583297729e-02,2.098985612392425537e-01,-1.645995378494262695e-01,3.828349709510803223e-02,-2.152388840913772583e-01,5.957417562603950500e-02,3.263209760189056396e-01,2.542323470115661621e-01,-2.730767428874969482e-01,2.619484812021255493e-02
8.662996888160705566e-01,-2.141687154769897461e+00,1.016470432281494141e+00,-1.421314198523759842e-02,4.731863737106323242e-02,7.007557153701782227e-01,7.116883993148803711e-01,1.003784686326980591e-01,-2.438302040100097656e-01,-6.533734202384948730e-01,2.140974700450897217e-01,4.399966001510620117e-01,-1.019346356391906738e+00,-2.421099394559860229e-01,-4.647172242403030396e-02,4.936417192220687866e-02,1.597321033477783203e-01,-1.431831419467926025e-01,4.528876766562461853e-02,-1.792993098497390747e-01,5.084905400872230530e-02,3.309844434261322021e-01,1.855165958404541016e-01,-2.412912100553512573e-01,1.934632845222949982e-02
8.653574585914611816e-01,-2.142308712005615234e+00,1.016953110694885254e+00,-1.389710605144500732e-02,4.573940113186836243e-02,7.019258141517639160e-01,7.106440663337707520e-01,1.002356559038162231e-01,-2.376960813999176025e-01,-6.529133915901184082e-01,2.149604111909866333e-01,4.161432981491088867e-01,-1.002788901329040527e+00,-2.157064378261566162e-01,-4.899348691105842590e-02,4.155360162258148193e-02,1.149600148200988770e-01,-1.275994777679443359e-01,5.130684748291969299e-02,-1.443783938884735107e-01,4.024761915206909180e-02,3.317200541496276855e-01,1.183484643697738647e-01,-2.138089984655380249e-01,1.680960878729820251e-02
8.647953271865844727e-01,-2.143648147583007812e+00,1.017121195793151855e+00,-1.503857783973217010e-02,4.745335504412651062e-02,7.027583122253417969e-01,7.096850275993347168e-01,1.006752625107765198e-01,-2.432703822851181030e-01,-6.655191183090209961e-01,2.020126283168792725e-01,3.953295946121215820e-01,-9.838796854019165039e-01,-2.033925950527191162e-01,-5.356024205684661865e-02,3.459111228585243225e-02,8.501299470663070679e-02,-1.140875741839408875e-01,5.838890001177787781e-02,-1.258684098720550537e-01,3.040385618805885315e-02,3.287209868431091309e-01,7.057022303342819214e-02,-1.919664740562438965e-01,1.638722792267799377e-02
8.635958433151245117e-01,-2.145006418228149414e+00,1.016834020614624023e+00,-1.536741293966770172e-02,4.793284088373184204e-02,7.037372589111328125e-01,7.086749672889709473e-01,1.019841805100440979e-01,-2.403471767902374268e-01,-6.740692853927612305e-01,1.955803930759429932e-01,3.743678927421569824e-01,-9.609223604202270508e-01,-1.893528699874877930e-01,-5.688919499516487122e-02,3.028373606503009796e-02,5.519363284111022949e-02,-1.000398322939872742e-01,6.260742992162704468e-02,-1.038273870944976807e-01,2.085683122277259827e-02,3.275497853755950928e-01,2.060601115226745605e-02,-1.698740869760513306e-01,1.719207875430583954e-02
8.630186319351196289e-01,-2.146316766738891602e+00,1.016599178314208984e+00,-1.505874376744031906e-02,4.693385586142539978e-02,7.049452066421508789e-01,7.075469493865966797e-01,1.080612093210220337e-01,-2.451580911874771118e-01,-6.854152083396911621e-01,1.926486045122146606e-01,3.523759543895721436e-01,-9.313051104545593262e-01,-1.743845492601394653e-01,-5.812226235866546631e-02,2.557132579386234283e-02,2.858243696391582489e-02,-8.585597574710845947e-02,6.640802323818206787e-02,-9.393566101789474487e-02,1.757850311696529388e-02,3.247708976268768311e-01,1.351474202238023281e-05,-1.586100161075592041e-01,1.524248253554105759e-02
8.620409965515136719e-01,-2.148465156555175781e+00,1.016524434089660645e+00,-1.382167916744947433e-02,4.612637683749198914e-02,7.045035362243652344e-01,7.080650329589843750e-01,1.043516024947166443e-01,-2.356881350278854370e-01,-6.825832128524780273e-01,1.904122978448867798e-01,3.283541798591613770e-01,-8.951776623725891113e-01,-1.633555591106414795e-01,-5.953717604279518127e-02,2.478331327438354492e-02,8.613014593720436096e-03,-7.447823137044906616e-02,6.937703490257263184e-02,-9.233216196298599243e-02,1.680868864059448242e-02,3.258318603038787842e-01,1.689342665756043971e-09,-1.611204743385314941e-01,1.545614004135131836e-02
8.611904978752136230e-01,-2.150081634521484375e+00,1.016720294952392578e+00,-1.384136918932199478e-02,4.602144658565521240e-02,7.054228186607360840e-01,7.071556448936462402e-01,1.066960468888282776e-01,-2.382392138242721558e-01,-6.933709383010864258e-01,1.914113610982894897e-01,3.102947771549224854e-01,-8.653680086135864258e-01,-1.596531122922897339e-01,-6.031015515327453613e-02,1.984761096537113190e-02,5.761972279287874699e-04,-6.966301053762435913e-02,7.098536938428878784e-02,-9.394053369760513306e-02,1.593253947794437408e-02,3.235752582550048828e-01,2.111690542479921495e-13,-1.624168902635574341e-01,1.903367415070533752e-02
8.595479726791381836e-01,-2.151463031768798828e+00,1.016459226608276367e+00,-1.382922939956188202e-02,4.523591697216033936e-02,7.052047252655029297e-01,7.074239850044250488e-01,1.036965623497962952e-01,-2.389028668403625488e-01,-7.017397880554199219e-01,1.933641433715820312e-01,2.950041592121124268e-01,-8.330481052398681641e-01,-1.600439250469207764e-01,-6.021120026707649231e-02,2.023154310882091522e-02,2.020348620135337114e-04,-6.830372661352157593e-02,7.119819521903991699e-02,-9.415870159864425659e-02,1.546308677643537521e-02,3.225144743919372559e-01,3.372546382787722230e-17,-1.611958593130111694e-01,1.906668767333030701e-02
8.578760623931884766e-01,-2.153046369552612305e+00,1.016529440879821777e+00,-1.362472120672464371e-02,4.506386816501617432e-02,7.046613097190856934e-01,7.079802751541137695e-01,9.590276330709457397e-02,-2.327936887741088867e-01,-7.033409476280212402e-01,1.932935118675231934e-01,2.795708477497100830e-01,-7.995696663856506348e-01,-1.616669893264770508e-01,-6.114920973777770996e-02,2.215970307588577271e-02,2.637472643982619047e-04,-6.640223413705825806e-02,7.314565777778625488e-02,-9.435517340898513794e-02,1.441816799342632294e-02,3.260192573070526123e-01,-7.928228386300251174e-19,-1.631226986646652222e-01,1.907107979059219360e-02
8.572217822074890137e-01,-2.154732704162597656e+00,1.016951322555541992e+00,-1.441201753914356232e-02,4.479703679680824280e-02,7.059950828552246094e-01,7.066515684127807617e-01,9.595394134521484375e-02,-2.352126240730285645e-01,-7.091014385223388672e-01,1.938368678092956543e-01,2.672277987003326416e-01,-7.718055248260498047e-01,-1.634767204523086548e-01,-5.996176972985267639e-02,1.965763792395591736e-02,3.677635104395449162e-04,-6.484131515026092529e-02,7.075964659452438354e-02,-9.735723584890365601e-02,1.507453154772520065e-02,3.221644163131713867e-01,7.355634113956344144e-18,-1.599595397710800171e-01,1.920709945261478424e-02
8.564178347587585449e-01,-2.156131267547607422e+00,1.017209649085998535e+00,-1.527532003819942474e-02,4.447545483708381653e-02,7.068203091621398926e-01,7.058283686637878418e-01,9.485871344804763794e-02,-2.329332530498504639e-01,-7.162777781486511230e-01,1.940699666738510132e-01,2.585812807083129883e-01,-7.453504204750061035e-01,-1.655127257108688354e-01,-5.892542377114295959e-02,1.773266494274139404e-02,4.877192841377109289e-04,-6.349542737007141113e-02,7.030715793371200562e-02,-9.950186312198638916e-02,1.554722245782613754e-02,3.214017152786254883e-01,3.059483005482532825e-18,-1.600670218467712402e-01,2.125270105898380280e-02
8.561273217201232910e-01,-2.157994747161865234e+00,1.017757892608642578e+00,-1.651171036064624786e-02,4.389303922653198242e-02,7.077555656433105469e-01,7.048991918563842773e-01,9.401337802410125732e-02,-2.310697883367538452e-01,-7.318918704986572266e-01,1.986968815326690674e-01,2.553387284278869629e-01,-7.360904216766357422e-01,-1.677059680223464966e-01,-5.581182986497879028e-02,1.506341248750686646e-02,7.650083280168473721e-04,-6.421101093292236328e-02,6.629846990108489990e-02,-1.024667620658874512e-01,1.761254295706748962e-02,3.173474669456481934e-01,1.145188544687814058e-18,-1.565923243761062622e-01,2.176341414451599121e-02
8.555904030799865723e-01,-2.157554626464843750e+00,1.017850637435913086e+00,-1.634981296956539154e-02,4.360742121934890747e-02,7.083032727241516113e-01,7.043703198432922363e-01,9.346196055412292480e-02,-2.282066345214843750e-01,-7.350388169288635254e-01,2.008594125509262085e-01,2.512897551059722900e-01,-7.221931815147399902e-01,-1.679363846778869629e-01,-5.603084713220596313e-02,1.477866992354393005e-02,2.575698541477322578e-03,-6.451107561588287354e-02,6.648293137550354004e-02,-1.014834344387054443e-01,1.689439453184604645e-02,3.167746067047119141e-01,2.236166980751352895e-19,-1.588186323642730713e-01,2.181701920926570892e-02
8.551804423332214355e-01,-2.157874822616577148e+00,1.017598509788513184e+00,-1.563965529203414917e-02,4.272865131497383118e-02,7.103527784347534180e-01,7.023735642433166504e-01,9.052930027246475220e-02,-2.317299544811248779e-01,-7.295041680335998535e-01,1.964090764522552490e-01,2.425520271062850952e-01,-7.126798629760742188e-01,-1.651479601860046387e-01,-5.744259804487228394e-02,8.070912212133407593e-03,2.766329096630215645e-03,-6.303840875625610352e-02,6.724382191896438599e-02,-1.011381000280380249e-01,1.634081266820430756e-02,3.108187317848205566e-01,-3.726944967918921492e-19,-1.565340161323547363e-01,2.391562238335609436e-02
8.550446629524230957e-01,-2.157640695571899414e+00,1.017493486404418945e+00,-1.432713866233825684e-02,4.185668751597404480e-02,7.123545408248901367e-01,7.004239559173583984e-01,9.213119000196456909e-02,-2.303084284067153931e-01,-7.337228655815124512e-01,1.897425949573516846e-01,2.349057644605636597e-01,-7.048228383064270020e-01,-1.597911864519119263e-01,-5.916820466518402100e-02,2.887373790144920349e-03,3.013592795468866825e-04,-6.298079341650009155e-02,6.847871094942092896e-02,-9.911245852708816528e-02,1.508850231766700745e-02,3.063665628433227539e-01,-3.937009138837987976e-18,-1.568751335144042969e-01,2.289905957877635956e-02
8.549228310585021973e-01,-2.158174037933349609e+00,1.017255306243896484e+00,-1.506389491260051727e-02,4.269584640860557556e-02,7.147594094276428223e-01,6.979033946990966797e-01,9.869457781314849854e-02,-2.387971729040145874e-01,-7.333179712295532227e-01,1.874999850988388062e-01,2.382751107215881348e-01,-7.082269191741943359e-01,-1.612543910741806030e-01,-6.150036677718162537e-02,-5.971212405711412430e-03,6.744468118995428085e-04,-6.225706264376640320e-02,7.213604450225830078e-02,-1.031312867999076843e-01,1.469278521835803986e-02,2.984450757503509521e-01,-3.794707603699265519e-19,-1.547080874443054199e-01,1.957692578434944153e-02
8.547935485839843750e-01,-2.157963991165161133e+00,1.017037749290466309e+00,-1.493024080991744995e-02,4.186166822910308838e-02,7.158247828483581543e-01,6.968640685081481934e-01,9.933870285749435425e-02,-2.375745028257369995e-01,-7.315683960914611816e-01,1.850738078355789185e-01,2.428781688213348389e-01,-7.134158611297607422e-01,-1.591543704271316528e-01,-6.103829294443130493e-02,-7.973645813763141632e-03,2.991057408507913351e-04,-6.579645723104476929e-02,7.311156392097473145e-02,-1.029637902975082397e-01,1.566580310463905334e-02,2.950513958930969238e-01,1.446732273910344979e-18,-1.529916822910308838e-01,1.827489398419857025e-02
8.546156287193298340e-01,-2.158040046691894531e+00,1.017251014709472656e+00,-1.395289413630962372e-02,4.147681593894958496e-02,7.159041762351989746e-01,6.968258023262023926e-01,9.578742831945419312e-02,-2.346279323101043701e-01,-7.249396443367004395e-01,1.827598512172698975e-01,2.430883496999740601e-01,-7.207065820693969727e-01,-1.570000648498535156e-01,-6.201320886611938477e-02,-6.434424314647912979e-03,8.825661643641069531e-05,-6.564643979072570801e-02,7.032977789640426636e-02,-1.013546064496040344e-01,1.425029616802930832e-02,2.953128516674041748e-01,5.654791955869709064e-18,-1.544206440448760986e-01,1.880861259996891022e-02
8.546839952468872070e-01,-2.159091949462890625e+00,1.017560601234436035e+00,-1.601942814886569977e-02,4.461938142776489258e-02,7.145685553550720215e-01,6.979572176933288574e-01,8.131561428308486938e-02,-2.322366237640380859e-01,-7.130904197692871094e-01,1.631321609020233154e-01,2.443619072437286377e-01,-7.188418507575988770e-01,-1.658622771501541138e-01,-6.324911117553710938e-02,-5.950095131993293762e-03,2.229088713647797704e-04,-6.644536554813385010e-02,7.056993991136550903e-02,-1.087915077805519104e-01,1.262417528778314590e-02,3.003812134265899658e-01,-6.142682933488186059e-18,-1.536023169755935669e-01,2.172511629760265350e-02
8.544650673866271973e-01,-2.158776044845581055e+00,1.017414093017578125e+00,-1.429524738341569901e-02,4.217658191919326782e-02,7.165884375572204590e-01,6.960731148719787598e-01,8.658277243375778198e-02,-2.287153601646423340e-01,-7.047194838523864746e-01,1.700145304203033447e-01,2.539251148700714111e-01,-7.356298565864562988e-01,-1.590208560228347778e-01,-6.329573690891265869e-02,-1.208154670894145966e-02,2.380197656748350710e-06,-6.801347434520721436e-02,7.096039503812789917e-02,-1.045411303639411926e-01,1.340305246412754059e-02,2.954608201980590820e-01,2.361527856944989345e-18,-1.522210389375686646e-01,2.132466249167919159e-02
8.545392751693725586e-01,-2.158905029296875000e+00,1.017424106597900391e+00,-1.361217163503170013e-02,4.192967712879180908e-02,7.178568840026855469e-01,6.947935819625854492e-01,8.862429112195968628e-02,-2.284643203020095825e-01,-6.986649036407470703e-01,1.715484261512756348e-01,2.625527977943420410e-01,-7.506802082061767578e-01,-1.573107689619064331e-01,-6.449885666370391846e-02,-1.556980051100254059e-02,1.791388785932213068e-04,-6.641494482755661011e-02,7.136201858520507812e-02,-1.043950766324996948e-01,1.227308623492717743e-02,2.897877395153045654e-01,7.521652571618187011e-19,-1.509435474872589111e-01,2.258239500224590302e-02
8.542478680610656738e-01,-2.158626079559326172e+00,1.017456531524658203e+00,-1.344794780015945435e-02,4.146493226289749146e-02,7.193797826766967773e-01,6.932477951049804688e-01,9.218059480190277100e-02,-2.325798571109771729e-01,-6.985136866569519043e-01,1.706894636154174805e-01,2.685389518737792969e-01,-7.678981423377990723e-01,-1.547337919473648071e-01,-6.516902893781661987e-02,-2.095989510416984558e-02,2.033471218965132721e-06,-6.998962163925170898e-02,7.156696170568466187e-02,-1.042464300990104675e-01,1.225412823259830475e-02,2.871839106082916260e-01,3.422013106907373370e-19,-1.511157453060150146e-01,2.333949506282806396e-02
8.543695807456970215e-01,-2.158644676208496094e+00,1.017519950866699219e+00,-1.296042371541261673e-02,4.152339696884155273e-02,7.192281484603881836e-01,6.934109330177307129e-01,9.398675709962844849e-02,-2.306544482707977295e-01,-6.852183341979980469e-01,1.692507863044738770e-01,2.713378071784973145e-01,-7.802805304527282715e-01,-1.545479893684387207e-01,-6.568507850170135498e-02,-2.019998989999294281e-02,4.141259414609521627e-04,-6.953836977481842041e-02,7.000905275344848633e-02,-1.036381274461746216e-01,1.142689399421215057e-02,2.883654832839965820e-01,1.091656062421342277e-17,-1.520048379898071289e-01,2.390101365745067596e-02
8.544524312019348145e-01,-2.158798456192016602e+00,1.017450213432312012e+00,-1.293692085891962051e-02,4.147085174918174744e-02,7.192702889442443848e-01,6.933708190917968750e-01,9.204834699630737305e-02,-2.285903096199035645e-01,-6.813849806785583496e-01,1.689165830612182617e-01,2.759152650833129883e-01,-7.941581606864929199e-01,-1.545475721359252930e-01,-6.578887253999710083e-02,-2.100931666791439056e-02,4.268290067557245493e-04,-6.919590383768081665e-02,7.048718631267547607e-02,-1.040551587939262390e-01,1.168472785502672195e-02,2.864277660846710205e-01,-4.140297046179020057e-18,-1.498827636241912842e-01,2.302612178027629852e-02
8.541543483734130859e-01,-2.158812284469604492e+00,1.017400383949279785e+00,-1.264220941811800003e-02,4.176611453294754028e-02,7.191607356071472168e-01,6.934721469879150391e-01,8.853344619274139404e-02,-2.254758030176162720e-01,-6.832563281059265137e-01,1.657879948616027832e-01,2.767568230628967285e-01,-8.051298856735229492e-01,-1.546649336814880371e-01,-6.680714339017868042e-02,-2.110285311937332153e-02,2.821970556396991014e-04,-6.889831274747848511e-02,7.066063582897186279e-02,-1.039681732654571533e-01,1.051920931786298752e-02,2.868046462535858154e-01,-4.543484729072067019e-18,-1.512931138277053833e-01,2.489537186920642853e-02
8.542414903640747070e-01,-2.158486843109130859e+00,1.017506003379821777e+00,-1.287345495074987411e-02,4.203634336590766907e-02,7.189967036247253418e-01,6.936216354370117188e-01,9.536241739988327026e-02,-2.277516424655914307e-01,-6.791980862617492676e-01,1.676120460033416748e-01,2.813092470169067383e-01,-8.143778443336486816e-01,-1.550928056240081787e-01,-6.656602025032043457e-02,-1.907861791551113129e-02,2.022057014983147383e-04,-6.887317448854446411e-02,7.094570994377136230e-02,-1.042377054691314697e-01,1.040372252464294434e-02,2.871024906635284424e-01,1.375581506340983751e-18,-1.513517796993255615e-01,2.377193421125411987e-02
8.540593385696411133e-01,-2.158311605453491211e+00,1.017351031303405762e+00,-1.261547300964593887e-02,4.171387106180191040e-02,7.196925282478332520e-01,6.929238438606262207e-01,9.677893668413162231e-02,-2.299678474664688110e-01,-6.846411824226379395e-01,1.642250418663024902e-01,2.789063453674316406e-01,-8.210434317588806152e-01,-1.536689847707748413e-01,-6.741984188556671143e-02,-2.254760451614856720e-02,2.144750178558751941e-04,-6.973818689584732056e-02,7.144351303577423096e-02,-1.036184057593345642e-01,1.047322805970907211e-02,2.867122292518615723e-01,7.731716742537253495e-18,-1.509416848421096802e-01,2.264768257737159729e-02
