5.137256160378456116e-02,-1.370853185653686523e-01,1.007678747177124023e+00,-6.762724369764328003e-02,4.990297928452491760e-02,9.393392801284790039e-01,3.325326144695281982e-01,-9.604214131832122803e-02,-1.987616866827011108e-01,-5.858528614044189453e-01,-1.352726221084594727e-01,1.328833401203155518e-01,-5.760203599929809570e-01,-2.351667582988739014e-01,-5.647363886237144470e-02,-9.322836995124816895e-02,6.917312351444136059e-15,-3.661165386438369751e-02,8.826765418052673340e-02,-1.699374318122863770e-01,-6.117817386984825134e-02,2.512455880641937256e-01,5.456162729738575634e-18,-1.640782058238983154e-01,1.436277944594621658e-02
4.830018803477287292e-02,-1.337252408266067505e-01,1.009134292602539062e+00,-4.218660667538642883e-02,4.046696424484252930e-02,9.424974918365478516e-01,3.290611207485198975e-01,4.204269871115684509e-02,-2.295496761798858643e-01,-6.881327629089355469e-01,-3.156974539160728455e-02,1.443218141794204712e-01,-6.327727437019348145e-01,-1.790573745965957642e-01,-5.284701660275459290e-02,-9.641818702220916748e-02,4.929018323309719563e-04,-5.334248766303062439e-02,6.845209002494812012e-02,-1.160798296332359314e-01,-6.404355913400650024e-02,2.365286052227020264e-01,8.887916715539373458e-18,-1.716482937335968018e-01,3.585383296012878418e-02
4.790063947439193726e-02,-1.341284215450286865e-01,1.009203076362609863e+00,-4.445502161979675293e-02,4.155549407005310059e-02,9.422166943550109863e-01,3.294307291507720947e-01,4.707308486104011536e-02,-2.326986342668533325e-01,-7.049589753150939941e-01,-3.116710670292377472e-02,1.450220048427581787e-01,-6.410518288612365723e-01,-1.841533035039901733e-01,-5.342260375618934631e-02,-9.719056636095046997e-02,1.909299753606319427e-04,-5.043185874819755554e-02,6.872344017028808594e-02,-1.210894957184791565e-01,-6.494001299142837524e-02,2.379610538482666016e-01,3.379661459544658353e-19,-1.718647032976150513e-01,3.799441829323768616e-02
4.745768383145332336e-02,-1.346720457077026367e-01,1.009471654891967773e+00,-4.543686658143997192e-02,4.244253039360046387e-02,9.422695636749267578e-01,3.290321230888366699e-01,5.252333730459213257e-02,-2.363846749067306519e-01,-7.174830436706542969e-01,-3.104502893984317780e-02,1.453465670347213745e-01,-6.453918218612670898e-01,-1.867726147174835205e-01,-5.447378009557723999e-02,-9.368265420198440552e-02,1.886626123450696468e-04,-5.027027428150177002e-02,6.831474602222442627e-02,-1.239647790789604187e-01,-6.741839647293090820e-02,2.352818995714187622e-01,-3.205172672410272483e-18,-1.728085279464721680e-01,4.385527223348617554e-02
4.700582101941108704e-02,-1.357274353504180908e-01,1.009639382362365723e+00,-4.625979810953140259e-02,4.185404255986213684e-02,9.423364996910095215e-01,3.288010954856872559e-01,5.786333233118057251e-02,-2.390756607055664062e-01,-7.259463667869567871e-01,-3.008205443620681763e-02,1.456492692232131958e-01,-6.492564082145690918e-01,-1.880663633346557617e-01,-5.408650264143943787e-02,-9.494186192750930786e-02,1.891982828965410590e-04,-5.354807525873184204e-02,6.726457923650741577e-02,-1.248224228620529175e-01,-6.647419929504394531e-02,2.371918112039566040e-01,1.150058984134526285e-18,-1.730590015649795532e-01,3.854867815971374512e-02
4.631028696894645691e-02,-1.366410702466964722e-01,1.009591698646545410e+00,-4.628479853272438049e-02,4.253108426928520203e-02,9.425160884857177734e-01,3.281953632831573486e-01,6.105591729283332825e-02,-2.412121295928955078e-01,-7.309291958808898926e-01,-2.961466461420059204e-02,1.445613801479339600e-01,-6.509487628936767578e-01,-1.886584907770156860e-01,-5.636056885123252869e-02,-9.314253181219100952e-02,2.527911274228245020e-04,-5.005745589733123779e-02,6.901182234287261963e-02,-1.262444555759429932e-01,-6.956917792558670044e-02,2.332379519939422607e-01,4.552802091491864322e-20,-1.729237437248229980e-01,4.435207694768905640e-02
4.578244313597679138e-02,-1.382537186145782471e-01,1.009768486022949219e+00,-4.664664715528488159e-02,4.220600053668022156e-02,9.427546858787536621e-01,3.275001347064971924e-01,6.521262973546981812e-02,-2.438978552818298340e-01,-7.366583943367004395e-01,-2.976980432868003845e-02,1.438821703195571899e-01,-6.505849361419677734e-01,-1.898457854986190796e-01,-5.738231539726257324e-02,-9.392163157463073730e-02,2.770985884126275778e-04,-4.790360480546951294e-02,6.988573819398880005e-02,-1.269366592168807983e-01,-7.000646740198135376e-02,2.321897894144058228e-01,1.018455950543284416e-04,-1.710514724254608154e-01,3.975591808557510376e-02
4.570735991001129150e-02,-1.400631368160247803e-01,1.010052442550659180e+00,-4.648798704147338867e-02,4.247094690799713135e-02,9.425125718116760254e-01,3.281846642494201660e-01,6.845323741436004639e-02,-2.462711036205291748e-01,-7.401256561279296875e-01,-2.945389412343502045e-02,1.444478034973144531e-01,-6.499061584472656250e-01,-1.916115432977676392e-01,-5.848406255245208740e-02,-8.956220000982284546e-02,3.595146990846842527e-04,-4.593842476606369019e-02,6.514462083578109741e-02,-1.289238035678863525e-01,-7.254105806350708008e-02,2.327175587415695190e-01,2.057802048511803150e-04,-1.688393205404281616e-01,4.769847542047500610e-02
4.522334411740303040e-02,-1.426773220300674438e-01,1.010549306869506836e+00,-4.662266373634338379e-02,4.204289987683296204e-02,9.423114657402038574e-01,3.287974596023559570e-01,7.045900076627731323e-02,-2.462664246559143066e-01,-7.448187470436096191e-01,-2.959446981549263000e-02,1.430498063564300537e-01,-6.499196887016296387e-01,-1.941316276788711548e-01,-5.883693695068359375e-02,-8.502061665058135986e-02,5.248592933639883995e-04,-4.347275197505950928e-02,6.086259335279464722e-02,-1.304824352264404297e-01,-7.399731874465942383e-02,2.343421131372451782e-01,4.061334184370934963e-04,-1.671805232763290405e-01,5.017985403537750244e-02
4.532144218683242798e-02,-1.455758213996887207e-01,1.011319041252136230e+00,-4.729719832539558411e-02,4.203082248568534851e-02,9.418963193893432617e-01,3.298903703689575195e-01,7.317140698432922363e-02,-2.475954145193099976e-01,-7.465488910675048828e-01,-2.790479362010955811e-02,1.430701613426208496e-01,-6.508527398109436035e-01,-2.016987949609756470e-01,-5.966953933238983154e-02,-7.802363485097885132e-02,6.682530976831912994e-03,-3.639317676424980164e-02,5.591334402561187744e-02,-1.352643221616744995e-01,-7.682334631681442261e-02,2.347538918256759644e-01,2.419425174593925476e-03,-1.590617597103118896e-01,5.541365966200828552e-02
4.626777768135070801e-02,-1.497783511877059937e-01,1.011483788490295410e+00,-4.786656051874160767e-02,4.122508317232131958e-02,9.414131641387939453e-01,3.312861919403076172e-01,7.545657455921173096e-02,-2.492918968200683594e-01,-7.511170506477355957e-01,-2.574928477406501770e-02,1.424303650856018066e-01,-6.527644395828247070e-01,-2.146749347448348999e-01,-5.934294313192367554e-02,-7.311560213565826416e-02,2.027551829814910889e-02,-3.238695114850997925e-02,4.753096401691436768e-02,-1.495242714881896973e-01,-7.628490775823593140e-02,2.367362529039382935e-01,1.895617879927158356e-02,-1.525239497423171997e-01,5.999398976564407349e-02
4.909009858965873718e-02,-1.546252518892288208e-01,1.012570977210998535e+00,-4.904618486762046814e-02,4.205676540732383728e-02,9.400573968887329102e-01,3.348399102687835693e-01,7.815060764551162720e-02,-2.533548772335052490e-01,-7.604900002479553223e-01,-2.292617410421371460e-02,1.443603634834289551e-01,-6.596936583518981934e-01,-2.373596727848052979e-01,-6.070887297391891479e-02,-6.374156475067138672e-02,4.325224831700325012e-02,-3.230272233486175537e-02,3.782242909073829651e-02,-1.715436279773712158e-01,-7.744003087282180786e-02,2.429011762142181396e-01,4.371254518628120422e-02,-1.583797186613082886e-01,7.489912956953048706e-02
5.331591889262199402e-02,-1.610923856496810913e-01,1.011987686157226562e+00,-5.449990183115005493e-02,4.245084524154663086e-02,9.390561580657958984e-01,3.367510139942169189e-01,9.797608852386474609e-02,-2.638956904411315918e-01,-8.049782514572143555e-01,-1.038503274321556091e-02,1.528833210468292236e-01,-6.913239359855651855e-01,-3.035489022731781006e-01,-6.200763583183288574e-02,-5.850045010447502136e-02,1.320882439613342285e-01,-5.362142249941825867e-02,3.002620674669742584e-02,-2.425481975078582764e-01,-6.317696720361709595e-02,2.515429854393005371e-01,1.481297910213470459e-01,-1.875340789556503296e-01,7.596583664417266846e-02
5.887673422694206238e-02,-1.676488071680068970e-01,1.011179685592651367e+00,-5.596578866243362427e-02,4.261650145053863525e-02,9.381334185600280762e-01,3.390535712242126465e-01,9.692673385143280029e-02,-2.648246586322784424e-01,-8.155795931816101074e-01,-6.105747073888778687e-03,1.553663462400436401e-01,-7.044075727462768555e-01,-3.428883254528045654e-01,-6.368110328912734985e-02,-5.759579315781593323e-02,1.781016141176223755e-01,-4.500995948910713196e-02,2.757897600531578064e-02,-2.811456024646759033e-01,-5.617554113268852234e-02,2.520581185817718506e-01,1.993956267833709717e-01,-1.936821937561035156e-01,7.640140503644943237e-02
6.754461675882339478e-02,-1.763307601213455200e-01,1.009492397308349609e+00,-7.283515483140945435e-02,4.468517750501632690e-02,9.364398717880249023e-01,3.402625620365142822e-01,5.747272819280624390e-02,-2.569102942943572998e-01,-8.377142548561096191e-01,-2.634742856025695801e-02,1.607320755720138550e-01,-7.265033721923828125e-01,-4.212039411067962646e-01,-6.328501552343368530e-02,-6.401727348566055298e-02,2.413271516561508179e-01,-4.506852477788925171e-02,3.100046701729297638e-02,-3.708499073982238770e-01,-3.656918182969093323e-02,2.513175010681152344e-01,2.892464995384216309e-01,-2.130478769540786743e-01,7.570108771324157715e-02
7.406730204820632935e-02,-1.824594885110855103e-01,1.008489251136779785e+00,-6.507281959056854248e-02,3.269094973802566528e-02,9.367868304252624512e-01,3.422385752201080322e-01,1.049658656120300293e-01,-2.554876208305358887e-01,-8.960955142974853516e-01,5.892600864171981812e-02,1.860605329275131226e-01,-7.869700193405151367e-01,-4.322704374790191650e-01,-5.643083155155181885e-02,-7.925400882959365845e-02,2.972541451454162598e-01,-8.515631407499313354e-02,4.490908607840538025e-02,-3.906813859939575195e-01,-1.243281550705432892e-02,2.484559118747711182e-01,3.503416478633880615e-01,-2.278641015291213989e-01,7.423077523708343506e-02
8.170574158430099487e-02,-1.877718120813369751e-01,1.009187698364257812e+00,-6.863413006067276001e-02,1.982885599136352539e-02,9.370780587196350098e-01,3.417321741580963135e-01,1.050910577178001404e-01,-2.397136688232421875e-01,-9.378368258476257324e-01,1.291867196559906006e-01,2.314916104078292847e-01,-8.540670871734619141e-01,-4.376345574855804443e-01,-3.998381644487380981e-02,-9.839824587106704712e-02,3.292428851127624512e-01,-1.457329392433166504e-01,5.846938118338584900e-02,-4.168626964092254639e-01,1.755574904382228851e-02,2.419348210096359253e-01,3.876359164714813232e-01,-2.364674806594848633e-01,7.050048559904098511e-02
9.016801416873931885e-02,-1.938746869564056396e-01,1.008762478828430176e+00,-7.324415445327758789e-02,8.775872178375720978e-03,9.380065202713012695e-01,3.386769592761993408e-01,8.096785843372344971e-02,-2.156013101339340210e-01,-9.645360708236694336e-01,1.950982660055160522e-01,2.750594615936279297e-01,-9.087531566619873047e-01,-4.380002319812774658e-01,-3.356418386101722717e-02,-1.369241923093795776e-01,3.849332928657531738e-01,-1.874759644269943237e-01,4.117456823587417603e-02,-4.491319954395294189e-01,4.044688120484352112e-02,2.304913997650146484e-01,4.240500628948211670e-01,-2.410333454608917236e-01,7.922307401895523071e-02
9.699800610542297363e-02,-1.999911218881607056e-01,1.006826639175415039e+00,-7.875568419694900513e-02,5.180609412491321564e-03,9.396146535873413086e-01,3.330090939998626709e-01,4.507670179009437561e-02,-2.119691967964172363e-01,-9.779728055000305176e-01,2.207059413194656372e-01,2.949304580688476562e-01,-9.319304823875427246e-01,-4.271795749664306641e-01,-4.760890081524848938e-02,-1.804927438497543335e-01,4.461572170257568359e-01,-1.933186799287796021e-01,2.622582763433456421e-02,-4.810614883899688721e-01,5.081821233034133911e-02,2.207946926355361938e-01,4.500710070133209229e-01,-2.491639405488967896e-01,7.446005940437316895e-02
1.049467176198959351e-01,-2.067391127347946167e-01,1.004429101943969727e+00,-8.150919526815414429e-02,1.390660880133509636e-03,9.426817297935485840e-01,3.235823214054107666e-01,1.820495910942554474e-02,-2.160257250070571899e-01,-9.919693470001220703e-01,2.430824637413024902e-01,3.079514205455780029e-01,-9.376919865608215332e-01,-4.085254967212677002e-01,-6.170175597071647644e-02,-2.169070839881896973e-01,5.220676660537719727e-01,-1.871244609355926514e-01,3.937757108360528946e-03,-5.106133222579956055e-01,5.475088581442832947e-02,2.060832381248474121e-01,4.724248647689819336e-01,-2.426201999187469482e-01,7.116775214672088623e-02
1.139668449759483337e-01,-2.138022631406784058e-01,1.000944852828979492e+00,-7.845237106084823608e-02,-3.658098867163062096e-04,9.472343325614929199e-01,3.107928335666656494e-01,9.095179848372936249e-03,-2.126569598913192749e-01,-1.012885451316833496e+00,2.834582328796386719e-01,3.174541890621185303e-01,-9.452777504920959473e-01,-3.680501282215118408e-01,-7.038334012031555176e-02,-2.315081059932708740e-01,5.766895413398742676e-01,-1.465774178504943848e-01,-2.531352220103144646e-03,-5.275328755378723145e-01,4.459467157721519470e-02,1.830132007598876953e-01,4.839110970497131348e-01,-2.301547676324844360e-01,7.601840794086456299e-02
1.248026788234710693e-01,-2.217792421579360962e-01,9.967572093009948730e-01,-7.503091543912887573e-02,2.999561373144388199e-03,9.514752626419067383e-01,2.984229326248168945e-01,2.578805899247527122e-03,-2.258546948432922363e-01,-1.032002925872802734e+00,2.928294241428375244e-01,3.014055788516998291e-01,-9.233212471008300781e-01,-3.150431811809539795e-01,-8.444631099700927734e-02,-2.427836805582046509e-01,5.968275070190429688e-01,-6.879448890686035156e-02,1.163947768509387970e-02,-5.439491271972656250e-01,2.503832429647445679e-02,1.633546799421310425e-01,4.857962429523468018e-01,-2.091918885707855225e-01,8.216160535812377930e-02
1.370522826910018921e-01,-2.300443798303604126e-01,9.926423430442810059e-01,-7.463256269693374634e-02,8.975832723081111908e-03,9.545944929122924805e-01,2.882685661315917969e-01,-1.049903128296136856e-02,-2.529361546039581299e-01,-1.045585632324218750e+00,2.757892906665802002e-01,2.740153670310974121e-01,-8.871869444847106934e-01,-2.702367603778839111e-01,-9.011815488338470459e-02,-2.410520166158676147e-01,6.081662178039550781e-01,-1.228706073015928268e-02,3.317234292626380920e-02,-5.698121190071105957e-01,4.161748569458723068e-03,1.463042497634887695e-01,4.920150041580200195e-01,-1.939139813184738159e-01,8.454877138137817383e-02
1.511089354753494263e-01,-2.410155236721038818e-01,9.875487685203552246e-01,-7.162574678659439087e-02,1.548341568559408188e-02,9.572206139564514160e-01,2.799263000488281250e-01,-1.455936860293149948e-02,-2.838031649589538574e-01,-1.062633275985717773e+00,2.607653439044952393e-01,2.450340092182159424e-01,-8.471060991287231445e-01,-2.178479880094528198e-01,-9.191939234733581543e-02,-2.355200052261352539e-01,5.943674445152282715e-01,5.019534006714820862e-02,6.337552517652511597e-02,-5.895881056785583496e-01,-1.840350031852722168e-02,1.361204385757446289e-01,4.925124943256378174e-01,-1.768437772989273071e-01,8.969910442829132080e-02
1.669673919677734375e-01,-2.526229321956634521e-01,9.818986058235168457e-01,-6.586794555187225342e-02,2.225814387202262878e-02,9.594423770904541016e-01,2.731963992118835449e-01,-8.848090656101703644e-03,-3.100070655345916748e-01,-1.077914953231811523e+00,2.479210346937179565e-01,2.149970084428787231e-01,-8.039703369140625000e-01,-1.642083823680877686e-01,-9.029658883810043335e-02,-2.254534959793090820e-01,5.617529749870300293e-01,1.016152724623680115e-01,8.969900757074356079e-02,-6.016039848327636719e-01,-3.983261808753013611e-02,1.315781176090240479e-01,4.840537607669830322e-01,-1.568601131439208984e-01,9.252037853002548218e-02
1.855294853448867798e-01,-2.649576663970947266e-01,9.763490557670593262e-01,-6.019494682550430298e-02,2.637384459376335144e-02,9.610891938209533691e-01,2.683067321777343750e-01,3.470338881015777588e-03,-3.378191590309143066e-01,-1.096728324890136719e+00,2.390893697738647461e-01,1.934093981981277466e-01,-7.640182971954345703e-01,-1.203747168183326721e-01,-8.673366904258728027e-02,-2.190622091293334961e-01,5.230566859245300293e-01,1.200369000434875488e-01,1.116373911499977112e-01,-6.158293485641479492e-01,-5.753181502223014832e-02,1.245766878128051758e-01,4.763841331005096436e-01,-1.387057900428771973e-01,1.012189015746116638e-01
2.062540352344512939e-01,-2.781881690025329590e-01,9.715824723243713379e-01,-5.518455803394317627e-02,2.444944530725479126e-02,9.625260233879089355e-01,2.643870413303375244e-01,1.442723814398050308e-02,-3.507000803947448730e-01,-1.112169384956359863e+00,2.352719902992248535e-01,1.814991086721420288e-01,-7.294000983238220215e-01,-9.353820234537124634e-02,-7.676130533218383789e-02,-2.146882265806198120e-01,4.932688176631927490e-01,6.672804802656173706e-02,1.289823502302169800e-01,-6.228486299514770508e-01,-5.850942805409431458e-02,1.235392242670059204e-01,4.597138762474060059e-01,-1.130499243736267090e-01,9.312646836042404175e-02
2.317208200693130493e-01,-2.917713224887847900e-01,9.673266410827636719e-01,-6.437645107507705688e-02,1.820387132465839386e-02,9.630959033966064453e-01,2.607115805149078369e-01,-2.804756909608840942e-02,-3.351167738437652588e-01,-1.096123695373535156e+00,2.062103599309921265e-01,1.924213021993637085e-01,-6.928130388259887695e-01,-1.163485348224639893e-01,-4.496524110436439514e-02,-1.890361309051513672e-01,4.839011728763580322e-01,-4.701806604862213135e-02,1.368699371814727783e-01,-6.716132164001464844e-01,-4.788107797503471375e-02,1.098170205950737000e-01,4.677079319953918457e-01,-9.380866587162017822e-02,9.652006626129150391e-02
2.600575387477874756e-01,-3.054015040397644043e-01,9.628400802612304688e-01,-6.372999399900436401e-02,8.308634161949157715e-03,9.631828069686889648e-01,2.610523104667663574e-01,-5.181245505809783936e-02,-3.095333278179168701e-01,-1.073611140251159668e+00,2.138547599315643311e-01,2.079862058162689209e-01,-6.762225031852722168e-01,-1.417192816734313965e-01,-2.567967213690280914e-02,-1.967640072107315063e-01,5.278428792953491211e-01,-1.635075211524963379e-01,1.120007783174514771e-01,-6.901551485061645508e-01,-3.172671049833297729e-02,9.503569453954696655e-02,4.515071213245391846e-01,-5.250610783696174622e-02,8.682901412248611450e-02
2.922113537788391113e-01,-3.201395571231842041e-01,9.601956009864807129e-01,-6.589793413877487183e-02,-2.272182144224643707e-03,9.619493484497070312e-01,2.651522755622863770e-01,-8.560703694820404053e-02,-2.728124856948852539e-01,-1.036016225814819336e+00,2.208714038133621216e-01,2.285067141056060791e-01,-6.669839024543762207e-01,-1.767184734344482422e-01,-5.000283010303974152e-03,-2.174963951110839844e-01,5.631315112113952637e-01,-2.724454998970031738e-01,7.668323814868927002e-02,-6.977145671844482422e-01,-6.277871318161487579e-03,8.687292784452438354e-02,4.001921117305755615e-01,1.954630948603153229e-02,6.686992198228836060e-02
3.272671699523925781e-01,-3.365648686885833740e-01,9.591592550277709961e-01,-6.279081851243972778e-02,-1.325210463255643845e-02,9.597619771957397461e-01,2.733837068080902100e-01,-8.509775251150131226e-02,-2.459198236465454102e-01,-1.010916709899902344e+00,2.370563447475433350e-01,2.451044917106628418e-01,-6.650345325469970703e-01,-1.903615593910217285e-01,1.570772752165794373e-02,-2.416788935661315918e-01,5.598415136337280273e-01,-3.091956675052642822e-01,4.553100839257240295e-02,-6.877431869506835938e-01,2.286408655345439911e-02,7.857370376586914062e-02,3.332222104072570801e-01,1.031249538064002991e-01,3.635133802890777588e-02
3.654969930648803711e-01,-3.554091453552246094e-01,9.600194692611694336e-01,-7.880917936563491821e-02,-1.790348999202251434e-02,9.571320414543151855e-01,2.781489491462707520e-01,-1.358864605426788330e-01,-2.049042284488677979e-01,-9.667776823043823242e-01,2.189275622367858887e-01,2.806044518947601318e-01,-6.911208629608154297e-01,-2.477247864007949829e-01,2.857455611228942871e-02,-2.746786773204803467e-01,5.616883635520935059e-01,-3.551852107048034668e-01,3.086224198341369629e-02,-6.801130771636962891e-01,4.501448199152946472e-02,6.062508374452590942e-02,1.944992393255233765e-01,2.267581969499588013e-01,3.436808241531252861e-03
4.001688361167907715e-01,-3.764232397079467773e-01,9.653729796409606934e-01,-7.837244868278503418e-02,-1.205995492637157440e-02,9.563869237899780273e-01,2.811340391635894775e-01,-1.379558145999908447e-01,-1.971769630908966064e-01,-9.278790950775146484e-01,2.100076675415039062e-01,2.864061594009399414e-01,-7.227551341056823730e-01,-2.798413038253784180e-01,1.587728969752788544e-02,-2.839635908603668213e-01,5.528931617736816406e-01,-3.704487681388854980e-01,2.137087099254131317e-02,-6.551984548568725586e-01,4.504032433032989502e-02,4.424876347184181213e-02,1.201717257499694824e-01,2.236083149909973145e-01,-1.382755767554044724e-02
4.323508739471435547e-01,-3.965972065925598145e-01,9.783739447593688965e-01,-5.076540634036064148e-02,4.667798057198524475e-03,9.577937722206115723e-01,2.828996181488037109e-01,-4.775722324848175049e-02,-2.317778319120407104e-01,-9.173811674118041992e-01,2.369823157787322998e-01,2.618698477745056152e-01,-7.567890882492065430e-01,-2.542719841003417969e-01,-2.387465909123420715e-02,-2.827743887901306152e-01,5.086084604263305664e-01,-3.430285453796386719e-01,1.643725484609603882e-02,-5.918688178062438965e-01,1.963803544640541077e-02,5.691756308078765869e-02,1.581997573375701904e-01,4.536633938550949097e-02,-3.591325599700212479e-03
4.587166309356689453e-01,-4.158574044704437256e-01,9.893064498901367188e-01,-3.451919928193092346e-02,2.069375105202198029e-02,9.562275409698486328e-01,2.898432016372680664e-01,5.399248003959655762e-02,-2.846694588661193848e-01,-9.315745234489440918e-01,2.325729280710220337e-01,2.318841218948364258e-01,-7.833501696586608887e-01,-2.615404129028320312e-01,-5.993279069662094116e-02,-2.652257084846496582e-01,4.898937642574310303e-01,-3.172021806240081787e-01,1.612839475274085999e-02,-5.649917721748352051e-01,2.343816868960857391e-02,1.417895853519439697e-01,3.020129203796386719e-01,-1.097347140312194824e-01,8.375381119549274445e-03
4.818348884582519531e-01,-4.331735968589782715e-01,9.960704445838928223e-01,-2.654132246971130371e-02,2.972071059048175812e-02,9.519309401512145996e-01,3.037099242210388184e-01,1.491583436727523804e-01,-3.179886937141418457e-01,-9.504915475845336914e-01,2.069527208805084229e-01,2.131110876798629761e-01,-8.063777685165405273e-01,-2.857787013053894043e-01,-7.493177801370620728e-02,-2.343636453151702881e-01,4.847188889980316162e-01,-2.866057753562927246e-01,9.328551590442657471e-03,-5.491644144058227539e-01,6.750427186489105225e-02,2.393032461404800415e-01,4.932125806808471680e-01,-2.113087177276611328e-01,1.153199560940265656e-02
5.039342045783996582e-01,-4.516848027706146240e-01,9.998296499252319336e-01,-2.695523388683795929e-02,3.550352156162261963e-02,9.476752877235412598e-01,3.161083757877349854e-01,2.383723556995391846e-01,-3.609868288040161133e-01,-9.674974679946899414e-01,1.713362485170364380e-01,2.110743373632431030e-01,-8.358728289604187012e-01,-3.206128180027008057e-01,-7.758827507495880127e-02,-2.031106650829315186e-01,4.749174714088439941e-01,-2.527572512626647949e-01,4.875678569078445435e-03,-5.099436640739440918e-01,1.134725660085678101e-01,3.077225089073181152e-01,6.302930116653442383e-01,-2.379438132047653198e-01,1.666993834078311920e-02
5.263380408287048340e-01,-4.702491760253906250e-01,1.002479791641235352e+00,-2.535052597522735596e-02,3.941036760807037354e-02,9.421921372413635254e-01,3.317803144454956055e-01,3.035223484039306641e-01,-3.712747693061828613e-01,-9.548969268798828125e-01,1.386882215738296509e-01,2.064290940761566162e-01,-8.721520900726318359e-01,-3.466277122497558594e-01,-7.562052458524703979e-02,-1.776983141899108887e-01,4.577768743038177490e-01,-2.223154604434967041e-01,-2.524463227018713951e-03,-4.352926611900329590e-01,1.374335885047912598e-01,3.478940129280090332e-01,7.036111354827880859e-01,-2.120118141174316406e-01,2.793012000620365143e-02
5.505710840225219727e-01,-4.900706112384796143e-01,1.001113057136535645e+00,-2.519063092768192291e-02,3.891008719801902771e-02,9.363003373146057129e-01,3.481279909610748291e-01,3.405470550060272217e-01,-3.616546690464019775e-01,-9.111769795417785645e-01,1.224130988121032715e-01,2.290276885032653809e-01,-9.283418059349060059e-01,-3.771554231643676758e-01,-6.130089238286018372e-02,-1.489245444536209106e-01,4.442862570285797119e-01,-1.930955797433853149e-01,-1.414382457733154297e-02,-3.438445031642913818e-01,1.462730616331100464e-01,3.685756921768188477e-01,7.227773070335388184e-01,-1.391517370939254761e-01,2.567416243255138397e-02
5.750531554222106934e-01,-5.111819505691528320e-01,9.977006912231445312e-01,-2.351798675954341888e-02,3.571842983365058899e-02,9.321331977844238281e-01,3.595814704895019531e-01,3.625419139862060547e-01,-3.488260805606842041e-01,-8.425067067146301270e-01,1.121402010321617126e-01,2.503670156002044678e-01,-9.803990721702575684e-01,-4.020279943943023682e-01,-4.613770917057991028e-02,-1.299185901880264282e-01,4.337093234062194824e-01,-1.705809384584426880e-01,-2.576330117881298065e-02,-2.439741492271423340e-01,1.369773894548416138e-01,3.671074211597442627e-01,7.094437479972839355e-01,-7.160351425409317017e-02,1.591471396386623383e-02
6.011796593666076660e-01,-5.338305234909057617e-01,9.905356764793395996e-01,-2.196594141423702240e-02,3.114064224064350128e-02,9.280416965484619141e-01,3.705216944217681885e-01,3.653585910797119141e-01,-3.251619338989257812e-01,-7.606049776077270508e-01,1.120595857501029968e-01,2.819488644599914551e-01,-1.041298151016235352e+00,-4.326930046081542969e-01,-2.715559676289558411e-02,-1.074283123016357422e-01,4.324329793453216553e-01,-1.487055122852325439e-01,-3.823161870241165161e-02,-1.472016721963882446e-01,1.190255284309387207e-01,3.563483357429504395e-01,6.804307103157043457e-01,-2.202664501965045929e-02,-4.530585836619138718e-03
6.274914145469665527e-01,-5.588442683219909668e-01,9.814912676811218262e-01,-2.021113224327564240e-02,2.741701528429985046e-02,9.244894385337829590e-01,3.796829283237457275e-01,3.576589524745941162e-01,-3.008233010768890381e-01,-6.724635958671569824e-01,1.196228563785552979e-01,3.090306520462036133e-01,-1.098568797111511230e+00,-4.763528108596801758e-01,-1.056012604385614395e-02,-8.477482944726943970e-02,4.488784074783325195e-01,-1.288522481918334961e-01,-4.717819765210151672e-02,-6.562440842390060425e-02,8.887876570224761963e-02,3.309465050697326660e-01,6.531064510345458984e-01,-2.409925311803817749e-02,-2.827772684395313263e-02
6.573615074157714844e-01,-5.860242247581481934e-01,9.693284034729003906e-01,-2.143819816410541534e-02,2.396893687546253204e-02,9.203616976737976074e-01,3.897438645362854004e-01,3.346714675426483154e-01,-2.788504958152770996e-01,-5.860390663146972656e-01,1.306788772344589233e-01,3.469213843345642090e-01,-1.155234932899475098e+00,-5.364016890525817871e-01,7.794195786118507385e-03,-6.501484662294387817e-02,4.753457903861999512e-01,-9.728925675153732300e-02,-4.869658127427101135e-02,-6.222430616617202759e-03,5.207261815667152405e-02,2.878271937370300293e-01,6.207951903343200684e-01,-4.003230854868888855e-02,-6.177682057023048401e-02
6.880010366439819336e-01,-6.163208484649658203e-01,9.571691751480102539e-01,-2.275977097451686859e-02,2.369017153978347778e-02,9.171562790870666504e-01,3.971714675426483154e-01,3.121256828308105469e-01,-2.647573351860046387e-01,-5.238773226737976074e-01,1.300707310438156128e-01,3.568146228790283203e-01,-1.195171952247619629e+00,-5.951718091964721680e-01,2.165828831493854523e-02,-4.605517908930778503e-02,4.912596642971038818e-01,-6.099461019039154053e-02,-4.999157786369323730e-02,2.666546404361724854e-02,8.559315465390682220e-03,2.322604954242706299e-01,5.974436402320861816e-01,-8.533316105604171753e-02,-8.503787219524383545e-02
7.207525372505187988e-01,-6.495842933654785156e-01,9.469929337501525879e-01,-2.453614212572574615e-02,2.966642007231712341e-02,9.145239591598510742e-01,4.026957154273986816e-01,2.968606352806091309e-01,-2.642939984798431396e-01,-4.905589222908020020e-01,1.105648279190063477e-01,3.449774384498596191e-01,-1.203449606895446777e+00,-6.485185027122497559e-01,2.366686239838600159e-02,-2.828257530927658081e-02,4.806404411792755127e-01,-1.295270491391420364e-02,-4.771227389574050903e-02,2.698221616446971893e-02,-2.771086804568767548e-02,2.077039331197738647e-01,5.935472249984741211e-01,-1.623800545930862427e-01,-6.583116948604583740e-02
7.565330862998962402e-01,-6.882037520408630371e-01,9.420201182365417480e-01,-2.830006740987300873e-02,3.507091104984283447e-02,9.119946956634521484e-01,4.077189862728118896e-01,2.846805453300476074e-01,-2.673545777797698975e-01,-4.836419522762298584e-01,9.556210041046142578e-02,3.444459438323974609e-01,-1.214079618453979492e+00,-6.946274638175964355e-01,2.507243491709232330e-02,-2.033677324652671814e-02,4.518818855285644531e-01,4.364855121821165085e-03,-3.069356083869934082e-02,1.160205714404582977e-02,-5.778704211115837097e-02,1.851458251476287842e-01,5.720070004463195801e-01,-2.625966966152191162e-01,-7.910842448472976685e-02
7.951803207397460938e-01,-7.301241159439086914e-01,9.451449513435363770e-01,-3.073566034436225891e-02,3.745017200708389282e-02,9.108346700668334961e-01,4.099183380603790283e-01,2.816589176654815674e-01,-2.638104856014251709e-01,-5.001056194305419922e-01,8.974259346723556519e-02,3.552055954933166504e-01,-1.204006433486938477e+00,-7.307587862014770508e-01,3.326426818966865540e-02,6.315378122963011265e-04,4.301018118858337402e-01,-7.035479694604873657e-02,4.861306399106979370e-03,-3.581470251083374023e-02,-6.914214044809341431e-02,1.908349096775054932e-01,5.952851772308349609e-01,-3.944578170776367188e-01,-5.291888490319252014e-02
8.363240957260131836e-01,-7.719456553459167480e-01,9.531020522117614746e-01,-3.515150025486946106e-02,2.801791951060295105e-02,9.112191200256347656e-01,4.094619154930114746e-01,2.790579795837402344e-01,-2.389522045850753784e-01,-5.321416854858398438e-01,9.577745199203491211e-02,3.647168874740600586e-01,-1.179320812225341797e+00,-7.503079175949096680e-01,4.572701826691627502e-02,-1.650624349713325500e-02,4.170290231704711914e-01,-2.189442962408065796e-01,1.766496337950229645e-02,-7.563266158103942871e-02,-3.444456309080123901e-02,2.416398227214813232e-01,5.975824594497680664e-01,-4.664916098117828369e-01,-4.966918379068374634e-02
8.758007287979125977e-01,-8.117114305496215820e-01,9.621635675430297852e-01,-3.899468109011650085e-02,2.051010169088840485e-02,9.123565554618835449e-01,4.070186913013458252e-01,2.720619440078735352e-01,-2.310880720615386963e-01,-5.869522094726562500e-01,1.032108664512634277e-01,3.550868630409240723e-01,-1.132836222648620605e+00,-7.393544912338256836e-01,2.761015295982360840e-02,-9.862083196640014648e-02,3.766827285289764404e-01,-3.176925480365753174e-01,4.713861644268035889e-02,-1.112702265381813049e-01,-7.065432146191596985e-03,2.758899331092834473e-01,5.791649222373962402e-01,-4.962609112262725830e-01,-4.940034821629524231e-02
9.100470542907714844e-01,-8.465464115142822266e-01,9.675635099411010742e-01,-4.419896006584167480e-02,2.661561965942382812e-02,9.126766920089721680e-01,4.054124951362609863e-01,2.623288929462432861e-01,-2.300857752561569214e-01,-6.556860208511352539e-01,1.218065842986106873e-01,3.479526937007904053e-01,-1.100892186164855957e+00,-7.318768501281738281e-01,-4.760075360536575317e-03,-1.459544152021408081e-01,3.697134852409362793e-01,-2.852722108364105225e-01,4.869031906127929688e-02,-1.643085628747940063e-01,-9.960569441318511963e-03,2.902715802192687988e-01,5.764944553375244141e-01,-5.216182470321655273e-01,-1.650891080498695374e-02
9.406284093856811523e-01,-8.760107159614562988e-01,9.741150140762329102e-01,-4.958333820104598999e-02,3.022572025656700134e-02,9.170632958412170410e-01,3.944905698299407959e-01,2.475712597370147705e-01,-2.273325920104980469e-01,-7.270583510398864746e-01,1.346380412578582764e-01,3.291969299316406250e-01,-1.051880240440368652e+00,-7.108841538429260254e-01,-3.104184754192829132e-02,-1.395591050386428833e-01,3.860328495502471924e-01,-2.215250581502914429e-01,3.374857455492019653e-02,-2.228807955980300903e-01,-1.382068358361721039e-02,2.757149934768676758e-01,5.779959559440612793e-01,-5.091807246208190918e-01,1.085833646357059479e-02
9.708793759346008301e-01,-9.027255773544311523e-01,9.854053854942321777e-01,-5.440952256321907043e-02,2.999704703688621521e-02,9.203089475631713867e-01,3.862269520759582520e-01,2.287382185459136963e-01,-2.252506166696548462e-01,-7.873653173446655273e-01,1.723488122224807739e-01,3.346909880638122559e-01,-1.009246349334716797e+00,-6.830530166625976562e-01,-4.931645095348358154e-02,-1.359310597181320190e-01,4.231431186199188232e-01,-1.880849450826644897e-01,2.474105544388294220e-02,-2.666038572788238525e-01,-9.328538551926612854e-03,2.659831941127777100e-01,5.587461590766906738e-01,-4.632347822189331055e-01,2.223770879209041595e-02
9.989652037620544434e-01,-9.265890717506408691e-01,9.982290863990783691e-01,-5.826717242598533630e-02,2.630668506026268005e-02,9.231461286544799805e-01,3.790965080261230469e-01,2.033659666776657104e-01,-2.170393615961074829e-01,-8.284426927566528320e-01,2.310238182544708252e-01,3.411571383476257324e-01,-9.571031332015991211e-01,-6.432054638862609863e-01,-5.905560776591300964e-02,-1.258200258016586304e-01,4.746936559677124023e-01,-1.726930141448974609e-01,1.644182205200195312e-02,-2.957262396812438965e-01,-2.394065260887145996e-03,2.503100037574768066e-01,5.248357653617858887e-01,-4.024434685707092285e-01,2.498050034046173096e-02
1.026081562042236328e+00,-9.484429955482482910e-01,1.008264303207397461e+00,-5.992727354168891907e-02,2.198287285864353180e-02,9.260624647140502930e-01,3.719324767589569092e-01,1.752973198890686035e-01,-2.192251086235046387e-01,-8.654863834381103516e-01,2.912402451038360596e-01,3.507369756698608398e-01,-9.118903875350952148e-01,-5.862295627593994141e-01,-7.337383180856704712e-02,-1.370858848094940186e-01,5.250012874603271484e-01,-1.573743075132369995e-01,1.874308474361896515e-02,-3.149730861186981201e-01,2.271507401019334793e-03,2.291584163904190063e-01,4.841695129871368408e-01,-3.389863669872283936e-01,2.205998077988624573e-02
1.052209377288818359e+00,-9.694813489913940430e-01,1.015292406082153320e+00,-5.941294133663177490e-02,1.622897014021873474e-02,9.290732145309448242e-01,3.647322952747344971e-01,1.512245982885360718e-01,-2.260126471519470215e-01,-9.114537239074707031e-01,3.541565239429473877e-01,3.623808324337005615e-01,-8.783947229385375977e-01,-5.139912962913513184e-01,-9.312413632869720459e-02,-1.645345091819763184e-01,5.775324702262878418e-01,-1.454651653766632080e-01,1.250068191438913345e-02,-3.243303298950195312e-01,7.702789269387722015e-03,2.169397771358489990e-01,4.416079819202423096e-01,-2.886657118797302246e-01,2.485497109591960907e-02
1.079391956329345703e+00,-9.902985095977783203e-01,1.016736626625061035e+00,-5.550991743803024292e-02,1.376653183251619339e-02,9.314600229263305664e-01,3.593206703662872314e-01,1.306463330984115601e-01,-2.427743673324584961e-01,-9.609533548355102539e-01,4.105507731437683105e-01,3.645501136779785156e-01,-8.513833880424499512e-01,-4.271949529647827148e-01,-1.257230788469314575e-01,-2.081161737442016602e-01,6.155440211296081543e-01,-9.936051070690155029e-02,1.228137034922838211e-02,-3.378572463989257812e-01,5.066614132374525070e-03,2.041917890310287476e-01,4.169016182422637939e-01,-2.651957869529724121e-01,3.470758721232414246e-02
1.107591032981872559e+00,-1.012440800666809082e+00,1.012786865234375000e+00,-5.010977014899253845e-02,1.073412131518125534e-02,9.352952241897583008e-01,3.501379489898681641e-01,1.145916059613227844e-01,-2.561289966106414795e-01,-1.010970950126647949e+00,4.546219408512115479e-01,3.618346154689788818e-01,-8.305219411849975586e-01,-3.396044671535491943e-01,-1.455282568931579590e-01,-2.423888742923736572e-01,6.517218947410583496e-01,-6.040455773472785950e-02,-1.467543654143810272e-03,-3.594972491264343262e-01,1.690719858743250370e-03,1.916913539171218872e-01,4.085553884506225586e-01,-2.523795664310455322e-01,5.110437422990798950e-02
1.137662291526794434e+00,-1.035822629928588867e+00,1.002979278564453125e+00,-4.294288530945777893e-02,1.442302018404006958e-02,9.388210177421569824e-01,3.414131999015808105e-01,1.115094572305679321e-01,-2.851730883121490479e-01,-1.067935347557067871e+00,4.784759879112243652e-01,3.446178138256072998e-01,-8.083248734474182129e-01,-2.471743226051330566e-01,-1.616324484348297119e-01,-2.530165314674377441e-01,6.528408527374267578e-01,2.344858273863792419e-02,1.169093511998653412e-02,-3.992378115653991699e-01,-1.451789680868387222e-02,1.782115697860717773e-01,4.248106181621551514e-01,-2.428932934999465942e-01,6.938132643699645996e-02
1.170781731605529785e+00,-1.060909390449523926e+00,9.901173710823059082e-01,-3.391031920909881592e-02,2.172441594302654266e-02,9.422717094421386719e-01,3.324186801910400391e-01,1.178099364042282104e-01,-3.299539387226104736e-01,-1.124789714813232422e+00,4.682152569293975830e-01,3.081018626689910889e-01,-7.669573426246643066e-01,-1.566488593816757202e-01,-1.496500223875045776e-01,-2.177638709545135498e-01,6.197305321693420410e-01,1.215064600110054016e-01,4.514971375465393066e-02,-4.563561975955963135e-01,-3.707315027713775635e-02,1.658267676830291748e-01,4.680654108524322510e-01,-2.376738041639328003e-01,9.387990087270736694e-02
1.208116769790649414e+00,-1.088564038276672363e+00,9.765372276306152344e-01,-2.723210863769054413e-02,2.875356376171112061e-02,9.462574124336242676e-01,3.209806680679321289e-01,1.267682015895843506e-01,-3.694014251232147217e-01,-1.179655432701110840e+00,4.306026399135589600e-01,2.709575295448303223e-01,-7.196273207664489746e-01,-9.038314968347549438e-02,-1.165303513407707214e-01,-1.541100293397903442e-01,5.927522182464599609e-01,1.650744676589965820e-01,8.490110188722610474e-02,-5.312218666076660156e-01,-6.058268249034881592e-02,1.515737771987915039e-01,5.226281285285949707e-01,-2.278603315353393555e-01,1.171682775020599365e-01
1.246986389160156250e+00,-1.116546154022216797e+00,9.619119763374328613e-01,-2.384038083255290985e-02,3.701053187251091003e-02,9.497954845428466797e-01,3.097585439682006836e-01,1.122005358338356018e-01,-4.025948345661163330e-01,-1.200166940689086914e+00,3.789770603179931641e-01,2.379041165113449097e-01,-6.630436182022094727e-01,-3.345902264118194580e-02,-9.189931303262710571e-02,-1.054124683141708374e-01,5.415740609169006348e-01,2.078055888414382935e-01,1.227508708834648132e-01,-6.127548813819885254e-01,-8.197245001792907715e-02,1.497168689966201782e-01,5.746496319770812988e-01,-2.080426663160324097e-01,1.311562508344650269e-01
1.288875937461853027e+00,-1.144881486892700195e+00,9.496531486511230469e-01,-2.499124594032764435e-02,4.119483008980751038e-02,9.543139338493347168e-01,2.948953807353973389e-01,1.069944277405738831e-01,-4.357496798038482666e-01,-1.223130583763122559e+00,3.271685242652893066e-01,2.150173932313919067e-01,-6.226578950881958008e-01,-5.315088783390820026e-04,-5.642478540539741516e-02,-5.278845503926277161e-02,4.918518960475921631e-01,1.819470077753067017e-01,1.597572267055511475e-01,-6.802775263786315918e-01,-1.020886152982711792e-01,1.334336400032043457e-01,5.869002342224121094e-01,-1.691040992736816406e-01,1.379745304584503174e-01
1.332795143127441406e+00,-1.173259258270263672e+00,9.462014436721801758e-01,-2.821740321815013885e-02,3.466693684458732605e-02,9.583857059478759766e-01,2.819554209709167480e-01,1.087134033441543579e-01,-4.442411065101623535e-01,-1.241526961326599121e+00,2.952320873737335205e-01,2.173209786415100098e-01,-6.114639043807983398e-01,-2.125677280128002167e-02,-2.259484119713306427e-02,-4.130713269114494324e-02,5.027808547019958496e-01,-1.166285015642642975e-02,1.394563168287277222e-01,-7.102677822113037109e-01,-1.040931865572929382e-01,1.083310618996620178e-01,5.461828112602233887e-01,-1.412291228771209717e-01,1.254629641771316528e-01
1.381172180175781250e+00,-1.203886866569519043e+00,9.472059011459350586e-01,-3.058356419205665588e-02,3.043517470359802246e-02,9.608969092369079590e-01,2.735242247581481934e-01,9.000323712825775146e-02,-4.388557970523834229e-01,-1.229172825813293457e+00,2.809216082096099854e-01,2.284458279609680176e-01,-6.294208168983459473e-01,-6.393066048622131348e-02,-1.640187576413154602e-02,-9.037690609693527222e-02,5.492572784423828125e-01,-1.934793740510940552e-01,1.040405407547950745e-01,-7.374056577682495117e-01,-9.917726367712020874e-02,9.760461747646331787e-02,5.163043737411499023e-01,-1.858830451965332031e-01,9.715265035629272461e-02
1.429721117019653320e+00,-1.235870122909545898e+00,9.545291662216186523e-01,-3.137205913662910461e-02,2.891545929014682770e-02,9.626021385192871094e-01,2.675383985042572021e-01,9.231812506914138794e-02,-4.543081521987915039e-01,-1.224176049232482910e+00,2.791390120983123779e-01,2.411919385194778442e-01,-6.752788424491882324e-01,-9.641481935977935791e-02,-4.252602905035018921e-02,-1.987354159355163574e-01,5.671501159667968750e-01,-3.573608994483947754e-01,8.304376155138015747e-02,-7.431256175041198730e-01,-9.457705914974212646e-02,9.734605252742767334e-02,4.798994064331054688e-01,-2.914623618125915527e-01,6.230893358588218689e-02
1.478652477264404297e+00,-1.268572092056274414e+00,9.632539153099060059e-01,-3.104999102652072906e-02,3.153147920966148376e-02,9.637426137924194336e-01,2.631383538246154785e-01,1.002393364906311035e-01,-4.602501690387725830e-01,-1.204712033271789551e+00,2.761323153972625732e-01,2.477372139692306519e-01,-7.275784015655517578e-01,-1.278044432401657104e-01,-6.179481372237205505e-02,-2.599633634090423584e-01,5.550420880317687988e-01,-4.265965223312377930e-01,5.883356183767318726e-02,-7.236672639846801758e-01,-7.851643860340118408e-02,1.470241397619247437e-01,4.265266656875610352e-01,-3.687060773372650146e-01,2.291016653180122375e-02
1.521607160568237305e+00,-1.299329638481140137e+00,9.681718349456787109e-01,-3.586522489786148071e-02,3.065738454461097717e-02,9.637120962142944336e-01,2.627410292625427246e-01,1.092996448278427124e-01,-4.571666717529296875e-01,-1.197182774543762207e+00,2.664409279823303223e-01,2.579044401645660400e-01,-7.844854593276977539e-01,-1.802581399679183960e-01,-5.757334083318710327e-02,-2.541936337947845459e-01,5.509656667709350586e-01,-4.513636231422424316e-01,2.932089194655418396e-02,-7.099805474281311035e-01,-5.401431769132614136e-02,1.912762522697448730e-01,4.228859543800354004e-01,-3.434078991413116455e-01,2.117280103266239166e-02
1.558202862739562988e+00,-1.326195716857910156e+00,9.734208583831787109e-01,-4.289454221725463867e-02,3.146475180983543396e-02,9.613564610481262207e-01,2.701181471347808838e-01,1.331800967454910278e-01,-4.666722118854522705e-01,-1.207034945487976074e+00,2.515202462673187256e-01,2.686489522457122803e-01,-8.402659893035888672e-01,-2.332237809896469116e-01,-5.755440890789031982e-02,-2.445180118083953857e-01,5.378341674804687500e-01,-4.353291094303131104e-01,1.088009588420391083e-02,-6.990395188331604004e-01,-3.712450712919235229e-02,1.750340908765792847e-01,4.740867912769317627e-01,-2.985170483589172363e-01,2.595511823892593384e-02
1.591547250747680664e+00,-1.352074146270751953e+00,9.830520749092102051e-01,-4.606855660676956177e-02,3.325979039072990417e-02,9.579086303710937500e-01,2.813939154148101807e-01,1.553353965282440186e-01,-4.614760279655456543e-01,-1.197050333023071289e+00,2.335713058710098267e-01,2.759986817836761475e-01,-8.782001733779907227e-01,-2.798041403293609619e-01,-5.832479521632194519e-02,-2.255154252052307129e-01,5.151528120040893555e-01,-3.805081844329833984e-01,-8.861726964823901653e-04,-6.706403493881225586e-01,-1.697754301130771637e-02,1.621316671371459961e-01,5.504575967788696289e-01,-2.656184434890747070e-01,2.882016077637672424e-02
1.621498823165893555e+00,-1.377731442451477051e+00,9.938344955444335938e-01,-4.791638255119323730e-02,3.457381576299667358e-02,9.553681015968322754e-01,2.894484996795654297e-01,1.878178417682647705e-01,-4.617708623409271240e-01,-1.185472130775451660e+00,2.120349258184432983e-01,2.847425639629364014e-01,-9.146530628204345703e-01,-3.091050386428833008e-01,-5.430208146572113037e-02,-2.029010653495788574e-01,4.720647633075714111e-01,-3.157750368118286133e-01,-5.510578863322734833e-03,-6.172843575477600098e-01,1.367444358766078949e-02,1.775261610746383667e-01,6.171130537986755371e-01,-2.381574809551239014e-01,3.492839261889457703e-02
1.650347828865051270e+00,-1.403974056243896484e+00,1.003221869468688965e+00,-4.664688929915428162e-02,3.506353124976158142e-02,9.533581137657165527e-01,2.961467802524566650e-01,2.195265442132949829e-01,-4.560412168502807617e-01,-1.168340206146240234e+00,1.962204128503799438e-01,2.900938689708709717e-01,-9.643036723136901855e-01,-3.240763247013092041e-01,-5.278662964701652527e-02,-1.880862861871719360e-01,4.189968705177307129e-01,-2.494870275259017944e-01,1.348270685411989689e-03,-5.395489335060119629e-01,5.779046192765235901e-02,2.193691283464431763e-01,6.711833477020263672e-01,-2.128914743661880493e-01,2.877676486968994141e-02
1.679622411727905273e+00,-1.430174827575683594e+00,1.007630586624145508e+00,-4.592223465442657471e-02,3.264470398426055908e-02,9.512052536010742188e-01,3.033711314201354980e-01,2.493610978126525879e-01,-4.468963146209716797e-01,-1.151226520538330078e+00,1.926656812429428101e-01,3.195075988769531250e-01,-1.028725981712341309e+00,-3.407329618930816650e-01,-4.465486109256744385e-02,-1.807944625616073608e-01,3.753687441349029541e-01,-1.986189782619476318e-01,-7.357703987509012222e-03,-4.529847800731658936e-01,1.015306264162063599e-01,2.588969767093658447e-01,7.034205198287963867e-01,-1.646963208913803101e-01,3.608378395438194275e-02
1.710291862487792969e+00,-1.457820892333984375e+00,1.004940032958984375e+00,-4.505259916186332703e-02,2.881771698594093323e-02,9.489405155181884766e-01,3.108885586261749268e-01,2.665058076381683350e-01,-4.354170262813568115e-01,-1.129986047744750977e+00,1.888000369071960449e-01,3.386187255382537842e-01,-1.097938418388366699e+00,-3.687426745891571045e-01,-3.575931489467620850e-02,-1.728969961404800415e-01,3.568946421146392822e-01,-1.697892397642135620e-01,-2.152258530259132385e-02,-3.589147329330444336e-01,1.395128071308135986e-01,2.907298505306243896e-01,7.145716547966003418e-01,-1.113168597221374512e-01,4.624844342470169067e-02
1.741961002349853516e+00,-1.485780477523803711e+00,9.962180256843566895e-01,-4.382634907960891724e-02,2.004592306911945343e-02,9.468804001808166504e-01,3.179542124271392822e-01,2.537400126457214355e-01,-3.905514180660247803e-01,-1.079829454421997070e+00,1.903277784585952759e-01,3.729598224163055420e-01,-1.163471698760986328e+00,-4.110116958618164062e-01,-1.727433875203132629e-02,-1.587121039628982544e-01,3.731428980827331543e-01,-1.679882109165191650e-01,-3.943697363138198853e-02,-2.533784806728363037e-01,1.649503111839294434e-01,2.935358285903930664e-01,6.918015480041503906e-01,-2.927447110414505005e-02,2.635844983160495758e-02
1.775413990020751953e+00,-1.516557455062866211e+00,9.820220470428466797e-01,-4.360519722104072571e-02,1.620508544147014618e-02,9.448745250701904297e-01,3.241113424301147461e-01,2.370149642229080200e-01,-3.751742839813232422e-01,-1.039129018783569336e+00,1.873710304498672485e-01,4.039329886436462402e-01,-1.225595235824584961e+00,-4.889713823795318604e-01,-1.136612612754106522e-02,-1.419353634119033813e-01,4.372718632221221924e-01,-1.653734445571899414e-01,-5.535577982664108276e-02,-1.744704097509384155e-01,1.669623106718063354e-01,2.763244807720184326e-01,6.817806959152221680e-01,-2.836710773408412933e-03,1.754613034427165985e-02
1.809434413909912109e+00,-1.549283146858215332e+00,9.672970175743103027e-01,-4.258311539888381958e-02,1.368817966431379318e-02,9.430103302001953125e-01,3.297435343265533447e-01,2.154449522495269775e-01,-3.507009744644165039e-01,-9.888246655464172363e-01,1.850382983684539795e-01,4.300431907176971436e-01,-1.275344729423522949e+00,-5.839031338691711426e-01,-8.175044320523738861e-03,-1.208203062415122986e-01,5.220249295234680176e-01,-1.670722216367721558e-01,-5.861883610486984253e-02,-1.106834933161735535e-01,1.490535885095596313e-01,2.363311350345611572e-01,6.718584895133972168e-01,-1.236698776483535767e-02,5.966542288661003113e-03
1.843303680419921875e+00,-1.583644032478332520e+00,9.530706405639648438e-01,-4.306073114275932312e-02,1.396212074905633926e-02,9.403248429298400879e-01,3.372536599636077881e-01,1.904780119657516479e-01,-3.398822844028472900e-01,-9.403167963027954102e-01,1.760469675064086914e-01,4.487994909286499023e-01,-1.305116772651672363e+00,-6.727468371391296387e-01,1.460182014852762222e-03,-9.238757193088531494e-02,5.834950208663940430e-01,-1.623046398162841797e-01,-6.787785887718200684e-02,-6.989288330078125000e-02,1.094323992729187012e-01,1.768016964197158813e-01,6.683976054191589355e-01,-5.861457064747810364e-02,-2.175299450755119324e-02
1.879578948020935059e+00,-1.619243979454040527e+00,9.408751726150512695e-01,-4.417252540588378906e-02,1.528728846460580826e-02,9.375211596488952637e-01,3.447740077972412109e-01,1.613748818635940552e-01,-3.291150629520416260e-01,-8.874716758728027344e-01,1.648079007863998413e-01,4.700332581996917725e-01,-1.322610139846801758e+00,-7.394464015960693359e-01,1.426059659570455551e-02,-6.460838019847869873e-02,5.990124940872192383e-01,-1.406736224889755249e-01,-6.919439136981964111e-02,-5.952601879835128784e-02,7.023733109235763550e-02,1.276401281356811523e-01,6.851332783699035645e-01,-1.475108414888381958e-01,-3.727414831519126892e-02
1.919093132019042969e+00,-1.658946156501770020e+00,9.330776929855346680e-01,-4.860858991742134094e-02,1.163237541913986206e-02,9.355771541595458984e-01,3.495673239231109619e-01,1.374849379062652588e-01,-3.161959350109100342e-01,-8.439403176307678223e-01,1.497495770454406738e-01,4.862007200717926025e-01,-1.322397351264953613e+00,-7.970928549766540527e-01,3.284009173512458801e-02,-4.347273707389831543e-02,5.961171388626098633e-01,-1.555254161357879639e-01,-5.312266200780868530e-02,-6.420439481735229492e-02,4.954743757843971252e-02,9.953973442316055298e-02,6.747620105743408203e-01,-2.036253362894058228e-01,-4.693847894668579102e-02
1.960181951522827148e+00,-1.702343463897705078e+00,9.328076243400573730e-01,-4.768580198287963867e-02,1.341803185641765594e-02,9.329459071159362793e-01,3.565921783447265625e-01,1.147298887372016907e-01,-2.936192750930786133e-01,-8.149564266204833984e-01,1.303395479917526245e-01,4.811169207096099854e-01,-1.306878447532653809e+00,-8.396590948104858398e-01,3.688976168632507324e-02,-2.490341849625110626e-02,5.930207371711730957e-01,-2.294917404651641846e-01,-3.526517748832702637e-02,-1.054113209247589111e-01,4.054042324423789978e-02,1.348726600408554077e-01,7.175323367118835449e-01,-3.890725970268249512e-01,-4.082631692290306091e-02
2.004547595977783203e+00,-1.746334433555603027e+00,9.357427954673767090e-01,-5.070769414305686951e-02,7.195004727691411972e-03,9.312821626663208008e-01,3.606805503368377686e-01,1.071211844682693481e-01,-2.769382297992706299e-01,-8.174042701721191406e-01,1.354571729898452759e-01,4.941551089286804199e-01,-1.302814006805419922e+00,-8.713629841804504395e-01,4.857896640896797180e-02,-2.946879528462886810e-02,5.886988043785095215e-01,-3.590740859508514404e-01,-2.644256502389907837e-02,-1.531634330749511719e-01,8.277944475412368774e-02,2.194515913724899292e-01,7.492607831954956055e-01,-5.023789405822753906e-01,-3.690093010663986206e-02
2.050306320190429688e+00,-1.789326310157775879e+00,9.404050111770629883e-01,-5.361244827508926392e-02,1.471535884775221348e-03,9.287084937095642090e-01,3.669115304946899414e-01,1.068444252014160156e-01,-2.607685327529907227e-01,-8.496928215026855469e-01,1.541847437620162964e-01,5.084816813468933105e-01,-1.295731306076049805e+00,-8.809369206428527832e-01,3.475997969508171082e-02,-9.346585720777511597e-02,5.645106434822082520e-01,-4.584098160266876221e-01,-1.121128629893064499e-02,-2.094230651855468750e-01,1.101745739579200745e-01,2.620770335197448730e-01,7.692787647247314453e-01,-5.643495321273803711e-01,-1.807925477623939514e-02
2.089125156402587891e+00,-1.827712416648864746e+00,9.421852827072143555e-01,-5.817465484142303467e-02,6.100899539887905121e-03,9.279670119285583496e-01,3.680431544780731201e-01,1.040311902761459351e-01,-2.567212581634521484e-01,-9.044510722160339355e-01,1.774776875972747803e-01,5.084773302078247070e-01,-1.300067782402038574e+00,-8.697813749313354492e-01,-3.567875362932682037e-03,-1.578684300184249878e-01,5.327182412147521973e-01,-4.026098847389221191e-01,7.859469391405582428e-03,-2.732149362564086914e-01,1.067297086119651794e-01,2.748512029647827148e-01,7.888203859329223633e-01,-6.158154606819152832e-01,8.877469226717948914e-03
2.123240947723388672e+00,-1.860291957855224609e+00,9.460271596908569336e-01,-6.428945064544677734e-02,1.316591445356607437e-02,9.298467040061950684e-01,3.620478510856628418e-01,1.063031703233718872e-01,-2.729510366916656494e-01,-9.620617628097534180e-01,1.995384693145751953e-01,5.121541023254394531e-01,-1.300212264060974121e+00,-8.392243981361389160e-01,-4.016055911779403687e-02,-1.830015033483505249e-01,5.163701772689819336e-01,-2.880564033985137939e-01,6.099951919168233871e-03,-3.359550237655639648e-01,9.608048945665359497e-02,2.776661515235900879e-01,7.878934144973754883e-01,-6.162871718406677246e-01,4.329581186175346375e-02
2.155215740203857422e+00,-1.889095664024353027e+00,9.560854434967041016e-01,-6.529475748538970947e-02,1.855669729411602020e-02,9.316091537475585938e-01,3.570667505264282227e-01,1.049964278936386108e-01,-2.807516455650329590e-01,-9.852174520492553711e-01,2.281862497329711914e-01,4.983336925506591797e-01,-1.271291494369506836e+00,-7.911303639411926270e-01,-7.511993497610092163e-02,-2.055980861186981201e-01,5.426327586174011230e-01,-2.054502665996551514e-01,-1.718932390213012695e-02,-3.765852451324462891e-01,8.601190149784088135e-02,2.841747403144836426e-01,7.626736760139465332e-01,-5.683245062828063965e-01,5.969947203993797302e-02
2.186827421188354492e+00,-1.914209008216857910e+00,9.706857204437255859e-01,-6.301362812519073486e-02,1.948590949177742004e-02,9.329164624214172363e-01,3.540006577968597412e-01,9.965182095766067505e-02,-2.855911254882812500e-01,-9.921784400939941406e-01,2.613152563571929932e-01,4.750498235225677490e-01,-1.207097291946411133e+00,-7.311673164367675781e-01,-1.032118871808052063e-01,-2.207790166139602661e-01,6.064451336860656738e-01,-1.822527050971984863e-01,-2.287163399159908295e-02,-3.992017507553100586e-01,7.307630032300949097e-02,2.669597566127777100e-01,7.188062667846679688e-01,-4.973261058330535889e-01,6.066859513521194458e-02
2.217171192169189453e+00,-1.937572002410888672e+00,9.835895299911499023e-01,-6.004026532173156738e-02,1.988073997199535370e-02,9.351550340652465820e-01,3.485469520092010498e-01,9.482458978891372681e-02,-2.822131812572479248e-01,-9.933634996414184570e-01,2.882175445556640625e-01,4.420152306556701660e-01,-1.129712343215942383e+00,-6.507132649421691895e-01,-1.462140977382659912e-01,-2.602335810661315918e-01,6.643211245536804199e-01,-1.430170536041259766e-01,-2.937445417046546936e-02,-4.140804111957550049e-01,6.131424009799957275e-02,2.511523962020874023e-01,6.673467755317687988e-01,-4.171100556850433350e-01,5.509875342249870300e-02
2.247255563735961914e+00,-1.958962798118591309e+00,9.931833744049072266e-01,-5.586537718772888184e-02,1.855098269879817963e-02,9.376556873321533203e-01,3.425444662570953369e-01,9.025701135396957397e-02,-2.909376323223114014e-01,-1.004361629486083984e+00,3.188422024250030518e-01,4.209854304790496826e-01,-1.051467657089233398e+00,-5.565371513366699219e-01,-1.820027381181716919e-01,-2.953214645385742188e-01,7.139146327972412109e-01,-1.003873348236083984e-01,-3.555247187614440918e-02,-4.223741888999938965e-01,5.345662683248519897e-02,2.428179532289505005e-01,6.177064180374145508e-01,-3.555707931518554688e-01,6.198769062757492065e-02
2.278555393218994141e+00,-1.980776309967041016e+00,9.970083832740783691e-01,-5.157971754670143127e-02,1.888019777834415436e-02,9.385280013084411621e-01,3.408053517341613770e-01,8.675868809223175049e-02,-3.060702383518218994e-01,-1.035239577293395996e+00,3.529662787914276123e-01,4.079621434211730957e-01,-9.854066967964172363e-01,-4.533212482929229736e-01,-2.139707803726196289e-01,-3.292632997035980225e-01,7.414325475692749023e-01,-2.404762245714664459e-02,-4.829861968755722046e-02,-4.351781904697418213e-01,4.769339784979820251e-02,2.437316179275512695e-01,5.850298404693603516e-01,-3.208419978618621826e-01,7.030562311410903931e-02
2.310823202133178711e+00,-2.003461360931396484e+00,9.928339719772338867e-01,-4.691414162516593933e-02,2.373163215816020966e-02,9.395575523376464844e-01,3.383303880691528320e-01,8.584219962358474731e-02,-3.241049051284790039e-01,-1.072744965553283691e+00,3.814105987548828125e-01,3.865892291069030762e-01,-9.259086251258850098e-01,-3.285706341266632080e-01,-2.361433804035186768e-01,-3.417612612247467041e-01,7.015144824981689453e-01,1.015967577695846558e-01,-3.380683017894625664e-03,-4.584955871105194092e-01,3.978661075234413147e-02,2.578660547733306885e-01,5.656133890151977539e-01,-2.946226596832275391e-01,8.015802502632141113e-02
2.345741748809814453e+00,-2.026726484298706055e+00,9.857375621795654297e-01,-3.981360793113708496e-02,2.349500730633735657e-02,9.409406185150146484e-01,3.354006111621856689e-01,8.781576156616210938e-02,-3.162181079387664795e-01,-1.100026965141296387e+00,3.950361907482147217e-01,3.579919636249542236e-01,-8.640549182891845703e-01,-2.383122742176055908e-01,-2.175353467464447021e-01,-3.055121898651123047e-01,6.919471025466918945e-01,1.431398838758468628e-01,1.122257206588983536e-03,-4.859608411788940430e-01,3.689910098910331726e-02,2.555143237113952637e-01,5.622186660766601562e-01,-2.814838588237762451e-01,9.516589343547821045e-02
2.384126186370849609e+00,-2.051365137100219727e+00,9.723154902458190918e-01,-3.539227321743965149e-02,2.857928536832332611e-02,9.428204894065856934e-01,3.301820456981658936e-01,1.011129170656204224e-01,-3.581779897212982178e-01,-1.157097458839416504e+00,4.029619693756103516e-01,3.319231867790222168e-01,-8.374539613723754883e-01,-1.530750989913940430e-01,-2.050616741180419922e-01,-2.713095545768737793e-01,6.557382345199584961e-01,1.939537823200225830e-01,2.639207802712917328e-02,-5.427550077438354492e-01,2.032712660729885101e-02,2.323527485132217407e-01,5.867046117782592773e-01,-2.770467102527618408e-01,1.169205456972122192e-01
2.425478696823120117e+00,-2.078908443450927734e+00,9.558043479919433594e-01,-2.837998792529106140e-02,3.760791942477226257e-02,9.466487765312194824e-01,3.188045620918273926e-01,1.155560091137886047e-01,-3.996723592281341553e-01,-1.189675450325012207e+00,3.430436253547668457e-01,2.501006424427032471e-01,-7.222903370857238770e-01,-8.537756651639938354e-02,-1.755502969026565552e-01,-2.001174241304397583e-01,6.200920343399047852e-01,2.272641956806182861e-01,5.429020896553993225e-02,-6.016338467597961426e-01,-3.091584425419569016e-03,2.255201190710067749e-01,6.024678349494934082e-01,-2.409209758043289185e-01,1.358110159635543823e-01
2.469671010971069336e+00,-2.106861114501953125e+00,9.402039051055908203e-01,-2.768892422318458557e-02,4.399815946817398071e-02,9.474689364433288574e-01,3.155947923660278320e-01,1.253735125064849854e-01,-4.437750875949859619e-01,-1.221321225166320801e+00,3.111096024513244629e-01,2.226504832506179810e-01,-6.533021926879882812e-01,-3.687189146876335144e-02,-1.474443376064300537e-01,-1.333052664995193481e-01,5.670065283775329590e-01,2.281248420476913452e-01,9.236275404691696167e-02,-6.703025102615356445e-01,-8.226222358644008636e-03,2.251486182212829590e-01,6.170582175254821777e-01,-1.992619633674621582e-01,1.444633156061172485e-01
2.516758918762207031e+00,-2.136743783950805664e+00,9.299591183662414551e-01,-3.148769959807395935e-02,4.307293519377708435e-02,9.492720961570739746e-01,3.098962604999542236e-01,1.344554126262664795e-01,-4.510313570499420166e-01,-1.238134980201721191e+00,2.958638370037078857e-01,2.177614718675613403e-01,-6.257576346397399902e-01,-3.073158301413059235e-02,-1.181653514504432678e-01,-8.436617255210876465e-02,5.569519996643066406e-01,1.170782446861267090e-01,1.086131036281585693e-01,-7.322146892547607422e-01,-5.585541483014822006e-03,2.117250710725784302e-01,6.120893955230712891e-01,-1.569761633872985840e-01,1.401416063308715820e-01
2.566123247146606445e+00,-2.165741682052612305e+00,9.256168603897094727e-01,-3.439936786890029907e-02,3.760489076375961304e-02,9.514937996864318848e-01,3.034174442291259766e-01,1.303055435419082642e-01,-4.459208548069000244e-01,-1.228916645050048828e+00,2.905512154102325439e-01,2.289712578058242798e-01,-6.249376535415649414e-01,-5.357309430837631226e-02,-7.490316778421401978e-02,-3.587400168180465698e-02,5.665708184242248535e-01,-8.215073496103286743e-02,1.458252519369125366e-01,-7.760790586471557617e-01,-7.093120948411524296e-04,1.894649863243103027e-01,5.935364961624145508e-01,-1.740597039461135864e-01,1.150501146912574768e-01
2.617528676986694336e+00,-2.195979118347167969e+00,9.273099303245544434e-01,-3.449999913573265076e-02,3.063873760402202606e-02,9.537013173103332520e-01,2.971949577331542969e-01,1.264963150024414062e-01,-4.376732409000396729e-01,-1.206653475761413574e+00,2.964236140251159668e-01,2.514409720897674561e-01,-6.495246887207031250e-01,-9.787507355213165283e-02,-7.694172114133834839e-02,-1.124250590801239014e-01,6.226395368576049805e-01,-2.938306331634521484e-01,9.896317869424819946e-02,-8.013082146644592285e-01,2.159556373953819275e-03,1.663361489772796631e-01,5.757641196250915527e-01,-2.654138803482055664e-01,8.378023654222488403e-02
2.670398235321044922e+00,-2.227782964706420898e+00,9.348949790000915527e-01,-3.055585175752639771e-02,3.168468922376632690e-02,9.558363556861877441e-01,2.905844449996948242e-01,1.392563581466674805e-01,-4.443750679492950439e-01,-1.186002969741821289e+00,3.016276657581329346e-01,2.634646892547607422e-01,-6.853022575378417969e-01,-1.291189640760421753e-01,-9.995231032371520996e-02,-1.912699490785598755e-01,6.303958892822265625e-01,-3.986887335777282715e-01,9.017409384250640869e-02,-7.936169505119323730e-01,8.302185684442520142e-03,1.956653445959091187e-01,5.394439697265625000e-01,-3.804206550121307373e-01,4.126262292265892029e-02
2.721719741821289062e+00,-2.261352777481079102e+00,9.419565200805664062e-01,-3.115937300026416779e-02,3.075885586440563202e-02,9.571289420127868652e-01,2.863340973854064941e-01,1.547489464282989502e-01,-4.452774524688720703e-01,-1.168935298919677734e+00,3.042399287223815918e-01,2.839609980583190918e-01,-7.353497743606567383e-01,-1.759938299655914307e-01,-1.058822497725486755e-01,-2.243674248456954956e-01,6.335606575012207031e-01,-4.430135786533355713e-01,7.369754463434219360e-02,-7.710650563240051270e-01,3.388354182243347168e-02,2.739941477775573730e-01,5.044687390327453613e-01,-4.101294875144958496e-01,2.484311349689960480e-02
2.763515949249267578e+00,-2.288363933563232422e+00,9.457421898841857910e-01,-3.401390835642814636e-02,2.933381311595439911e-02,9.562072753906250000e-01,2.892235815525054932e-01,1.597490608692169189e-01,-4.122276604175567627e-01,-1.131132364273071289e+00,2.969341576099395752e-01,2.921956181526184082e-01,-7.861350178718566895e-01,-2.331281751394271851e-01,-9.917631000280380249e-02,-2.220841795206069946e-01,6.431256532669067383e-01,-4.655093252658843994e-01,3.592550009489059448e-02,-7.381347417831420898e-01,5.405348166823387146e-02,3.023532629013061523e-01,5.103892087936401367e-01,-3.624404072761535645e-01,3.127045556902885437e-02
2.801236152648925781e+00,-2.314298868179321289e+00,9.536660909652709961e-01,-4.125365987420082092e-02,2.970546297729015350e-02,9.537885785102844238e-01,2.961469888687133789e-01,1.644868701696395874e-01,-4.127085804939270020e-01,-1.086959958076477051e+00,2.720121145248413086e-01,3.057424128055572510e-01,-8.220129013061523438e-01,-2.870863676071166992e-01,-9.561315178871154785e-02,-2.256495803594589233e-01,6.295667886734008789e-01,-4.514463841915130615e-01,1.423696707934141159e-02,-7.124620079994201660e-01,8.182346075773239136e-02,3.252383768558502197e-01,5.688529014587402344e-01,-3.339171707630157471e-01,3.525181114673614502e-02
2.835641622543334961e+00,-2.340712070465087891e+00,9.654974341392517090e-01,-4.205492883920669556e-02,2.867313846945762634e-02,9.514458775520324707e-01,3.035786151885986328e-01,2.071574777364730835e-01,-4.139704704284667969e-01,-1.059216141700744629e+00,2.623077034950256348e-01,3.173350989818572998e-01,-8.589853048324584961e-01,-3.146640360355377197e-01,-8.344945311546325684e-02,-2.111664116382598877e-01,5.855234265327453613e-01,-4.022915065288543701e-01,-1.906464109197258949e-03,-6.625359058380126953e-01,1.063160672783851624e-01,3.381054103374481201e-01,6.323741078376770020e-01,-2.985541224479675293e-01,4.816089943051338196e-02
2.866602182388305664e+00,-2.368357181549072266e+00,9.762083888053894043e-01,-4.045886918902397156e-02,2.805702574551105499e-02,9.488465189933776855e-01,3.118752241134643555e-01,2.331067323684692383e-01,-3.924140930175781250e-01,-9.838017225265502930e-01,2.472290396690368652e-01,3.302021026611328125e-01,-8.824104070663452148e-01,-3.375698626041412354e-01,-7.474112510681152344e-02,-1.908354461193084717e-01,5.398765802383422852e-01,-3.379899859428405762e-01,-1.186484377831220627e-02,-5.953761935234069824e-01,1.283268481492996216e-01,3.475358188152313232e-01,6.930930614471435547e-01,-2.584843933582305908e-01,5.450395494699478149e-02
2.896178483963012695e+00,-2.394997835159301758e+00,9.854502677917480469e-01,-3.723148629069328308e-02,2.457884885370731354e-02,9.469364285469055176e-01,3.183097839355468750e-01,2.533291578292846680e-01,-3.725230097770690918e-01,-9.295918941497802734e-01,2.322147190570831299e-01,3.449413776397705078e-01,-9.110793471336364746e-01,-3.506742417812347412e-01,-6.946877390146255493e-02,-1.894659996032714844e-01,4.931873083114624023e-01,-2.912636697292327881e-01,-1.672468893229961395e-02,-5.104312896728515625e-01,1.526247262954711914e-01,3.599662482738494873e-01,7.405302524566650391e-01,-2.101151943206787109e-01,5.970746651291847229e-02
2.927202463150024414e+00,-2.423316240310668945e+00,9.875098466873168945e-01,-3.483062610030174255e-02,2.199155464768409729e-02,9.451158046722412109e-01,3.241286277770996094e-01,2.722799479961395264e-01,-3.630214333534240723e-01,-8.831558823585510254e-01,2.133492976427078247e-01,3.622837960720062256e-01,-9.448936581611633301e-01,-3.679745197296142578e-01,-6.302473694086074829e-02,-1.872967034578323364e-01,4.555717408657073975e-01,-2.490461021661758423e-01,-2.262403257191181183e-02,-4.228034615516662598e-01,1.675287336111068726e-01,3.534707129001617432e-01,7.704000473022460938e-01,-1.379034221172332764e-01,5.982717126607894897e-02
2.960047245025634766e+00,-2.452215194702148438e+00,9.828150868415832520e-01,-3.418375551700592041e-02,1.683885604143142700e-02,9.431989789009094238e-01,3.300357460975646973e-01,2.867217659950256348e-01,-3.495768606662750244e-01,-8.466269373893737793e-01,2.019677311182022095e-01,3.860444128513336182e-01,-9.998129606246948242e-01,-4.021087586879730225e-01,-4.798212647438049316e-02,-1.774127483367919922e-01,4.482446014881134033e-01,-2.336122095584869385e-01,-5.119355395436286926e-02,-3.368650972843170166e-01,1.824352145195007324e-01,3.387859165668487549e-01,7.883744239807128906e-01,-6.000301614403724670e-02,6.120396405458450317e-02
2.994337320327758789e+00,-2.481946468353271484e+00,9.718752503395080566e-01,-3.385132178664207458e-02,1.260056905448436737e-02,9.403484463691711426e-01,3.382899463176727295e-01,2.862365543842315674e-01,-3.260947763919830322e-01,-7.975458502769470215e-01,1.993894129991531372e-01,4.183017313480377197e-01,-1.058524370193481445e+00,-4.614546298980712891e-01,-3.805096074938774109e-02,-1.591672003269195557e-01,4.836077690124511719e-01,-2.261244356632232666e-01,-6.355169415473937988e-02,-2.475047707557678223e-01,1.820451021194458008e-01,3.140119612216949463e-01,7.871940732002258301e-01,-7.410965044982731342e-04,3.761081770062446594e-02
3.028557300567626953e+00,-2.514549016952514648e+00,9.583734869956970215e-01,-3.363431990146636963e-02,1.033152919262647629e-02,9.386137723922729492e-01,3.431707024574279785e-01,2.817577123641967773e-01,-3.118776082992553711e-01,-7.362553477287292480e-01,1.924090236425399780e-01,4.435757100582122803e-01,-1.106235265731811523e+00,-5.458978414535522461e-01,-3.027861565351486206e-02,-1.256723403930664062e-01,5.477443933486938477e-01,-2.217002362012863159e-01,-4.787842184305191040e-02,-1.737104505300521851e-01,1.514411717653274536e-01,2.580457329750061035e-01,7.752456068992614746e-01,1.909357868134975433e-02,2.289006672799587250e-02
3.062989473342895508e+00,-2.548830509185791016e+00,9.450802206993103027e-01,-3.293189778923988342e-02,8.827115409076213837e-03,9.354249835014343262e-01,3.518773317337036133e-01,2.605387270450592041e-01,-3.006210327148437500e-01,-6.861069202423095703e-01,1.792263984680175781e-01,4.587750732898712158e-01,-1.133143544197082520e+00,-6.247467398643493652e-01,-2.224328555166721344e-02,-1.033539175987243652e-01,5.953408479690551758e-01,-2.051598429679870605e-01,-4.248889535665512085e-02,-9.910540282726287842e-02,1.129998862743377686e-01,2.079871296882629395e-01,7.407603859901428223e-01,3.887381637468934059e-03,-1.340260542929172516e-02
3.100128412246704102e+00,-2.586018085479736328e+00,9.334816336631774902e-01,-3.636968880891799927e-02,7.754951715469360352e-03,9.319958090782165527e-01,3.605564832687377930e-01,2.406095564365386963e-01,-2.948624193668365479e-01,-6.270186901092529297e-01,1.656211018562316895e-01,4.709699451923370361e-01,-1.144204974174499512e+00,-6.935774683952331543e-01,-1.013078354299068451e-02,-8.780753612518310547e-02,6.095777750015258789e-01,-1.856304258108139038e-01,-3.807204961776733398e-02,-4.286211356520652771e-02,6.719675660133361816e-02,1.444371938705444336e-01,6.813045740127563477e-01,-1.643056049942970276e-02,-5.460093170404434204e-02
3.139578104019165039e+00,-2.627143144607543945e+00,9.275214076042175293e-01,-3.990708291530609131e-02,8.436280302703380585e-03,9.283593893051147461e-01,3.694389760494232178e-01,2.124360948801040649e-01,-2.782395780086517334e-01,-5.914668440818786621e-01,1.546646356582641602e-01,4.831137359142303467e-01,-1.139998435974121094e+00,-7.477132678031921387e-01,-2.319800260011106730e-04,-7.035321742296218872e-02,5.906690955162048340e-01,-1.699605435132980347e-01,-1.903754286468029022e-02,-1.491136662662029266e-02,2.843430079519748688e-02,1.075606048107147217e-01,6.329128146171569824e-01,-9.036021679639816284e-02,-7.603321969509124756e-02
3.182583093643188477e+00,-2.671705722808837891e+00,9.302484989166259766e-01,-4.436096921563148499e-02,9.167449548840522766e-03,9.247435331344604492e-01,3.778855800628662109e-01,1.924780458211898804e-01,-2.611106634140014648e-01,-5.722132921218872070e-01,1.408779621124267578e-01,4.803397655487060547e-01,-1.120386123657226562e+00,-7.876954078674316406e-01,2.040814794600009918e-02,-4.123085364699363708e-02,5.672546029090881348e-01,-2.501401603221893311e-01,-8.971568197011947632e-03,-2.751773782074451447e-02,-3.580391174182295799e-03,7.561838626861572266e-02,6.076781153678894043e-01,-2.477206289768218994e-01,-7.038549333810806274e-02
3.227786302566528320e+00,-2.719968795776367188e+00,9.358909130096435547e-01,-4.985849186778068542e-02,8.512807078659534454e-03,9.221962690353393555e-01,3.834001719951629639e-01,1.838153749704360962e-01,-2.452776283025741577e-01,-5.748487114906311035e-01,1.387773901224136353e-01,4.763854742050170898e-01,-1.103221774101257324e+00,-8.264369964599609375e-01,2.574233710765838623e-02,-4.006221145391464233e-02,5.561622977256774902e-01,-3.838962912559509277e-01,2.234383672475814819e-02,-6.770271807909011841e-02,1.790193375200033188e-03,1.052778661251068115e-01,6.071766018867492676e-01,-4.027203023433685303e-01,-5.204805731773376465e-02
3.270542860031127930e+00,-2.768204450607299805e+00,9.435158371925354004e-01,-5.568272620439529419e-02,1.113949902355670929e-02,9.210571646690368652e-01,3.852649033069610596e-01,1.907245367765426636e-01,-2.386657744646072388e-01,-6.110730767250061035e-01,1.560272425413131714e-01,4.503535032272338867e-01,-1.097544908523559570e+00,-8.468366265296936035e-01,-4.593320190906524658e-03,-1.036065965890884399e-01,5.355553030967712402e-01,-4.709505140781402588e-01,3.114092350006103516e-02,-1.071332469582557678e-01,1.406062487512826920e-02,1.779371947050094604e-01,5.808665752410888672e-01,-4.837866723537445068e-01,-3.032707609236240387e-02
3.310898065567016602e+00,-2.809402704238891602e+00,9.486460685729980469e-01,-6.255927681922912598e-02,2.118171751499176025e-02,9.225588440895080566e-01,3.801615536212921143e-01,2.020267099142074585e-01,-2.384924441576004028e-01,-6.855640411376953125e-01,1.717220991849899292e-01,4.326880276203155518e-01,-1.100588202476501465e+00,-8.551719188690185547e-01,-3.676155209541320801e-02,-1.305907815694808960e-01,5.402261614799499512e-01,-4.602956771850585938e-01,3.406866267323493958e-02,-1.716310381889343262e-01,2.315346064278855920e-04,1.863269358873367310e-01,5.785313248634338379e-01,-5.234197378158569336e-01,-7.898177951574325562e-03
3.344412803649902344e+00,-2.843275785446166992e+00,9.539499878883361816e-01,-7.139593362808227539e-02,3.133331611752510071e-02,9.259107708930969238e-01,3.696080744266510010e-01,2.201870232820510864e-01,-2.718750536441802979e-01,-7.466661930084228516e-01,1.954016387462615967e-01,4.317448139190673828e-01,-1.109546303749084473e+00,-8.403313755989074707e-01,-7.848405092954635620e-02,-1.515261232852935791e-01,5.443469882011413574e-01,-3.502069413661956787e-01,3.352770581841468811e-02,-2.488427460193634033e-01,-1.283345371484756470e-02,1.795646548271179199e-01,5.922299623489379883e-01,-5.250681042671203613e-01,1.949351467192173004e-02
3.376400232315063477e+00,-2.874379396438598633e+00,9.642112255096435547e-01,-7.739305496215820312e-02,3.549958392977714539e-02,9.287558794021606445e-01,3.607806265354156494e-01,2.316806614398956299e-01,-2.866167426109313965e-01,-8.032497763633728027e-01,2.312432974576950073e-01,4.260608851909637451e-01,-1.099707841873168945e+00,-8.071645498275756836e-01,-1.070786044001579285e-01,-1.715960353612899780e-01,5.793853402137756348e-01,-2.783884108066558838e-01,1.301236264407634735e-02,-3.045394122600555420e-01,-1.978683285415172577e-02,1.740431338548660278e-01,5.790888667106628418e-01,-4.846666455268859863e-01,3.785357251763343811e-02
3.408476352691650391e+00,-2.906421184539794922e+00,9.767686724662780762e-01,-8.123677223920822144e-02,3.958684578537940979e-02,9.306332468986511230e-01,3.546199202537536621e-01,2.367250323295593262e-01,-3.055735528469085693e-01,-8.452086448669433594e-01,2.631370723247528076e-01,4.042263329029083252e-01,-1.055755257606506348e+00,-7.666467428207397461e-01,-1.356737315654754639e-01,-1.798648983240127563e-01,6.358193755149841309e-01,-2.150211781263351440e-01,9.032022207975387573e-03,-3.443008959293365479e-01,-3.394532203674316406e-02,1.589872837066650391e-01,5.423531532287597656e-01,-4.194195568561553955e-01,4.505007714033126831e-02
3.440185785293579102e+00,-2.932457208633422852e+00,9.876020550727844238e-01,-8.046173304319381714e-02,4.172987490892410278e-02,9.306693673133850098e-01,3.544559776782989502e-01,2.136743962764739990e-01,-2.922976315021514893e-01,-8.602281212806701660e-01,2.864127457141876221e-01,3.701349496841430664e-01,-9.851174354553222656e-01,-6.969697475433349609e-01,-1.391071081161499023e-01,-1.664907932281494141e-01,6.783216595649719238e-01,-1.833261698484420776e-01,1.309754420071840286e-02,-3.672071993350982666e-01,-4.105795174837112427e-02,1.513693183660507202e-01,5.066814422607421875e-01,-3.692540526390075684e-01,5.346132069826126099e-02
3.468675136566162109e+00,-2.956579208374023438e+00,9.930629134178161621e-01,-7.696583867073059082e-02,4.413867369294166565e-02,9.308800697326660156e-01,3.543871939182281494e-01,1.886418312788009644e-01,-2.897067368030548096e-01,-8.667715787887573242e-01,3.038438558578491211e-01,3.338253498077392578e-01,-8.998516201972961426e-01,-6.049837470054626465e-01,-1.730676740407943726e-01,-1.998799443244934082e-01,7.135865092277526855e-01,-1.062682867050170898e-01,-2.538006985560059547e-03,-3.766559660434722900e-01,-4.975214228034019470e-02,1.507057696580886841e-01,4.644379317760467529e-01,-3.228609561920166016e-01,5.637270212173461914e-02
3.496773004531860352e+00,-2.976320505142211914e+00,9.936444759368896484e-01,-7.142716646194458008e-02,4.310949891805648804e-02,9.326716065406799316e-01,3.509464859962463379e-01,1.690009087324142456e-01,-2.973674535751342773e-01,-8.805491328239440918e-01,3.331328630447387695e-01,3.111596703529357910e-01,-8.291569352149963379e-01,-4.975897669792175293e-01,-1.864437609910964966e-01,-2.197900116443634033e-01,7.365837693214416504e-01,-5.130630731582641602e-02,-3.921051509678363800e-03,-3.829039931297302246e-01,-4.913969337940216064e-02,1.511985957622528076e-01,4.342139959335327148e-01,-3.060951828956604004e-01,6.208954378962516785e-02
3.527806997299194336e+00,-2.998814582824707031e+00,9.899055361747741699e-01,-6.626481562852859497e-02,4.396948963403701782e-02,9.338843822479248047e-01,3.486196696758270264e-01,1.603090465068817139e-01,-3.042920529842376709e-01,-8.864824771881103516e-01,3.681463003158569336e-01,2.934964299201965332e-01,-8.019781708717346191e-01,-3.918084502220153809e-01,-1.875776350498199463e-01,-2.261000126600265503e-01,7.430161237716674805e-01,-5.402395036071538925e-03,-8.858059300109744072e-04,-4.077986180782318115e-01,-5.748370289802551270e-02,1.368123590946197510e-01,4.253985285758972168e-01,-2.884349822998046875e-01,7.569745182991027832e-02
3.559880495071411133e+00,-3.023354291915893555e+00,9.791108965873718262e-01,-6.161170080304145813e-02,4.415296763181686401e-02,9.362062811851501465e-01,3.431796729564666748e-01,1.540201008319854736e-01,-3.337886333465576172e-01,-9.480238556861877441e-01,3.788625597953796387e-01,2.642920911312103271e-01,-7.553868889808654785e-01,-2.818804085254669189e-01,-1.727282553911209106e-01,-2.094044089317321777e-01,7.108178138732910156e-01,5.622613430023193359e-02,1.968742720782756805e-02,-4.545747041702270508e-01,-6.063714250922203064e-02,1.328434199094772339e-01,4.496669471263885498e-01,-2.795333862304687500e-01,8.613904565572738647e-02
3.596187591552734375e+00,-3.048537015914916992e+00,9.655742645263671875e-01,-5.493446439504623413e-02,4.881460964679718018e-02,9.374951124191284180e-01,3.401503562927246094e-01,1.581401228904724121e-01,-3.561564385890960693e-01,-9.867266416549682617e-01,3.715045750141143799e-01,2.254233062267303467e-01,-7.030347585678100586e-01,-1.824152767658233643e-01,-1.360112428665161133e-01,-1.450319290161132812e-01,6.478847265243530273e-01,1.297346204519271851e-01,5.970167368650436401e-02,-5.204095840454101562e-01,-6.847570836544036865e-02,1.355546116828918457e-01,5.006326436996459961e-01,-2.814617753028869629e-01,1.080039963126182556e-01
3.635688304901123047e+00,-3.077146530151367188e+00,9.517942070960998535e-01,-5.310462787747383118e-02,5.309191718697547913e-02,9.399460554122924805e-01,3.329603374004364014e-01,1.683705896139144897e-01,-4.336343407630920410e-01,-1.070554256439208984e+00,3.345330059528350830e-01,1.822878122329711914e-01,-6.414729356765747070e-01,-1.038652956485748291e-01,-9.017967432737350464e-02,-7.357662916183471680e-02,5.726452469825744629e-01,1.699884980916976929e-01,1.106787919998168945e-01,-6.100440025329589844e-01,-7.691895216703414917e-02,1.238401904702186584e-01,5.650982260704040527e-01,-2.608862519264221191e-01,1.125382557511329651e-01
3.675987482070922852e+00,-3.105425119400024414e+00,9.414374828338623047e-01,-5.378310009837150574e-02,5.658034607768058777e-02,9.414289593696594238e-01,3.280511796474456787e-01,1.567181497812271118e-01,-4.404831230640411377e-01,-1.094659924507141113e+00,2.986436784267425537e-01,1.557112187147140503e-01,-5.991916656494140625e-01,-5.933035537600517273e-02,-5.896553397178649902e-02,-2.538190223276615143e-02,5.298101305961608887e-01,1.501758098602294922e-01,1.107522621750831604e-01,-6.914155483245849609e-01,-8.249457180500030518e-02,1.157859861850738525e-01,6.121001839637756348e-01,-2.363169044256210327e-01,1.153112351894378662e-01
3.717390060424804688e+00,-3.136756420135498047e+00,9.333862662315368652e-01,-5.276386812329292297e-02,6.105751171708106995e-02,9.419681429862976074e-01,3.258588612079620361e-01,1.470163017511367798e-01,-4.703295826911926270e-01,-1.116723775863647461e+00,2.704868912696838379e-01,1.414251178503036499e-01,-5.619647502899169922e-01,-2.770406752824783325e-02,-4.434781894087791443e-02,8.819375187158584595e-03,4.624664783477783203e-01,1.442335993051528931e-01,1.114821434020996094e-01,-7.524739503860473633e-01,-8.645312488079071045e-02,1.219966858625411987e-01,6.312908530235290527e-01,-2.384173274040222168e-01,1.207125186920166016e-01
3.761488199234008789e+00,-3.166976928710937500e+00,9.324698448181152344e-01,-5.342308804392814636e-02,5.729016661643981934e-02,9.434900283813476562e-01,3.220099210739135742e-01,1.583127081394195557e-01,-4.839814305305480957e-01,-1.171380162239074707e+00,2.492884248495101929e-01,1.394563168287277222e-01,-5.560121536254882812e-01,-2.469995059072971344e-02,-1.896342448890209198e-02,2.466010488569736481e-02,4.214033186435699463e-01,1.001097355037927628e-02,1.138883605599403381e-01,-7.869148254394531250e-01,-8.098410069942474365e-02,1.081698760390281677e-01,6.110076904296875000e-01,-2.476631999015808105e-01,1.062085479497909546e-01
3.809172153472900391e+00,-3.200771331787109375e+00,9.354908466339111328e-01,-5.444059893488883972e-02,5.416289716958999634e-02,9.450051188468933105e-01,3.179118633270263672e-01,1.632399260997772217e-01,-4.947613179683685303e-01,-1.199991703033447266e+00,2.389785051345825195e-01,1.496611982583999634e-01,-5.724491477012634277e-01,-6.289838254451751709e-02,-2.944341674447059631e-02,-6.337777525186538696e-02,4.658928811550140381e-01,-1.588802486658096313e-01,1.012379974126815796e-01,-8.140771985054016113e-01,-7.588124275207519531e-02,9.599089622497558594e-02,5.890476107597351074e-01,-3.121061027050018311e-01,8.180567622184753418e-02
3.854965209960937500e+00,-3.232354402542114258e+00,9.409364461898803711e-01,-5.197340622544288635e-02,5.723110958933830261e-02,9.475646018981933594e-01,3.100720345973968506e-01,1.777314692735671997e-01,-5.139539241790771484e-01,-1.211206793785095215e+00,2.381453663110733032e-01,1.617552340030670166e-01,-6.100920438766479492e-01,-9.398375451564788818e-02,-5.163995549082756042e-02,-1.390380412340164185e-01,4.774604737758636475e-01,-2.762027680873870850e-01,1.026410013437271118e-01,-8.242427706718444824e-01,-7.414559274911880493e-02,1.130282133817672729e-01,5.752663016319274902e-01,-4.349246323108673096e-01,6.117665767669677734e-02
3.899267196655273438e+00,-3.261036634445190430e+00,9.465960264205932617e-01,-5.718217790126800537e-02,5.469515174627304077e-02,9.499000310897827148e-01,3.023715317249298096e-01,1.612038612365722656e-01,-4.989456236362457275e-01,-1.195174455642700195e+00,2.131637185811996460e-01,1.882821768522262573e-01,-6.338218450546264648e-01,-1.412062495946884155e-01,-4.825181886553764343e-02,-1.749799847602844238e-01,4.821872115135192871e-01,-3.392651975154876709e-01,1.024864092469215393e-01,-8.355039954185485840e-01,-4.962667822837829590e-02,1.501547694206237793e-01,5.759810805320739746e-01,-5.170578956604003906e-01,5.151148885488510132e-02
3.937622070312500000e+00,-3.287069797515869141e+00,9.499772787094116211e-01,-5.720729753375053406e-02,5.426249280571937561e-02,9.495750069618225098e-01,3.034637868404388428e-01,1.889351308345794678e-01,-5.084441900253295898e-01,-1.201792240142822266e+00,2.282256335020065308e-01,2.110739052295684814e-01,-7.039558887481689453e-01,-1.921816021203994751e-01,-4.984279721975326538e-02,-1.806094199419021606e-01,5.069422125816345215e-01,-3.810915350914001465e-01,8.002653717994689941e-02,-7.985038161277770996e-01,-3.087276965379714966e-02,1.844287961721420288e-01,5.628374814987182617e-01,-4.719495475292205811e-01,4.892909526824951172e-02
3.971756458282470703e+00,-3.307937383651733398e+00,9.526160955429077148e-01,-6.607959419488906860e-02,5.293253064155578613e-02,9.477507472038269043e-01,3.075712919235229492e-01,1.938684284687042236e-01,-4.923908710479736328e-01,-1.182169795036315918e+00,2.064355462789535522e-01,2.245264351367950439e-01,-7.415519952774047852e-01,-2.540397942066192627e-01,-4.174750298261642456e-02,-1.878360360860824585e-01,5.242853164672851562e-01,-3.822875320911407471e-01,5.480132624506950378e-02,-7.772728800773620605e-01,-1.692393608391284943e-02,1.507709026336669922e-01,5.903932452201843262e-01,-3.563816547393798828e-01,3.292785212397575378e-02
4.000407695770263672e+00,-3.326782941818237305e+00,9.604608416557312012e-01,-6.961753964424133301e-02,5.262938141822814941e-02,9.463367462158203125e-01,3.111757338047027588e-01,2.030329555273056030e-01,-4.859482347965240479e-01,-1.158717513084411621e+00,1.855837404727935791e-01,2.371064126491546631e-01,-7.679728269577026367e-01,-2.944895029067993164e-01,-3.522102907299995422e-02,-1.818916201591491699e-01,5.161918401718139648e-01,-3.590693175792694092e-01,3.168055415153503418e-02,-7.185085415840148926e-01,1.002238830551505089e-03,1.465251147747039795e-01,6.168255209922790527e-01,-2.833875119686126709e-01,2.046819217503070831e-02
4.027246952056884766e+00,-3.345079421997070312e+00,9.696772694587707520e-01,-6.323635578155517578e-02,5.075186863541603088e-02,9.450106620788574219e-01,3.168285191059112549e-01,2.393509149551391602e-01,-4.761571288108825684e-01,-1.129943609237670898e+00,1.847044974565505981e-01,2.434381544589996338e-01,-7.904277443885803223e-01,-2.951774299144744873e-01,-2.760162577033042908e-02,-1.674292534589767456e-01,4.660922884941101074e-01,-3.068954348564147949e-01,2.294766157865524292e-02,-6.215201616287231445e-01,2.065244130790233612e-02,1.559161543846130371e-01,6.361079812049865723e-01,-2.236336916685104370e-01,3.375481441617012024e-02
4.054247856140136719e+00,-3.365636348724365234e+00,9.775280356407165527e-01,-5.668848007917404175e-02,4.594368115067481995e-02,9.421401023864746094e-01,3.271813690662384033e-01,2.359950393438339233e-01,-4.405589401721954346e-01,-1.041718125343322754e+00,1.830531954765319824e-01,2.581838071346282959e-01,-8.034025430679321289e-01,-2.896470725536346436e-01,-1.600925065577030182e-02,-1.491617709398269653e-01,4.106958806514739990e-01,-2.462200075387954712e-01,1.971106976270675659e-02,-5.264340043067932129e-01,5.891548842191696167e-02,1.924231648445129395e-01,6.788831949234008789e-01,-1.739167422056198120e-01,3.688020631670951843e-02
4.078866481781005859e+00,-3.382767677307128906e+00,9.802845716476440430e-01,-5.711073428392410278e-02,3.721214458346366882e-02,9.423803091049194336e-01,3.275256156921386719e-01,2.458221316337585449e-01,-4.464633762836456299e-01,-1.044097900390625000e+00,1.848760396242141724e-01,2.888617813587188721e-01,-8.436977863311767578e-01,-2.933376431465148926e-01,6.875249557197093964e-03,-1.441932320594787598e-01,3.660192191600799561e-01,-2.030421942472457886e-01,3.111314773559570312e-02,-4.332346320152282715e-01,9.363770484924316406e-02,2.030980139970779419e-01,7.000127434730529785e-01,-1.100285351276397705e-01,2.235292829573154449e-02
