-4.110094904899597168e-01,-3.256190538406372070e+00,1.018564343452453613e+00,-4.871007800102233887e-02,8.402155339717864990e-02,7.021909356117248535e-01,7.053336501121520996e-01,-1.094243600964546204e-01,-1.441916674375534058e-01,-4.786446690559387207e-01,-1.347747594118118286e-01,9.702110290527343750e-02,-4.803905785083770752e-01,-2.022282630205154419e-01,-2.975818142294883728e-02,-6.768868118524551392e-02,-2.171580718523212494e-19,-1.838770359754562378e-01,1.298843175172805786e-01,-2.504666447639465332e-01,-8.276881277561187744e-02,1.669702678918838501e-01,1.441276222467422485e-01,-2.805608510971069336e-01,1.153708994388580322e-01
-4.150189459323883057e-01,-3.248970746994018555e+00,1.016885161399841309e+00,-3.888937085866928101e-02,6.139334663748741150e-02,7.053475975990295410e-01,7.051264047622680664e-01,6.989917904138565063e-02,-2.044358104467391968e-01,-6.377434730529785156e-01,1.443459931761026382e-02,1.456919461488723755e-01,-5.971931815147399902e-01,-1.481577306985855103e-01,-1.607096008956432343e-02,-6.335528194904327393e-02,6.874391110613942146e-04,-2.040713578462600708e-01,1.105446442961692810e-01,-2.878926694393157959e-01,-6.206216663122177124e-02,1.523804515600204468e-01,3.129459917545318604e-01,-3.589351773262023926e-01,1.331597864627838135e-01
-4.156692922115325928e-01,-3.234778404235839844e+00,1.014051914215087891e+00,-4.527467116713523865e-02,5.823843926191329956e-02,7.062558531761169434e-01,7.041030526161193848e-01,8.923884481191635132e-02,-2.035922259092330933e-01,-6.657126545906066895e-01,3.749243170022964478e-02,1.656367480754852295e-01,-6.324915885925292969e-01,-1.337378472089767456e-01,-3.034143708646297455e-03,-1.018781661987304688e-01,4.652381467167288065e-04,-2.246672362089157104e-01,1.102089360356330872e-01,-3.162748515605926514e-01,-4.885607957839965820e-02,1.446730494499206543e-01,3.860385715961456299e-01,-4.009783267974853516e-01,1.429548114538192749e-01
-4.207325577735900879e-01,-3.230623483657836914e+00,1.013667941093444824e+00,-5.322759598493576050e-02,5.339167267084121704e-02,7.061442136764526367e-01,7.040429711341857910e-01,1.054507866501808167e-01,-1.955519318580627441e-01,-6.772286891937255859e-01,6.228342652320861816e-02,1.918499767780303955e-01,-6.670244336128234863e-01,-1.579707115888595581e-01,8.422135375440120697e-03,-1.076648011803627014e-01,4.738554731011390686e-02,-2.422935068607330322e-01,9.410431981086730957e-02,-3.451689481735229492e-01,-3.529603779315948486e-02,1.342789381742477417e-01,4.406404495239257812e-01,-4.232976436614990234e-01,1.468320339918136597e-01
-4.235307276248931885e-01,-3.221251249313354492e+00,1.008647322654724121e+00,-6.605700403451919556e-02,5.217958241701126099e-02,7.052491307258605957e-01,7.039441466331481934e-01,8.666689693927764893e-02,-1.743518263101577759e-01,-6.712160706520080566e-01,7.900942862033843994e-02,2.230654507875442505e-01,-7.231371402740478516e-01,-2.762637734413146973e-01,1.467949710786342621e-02,-1.140564754605293274e-01,2.596399486064910889e-01,-3.228228688240051270e-01,7.622325420379638672e-02,-3.992455601692199707e-01,-1.621392369270324707e-02,1.242198571562767029e-01,5.338853597640991211e-01,-4.711755216121673584e-01,1.426808536052703857e-01
-4.275805950164794922e-01,-3.210575342178344727e+00,1.001598238945007324e+00,-5.473546311259269714e-02,5.172152817249298096e-02,7.062768936157226562e-01,7.039189338684082031e-01,1.170085296034812927e-01,-1.780559718608856201e-01,-6.629768013954162598e-01,1.344093382358551025e-01,2.416778653860092163e-01,-7.827025055885314941e-01,-3.708299398422241211e-01,-1.424541138112545013e-02,-1.143837124109268188e-01,4.725912511348724365e-01,-3.595988452434539795e-01,6.939523667097091675e-02,-3.845550119876861572e-01,-4.918341711163520813e-02,9.707037359476089478e-02,5.525724291801452637e-01,-5.092545151710510254e-01,1.714708507061004639e-01
-4.321409761905670166e-01,-3.196795225143432617e+00,9.937741756439208984e-01,-4.988982900977134705e-02,5.737683549523353577e-02,7.063481807708740234e-01,7.037692666053771973e-01,1.395997256040573120e-01,-1.937468051910400391e-01,-6.862710714340209961e-01,1.519109010696411133e-01,2.478843331336975098e-01,-8.580354452133178711e-01,-4.566455483436584473e-01,-4.502615705132484436e-02,-1.063592284917831421e-01,6.265044212341308594e-01,-3.626506924629211426e-01,8.611659705638885498e-02,-3.806567490100860596e-01,-5.978094041347503662e-02,1.130824461579322815e-01,5.731623172760009766e-01,-5.327540636062622070e-01,1.220856755971908569e-01
-4.353400468826293945e-01,-3.184536457061767578e+00,9.907202720642089844e-01,-4.981646314263343811e-02,6.289285421371459961e-02,7.033347487449645996e-01,7.063165307044982910e-01,1.557882577180862427e-01,-1.997893899679183960e-01,-6.970275044441223145e-01,1.595224589109420776e-01,2.591634392738342285e-01,-9.012763500213623047e-01,-5.355225205421447754e-01,-4.738202691078186035e-02,-7.153760641813278198e-02,7.165869474411010742e-01,-3.450008332729339600e-01,9.395530074834823608e-02,-3.781673610210418701e-01,-6.357018649578094482e-02,1.285461336374282837e-01,5.832754969596862793e-01,-5.500603914260864258e-01,1.088471040129661560e-01
-4.381842017173767090e-01,-3.166625022888183594e+00,9.900786876678466797e-01,-5.143263563513755798e-02,6.499023735523223877e-02,6.999505162239074707e-01,7.093660831451416016e-01,1.664322465658187866e-01,-1.926712095737457275e-01,-6.931524872779846191e-01,1.565412431955337524e-01,2.677472531795501709e-01,-9.209644198417663574e-01,-5.844191908836364746e-01,-4.448850452899932861e-02,-5.985530838370323181e-02,7.267119288444519043e-01,-3.431460857391357422e-01,9.846086055040359497e-02,-3.596612513065338135e-01,-6.411232054233551025e-02,1.419710665941238403e-01,5.785123109817504883e-01,-5.676424503326416016e-01,1.059657484292984009e-01
-4.415327310562133789e-01,-3.152425527572631836e+00,9.908300638198852539e-01,-5.368906632065773010e-02,6.616809964179992676e-02,6.933815479278564453e-01,7.155147194862365723e-01,1.715392917394638062e-01,-1.830635517835617065e-01,-6.842182874679565430e-01,1.459821760654449463e-01,2.721756100654602051e-01,-9.400685429573059082e-01,-6.368287801742553711e-01,-4.990172386169433594e-02,-7.253925502300262451e-02,7.029500603675842285e-01,-3.347936272621154785e-01,9.450530260801315308e-02,-3.409501314163208008e-01,-7.031753659248352051e-02,1.441495120525360107e-01,5.629196763038635254e-01,-5.718664526939392090e-01,1.220074594020843506e-01
-4.434559047222137451e-01,-3.131486415863037109e+00,9.929298162460327148e-01,-5.190333724021911621e-02,6.504719704389572144e-02,6.874002814292907715e-01,7.214955091476440430e-01,1.882564723491668701e-01,-1.820841431617736816e-01,-6.756109595298767090e-01,1.518257558345794678e-01,2.847110629081726074e-01,-9.757198691368103027e-01,-6.624003052711486816e-01,-4.888330399990081787e-02,-7.668147236108779907e-02,6.422203779220581055e-01,-3.288035392761230469e-01,9.597729891538619995e-02,-2.893523573875427246e-01,-7.043053209781646729e-02,1.630722433328628540e-01,5.149388909339904785e-01,-5.638517141342163086e-01,9.994187206029891968e-02
-4.438990950584411621e-01,-3.110579729080200195e+00,9.918105006217956543e-01,-4.988358542323112488e-02,6.897927820682525635e-02,6.817396283149719238e-01,7.266254425048828125e-01,2.056472301483154297e-01,-1.908270865678787231e-01,-6.609500646591186523e-01,1.498831808567047119e-01,2.887722551822662354e-01,-1.004374980926513672e+00,-6.981593966484069824e-01,-4.047308862209320068e-02,-6.248272210359573364e-02,5.780845284461975098e-01,-2.957706451416015625e-01,1.073193550109863281e-01,-2.498385012149810791e-01,-7.677122950553894043e-02,1.846781969070434570e-01,4.814063906669616699e-01,-5.763818621635437012e-01,8.793155103921890259e-02
-4.449270367622375488e-01,-3.088589668273925781e+00,9.888931512832641602e-01,-4.764591157436370850e-02,7.486049830913543701e-02,6.712526082992553711e-01,7.358978986740112305e-01,2.071954905986785889e-01,-1.854961961507797241e-01,-6.463967561721801758e-01,1.441204398870468140e-01,2.952299714088439941e-01,-1.034838438034057617e+00,-7.322061657905578613e-01,-1.988377980887889862e-02,-2.802495844662189484e-02,5.005245804786682129e-01,-2.319248616695404053e-01,1.254189908504486084e-01,-2.130192071199417114e-01,-9.050491452217102051e-02,2.080104202032089233e-01,4.504103362560272217e-01,-5.874596238136291504e-01,8.842254430055618286e-02
-4.458071291446685791e-01,-3.065731525421142578e+00,9.850800037384033203e-01,-4.694846272468566895e-02,7.758402079343795776e-02,6.625241041183471680e-01,7.435310482978820801e-01,2.064849287271499634e-01,-1.835315972566604614e-01,-6.278401613235473633e-01,1.325214654207229614e-01,2.982534766197204590e-01,-1.052020668983459473e+00,-7.611235976219177246e-01,2.527187578380107880e-03,-1.649162382818758488e-03,4.382531344890594482e-01,-2.111945897340774536e-01,1.473482847213745117e-01,-1.744508743286132812e-01,-9.854561835527420044e-02,2.280302941799163818e-01,4.207444787025451660e-01,-5.973439812660217285e-01,7.940378040075302124e-02
-4.460331201553344727e-01,-3.039587736129760742e+00,9.791587591171264648e-01,-4.717186838388442993e-02,8.206725865602493286e-02,6.562439799308776855e-01,7.485877275466918945e-01,2.114133238792419434e-01,-1.954891383647918701e-01,-6.046061515808105469e-01,1.312186866998672485e-01,3.088397383689880371e-01,-1.071722507476806641e+00,-7.902727127075195312e-01,1.165855024009943008e-02,3.932381514459848404e-03,3.933457732200622559e-01,-1.954818218946456909e-01,1.622068285942077637e-01,-1.390155106782913208e-01,-1.069254204630851746e-01,2.471591085195541382e-01,3.947974145412445068e-01,-6.054952144622802734e-01,7.077811658382415771e-02
-4.456190764904022217e-01,-3.012032985687255859e+00,9.722387790679931641e-01,-4.923928156495094299e-02,8.521507680416107178e-02,6.507989764213562012e-01,7.528443336486816406e-01,2.067482620477676392e-01,-1.904454082250595093e-01,-5.866022706031799316e-01,1.201832592487335205e-01,3.161886036396026611e-01,-1.066650271415710449e+00,-8.200793862342834473e-01,2.280722185969352722e-02,1.359414454782381654e-04,3.778029680252075195e-01,-1.995848268270492554e-01,1.680760532617568970e-01,-1.162643879652023315e-01,-1.100797951221466064e-01,2.558366060256958008e-01,3.919106721878051758e-01,-6.141539812088012695e-01,5.793832987546920776e-02
-4.449713826179504395e-01,-2.978975057601928711e+00,9.650217294692993164e-01,-5.128855258226394653e-02,8.630768954753875732e-02,6.481420993804931641e-01,7.548723816871643066e-01,2.062027305364608765e-01,-1.896672099828720093e-01,-5.781044960021972656e-01,1.213239133358001709e-01,3.237636089324951172e-01,-1.065142273902893066e+00,-8.394300341606140137e-01,3.258812800049781799e-02,8.145198808051645756e-04,3.956201374530792236e-01,-2.150246202945709229e-01,1.662152260541915894e-01,-9.383586794137954712e-02,-1.100034415721893311e-01,2.542376816272735596e-01,4.008851051330566406e-01,-6.156234741210937500e-01,4.842266440391540527e-02
-4.433382153511047363e-01,-2.940713882446289062e+00,9.556487798690795898e-01,-5.216853693127632141e-02,8.922496438026428223e-02,6.502307057380676270e-01,7.526734471321105957e-01,2.013338208198547363e-01,-1.850953698158264160e-01,-5.712095499038696289e-01,1.206268370151519775e-01,3.205585479736328125e-01,-1.046671390533447266e+00,-8.525624871253967285e-01,3.226710483431816101e-02,5.352965090423822403e-03,4.424411654472351074e-01,-1.818924099206924438e-01,1.485863178968429565e-01,-7.883045822381973267e-02,-1.127875596284866333e-01,2.308486700057983398e-01,4.249022006988525391e-01,-6.102880239486694336e-01,2.999854087829589844e-02
-4.400410354137420654e-01,-2.901551008224487305e+00,9.489604830741882324e-01,-5.662210285663604736e-02,9.031754732131958008e-02,6.510543227195739746e-01,7.515084147453308105e-01,1.932379305362701416e-01,-1.781552135944366455e-01,-5.668210983276367188e-01,1.455862671136856079e-01,3.430700898170471191e-01,-1.036082863807678223e+00,-8.655664920806884766e-01,3.472954034805297852e-02,-1.669704914093017578e-03,5.076396465301513672e-01,-1.514367610216140747e-01,1.168896332383155823e-01,-7.387808710336685181e-02,-1.007542386651039124e-01,2.199323773384094238e-01,4.670830667018890381e-01,-5.959603190422058105e-01,-6.681977538391947746e-04
-4.353856146335601807e-01,-2.859142541885375977e+00,9.442371726036071777e-01,-6.485556811094284058e-02,8.128815144300460815e-02,6.556408405303955078e-01,7.478777170181274414e-01,1.766081005334854126e-01,-1.493443399667739868e-01,-5.451355576515197754e-01,1.786649078130722046e-01,3.653007149696350098e-01,-1.022312760353088379e+00,-8.589057326316833496e-01,4.467099905014038086e-02,-2.639069966971874237e-02,5.630472302436828613e-01,-1.454661339521408081e-01,8.525961637496948242e-02,-7.210373133420944214e-02,-6.177292019128799438e-02,2.054905146360397339e-01,5.167378783226013184e-01,-5.235746502876281738e-01,-5.069217085838317871e-02
-4.286010861396789551e-01,-2.815412044525146484e+00,9.459232091903686523e-01,-7.581037282943725586e-02,6.399851292371749878e-02,6.586168408393859863e-01,7.459093928337097168e-01,1.500593870878219604e-01,-1.054973676800727844e-01,-5.212275385856628418e-01,2.729112505912780762e-01,4.276430010795593262e-01,-1.052713871002197266e+00,-8.235872387886047363e-01,8.063056319952011108e-02,-4.910816624760627747e-02,6.015960574150085449e-01,-1.735344231128692627e-01,4.771378636360168457e-02,-8.289009332656860352e-02,-8.244597353041172028e-03,1.867695450782775879e-01,5.965503454208374023e-01,-4.165296256542205811e-01,-8.917411416769027710e-02
-4.209219217300415039e-01,-2.772923469543457031e+00,9.448205232620239258e-01,-9.318213164806365967e-02,4.034564644098281860e-02,6.632380485534667969e-01,7.414880990982055664e-01,9.980557113885879517e-02,-3.134817630052566528e-02,-4.784976243972778320e-01,3.647502660751342773e-01,5.004168748855590820e-01,-1.077656388282775879e+00,-7.812087535858154297e-01,1.258826404809951782e-01,-9.114240854978561401e-02,6.226292252540588379e-01,-2.068673074245452881e-01,-2.049765549600124359e-03,-1.005461364984512329e-01,6.802581250667572021e-02,1.571212857961654663e-01,6.515802741050720215e-01,-2.118198424577713013e-01,-1.521955132484436035e-01
-4.162175059318542480e-01,-2.735448122024536133e+00,9.467937946319580078e-01,-1.065111458301544189e-01,4.573552310466766357e-02,6.578056216239929199e-01,7.442145943641662598e-01,2.336843125522136688e-02,-1.848016306757926941e-02,-4.498066306114196777e-01,3.617754578590393066e-01,5.001198649406433105e-01,-1.069220423698425293e+00,-7.927243709564208984e-01,1.553319990634918213e-01,-8.505639433860778809e-02,6.652619242668151855e-01,-2.549311220645904541e-01,-4.479860886931419373e-02,-1.537546068429946899e-01,9.629610180854797363e-02,1.543914973735809326e-01,6.779003143310546875e-01,1.540988776832818985e-02,-1.566618233919143677e-01
-4.117655754089355469e-01,-2.695894241333007812e+00,9.529539346694946289e-01,-1.064416021108627319e-01,4.901388660073280334e-02,6.633200645446777344e-01,7.391037344932556152e-01,-1.480426453053951263e-02,-2.135876752436161041e-02,-4.640718102455139160e-01,3.403101563453674316e-01,4.677347838878631592e-01,-1.035814523696899414e+00,-7.638038992881774902e-01,1.500707566738128662e-01,-8.713872730731964111e-02,6.875046491622924805e-01,-3.086504638195037842e-01,-7.136436551809310913e-02,-2.653746306896209717e-01,1.547917574644088745e-01,1.868145018815994263e-01,8.319272994995117188e-01,1.435820758342742920e-02,-1.025378033518791199e-01
-4.064696431159973145e-01,-2.653818130493164062e+00,9.631386995315551758e-01,-1.021806746721267700e-01,2.810135670006275177e-02,6.798486113548278809e-01,7.256550788879394531e-01,-6.822439376264810562e-03,-2.753234002739191055e-03,-5.035595297813415527e-01,4.054145514965057373e-01,5.003002882003784180e-01,-1.015068888664245605e+00,-6.496052742004394531e-01,1.506699770689010620e-01,-1.193101927638053894e-01,6.266685724258422852e-01,-3.254832625389099121e-01,-6.652804464101791382e-02,-3.737914264202117920e-01,2.343468815088272095e-01,1.728379726409912109e-01,9.828990697860717773e-01,-5.398343503475189209e-02,-3.898030892014503479e-02
-4.053902626037597656e-01,-2.616783142089843750e+00,9.729526638984680176e-01,-1.010185331106185913e-01,4.487361758947372437e-02,6.797921061515808105e-01,7.250271439552307129e-01,-4.020338878035545349e-02,-4.247466474771499634e-02,-5.412043929100036621e-01,3.212750256061553955e-01,4.160285294055938721e-01,-9.459657073020935059e-01,-6.247969865798950195e-01,1.324634104967117310e-01,-1.027505695819854736e-01,6.188504099845886230e-01,-3.590469956398010254e-01,-6.963790953159332275e-02,-5.083616375923156738e-01,2.378634512424468994e-01,1.834965944290161133e-01,1.041152358055114746e+00,-1.140400320291519165e-01,1.178989186882972717e-02
-4.018938839435577393e-01,-2.575834512710571289e+00,9.829800724983215332e-01,-9.240175038576126099e-02,3.744379058480262756e-02,6.903041005134582520e-01,7.166171669960021973e-01,-2.714870311319828033e-02,-6.509331613779067993e-02,-6.064997911453247070e-01,3.334896862506866455e-01,3.992523550987243652e-01,-9.039477109909057617e-01,-5.258365273475646973e-01,1.269546449184417725e-01,-1.113898456096649170e-01,5.554244518280029297e-01,-3.706544935703277588e-01,-5.697778612375259399e-02,-5.938886404037475586e-01,2.182641476392745972e-01,1.407179534435272217e-01,1.034871101379394531e+00,-1.753378063440322876e-01,2.086128294467926025e-02
-4.001481831073760986e-01,-2.533595800399780273e+00,9.922307133674621582e-01,-7.988181710243225098e-02,3.275698795914649963e-02,7.001380324363708496e-01,7.087683677673339844e-01,1.113285403698682785e-02,-1.004955545067787170e-01,-6.838482618331909180e-01,3.160396814346313477e-01,3.498536944389343262e-01,-8.504127264022827148e-01,-4.180207848548889160e-01,1.128514483571052551e-01,-1.201034560799598694e-01,4.805031716823577881e-01,-3.765508532524108887e-01,-4.207699745893478394e-02,-6.466575860977172852e-01,1.946900635957717896e-01,1.332178562879562378e-01,9.748177528381347656e-01,-2.437268048524856567e-01,2.934967353940010071e-02
-3.995076417922973633e-01,-2.491261959075927734e+00,9.966549277305603027e-01,-7.394472509622573853e-02,3.349291533231735229e-02,7.045361995697021484e-01,7.050100564956665039e-01,4.557929188013076782e-02,-1.472113430500030518e-01,-7.854184508323669434e-01,3.248464465141296387e-01,3.312867581844329834e-01,-8.339892029762268066e-01,-3.367704153060913086e-01,1.073852330446243286e-01,-1.055399551987648010e-01,4.156092107295989990e-01,-3.789995014667510986e-01,-1.554003264755010605e-02,-6.887344717979431152e-01,1.846455186605453491e-01,1.610849201679229736e-01,8.805012106895446777e-01,-3.054761290550231934e-01,2.679492719471454620e-02
-3.991678059101104736e-01,-2.451933383941650391e+00,9.985298514366149902e-01,-6.384090334177017212e-02,3.421531245112419128e-02,7.089457511901855469e-01,7.015337347984313965e-01,1.028150022029876709e-01,-2.059582024812698364e-01,-8.950533270835876465e-01,3.225072324275970459e-01,2.926152646541595459e-01,-8.109689354896545410e-01,-2.579312026500701904e-01,9.230845421552658081e-02,-1.163829490542411804e-01,3.663014471530914307e-01,-3.878688514232635498e-01,-8.620944805443286896e-03,-7.123610973358154297e-01,1.603923738002777100e-01,1.929492801427841187e-01,7.630040645599365234e-01,-3.570080697536468506e-01,1.865108124911785126e-02
-3.980759978294372559e-01,-2.412989139556884766e+00,9.966018795967102051e-01,-5.835301056504249573e-02,3.711055964231491089e-02,7.122166156768798828e-01,6.985450387001037598e-01,1.470353156328201294e-01,-2.636553943157196045e-01,-9.917070865631103516e-01,3.177538812160491943e-01,2.653876245021820068e-01,-7.867654561996459961e-01,-1.957659721374511719e-01,8.213818818330764771e-02,-1.252055466175079346e-01,3.326969146728515625e-01,-4.086493849754333496e-01,-5.586733575910329819e-03,-7.325146198272705078e-01,1.080853939056396484e-01,1.718953996896743774e-01,6.129180788993835449e-01,-3.595400750637054443e-01,-4.283897113054990768e-03
-3.984191119670867920e-01,-2.373014450073242188e+00,9.921634197235107422e-01,-4.838063195347785950e-02,3.936746716499328613e-02,7.153074741363525391e-01,6.960206031799316406e-01,1.785910278558731079e-01,-3.137035667896270752e-01,-1.057313203811645508e+00,3.112697005271911621e-01,2.304707318544387817e-01,-7.553760409355163574e-01,-1.337215006351470947e-01,6.592454761266708374e-02,-1.284387856721878052e-01,3.109080791473388672e-01,-4.246583580970764160e-01,4.168818704783916473e-03,-7.523019909858703613e-01,4.647611454129219055e-02,1.209769546985626221e-01,5.112721323966979980e-01,-4.158288240432739258e-01,-1.929908804595470428e-02
-3.983547091484069824e-01,-2.329440116882324219e+00,9.834561347961425781e-01,-4.334917291998863220e-02,4.306691139936447144e-02,7.178404927253723145e-01,6.935207843780517578e-01,1.767116487026214600e-01,-3.416812419891357422e-01,-1.081021428108215332e+00,2.944756746292114258e-01,2.023509591817855835e-01,-7.181646823883056641e-01,-9.756350517272949219e-02,5.137085914611816406e-02,-1.362861096858978271e-01,3.268695175647735596e-01,-4.450865089893341064e-01,2.248612232506275177e-02,-7.894468903541564941e-01,6.426232866942882538e-03,8.539702743291854858e-02,4.947680234909057617e-01,-4.879212379455566406e-01,-1.090149581432342529e-02
-4.000537693500518799e-01,-2.282416343688964844e+00,9.717226028442382812e-01,-4.673686623573303223e-02,4.333779960870742798e-02,7.168081402778625488e-01,6.943511962890625000e-01,1.634366810321807861e-01,-3.509616553783416748e-01,-1.083300113677978516e+00,2.741667032241821289e-01,1.897064596414566040e-01,-6.888596415519714355e-01,-9.008207172155380249e-02,5.315152555704116821e-02,-1.236483380198478699e-01,3.829538822174072266e-01,-4.709240496158599854e-01,2.869147434830665588e-02,-8.228358626365661621e-01,6.730881519615650177e-03,9.883709251880645752e-02,5.367270112037658691e-01,-5.061080455780029297e-01,-1.078704930841922760e-02
-4.024580419063568115e-01,-2.230107545852661133e+00,9.573513269424438477e-01,-4.758839681744575500e-02,4.162825644016265869e-02,7.099304199218750000e-01,7.014279961585998535e-01,1.741622984409332275e-01,-3.613025248050689697e-01,-1.083385586738586426e+00,2.555728554725646973e-01,1.695829480886459351e-01,-6.477041244506835938e-01,-9.595555067062377930e-02,5.192444473505020142e-02,-1.003405600786209106e-01,4.775501787662506104e-01,-4.724674224853515625e-01,3.783946484327316284e-02,-8.308169841766357422e-01,1.276115700602531433e-02,1.035637408494949341e-01,5.946642756462097168e-01,-4.398166239261627197e-01,1.427975017577409744e-02
-4.067712426185607910e-01,-2.177664995193481445e+00,9.463629126548767090e-01,-4.396125301718711853e-02,4.644700512290000916e-02,7.035360336303710938e-01,7.077761888504028320e-01,1.825759708881378174e-01,-3.733201324939727783e-01,-1.072373270988464355e+00,2.261777818202972412e-01,1.369850635528564453e-01,-6.159073710441589355e-01,-1.056959256529808044e-01,3.051996976137161255e-02,-8.061387389898300171e-02,5.550083518028259277e-01,-4.014154672622680664e-01,7.038684189319610596e-02,-8.385480642318725586e-01,9.707472287118434906e-03,1.120371073484420776e-01,6.434494853019714355e-01,-3.387544453144073486e-01,4.327799752354621887e-02
-4.124386608600616455e-01,-2.122015953063964844e+00,9.428591728210449219e-01,-2.908985130488872528e-02,5.740878358483314514e-02,7.006940841674804688e-01,7.105531692504882812e-01,2.185103148221969604e-01,-3.925669491291046143e-01,-1.036740303039550781e+00,1.844218075275421143e-01,8.581888675689697266e-02,-5.691299438476562500e-01,-1.060125455260276794e-01,-1.681042648851871490e-02,-6.406871974468231201e-02,6.095790863037109375e-01,-2.231159955263137817e-01,1.052805706858634949e-01,-8.136728405952453613e-01,-1.032641902565956116e-02,1.448138058185577393e-01,6.799712181091308594e-01,-2.972396016120910645e-01,6.073650345206260681e-02
-4.186266958713531494e-01,-2.067222356796264648e+00,9.401196837425231934e-01,-1.640069484710693359e-02,7.472004741430282593e-02,7.007928490638732910e-01,7.092512249946594238e-01,2.323151081800460815e-01,-4.106688201427459717e-01,-9.914919734001159668e-01,8.875572681427001953e-02,2.470280975103378296e-02,-4.837228059768676758e-01,-8.857707679271697998e-02,-7.224175333976745605e-02,-6.760962307453155518e-02,5.717015266418457031e-01,1.247002184391021729e-01,1.397175490856170654e-01,-7.988431453704833984e-01,-6.391795724630355835e-02,1.594711244106292725e-01,7.194997668266296387e-01,-3.109977841377258301e-01,1.177560240030288696e-01
-4.253357350826263428e-01,-2.013643503189086914e+00,9.414581060409545898e-01,1.141671556979417801e-02,8.291953802108764648e-02,6.953250765800476074e-01,7.138046622276306152e-01,2.950073182582855225e-01,-4.516150653362274170e-01,-9.745113253593444824e-01,6.044692546129226685e-02,-3.559761866927146912e-02,-4.546797573566436768e-01,-9.121863543987274170e-02,-1.434122622013092041e-01,-5.825647711753845215e-02,6.191691756248474121e-01,3.694237172603607178e-01,1.472774595022201538e-01,-7.233109474182128906e-01,-1.131128072738647461e-01,1.910355091094970703e-01,7.145996689796447754e-01,-3.309173882007598877e-01,1.590779572725296021e-01
-4.297401905059814453e-01,-1.962258696556091309e+00,9.522634148597717285e-01,4.285349510610103607e-03,8.355021476745605469e-02,6.957670450210571289e-01,7.133787274360656738e-01,3.063589930534362793e-01,-4.240545928478240967e-01,-9.515080451965332031e-01,5.715153180062770844e-03,-2.696709148585796356e-02,-4.332975149154663086e-01,-1.998847275972366333e-01,-2.024561017751693726e-01,-1.395512968301773071e-01,7.575020194053649902e-01,3.442928493022918701e-01,7.315293699502944946e-02,-6.740880012512207031e-01,-1.141897216439247131e-01,1.884497106075286865e-01,7.005428671836853027e-01,-3.611232638359069824e-01,1.700931191444396973e-01
-4.339292943477630615e-01,-1.911224842071533203e+00,9.656500220298767090e-01,1.664407365024089813e-02,7.616215944290161133e-02,6.852485537528991699e-01,7.241248488426208496e-01,3.630633056163787842e-01,-4.377697110176086426e-01,-9.381022453308105469e-01,9.819192811846733093e-03,-2.272857539355754852e-02,-4.570578634738922119e-01,-3.156122267246246338e-01,-2.849336862564086914e-01,-1.711261719465255737e-01,8.915806412696838379e-01,2.308048605918884277e-01,-2.121183089911937714e-03,-5.518925189971923828e-01,-1.222173944115638733e-01,2.098167687654495239e-01,6.261107921600341797e-01,-3.731129169464111328e-01,1.577767431735992432e-01
-4.356173276901245117e-01,-1.862897038459777832e+00,9.770528078079223633e-01,1.991083845496177673e-02,7.060913741588592529e-02,6.795912981033325195e-01,7.299134135246276855e-01,3.684381842613220215e-01,-4.064183533191680908e-01,-8.954933285713195801e-01,-1.822501653805375099e-03,4.954604664817452431e-04,-4.807211756706237793e-01,-4.217537939548492432e-01,-3.105455338954925537e-01,-1.833058446645736694e-01,9.440332651138305664e-01,1.182886585593223572e-01,-3.332375735044479370e-02,-4.557945728302001953e-01,-1.267886757850646973e-01,2.145370393991470337e-01,5.636035203933715820e-01,-3.834083974361419678e-01,1.444669812917709351e-01
-4.365678131580352783e-01,-1.815959572792053223e+00,9.867113232612609863e-01,1.717332750558853149e-02,6.669803708791732788e-02,6.747481822967529297e-01,7.348273992538452148e-01,3.526929914951324463e-01,-3.689111471176147461e-01,-8.467217087745666504e-01,-1.301069743931293488e-02,4.246715828776359558e-02,-5.308038592338562012e-01,-5.095559954643249512e-01,-2.970330715179443359e-01,-1.854322403669357300e-01,9.223936200141906738e-01,-3.444616449996829033e-03,-2.576410397887229919e-02,-3.748265206813812256e-01,-1.279347538948059082e-01,2.179074436426162720e-01,5.093693137168884277e-01,-4.017968773841857910e-01,1.344462037086486816e-01
-4.373082220554351807e-01,-1.768688201904296875e+00,9.942756295204162598e-01,1.539551746100187302e-02,6.267753988504409790e-02,6.709266304969787598e-01,7.387096285820007324e-01,3.483259975910186768e-01,-3.473528027534484863e-01,-8.134717941284179688e-01,1.613807515241205692e-03,9.428591281175613403e-02,-6.122416257858276367e-01,-5.591670870780944824e-01,-2.833870053291320801e-01,-2.062542587518692017e-01,8.371230363845825195e-01,-9.598070383071899414e-02,1.348730549216270447e-02,-2.817471623420715332e-01,-1.301530748605728149e-01,2.248329222202301025e-01,4.348306357860565186e-01,-4.090228080749511719e-01,1.152190044522285461e-01
-4.356588125228881836e-01,-1.722406268119812012e+00,9.976699948310852051e-01,7.455516606569290161e-03,5.157709866762161255e-02,6.622833013534545898e-01,7.474389672279357910e-01,3.326217830181121826e-01,-2.996617555618286133e-01,-7.745810747146606445e-01,1.289682686328887939e-01,2.268642634153366089e-01,-8.299366235733032227e-01,-5.752385258674621582e-01,-2.388990521430969238e-01,-2.492967098951339722e-01,6.920427083969116211e-01,-1.463009715080261230e-01,4.736830666661262512e-02,-1.878269612789154053e-01,-1.128874570131301880e-01,2.369831800460815430e-01,3.570922315120697021e-01,-4.020950198173522949e-01,9.197315573692321777e-02
-4.353550076484680176e-01,-1.676372647285461426e+00,9.959690570831298828e-01,2.684686798602342606e-03,5.243687331676483154e-02,6.610893011093139648e-01,7.484678030014038086e-01,3.159882128238677979e-01,-2.822779417037963867e-01,-7.456894516944885254e-01,1.442733258008956909e-01,2.866216003894805908e-01,-9.284866452217102051e-01,-5.974136590957641602e-01,-1.951293349266052246e-01,-2.444754391908645630e-01,5.240188837051391602e-01,-1.668357998132705688e-01,1.112815737724304199e-01,-1.407004296779632568e-01,-1.151488423347473145e-01,2.369208484888076782e-01,3.422143757343292236e-01,-4.359696209430694580e-01,8.528554439544677734e-02
-4.346102774143218994e-01,-1.631903052330017090e+00,9.907987117767333984e-01,4.458729526959359646e-04,5.565468594431877136e-02,6.595014333724975586e-01,7.496400475502014160e-01,3.006992340087890625e-01,-2.606671452522277832e-01,-7.021000385284423828e-01,1.543828845024108887e-01,3.367353975772857666e-01,-1.023226261138916016e+00,-6.159541606903076172e-01,-1.432697325944900513e-01,-1.907026916742324829e-01,3.347526788711547852e-01,-1.424663513898849487e-01,1.735887676477432251e-01,-9.174403548240661621e-02,-1.208303049206733704e-01,2.461091578006744385e-01,3.235883712768554688e-01,-4.617610871791839600e-01,6.659924238920211792e-02
-4.333913922309875488e-01,-1.586095571517944336e+00,9.838593602180480957e-01,-4.963008221238851547e-03,5.261079967021942139e-02,6.568532586097717285e-01,7.521644234657287598e-01,2.771033346652984619e-01,-2.373517155647277832e-01,-6.672115325927734375e-01,1.648632138967514038e-01,3.835904598236083984e-01,-1.086527228355407715e+00,-6.232150197029113770e-01,-8.269658684730529785e-02,-9.272025525569915771e-02,1.699546277523040771e-01,-1.176998913288116455e-01,2.064086347818374634e-01,-4.548108950257301331e-02,-1.127255707979202271e-01,2.505793273448944092e-01,3.158468902111053467e-01,-4.771012961864471436e-01,5.841731280088424683e-02
-4.310365915298461914e-01,-1.539683699607849121e+00,9.745381474494934082e-01,-1.125009544193744659e-02,5.028462782502174377e-02,6.529684066772460938e-01,7.556303143501281738e-01,2.592000663280487061e-01,-2.120089679956436157e-01,-6.401898264884948730e-01,1.476835608482360840e-01,4.099670648574829102e-01,-1.111072659492492676e+00,-6.348338723182678223e-01,-3.922092169523239136e-02,-1.956306211650371552e-02,1.062046214938163757e-01,-1.424740403890609741e-01,2.311425954103469849e-01,-2.624804526567459106e-02,-9.797554463148117065e-02,2.520037591457366943e-01,3.546131253242492676e-01,-4.958689212799072266e-01,4.296953976154327393e-02
-4.264435172080993652e-01,-1.487463951110839844e+00,9.630250334739685059e-01,-1.387525722384452820e-02,4.451407492160797119e-02,6.581204533576965332e-01,7.514675259590148926e-01,2.452227771282196045e-01,-1.925118565559387207e-01,-6.078014373779296875e-01,1.377931684255599976e-01,4.241060912609100342e-01,-1.117155909538269043e+00,-6.484829783439636230e-01,-1.851874031126499176e-02,9.190641343593597412e-03,1.656329929828643799e-01,-1.548710763454437256e-01,2.143936008214950562e-01,-1.581995002925395966e-02,-7.602027803659439087e-02,2.325149625539779663e-01,4.300289452075958252e-01,-5.046305656433105469e-01,1.269176974892616272e-02
-4.193202257156372070e-01,-1.429299473762512207e+00,9.498766064643859863e-01,-1.336236950010061264e-02,4.536101967096328735e-02,6.639695763587951660e-01,7.462627887725830078e-01,2.215946465730667114e-01,-1.779388785362243652e-01,-5.741123557090759277e-01,1.567487269639968872e-01,4.433361887931823730e-01,-1.145717620849609375e+00,-6.849887371063232422e-01,-2.204169984906911850e-03,5.121644213795661926e-02,2.946453392505645752e-01,-9.209858626127243042e-02,1.804299354553222656e-01,-2.626170217990875244e-02,-6.082951650023460388e-02,2.122185528278350830e-01,5.417473912239074707e-01,-4.979523718357086182e-01,-1.837827451527118683e-02
-4.101204872131347656e-01,-1.371328234672546387e+00,9.406244754791259766e-01,-1.936928369104862213e-02,3.707591816782951355e-02,6.676051616668701172e-01,7.433394193649291992e-01,1.912509500980377197e-01,-1.447189897298812866e-01,-5.387178063392639160e-01,1.716823130846023560e-01,4.482777714729309082e-01,-1.132701039314270020e+00,-6.954915523529052734e-01,2.369947545230388641e-02,5.163531005382537842e-02,3.927204310894012451e-01,-3.753262758255004883e-02,1.336203813552856445e-01,-4.890328645706176758e-02,-2.028456516563892365e-02,1.978767216205596924e-01,6.549925804138183594e-01,-3.919596672058105469e-01,-4.638107120990753174e-02
-4.017990231513977051e-01,-1.315230131149291992e+00,9.398412108421325684e-01,-3.478293493390083313e-02,1.075116638094186783e-02,6.714064478874206543e-01,7.401945590972900391e-01,1.522026360034942627e-01,-7.716903090476989746e-02,-4.839991927146911621e-01,2.267814874649047852e-01,4.880147278308868408e-01,-1.112965106964111328e+00,-6.681415438652038574e-01,8.588541299104690552e-02,1.737187430262565613e-02,4.626126587390899658e-01,-4.897174984216690063e-02,4.114431515336036682e-02,-5.551332980394363403e-02,6.563270837068557739e-02,2.026462107896804810e-01,7.102953195571899414e-01,-1.086300089955329895e-01,-8.050459623336791992e-02
-3.945564925670623779e-01,-1.264720559120178223e+00,9.408949613571166992e-01,-4.903430864214897156e-02,-3.564539831131696701e-03,6.733670234680175781e-01,7.376718521118164062e-01,1.158748716115951538e-01,-3.616795688867568970e-02,-4.631092548370361328e-01,2.663428187370300293e-01,5.104978084564208984e-01,-1.089565515518188477e+00,-6.396230459213256836e-01,1.361181288957595825e-01,3.685634350404143333e-03,4.995438158512115479e-01,-8.191047608852386475e-02,-4.251794889569282532e-02,-9.179112315177917480e-02,1.429563015699386597e-01,2.241937369108200073e-01,7.525736689567565918e-01,1.774349957704544067e-01,-7.856895029544830322e-02
-3.883965611457824707e-01,-1.216038465499877930e+00,9.519830346107482910e-01,-5.272937566041946411e-02,-8.513389155268669128e-03,6.776362061500549316e-01,7.334550619125366211e-01,9.510175883769989014e-02,-1.752179861068725586e-02,-4.674859344959259033e-01,3.103655874729156494e-01,5.118208527565002441e-01,-1.074665427207946777e+00,-5.781496167182922363e-01,1.455328315496444702e-01,-4.670694470405578613e-03,4.879797995090484619e-01,-1.198764666914939880e-01,-6.361291557550430298e-02,-2.099476158618927002e-01,2.205982357263565063e-01,2.580162882804870605e-01,9.091477990150451660e-01,1.586895734071731567e-01,-2.446051128208637238e-02
-3.867393136024475098e-01,-1.167230486869812012e+00,9.630375504493713379e-01,-5.424019321799278259e-02,-2.968822140246629715e-03,6.795058846473693848e-01,7.316563129425048828e-01,7.594919949769973755e-02,-3.322159498929977417e-02,-4.991600513458251953e-01,3.263507783412933350e-01,4.896279573440551758e-01,-1.049027085304260254e+00,-5.202652812004089355e-01,1.343907862901687622e-01,-7.766412571072578430e-03,4.582262635231018066e-01,-1.477742046117782593e-01,-5.185985565185546875e-02,-3.365166783332824707e-01,2.604617774486541748e-01,2.840957939624786377e-01,9.934417605400085449e-01,8.082044124603271484e-02,5.281262099742889404e-03
-3.877122700214385986e-01,-1.122049212455749512e+00,9.739769101142883301e-01,-5.917089432477951050e-02,1.843207888305187225e-02,6.789504885673522949e-01,7.315635681152343750e-01,3.908238559961318970e-02,-7.876009494066238403e-02,-5.475745797157287598e-01,2.610292434692382812e-01,4.077220559120178223e-01,-9.848683476448059082e-01,-5.100135207176208496e-01,1.168444305658340454e-01,1.691018790006637573e-02,4.643822014331817627e-01,-1.930031329393386841e-01,-4.647420719265937805e-02,-4.719726145267486572e-01,2.590854465961456299e-01,3.091297447681427002e-01,1.011080026626586914e+00,-1.839961484074592590e-02,1.765725761651992798e-02
-3.855707049369812012e-01,-1.076715469360351562e+00,9.851844906806945801e-01,-5.163050070405006409e-02,9.289667941629886627e-03,6.897082328796386719e-01,7.221845388412475586e-01,7.716096192598342896e-02,-9.807667136192321777e-02,-6.241151094436645508e-01,3.154798150062561035e-01,4.006160795688629150e-01,-9.487557411193847656e-01,-4.116768538951873779e-01,1.052712276577949524e-01,-1.354757975786924362e-02,4.165512323379516602e-01,-2.175844609737396240e-01,-3.664632141590118408e-02,-5.521202683448791504e-01,2.576314210891723633e-01,2.923490405082702637e-01,9.875685572624206543e-01,-1.350401043891906738e-01,1.689776033163070679e-02
-3.867691159248352051e-01,-1.033926367759704590e+00,9.923245906829833984e-01,-5.347971245646476746e-02,2.380123920738697052e-02,6.910606622695922852e-01,7.204225063323974609e-01,6.959713250398635864e-02,-1.530234962701797485e-01,-7.106292843818664551e-01,2.378714382648468018e-01,3.126467466354370117e-01,-8.385425806045532227e-01,-3.868600428104400635e-01,8.309755474328994751e-02,-1.084573753178119659e-02,4.106199145317077637e-01,-2.520084977149963379e-01,-1.818426698446273804e-02,-6.291925311088562012e-01,2.299299389123916626e-01,3.075180053710937500e-01,8.969435095787048340e-01,-2.270649522542953491e-01,8.056698366999626160e-03
-3.862897157669067383e-01,-9.886323809623718262e-01,9.987478256225585938e-01,-3.435587510466575623e-02,1.806187257170677185e-02,7.013112306594848633e-01,7.117977142333984375e-01,1.538115292787551880e-01,-2.067789733409881592e-01,-8.258383870124816895e-01,2.439428567886352539e-01,2.566815614700317383e-01,-7.570783495903015137e-01,-2.725438773632049561e-01,5.685678496956825256e-02,-2.850845456123352051e-02,3.490042388439178467e-01,-2.604143321514129639e-01,-7.091588340699672699e-03,-6.245952248573303223e-01,1.832080334424972534e-01,3.103089332580566406e-01,7.438992857933044434e-01,-3.216624259948730469e-01,-1.654359139502048492e-02
-3.879132866859436035e-01,-9.454208612442016602e-01,1.002576828002929688e+00,-1.989941671490669250e-02,2.044594846665859222e-02,7.066385149955749512e-01,7.069993019104003906e-01,2.190689295530319214e-01,-2.721813619136810303e-01,-9.386469721794128418e-01,2.380821257829666138e-01,2.061335295438766479e-01,-6.919794678688049316e-01,-1.753383129835128784e-01,2.465399727225303650e-02,-4.863883927464485168e-02,2.819271385669708252e-01,-2.666785717010498047e-01,1.407780777662992477e-02,-6.107087135314941406e-01,1.406468749046325684e-01,3.436166048049926758e-01,5.663353800773620605e-01,-4.099173247814178467e-01,-1.081642415374517441e-02
-3.892399072647094727e-01,-9.026159644126892090e-01,1.003482937812805176e+00,-5.596933886408805847e-03,2.409219555556774139e-02,7.114576101303100586e-01,7.022936344146728516e-01,2.700551152229309082e-01,-3.340657949447631836e-01,-1.026508569717407227e+00,2.572723925113677979e-01,1.789922118186950684e-01,-6.574816703796386719e-01,-8.714913576841354370e-02,-5.752298515290021896e-03,-7.222770154476165771e-02,2.243988662958145142e-01,-2.711123228073120117e-01,2.962309680879116058e-02,-5.861870050430297852e-01,9.487140923738479614e-02,3.874317407608032227e-01,4.014758169651031494e-01,-4.820035696029663086e-01,-1.492727361619472504e-02
-3.912930190563201904e-01,-8.567309975624084473e-01,9.986529946327209473e-01,1.711923978291451931e-03,2.232610061764717102e-02,7.188691496849060059e-01,6.947846412658691406e-01,2.867628633975982666e-01,-3.626669347286224365e-01,-1.062553882598876953e+00,2.791799902915954590e-01,1.671393364667892456e-01,-6.356444954872131348e-01,-2.492229454219341278e-02,-1.607437804341316223e-02,-9.048622846603393555e-02,2.149708867073059082e-01,-3.000102937221527100e-01,3.790398314595222473e-02,-5.077719688415527344e-01,4.449825733900070190e-02,4.567030966281890869e-01,1.861152499914169312e-01,-4.221656024456024170e-01,-6.515365839004516602e-02
-3.942054808139801025e-01,-8.068299293518066406e-01,9.863013625144958496e-01,-8.050655946135520935e-03,2.015912905335426331e-02,7.212410569190979004e-01,6.923439502716064453e-01,2.511907219886779785e-01,-3.590824604034423828e-01,-1.053433537483215332e+00,2.680895924568176270e-01,1.681514382362365723e-01,-6.059363484382629395e-01,-3.046263754367828369e-02,-1.859194831922650337e-03,-7.236108928918838501e-02,2.896540462970733643e-01,-3.366495072841644287e-01,3.678206726908683777e-02,-5.197414755821228027e-01,4.155039414763450623e-02,4.303390383720397949e-01,1.811145246028900146e-01,-3.706310987472534180e-01,-6.520588696002960205e-02
-4.003593623638153076e-01,-7.545745968818664551e-01,9.734719991683959961e-01,-1.339567732065916061e-02,1.484929397702217102e-02,7.228526473045349121e-01,6.907127499580383301e-01,2.319735586643218994e-01,-3.483588695526123047e-01,-1.029360771179199219e+00,2.662865817546844482e-01,1.725200265645980835e-01,-5.834525823593139648e-01,-5.097042024135589600e-02,4.005421418696641922e-03,-7.110217213630676270e-02,4.154931008815765381e-01,-3.667321801185607910e-01,5.545480921864509583e-02,-5.487086772918701172e-01,5.671053752303123474e-02,4.256381392478942871e-01,3.014863729476928711e-01,-3.340213298797607422e-01,-7.488866895437240601e-02
-4.097525775432586670e-01,-7.020336985588073730e-01,9.585963487625122070e-01,-1.166117005050182343e-02,1.825181208550930023e-02,7.233054637908935547e-01,6.901884675025939941e-01,2.154698520898818970e-01,-3.453696370124816895e-01,-9.861902594566345215e-01,2.552512884140014648e-01,1.618397682905197144e-01,-5.613955855369567871e-01,-9.269509464502334595e-02,-1.776822097599506378e-02,-6.487017869949340820e-02,5.616351962089538574e-01,-3.256112933158874512e-01,8.302769809961318970e-02,-6.070247888565063477e-01,3.057518042623996735e-02,3.415837287902832031e-01,4.306863248348236084e-01,-3.124727904796600342e-01,-8.695038035511970520e-03
-4.216761887073516846e-01,-6.489555239677429199e-01,9.471338391304016113e-01,-3.478634404018521309e-03,2.683068439364433289e-02,7.280516624450683594e-01,6.849882006645202637e-01,2.111456692218780518e-01,-3.531738817691802979e-01,-9.319764375686645508e-01,2.342445403337478638e-01,1.345319896936416626e-01,-5.341596603393554688e-01,-1.149450764060020447e-01,-5.455986410379409790e-02,-5.037779361009597778e-02,6.329022645950317383e-01,-9.506642073392868042e-02,1.423427015542984009e-01,-6.372560858726501465e-01,1.100540626794099808e-03,3.234166502952575684e-01,5.373238921165466309e-01,-2.935332059860229492e-01,4.837835580110549927e-02
-4.333157539367675781e-01,-5.962949991226196289e-01,9.433830380439758301e-01,7.911665365099906921e-03,3.655904531478881836e-02,7.322085499763488770e-01,6.800525188446044922e-01,2.283053696155548096e-01,-3.670479357242584229e-01,-8.761873841285705566e-01,2.059634327888488770e-01,1.007606312632560730e-01,-5.050371885299682617e-01,-1.396130025386810303e-01,-7.646881043910980225e-02,9.596180170774459839e-03,6.736426949501037598e-01,1.761239767074584961e-01,1.868894100189208984e-01,-6.445370912551879883e-01,-5.222816020250320435e-02,2.899186909198760986e-01,6.117694377899169922e-01,-2.956345379352569580e-01,1.068220883607864380e-01
-4.437180459499359131e-01,-5.511156320571899414e-01,9.477675557136535645e-01,3.895268077030777931e-03,3.416929766535758972e-02,7.383070588111877441e-01,6.735873818397521973e-01,2.391298711299896240e-01,-3.392478823661804199e-01,-8.398692607879638672e-01,1.946079283952713013e-01,1.085367947816848755e-01,-5.099984407424926758e-01,-2.593681812286376953e-01,-1.067850515246391296e-01,-1.863308623433113098e-02,8.220861554145812988e-01,1.507828831672668457e-01,1.403726041316986084e-01,-6.097033023834228516e-01,-7.409277558326721191e-02,2.644479572772979736e-01,6.056690812110900879e-01,-2.933089435100555420e-01,1.539780348539352417e-01
-4.531179666519165039e-01,-5.068565011024475098e-01,9.562735557556152344e-01,-3.422927577048540115e-03,3.120754845440387726e-02,7.446798086166381836e-01,6.666831374168395996e-01,2.394668906927108765e-01,-3.051098287105560303e-01,-7.993448376655578613e-01,2.015597522258758545e-01,1.422656178474426270e-01,-5.604149699211120605e-01,-3.838458359241485596e-01,-1.191200464963912964e-01,-2.684011869132518768e-02,8.960028886795043945e-01,3.750894963741302490e-02,1.043424382805824280e-01,-5.595912933349609375e-01,-8.042593300342559814e-02,2.454221993684768677e-01,5.740824937820434570e-01,-2.830521762371063232e-01,1.518751978874206543e-01
-4.622056782245635986e-01,-4.657947719097137451e-01,9.673153758049011230e-01,-1.172024291008710861e-02,2.894168905913829803e-02,7.528507709503173828e-01,6.574501991271972656e-01,2.358571738004684448e-01,-2.767372727394104004e-01,-7.592350244522094727e-01,2.100868225097656250e-01,1.892538964748382568e-01,-6.286355853080749512e-01,-4.845438301563262939e-01,-9.905398637056350708e-02,-1.572531036799773574e-04,8.801413774490356445e-01,-9.672541171312332153e-02,1.151214390993118286e-01,-5.137909054756164551e-01,-9.323565661907196045e-02,2.114015966653823853e-01,5.502560138702392578e-01,-3.080595135688781738e-01,1.487901210784912109e-01
-4.704918563365936279e-01,-4.255205094814300537e-01,9.777705669403076172e-01,-2.065199799835681915e-02,2.249883487820625305e-02,7.566685080528259277e-01,6.530850529670715332e-01,2.331516295671463013e-01,-2.440074980258941650e-01,-7.269551157951354980e-01,2.454977184534072876e-01,2.585458755493164062e-01,-7.278914451599121094e-01,-5.484153032302856445e-01,-7.851774990558624268e-02,1.165979914367198944e-02,7.909550070762634277e-01,-2.133034467697143555e-01,1.178273484110832214e-01,-4.688397645950317383e-01,-8.992265909910202026e-02,1.821424663066864014e-01,5.389326810836791992e-01,-3.326573669910430908e-01,1.413702219724655151e-01
-4.771867990493774414e-01,-3.875803053379058838e-01,9.859688878059387207e-01,-2.826689183712005615e-02,1.308498065918684006e-02,7.603624463081359863e-01,6.487516760826110840e-01,2.285265177488327026e-01,-1.986536681652069092e-01,-6.984895467758178711e-01,2.845423817634582520e-01,3.308489024639129639e-01,-8.315165638923645020e-01,-5.869970321655273438e-01,-6.021477282047271729e-02,7.704900112003087997e-03,6.601994037628173828e-01,-2.946272194385528564e-01,1.158000454306602478e-01,-4.252090156078338623e-01,-7.537049055099487305e-02,1.679509431123733521e-01,5.336368680000305176e-01,-3.681548237800598145e-01,1.341387927532196045e-01
-4.857740700244903564e-01,-3.470937013626098633e-01,9.885448217391967773e-01,-2.991024591028690338e-02,1.337591931223869324e-02,7.642123699188232422e-01,6.441318988800048828e-01,2.227622419595718384e-01,-1.759185343980789185e-01,-6.737076640129089355e-01,2.951354384422302246e-01,3.776845335960388184e-01,-9.179937839508056641e-01,-5.816131830215454102e-01,-4.739675298333168030e-02,5.840444564819335938e-02,4.317306280136108398e-01,-1.951508522033691406e-01,1.445962041616439819e-01,-3.863179385662078857e-01,-8.647932857275009155e-02,1.514032632112503052e-01,5.324009656906127930e-01,-3.988279998302459717e-01,1.444383859634399414e-01
-4.943639338016510010e-01,-3.063554167747497559e-01,9.808954000473022461e-01,-2.667879313230514526e-02,2.971945889294147491e-02,7.720831632614135742e-01,6.342654228210449219e-01,2.205508947372436523e-01,-1.815627366304397583e-01,-6.627876162528991699e-01,2.838034331798553467e-01,3.962406814098358154e-01,-1.003997921943664551e+00,-5.688930153846740723e-01,-4.377795010805130005e-02,2.312861531972885132e-01,1.962720900774002075e-01,5.015297606587409973e-02,1.811295747756958008e-01,-3.804693520069122314e-01,-1.272934824228286743e-01,1.310140937566757202e-01,5.672532320022583008e-01,-4.461201429367065430e-01,1.595698744058609009e-01
-5.034153461456298828e-01,-2.625293433666229248e-01,9.697695970535278320e-01,-1.989340595901012421e-02,4.739651456475257874e-02,7.823339104652404785e-01,6.207346320152282715e-01,2.194162607192993164e-01,-1.932845711708068848e-01,-6.416270136833190918e-01,2.455901801586151123e-01,3.928330242633819580e-01,-1.041272997856140137e+00,-5.793359875679016113e-01,-6.184935569763183594e-02,3.649194836616516113e-01,1.343161612749099731e-01,1.972880065441131592e-01,2.118914574384689331e-01,-3.760256469249725342e-01,-1.714683920145034790e-01,1.117677316069602966e-01,6.217678785324096680e-01,-5.076660513877868652e-01,1.774844825267791748e-01
-5.156397819519042969e-01,-2.208631038665771484e-01,9.642317891120910645e-01,-1.923633739352226257e-02,3.987777605652809143e-02,7.945612072944641113e-01,6.055676937103271484e-01,2.318786978721618652e-01,-1.737929433584213257e-01,-6.245447993278503418e-01,2.221452891826629639e-01,4.007509648799896240e-01,-1.054756283760070801e+00,-5.628971457481384277e-01,-5.643631517887115479e-02,3.988446891307830811e-01,1.955744773149490356e-01,1.542911976575851440e-01,1.978885084390640259e-01,-3.425725102424621582e-01,-1.683528870344161987e-01,8.977705985307693481e-02,6.606783270835876465e-01,-5.500687956809997559e-01,1.671967655420303345e-01
-5.264596343040466309e-01,-1.816638857126235962e-01,9.602732658386230469e-01,-2.170667238533496857e-02,2.507556229829788208e-02,8.072779178619384766e-01,5.892388224601745605e-01,2.412870526313781738e-01,-1.447494626045227051e-01,-6.060502529144287109e-01,2.214140594005584717e-01,4.293015301227569580e-01,-1.061589360237121582e+00,-5.582848787307739258e-01,-2.426074258983135223e-02,3.830156624317169189e-01,3.275443315505981445e-01,2.331077493727207184e-02,1.724161952733993530e-01,-3.184714317321777344e-01,-1.290517449378967285e-01,1.003756150603294373e-01,7.084149122238159180e-01,-5.665966272354125977e-01,1.349675357341766357e-01
-5.364282131195068359e-01,-1.501367092132568359e-01,9.570644497871398926e-01,-2.650215849280357361e-02,1.514896005392074585e-02,8.206742405891418457e-01,5.705803632736206055e-01,2.291499674320220947e-01,-1.178340315818786621e-01,-5.795325040817260742e-01,2.110193371772766113e-01,4.362291395664215088e-01,-1.044589519500732422e+00,-5.777643322944641113e-01,-4.484083969146013260e-03,3.254950642585754395e-01,4.654683768749237061e-01,-9.917762130498886108e-02,1.123681813478469849e-01,-3.232671022415161133e-01,-7.176545262336730957e-02,1.549875587224960327e-01,7.659807205200195312e-01,-5.329992771148681641e-01,1.050220429897308350e-01
-5.497744083404541016e-01,-1.259996294975280762e-01,9.574913382530212402e-01,-3.324499353766441345e-02,1.775275915861129761e-02,8.369219899177551270e-01,5.460230708122253418e-01,2.103410661220550537e-01,-1.158872172236442566e-01,-5.659446716308593750e-01,1.844796091318130493e-01,4.159716367721557617e-01,-1.022081851959228516e+00,-5.842952132225036621e-01,-3.061975352466106415e-02,2.729814648628234863e-01,5.299871563911437988e-01,-1.639048159122467041e-01,1.087961941957473755e-01,-3.468654155731201172e-01,1.321930671110749245e-03,2.641283571720123291e-01,8.208950757980346680e-01,-4.864709973335266113e-01,9.125852584838867188e-02
-5.614168047904968262e-01,-1.074546277523040771e-01,9.631635546684265137e-01,-4.292030259966850281e-02,2.387253008782863617e-02,8.475555777549743652e-01,5.284292101860046387e-01,1.877170056104660034e-01,-1.217156574130058289e-01,-5.644721984863281250e-01,2.113322168588638306e-01,4.297759234905242920e-01,-1.027177572250366211e+00,-5.844960808753967285e-01,-5.314536020159721375e-02,2.340151071548461914e-01,5.526156425476074219e-01,-2.061192989349365234e-01,9.991674870252609253e-02,-3.723548054695129395e-01,8.317583799362182617e-02,3.987401723861694336e-01,8.653378486633300781e-01,-4.767416715621948242e-01,9.440977871417999268e-02
-5.725296139717102051e-01,-9.072037041187286377e-02,9.692403078079223633e-01,-5.449251830577850342e-02,2.898440882563591003e-02,8.595826625823974609e-01,5.072554349899291992e-01,1.670286357402801514e-01,-1.339352726936340332e-01,-5.821467638015747070e-01,2.353237271308898926e-01,4.371504187583923340e-01,-1.045153975486755371e+00,-5.726515054702758789e-01,-8.228006213903427124e-02,1.835868805646896362e-01,5.521730184555053711e-01,-2.350708544254302979e-01,9.236009418964385986e-02,-4.171940088272094727e-01,1.388332247734069824e-01,4.692897200584411621e-01,8.924649953842163086e-01,-4.587570726871490479e-01,8.846726268529891968e-02
-5.860889554023742676e-01,-7.443603873252868652e-02,9.752219915390014648e-01,-6.489341706037521362e-02,2.725942991673946381e-02,8.753871917724609375e-01,4.782708585262298584e-01,1.623853892087936401e-01,-1.348603218793869019e-01,-6.180438995361328125e-01,2.882120609283447266e-01,4.597543478012084961e-01,-1.077369213104248047e+00,-5.310253500938415527e-01,-1.167039498686790466e-01,1.093931719660758972e-01,5.192265510559082031e-01,-2.410881221294403076e-01,1.047854050993919373e-01,-4.731034338474273682e-01,1.754501610994338989e-01,4.780845046043395996e-01,9.020127058029174805e-01,-4.398004114627838135e-01,6.237643584609031677e-02
-6.001173853874206543e-01,-5.962090566754341125e-02,9.806543588638305664e-01,-7.049059867858886719e-02,3.244675695896148682e-02,8.892856240272521973e-01,4.507209062576293945e-01,1.524282991886138916e-01,-1.517491638660430908e-01,-6.502557396888732910e-01,2.956738770008087158e-01,4.365259706974029541e-01,-1.053416967391967773e+00,-5.040253400802612305e-01,-1.592010408639907837e-01,4.377470538020133972e-02,5.166140198707580566e-01,-2.580702006816864014e-01,1.140256896615028381e-01,-5.325018167495727539e-01,1.948641985654830933e-01,4.811566174030303955e-01,9.063980579376220703e-01,-4.610966145992279053e-01,3.848292306065559387e-02
-6.137903928756713867e-01,-4.709998890757560730e-02,9.850333929061889648e-01,-7.316667586565017700e-02,3.015394322574138641e-02,9.047467708587646484e-01,4.185339510440826416e-01,1.590671986341476440e-01,-1.518634557723999023e-01,-6.890890598297119141e-01,3.083474338054656982e-01,4.182799458503723145e-01,-9.971390366554260254e-01,-4.518353641033172607e-01,-1.942403465509414673e-01,-4.414105787873268127e-02,4.919909834861755371e-01,-2.621951401233673096e-01,1.269123107194900513e-01,-5.874680876731872559e-01,2.208365052938461304e-01,4.682144224643707275e-01,8.983165621757507324e-01,-4.714721441268920898e-01,1.561100967228412628e-02
-6.322159767150878906e-01,-3.270243853330612183e-02,9.873991012573242188e-01,-7.405285537242889404e-02,2.970402687788009644e-02,9.200578331947326660e-01,3.835719823837280273e-01,1.703774929046630859e-01,-1.680250018835067749e-01,-7.362400293350219727e-01,3.028660416603088379e-01,3.804834485054016113e-01,-9.210138916969299316e-01,-3.988758921623229980e-01,-2.261144667863845825e-01,-1.211459115147590637e-01,4.847278892993927002e-01,-2.834073305130004883e-01,1.289830356836318970e-01,-6.324895024299621582e-01,2.379839420318603516e-01,4.573751688003540039e-01,8.669085502624511719e-01,-4.733788669109344482e-01,5.284793674945831299e-03
-6.506145000457763672e-01,-1.950464211404323578e-02,9.875053763389587402e-01,-7.499478012323379517e-02,3.037738427519798279e-02,9.335450530052185059e-01,3.492086231708526611e-01,1.779740005731582642e-01,-1.815200597047805786e-01,-7.807257771492004395e-01,2.973146438598632812e-01,3.445110321044921875e-01,-8.537009954452514648e-01,-3.484075665473937988e-01,-2.532019913196563721e-01,-1.931975334882736206e-01,4.813447892665863037e-01,-3.025343716144561768e-01,1.307922005653381348e-01,-6.730511188507080078e-01,2.420085221529006958e-01,4.374602437019348145e-01,8.086803555488586426e-01,-4.541930258274078369e-01,-1.599500328302383423e-02
-6.699364781379699707e-01,-7.658315822482109070e-03,9.861752390861511230e-01,-7.522314786911010742e-02,2.948476187884807587e-02,9.453589320182800293e-01,3.158617019653320312e-01,1.927845478057861328e-01,-1.967706680297851562e-01,-8.316960930824279785e-01,3.033324480056762695e-01,3.199469745159149170e-01,-7.982211709022521973e-01,-2.847478985786437988e-01,-2.677963972091674805e-01,-2.620413601398468018e-01,4.549106955528259277e-01,-3.012151122093200684e-01,1.326787322759628296e-01,-7.163428068161010742e-01,2.287392467260360718e-01,3.932400643825531006e-01,7.416703104972839355e-01,-4.317990839481353760e-01,-2.014539763331413269e-02
-6.914554834365844727e-01,3.914108034223318100e-03,9.812302589416503906e-01,-7.828366011381149292e-02,2.812036871910095215e-02,9.549225568771362305e-01,2.849628329277038574e-01,1.837059110403060913e-01,-2.065027058124542236e-01,-8.562550544738769531e-01,3.094430565834045410e-01,2.984293699264526367e-01,-7.414789795875549316e-01,-2.411026209592819214e-01,-2.775253951549530029e-01,-3.195577561855316162e-01,4.586445391178131104e-01,-3.306169509887695312e-01,1.177900359034538269e-01,-7.670232057571411133e-01,2.262036204338073730e-01,3.641900122165679932e-01,7.010485529899597168e-01,-4.380616545677185059e-01,-1.913862489163875580e-02
-7.164389491081237793e-01,1.336365751922130585e-02,9.746553301811218262e-01,-7.951138168573379517e-02,2.615156769752502441e-02,9.644632339477539062e-01,2.506086230278015137e-01,1.889846175909042358e-01,-2.366730272769927979e-01,-8.891590833663940430e-01,3.229923248291015625e-01,2.736566960811614990e-01,-6.845112442970275879e-01,-1.868482232093811035e-01,-2.888523340225219727e-01,-3.875010609626770020e-01,4.593801498413085938e-01,-3.569956123828887939e-01,1.225595399737358093e-01,-8.116273283958435059e-01,2.266372442245483398e-01,3.588502407073974609e-01,6.896119713783264160e-01,-4.822432398796081543e-01,-2.446960099041461945e-02
-7.434865236282348633e-01,2.115309238433837891e-02,9.649246335029602051e-01,-8.378420770168304443e-02,2.374690584838390350e-02,9.709576964378356934e-01,2.228395193815231323e-01,1.849223375320434570e-01,-2.596796154975891113e-01,-9.278959035873413086e-01,3.408367931842803955e-01,2.579441964626312256e-01,-6.425461173057556152e-01,-1.469373553991317749e-01,-2.941475808620452881e-01,-4.328460693359375000e-01,4.667397737503051758e-01,-3.780633211135864258e-01,1.433304846286773682e-01,-8.522208929061889648e-01,2.287968397140502930e-01,3.584509491920471191e-01,6.817103028297424316e-01,-4.930155575275421143e-01,-2.660497091710567474e-02
-7.750684618949890137e-01,2.735145390033721924e-02,9.529093503952026367e-01,-9.298750758171081543e-02,1.815254241228103638e-02,9.755309820175170898e-01,1.984012722969055176e-01,1.870321184396743774e-01,-2.969556450843811035e-01,-9.770567417144775391e-01,3.519741892814636230e-01,2.483609318733215332e-01,-5.983679890632629395e-01,-1.276420652866363525e-01,-2.949925065040588379e-01,-4.663536250591278076e-01,5.013555884361267090e-01,-4.067710936069488525e-01,1.357178241014480591e-01,-8.896495103836059570e-01,2.246024161577224731e-01,3.417600989341735840e-01,6.757805347442626953e-01,-4.225625097751617432e-01,-3.269957005977630615e-02
-8.133136630058288574e-01,3.136853501200675964e-02,9.410129189491271973e-01,-1.037366092205047607e-01,1.628974452614784241e-02,9.782946109771728516e-01,1.786421835422515869e-01,2.014406621456146240e-01,-3.412401378154754639e-01,-1.024939417839050293e+00,3.490759134292602539e-01,2.218799591064453125e-01,-5.503113865852355957e-01,-1.111341789364814758e-01,-3.047066628932952881e-01,-4.845594763755798340e-01,5.257579088211059570e-01,-3.894996643066406250e-01,1.419879049062728882e-01,-9.193513393402099609e-01,1.970334947109222412e-01,3.056237697601318359e-01,7.024878263473510742e-01,-3.267516791820526123e-01,-2.418307587504386902e-02
-8.560643196105957031e-01,3.082977421581745148e-02,9.376116991043090820e-01,-1.095384731888771057e-01,2.291203103959560394e-02,9.806126356124877930e-01,1.608577072620391846e-01,2.340573519468307495e-01,-3.937706351280212402e-01,-1.064008235931396484e+00,3.314950168132781982e-01,1.757520139217376709e-01,-4.953570067882537842e-01,-8.573601394891738892e-02,-3.281800150871276855e-01,-4.882035255432128906e-01,5.265322923660278320e-01,-3.244535326957702637e-01,1.534193009138107300e-01,-9.424387216567993164e-01,1.691268086433410645e-01,3.020412027835845947e-01,7.770569920539855957e-01,-3.439379930496215820e-01,-7.045741192996501923e-03
-9.044408798217773438e-01,2.778609097003936768e-02,9.366771578788757324e-01,-1.121919229626655579e-01,3.113367408514022827e-02,9.820610284805297852e-01,1.483232527971267700e-01,2.700164020061492920e-01,-4.375677406787872314e-01,-1.088212490081787109e+00,3.082004189491271973e-01,1.333825737237930298e-01,-4.427336454391479492e-01,-5.842045694589614868e-02,-3.551925420761108398e-01,-4.767629206180572510e-01,5.100858211517333984e-01,-1.825128793716430664e-01,1.554170697927474976e-01,-9.334546327590942383e-01,1.452297270298004150e-01,3.260976970195770264e-01,8.231242895126342773e-01,-3.734456896781921387e-01,2.785075269639492035e-02
-9.556749463081359863e-01,2.422965504229068756e-02,9.362056851387023926e-01,-1.229202225804328918e-01,3.780901059508323669e-02,9.836425781250000000e-01,1.261285841464996338e-01,2.514200806617736816e-01,-4.432022273540496826e-01,-1.059210181236267090e+00,2.409367412328720093e-01,1.030301228165626526e-01,-3.845568597316741943e-01,-4.286389425396919250e-02,-3.787643909454345703e-01,-5.024709105491638184e-01,4.936321675777435303e-01,1.526167150586843491e-02,1.191926449537277222e-01,-9.481779932975769043e-01,9.784026443958282471e-02,3.192666471004486084e-01,8.856885433197021484e-01,-4.345857501029968262e-01,6.059895083308219910e-02
-1.007485747337341309e+00,2.001043409109115601e-02,9.417476654052734375e-01,-1.080598980188369751e-01,4.413908347487449646e-02,9.854852557182312012e-01,1.232621669769287109e-01,2.950734496116638184e-01,-4.680620729923248291e-01,-1.026366710662841797e+00,2.534247636795043945e-01,6.216635182499885559e-02,-3.877030014991760254e-01,-5.129740014672279358e-02,-4.020477533340454102e-01,-4.346964061260223389e-01,5.248618125915527344e-01,1.799971163272857666e-01,2.855768613517284393e-02,-8.671857714653015137e-01,6.136464327573776245e-02,3.390536010265350342e-01,8.752229809761047363e-01,-4.657966196537017822e-01,7.715658843517303467e-02
-1.058023810386657715e+00,2.011996693909168243e-02,9.471459388732910156e-01,-1.184637099504470825e-01,3.518713265657424927e-02,9.872997403144836426e-01,9.983717650175094604e-02,2.621637284755706787e-01,-4.215817153453826904e-01,-9.747016429901123047e-01,2.219820618629455566e-01,8.417277783155441284e-02,-4.172669351100921631e-01,-1.505198031663894653e-01,-3.416025936603546143e-01,-3.136082887649536133e-01,6.284407377243041992e-01,1.815794259309768677e-01,1.172851026058197021e-02,-8.519972562789916992e-01,3.762666881084442139e-02,3.075352311134338379e-01,8.915666341781616211e-01,-5.095100402832031250e-01,7.704007625579833984e-02
-1.109349250793457031e+00,1.829498261213302612e-02,9.560233950614929199e-01,-1.064177602529525757e-01,2.825845219194889069e-02,9.892596006393432617e-01,9.613601118326187134e-02,3.035781085491180420e-01,-4.068243205547332764e-01,-9.521616101264953613e-01,2.452723532915115356e-01,9.300549328327178955e-02,-4.669607579708099365e-01,-2.472473829984664917e-01,-2.876916825771331787e-01,-1.887356191873550415e-01,7.290142774581909180e-01,1.722135543823242188e-01,3.642797470092773438e-02,-7.525861263275146484e-01,1.401215512305498123e-02,2.993856966495513916e-01,8.351484537124633789e-01,-5.218656063079833984e-01,9.189879149198532104e-02
-1.161315798759460449e+00,1.658845692873001099e-02,9.653902053833007812e-01,-1.034648120403289795e-01,2.026222273707389832e-02,9.906089305877685547e-01,8.705426752567291260e-02,3.246683478355407715e-01,-3.814994990825653076e-01,-9.312015175819396973e-01,2.446517497301101685e-01,1.395469456911087036e-01,-5.484217405319213867e-01,-3.619570136070251465e-01,-2.299272567033767700e-01,-1.192296221852302551e-01,8.151187300682067871e-01,1.125298142433166504e-01,4.231325164437294006e-02,-6.667014360427856445e-01,-3.304374404251575470e-03,2.913879156112670898e-01,7.775368690490722656e-01,-5.358298420906066895e-01,9.929735213518142700e-02
-1.209793329238891602e+00,1.332882698625326157e-02,9.775739312171936035e-01,-1.000263392925262451e-01,1.540537271648645401e-02,9.918246269226074219e-01,7.772602885961532593e-02,3.385827243328094482e-01,-3.533678948879241943e-01,-8.960675001144409180e-01,2.487088590860366821e-01,1.936138272285461426e-01,-6.572354435920715332e-01,-4.777409136295318604e-01,-1.874317526817321777e-01,-8.524277061223983765e-02,8.748279213905334473e-01,1.443056482821702957e-02,3.592266887426376343e-02,-5.744453072547912598e-01,-2.158376015722751617e-02,2.912591695785522461e-01,7.092217803001403809e-01,-5.513103604316711426e-01,8.927576243877410889e-02
-1.257400751113891602e+00,1.027836278080940247e-02,9.875945448875427246e-01,-9.558618068695068359e-02,1.406013313680887222e-02,9.932119250297546387e-01,6.477434933185577393e-02,3.649117052555084229e-01,-3.428260982036590576e-01,-8.626953363418579102e-01,2.748341560363769531e-01,2.546508312225341797e-01,-8.109708428382873535e-01,-5.668230056762695312e-01,-1.559878140687942505e-01,-7.152196764945983887e-02,8.690614700317382812e-01,-5.254726484417915344e-02,2.745928615331649780e-02,-4.766192138195037842e-01,-4.793705418705940247e-02,2.805098295211791992e-01,6.217759251594543457e-01,-5.367324948310852051e-01,7.255113124847412109e-02
-1.303081393241882324e+00,9.703760035336017609e-03,9.939267039299011230e-01,-9.367298334836959839e-02,1.062884181737899780e-02,9.940648078918457031e-01,5.429176613688468933e-02,3.706285655498504639e-01,-3.106342852115631104e-01,-8.169263005256652832e-01,2.635772526264190674e-01,2.947191596031188965e-01,-9.256724119186401367e-01,-6.466284990310668945e-01,-1.201949641108512878e-01,-7.109134644269943237e-02,8.207868337631225586e-01,-1.200197935104370117e-01,2.262243442237377167e-02,-3.951241970062255859e-01,-5.915443226695060730e-02,2.654293477535247803e-01,5.538321137428283691e-01,-5.202293992042541504e-01,3.949217870831489563e-02
-1.350718259811401367e+00,9.884963743388652802e-03,9.971565008163452148e-01,-8.783575147390365601e-02,7.530735339969396591e-03,9.950865507125854492e-01,4.506574571132659912e-02,3.667463362216949463e-01,-2.655606567859649658e-01,-7.488703131675720215e-01,2.658645808696746826e-01,3.374381065368652344e-01,-1.049681305885314941e+00,-6.931147575378417969e-01,-9.106019884347915649e-02,-8.967638015747070312e-02,7.282684445381164551e-01,-1.822326183319091797e-01,3.540619462728500366e-02,-3.019986152648925781e-01,-6.906063854694366455e-02,2.461184859275817871e-01,4.818716347217559814e-01,-5.083669424057006836e-01,1.028416771441698074e-02
-1.398750543594360352e+00,9.656947106122970581e-03,9.957672953605651855e-01,-8.503149449825286865e-02,7.124228402972221375e-03,9.956505298614501953e-01,3.740138933062553406e-02,3.677219152450561523e-01,-2.393463701009750366e-01,-7.021928429603576660e-01,2.497877925634384155e-01,3.742794096469879150e-01,-1.164743781089782715e+00,-7.261678576469421387e-01,-5.865432694554328918e-02,-9.391359984874725342e-02,6.017889976501464844e-01,-2.236896902322769165e-01,9.155640751123428345e-02,-2.223610132932662964e-01,-8.396755903959274292e-02,2.227995991706848145e-01,4.161828756332397461e-01,-4.894332587718963623e-01,-2.670690184459090233e-03
-1.447515845298767090e+00,8.314236067235469818e-03,9.912086129188537598e-01,-8.102728426456451416e-02,8.831968531012535095e-03,9.960802793502807617e-01,3.436005115509033203e-02,3.759438693523406982e-01,-2.227146327495574951e-01,-6.696278452873229980e-01,2.234927862882614136e-01,3.891766071319580078e-01,-1.246432542800903320e+00,-7.412168979644775391e-01,-2.938980609178543091e-02,-9.650652855634689331e-02,4.459218382835388184e-01,-2.429690957069396973e-01,1.391757279634475708e-01,-1.186080276966094971e-01,-1.030787378549575806e-01,2.149385958909988403e-01,3.102942109107971191e-01,-4.494318366050720215e-01,-2.063196524977684021e-02
-1.497035980224609375e+00,5.699241068214178085e-03,9.833178520202636719e-01,-7.718319445848464966e-02,1.086601242423057556e-02,9.962610602378845215e-01,3.726298734545707703e-02,3.925110697746276855e-01,-2.211309969425201416e-01,-6.573879718780517578e-01,1.857089847326278687e-01,4.042388498783111572e-01,-1.304089784622192383e+00,-7.480642795562744141e-01,-7.925624027848243713e-03,-1.041731834411621094e-01,3.050554096698760986e-01,-2.662536203861236572e-01,2.038085162639617920e-01,-1.800113543868064880e-02,-1.250531226396560669e-01,2.110104411840438843e-01,2.098832875490188599e-01,-4.103913009166717529e-01,-2.637004479765892029e-02
-1.547820806503295898e+00,4.928250331431627274e-03,9.717805981636047363e-01,-7.613258063793182373e-02,1.337765529751777649e-02,9.960796833038330078e-01,4.301349446177482605e-02,3.991724252700805664e-01,-2.280394434928894043e-01,-6.470373272895812988e-01,1.341604739427566528e-01,4.043517410755157471e-01,-1.325428128242492676e+00,-7.768817543983459473e-01,1.633753068745136261e-02,-1.150339618325233459e-01,2.637289166450500488e-01,-3.062800467014312744e-01,2.129570543766021729e-01,3.688003867864608765e-02,-1.402074545621871948e-01,1.986119449138641357e-01,1.942700594663619995e-01,-4.075020253658294678e-01,-3.175783529877662659e-02
-1.605564832687377930e+00,5.544335581362247467e-03,9.588044881820678711e-01,-7.267220318317413330e-02,1.468408387154340744e-02,9.965506196022033691e-01,3.728195652365684509e-02,4.019961059093475342e-01,-2.201783955097198486e-01,-6.322138905525207520e-01,1.078177466988563538e-01,4.082502424716949463e-01,-1.342036724090576172e+00,-7.908973097801208496e-01,2.797705866396427155e-02,-1.079251244664192200e-01,2.884805798530578613e-01,-3.187990188598632812e-01,2.051119506359100342e-01,8.069606125354766846e-02,-1.403866857290267944e-01,1.702855527400970459e-01,2.160805314779281616e-01,-3.922690451145172119e-01,-6.205298379063606262e-02
-1.669882655143737793e+00,6.406440399587154388e-03,9.427369832992553711e-01,-7.483319938182830811e-02,2.116105519235134125e-02,9.967319369316101074e-01,2.185431681573390961e-02,3.895106613636016846e-01,-2.099178433418273926e-01,-6.056650280952453613e-01,8.849798887968063354e-02,3.983616232872009277e-01,-1.354239106178283691e+00,-8.247247934341430664e-01,2.224174700677394867e-02,-7.793045043945312500e-02,3.770423531532287598e-01,-2.022899240255355835e-01,1.661032140254974365e-01,8.834823966026306152e-02,-1.403964161872863770e-01,1.191247701644897461e-01,2.944386303424835205e-01,-3.586612641811370850e-01,-1.206606850028038025e-01
-1.734331369400024414e+00,9.804591536521911621e-03,9.336155056953430176e-01,-7.359710335731506348e-02,1.244484167546033859e-02,9.971687197685241699e-01,9.120804257690906525e-03,3.701949119567871094e-01,-1.802596151828765869e-01,-5.652650594711303711e-01,1.092600151896476746e-01,4.022568166255950928e-01,-1.339939594268798828e+00,-8.440430760383605957e-01,3.481731563806533813e-02,-6.533138453960418701e-02,4.826893210411071777e-01,-1.025797650218009949e-01,9.366181492805480957e-02,6.917246431112289429e-02,-1.103469207882881165e-01,5.944314971566200256e-02,4.046878814697265625e-01,-2.524969875812530518e-01,-1.836713999509811401e-01
-1.798124074935913086e+00,1.347330491989850998e-02,9.310889244079589844e-01,-6.626351177692413330e-02,-1.637388952076435089e-02,9.976675510406494141e-01,-6.825966411270201206e-04,3.320608735084533691e-01,-1.206573396921157837e-01,-5.150259733200073242e-01,1.650785505771636963e-01,4.433370232582092285e-01,-1.311540365219116211e+00,-8.198000192642211914e-01,7.541446387767791748e-02,-1.056051775813102722e-01,5.541966557502746582e-01,-9.147007018327713013e-02,3.407341614365577698e-02,6.273918598890304565e-02,-4.681916907429695129e-02,1.684296131134033203e-02,4.657266438007354736e-01,7.041084580123424530e-03,-2.504325807094573975e-01
-1.856052279472351074e+00,1.682106032967567444e-02,9.317620396614074707e-01,-6.140089407563209534e-02,-3.679299727082252502e-02,9.974272847175598145e-01,-3.869592212140560150e-03,2.927645742893218994e-01,-8.138754963874816895e-02,-4.984183013439178467e-01,2.159542143344879150e-01,4.816349744796752930e-01,-1.268399715423583984e+00,-7.821661829948425293e-01,1.142181009054183960e-01,-1.344479918479919434e-01,6.038423180580139160e-01,-1.448405534029006958e-01,-4.096641391515731812e-02,4.124313965439796448e-02,4.775880835950374603e-03,-6.676178891211748123e-03,5.247161984443664551e-01,2.791236937046051025e-01,-2.652531266212463379e-01
-1.910561203956604004e+00,1.979428902268409729e-02,9.438104629516601562e-01,-7.460337877273559570e-02,-3.028296492993831635e-02,9.967499375343322754e-01,-2.621506340801715851e-03,2.257513850927352905e-01,-9.579760581254959106e-02,-5.194602012634277344e-01,1.886643916368484497e-01,4.506551921367645264e-01,-1.193528532981872559e+00,-7.571548223495483398e-01,1.112424880266189575e-01,-1.259814649820327759e-01,6.246121525764465332e-01,-1.995370686054229736e-01,-5.810447037220001221e-02,-6.489443778991699219e-02,7.051035761833190918e-02,9.448967874050140381e-02,6.455981135368347168e-01,3.448078632354736328e-01,-2.041799873113632202e-01
-1.967144608497619629e+00,2.143726125359535217e-02,9.592981338500976562e-01,-6.171004101634025574e-02,-2.502373978495597839e-02,9.977622628211975098e-01,-6.011979188770055771e-03,2.398527562618255615e-01,-1.075715273618698120e-01,-5.938208103179931641e-01,2.272031158208847046e-01,4.244256913661956787e-01,-1.105224847793579102e+00,-6.424059271812438965e-01,1.043048426508903503e-01,-1.230280995368957520e-01,5.644629001617431641e-01,-1.963815987110137939e-01,-5.657538399100303650e-02,-2.018148154020309448e-01,1.400618255138397217e-01,1.511588245630264282e-01,8.449940085411071777e-01,2.236229032278060913e-01,-9.165230393409729004e-02
-2.021184206008911133e+00,2.175610326230525970e-02,9.736166596412658691e-01,-6.021985039114952087e-02,-2.154848165810108185e-02,9.979504346847534180e-01,-2.041985513642430305e-03,2.239515334367752075e-01,-1.256958097219467163e-01,-6.840059757232666016e-01,2.629113793373107910e-01,4.026124477386474609e-01,-1.043918132781982422e+00,-5.604571104049682617e-01,1.116569787263870239e-01,-1.058314144611358643e-01,5.212288498878479004e-01,-2.121074050664901733e-01,-6.380684673786163330e-02,-3.340842425823211670e-01,1.909715682268142700e-01,1.864870935678482056e-01,9.449872970581054688e-01,1.351637542247772217e-01,-1.463856361806392670e-02
-2.074544191360473633e+00,2.089879289269447327e-02,9.884220957756042480e-01,-5.712747573852539062e-02,-1.631138660013675690e-02,9.982336163520812988e-01,1.298514980589970946e-04,2.128720283508300781e-01,-1.539343744516372681e-01,-7.892969250679016113e-01,2.693117856979370117e-01,3.472488820552825928e-01,-9.451115131378173828e-01,-4.731556475162506104e-01,1.092330813407897949e-01,-9.406595677137374878e-02,4.670852422714233398e-01,-2.273132652044296265e-01,-5.910837277770042419e-02,-4.438248276710510254e-01,1.952564269304275513e-01,1.834180206060409546e-01,9.695748090744018555e-01,2.963440306484699249e-02,1.967305317521095276e-02
-2.127177953720092773e+00,1.930993981659412384e-02,1.000650405883789062e+00,-5.421450734138488770e-02,-1.171005610376596451e-02,9.984423518180847168e-01,6.044043693691492081e-03,2.096180468797683716e-01,-1.995360404253005981e-01,-9.109139442443847656e-01,2.703142762184143066e-01,2.984391152858734131e-01,-8.346058726310729980e-01,-3.903588950634002686e-01,1.078252568840980530e-01,-7.933632284402847290e-02,4.151148200035095215e-01,-2.433154433965682983e-01,-4.510422796010971069e-02,-5.248391032218933105e-01,1.821091473102569580e-01,1.777987182140350342e-01,9.274155497550964355e-01,-6.253863871097564697e-02,2.412071451544761658e-02
-2.177733421325683594e+00,1.699106954038143158e-02,1.008399724960327148e+00,-5.182424932718276978e-02,-6.166609935462474823e-03,9.985695481300354004e-01,1.162465196102857590e-02,2.048926353454589844e-01,-2.370239645242691040e-01,-1.038096308708190918e+00,2.680664062500000000e-01,2.488621026277542114e-01,-7.280979752540588379e-01,-3.119549155235290527e-01,9.735682606697082520e-02,-6.896064430475234985e-02,3.626552522182464600e-01,-2.485795915126800537e-01,-2.689708583056926727e-02,-5.899058580398559570e-01,1.709088683128356934e-01,1.894696205854415894e-01,8.495999574661254883e-01,-1.619881540536880493e-01,3.208063170313835144e-02
-2.227809667587280273e+00,1.417718641459941864e-02,1.012036919593811035e+00,-4.858852177858352661e-02,-2.063328633084893227e-03,9.986948966979980469e-01,1.560109481215476990e-02,1.973105072975158691e-01,-2.518214881420135498e-01,-1.130228757858276367e+00,2.805725336074829102e-01,2.103334367275238037e-01,-6.464918255805969238e-01,-2.301994413137435913e-01,9.057307988405227661e-02,-5.183650925755500793e-02,3.103625476360321045e-01,-2.527681291103363037e-01,-1.099276635795831680e-02,-6.335926055908203125e-01,1.621333062648773193e-01,2.110629975795745850e-01,7.417016625404357910e-01,-2.522467970848083496e-01,2.570915967226028442e-02
-2.276622772216796875e+00,1.037218794226646423e-02,1.011010766029357910e+00,-4.713230952620506287e-02,-1.129691605456173420e-03,9.987603425979614258e-01,1.596856862306594849e-02,1.931445002555847168e-01,-2.810547053813934326e-01,-1.222513675689697266e+00,3.018302917480468750e-01,1.845310628414154053e-01,-5.877842307090759277e-01,-1.592146903276443481e-01,8.409730345010757446e-02,-4.928291961550712585e-02,2.705447673797607422e-01,-2.775290608406066895e-01,1.464785018470138311e-04,-6.728640794754028320e-01,1.395149677991867065e-01,2.061531096696853638e-01,6.181731820106506348e-01,-3.309859037399291992e-01,-8.859238587319850922e-03
-2.324991226196289062e+00,7.580955047160387039e-03,1.006039261817932129e+00,-4.332322254776954651e-02,4.455782473087310791e-03,9.989126920700073242e-01,1.663530990481376648e-02,1.935512125492095947e-01,-3.138158619403839111e-01,-1.302098035812377930e+00,3.290731310844421387e-01,1.607540696859359741e-01,-5.528640151023864746e-01,-9.139313548803329468e-02,6.703594326972961426e-02,-5.160431191325187683e-02,2.471007853746414185e-01,-2.927283048629760742e-01,1.826749555766582489e-02,-7.120777368545532227e-01,1.007038801908493042e-01,1.780462712049484253e-01,5.258086323738098145e-01,-4.181909561157226562e-01,-3.323987126350402832e-02
-2.374151945114135742e+00,3.430233802646398544e-03,9.974418878555297852e-01,-3.956139087677001953e-02,8.787670172750949860e-03,9.991005659103393555e-01,1.248136162757873535e-02,1.811232864856719971e-01,-3.353047072887420654e-01,-1.342011928558349609e+00,3.411135375499725342e-01,1.360509842634201050e-01,-5.136418938636779785e-01,-4.717197269201278687e-02,5.156764015555381775e-02,-5.174906551837921143e-02,2.675254344940185547e-01,-3.294093310832977295e-01,2.971312776207923889e-02,-7.599269151687622070e-01,6.343594193458557129e-02,1.554806381464004517e-01,5.047991871833801270e-01,-4.981993138790130615e-01,-3.568990528583526611e-02
-2.427255392074584961e+00,-5.777787300758063793e-04,9.846987128257751465e-01,-4.146546125411987305e-02,6.913241464644670486e-03,9.990321397781372070e-01,1.294641662389039993e-02,1.609510034322738647e-01,-3.408900797367095947e-01,-1.352495074272155762e+00,3.440730869770050049e-01,1.238195896148681641e-01,-4.795337319374084473e-01,-3.058089315891265869e-02,4.604940488934516907e-02,-5.255776271224021912e-02,3.207854032516479492e-01,-3.549827337265014648e-01,4.710498824715614319e-02,-8.008465766906738281e-01,6.158214434981346130e-02,1.680461019277572632e-01,5.331239700317382812e-01,-5.437960028648376465e-01,-5.300615355372428894e-02
-2.486544609069824219e+00,-5.577180068939924240e-03,9.711613655090332031e-01,-4.064883291721343994e-02,6.308322772383689880e-03,9.989195466041564941e-01,2.162526175379753113e-02,1.695089489221572876e-01,-3.484089970588684082e-01,-1.351929426193237305e+00,3.443972468376159668e-01,1.062014028429985046e-01,-4.455861747264862061e-01,-2.743694372475147247e-02,3.575662896037101746e-02,-3.782338649034500122e-02,4.102811813354492188e-01,-3.607934415340423584e-01,7.217083126306533813e-02,-8.120297789573669434e-01,5.071419104933738708e-02,1.578299850225448608e-01,5.865367054939270020e-01,-5.140690803527832031e-01,-3.265997022390365601e-02
-2.551729440689086914e+00,-1.033513993024826050e-02,9.572708606719970703e-01,-4.089672118425369263e-02,7.747232448309659958e-03,9.987013339996337891e-01,2.937909960746765137e-02,1.839481592178344727e-01,-3.614712059497833252e-01,-1.332180976867675781e+00,3.274765014648437500e-01,9.066904336214065552e-02,-4.127232432365417480e-01,-3.333733230829238892e-02,2.761168964207172394e-02,-7.432416081428527832e-03,5.021591782569885254e-01,-3.015897572040557861e-01,8.644384145736694336e-02,-8.049584031105041504e-01,2.359651029109954834e-02,1.248494535684585571e-01,6.019638776779174805e-01,-3.649564981460571289e-01,7.454288657754659653e-03
-2.616362333297729492e+00,-1.876465976238250732e-02,9.489138126373291016e-01,-4.066451638936996460e-02,1.946112886071205139e-02,9.983544349670410156e-01,3.544159978628158569e-02,1.914416104555130005e-01,-3.619748651981353760e-01,-1.259115934371948242e+00,2.963955104351043701e-01,6.225113570690155029e-02,-3.834875524044036865e-01,-3.561224415898323059e-02,-8.544292300939559937e-03,1.421294081956148148e-02,5.525588393211364746e-01,-1.162453591823577881e-01,1.341129243373870850e-01,-7.841046452522277832e-01,1.379450550302863121e-03,1.399947255849838257e-01,6.208805441856384277e-01,-2.508669495582580566e-01,3.239765018224716187e-02
-2.679210424423217773e+00,-2.544707804918289185e-02,9.464255571365356445e-01,-3.166560456156730652e-02,4.528665170073509216e-02,9.975442290306091309e-01,4.303374886512756348e-02,2.266545444726943970e-01,-3.840846121311187744e-01,-1.164872527122497559e+00,2.532054483890533447e-01,9.141137823462486267e-03,-3.522126674652099609e-01,-5.775793455541133881e-03,-7.237585633993148804e-02,3.226389735937118530e-02,5.414384603500366211e-01,2.127161175012588501e-01,1.756436526775360107e-01,-7.474155426025390625e-01,-5.731870979070663452e-02,1.600703895092010498e-01,6.636239290237426758e-01,-2.348133325576782227e-01,9.132177382707595825e-02
-2.734278917312622070e+00,-2.982667274773120880e-02,9.492440223693847656e-01,-3.967687860131263733e-02,5.468409508466720581e-02,9.967645406723022461e-01,4.354069381952285767e-02,2.205181568861007690e-01,-3.759452998638153076e-01,-1.051069736480712891e+00,1.670263707637786865e-01,-7.444025482982397079e-03,-3.253335654735565186e-01,-2.310789562761783600e-02,-1.239016577601432800e-01,-7.297979667782783508e-03,5.339717268943786621e-01,4.870801270008087158e-01,1.524809449911117554e-01,-7.350428700447082520e-01,-9.047038853168487549e-02,1.692186444997787476e-01,6.967074275016784668e-01,-2.608639299869537354e-01,1.465635895729064941e-01
-2.789623737335205078e+00,-3.605399653315544128e-02,9.619226455688476562e-01,-2.684968709945678711e-02,6.007430329918861389e-02,9.963352084159851074e-01,5.464766174554824829e-02,2.787407934665679932e-01,-3.800047934055328369e-01,-9.547224044799804688e-01,1.577997505664825439e-01,-1.577009819447994232e-02,-3.585199117660522461e-01,-1.265826076269149780e-01,-2.154470682144165039e-01,-8.601165562868118286e-02,7.055043578147888184e-01,4.745640158653259277e-01,6.108438223600387573e-02,-6.292296648025512695e-01,-1.085334792733192444e-01,1.890811473131179810e-01,6.458882093429565430e-01,-2.726217508316040039e-01,1.615064889192581177e-01
-2.842978954315185547e+00,-4.030264541506767273e-02,9.779321551322937012e-01,-2.046748623251914978e-02,5.831586569547653198e-02,9.964579939842224121e-01,5.702510103583335876e-02,3.046527802944183350e-01,-3.582576215267181396e-01,-8.625552654266357422e-01,1.452376246452331543e-01,1.320476364344358444e-02,-4.306632280349731445e-01,-2.578977644443511963e-01,-2.789049744606018066e-01,-1.443949341773986816e-01,8.490232229232788086e-01,3.426164686679840088e-01,-2.834909036755561829e-02,-5.281516313552856445e-01,-1.228524297475814819e-01,1.921407133340835571e-01,5.806978344917297363e-01,-2.831248939037322998e-01,1.565554291009902954e-01
-2.894661664962768555e+00,-4.115556180477142334e-02,9.921091794967651367e-01,-2.018892019987106323e-02,5.320521444082260132e-02,9.968139529228210449e-01,5.588848516345024109e-02,3.148727715015411377e-01,-3.313057124614715576e-01,-7.858610749244689941e-01,1.220902800559997559e-01,6.384861469268798828e-02,-5.212711691856384277e-01,-3.648654222488403320e-01,-2.915669381618499756e-01,-1.675355732440948486e-01,8.979938030242919922e-01,2.320805639028549194e-01,-5.082214996218681335e-02,-4.471393227577209473e-01,-1.231008544564247131e-01,1.930212080478668213e-01,5.288111567497253418e-01,-2.838533520698547363e-01,1.337928771972656250e-01
-2.941550731658935547e+00,-4.028914123773574829e-02,1.005386948585510254e+00,-1.930633001029491425e-02,4.789598286151885986e-02,9.972217082977294922e-01,5.368538200855255127e-02,3.091036975383758545e-01,-2.873198390007019043e-01,-6.991557478904724121e-01,1.288888752460479736e-01,1.304614096879959106e-01,-6.576095223426818848e-01,-4.551035463809967041e-01,-2.620729804039001465e-01,-1.566792577505111694e-01,8.882496953010559082e-01,1.093896999955177307e-01,-2.657518908381462097e-02,-3.652087152004241943e-01,-1.243501901626586914e-01,1.861238479614257812e-01,4.686027169227600098e-01,-2.901098728179931641e-01,1.107768416404724121e-01
-2.990082502365112305e+00,-3.938259184360504150e-02,1.015510201454162598e+00,-1.821727678179740906e-02,4.055553674697875977e-02,9.976913928985595703e-01,5.133467540144920349e-02,3.095473647117614746e-01,-2.541832327842712402e-01,-6.380389928817749023e-01,1.468646526336669922e-01,2.133837044239044189e-01,-8.200208544731140137e-01,-5.149603486061096191e-01,-2.241894006729125977e-01,-1.570352911949157715e-01,8.157214522361755371e-01,-4.840803798288106918e-03,-1.516845950391143560e-04,-2.840755879878997803e-01,-1.218000650405883789e-01,1.691138297319412231e-01,4.125600457191467285e-01,-2.953833043575286865e-01,8.329490572214126587e-02
-3.035684108734130859e+00,-3.839024528861045837e-02,1.020452737808227539e+00,-1.803918369114398956e-02,3.381695225834846497e-02,9.979675412178039551e-01,5.090919882059097290e-02,3.170156478881835938e-01,-2.246586531400680542e-01,-5.984037518501281738e-01,1.718081682920455933e-01,2.900542020797729492e-01,-9.808348417282104492e-01,-5.493951439857482910e-01,-1.874178647994995117e-01,-1.659756153821945190e-01,6.893214583396911621e-01,-7.846881449222564697e-02,5.322222411632537842e-02,-2.117514014244079590e-01,-1.156524494290351868e-01,1.568109691143035889e-01,3.602145314216613770e-01,-2.930583059787750244e-01,5.766761675477027893e-02
-3.080446481704711914e+00,-3.837219625711441040e-02,1.020119786262512207e+00,-2.001135610044002533e-02,3.625055029988288879e-02,9.979069828987121582e-01,4.966954886913299561e-02,3.276608288288116455e-01,-2.160301804542541504e-01,-5.732989907264709473e-01,1.424687206745147705e-01,3.096808195114135742e-01,-1.065217614173889160e+00,-5.719432234764099121e-01,-1.619064509868621826e-01,-1.615536361932754517e-01,5.196079015731811523e-01,-9.004502743482589722e-02,1.005688235163688660e-01,-1.452741026878356934e-01,-1.267514526844024658e-01,1.544318646192550659e-01,3.104961514472961426e-01,-3.068038821220397949e-01,4.222787916660308838e-02
-3.125634670257568359e+00,-3.949117660522460938e-02,1.013566613197326660e+00,-2.340286597609519958e-02,5.284885317087173462e-02,9.969783425331115723e-01,5.189872905611991882e-02,3.440395593643188477e-01,-2.313358336687088013e-01,-5.455238819122314453e-01,9.033165872097015381e-02,2.969758510589599609e-01,-1.128424763679504395e+00,-5.717639327049255371e-01,-1.570803672075271606e-01,-1.420117169618606567e-01,2.900772392749786377e-01,2.136136032640933990e-02,1.606692373752593994e-01,-6.496537476778030396e-02,-1.679976880550384521e-01,1.553004533052444458e-01,2.243975549936294556e-01,-2.928188145160675049e-01,3.350017592310905457e-02
-3.169486045837402344e+00,-3.670760616660118103e-02,1.001049637794494629e+00,-3.337090089917182922e-02,5.721028521656990051e-02,9.966095685958862305e-01,4.881349205970764160e-02,3.398113548755645752e-01,-2.399027347564697266e-01,-5.522062182426452637e-01,1.220985036343336105e-02,2.886265814304351807e-01,-1.162838101387023926e+00,-5.731889605522155762e-01,-1.334273666143417358e-01,-1.356764286756515503e-01,7.189380377531051636e-02,1.750853806734085083e-01,2.174030989408493042e-01,-4.254616796970367432e-02,-1.745299994945526123e-01,1.470839083194732666e-01,2.296781539916992188e-01,-3.235629498958587646e-01,2.778421901166439056e-02
-3.215169906616210938e+00,-3.261345624923706055e-02,9.854084849357604980e-01,-4.118568077683448792e-02,6.216976046562194824e-02,9.961934089660644531e-01,4.513730481266975403e-02,3.238743543624877930e-01,-2.337440252304077148e-01,-5.130367875099182129e-01,-5.456610769033432007e-02,2.809516489505767822e-01,-1.187002539634704590e+00,-6.100674271583557129e-01,-1.246996372938156128e-01,-1.377436220645904541e-01,8.145860047079622746e-04,2.581433653831481934e-01,2.748508453369140625e-01,-5.831096321344375610e-02,-1.745299994945526123e-01,1.411519795656204224e-01,3.188882768154144287e-01,-3.879647254943847656e-01,2.131897397339344025e-02
-3.265475749969482422e+00,-2.957594953477382660e-02,9.701635837554931641e-01,-4.621118307113647461e-02,6.570129096508026123e-02,9.957836866378784180e-01,4.430289939045906067e-02,3.047983348369598389e-01,-2.397955358028411865e-01,-5.030747056007385254e-01,-1.060975417494773865e-01,2.649973630905151367e-01,-1.190032601356506348e+00,-6.273472309112548828e-01,-1.199963837862014771e-01,-1.677899956703186035e-01,2.052034484222531319e-03,3.136149048805236816e-01,2.809673845767974854e-01,-6.251928955316543579e-02,-1.745299994945526123e-01,1.264684796333312988e-01,4.034086763858795166e-01,-4.283217787742614746e-01,-1.363824959844350815e-02
-3.316554546356201172e+00,-2.583733759820461273e-02,9.579000473022460938e-01,-4.566729441285133362e-02,7.021148502826690674e-02,9.955136775970458984e-01,4.401559010148048401e-02,2.871301472187042236e-01,-2.463028728961944580e-01,-4.855738580226898193e-01,-1.293431669473648071e-01,2.457455396652221680e-01,-1.168610572814941406e+00,-6.231012940406799316e-01,-1.159267872571945190e-01,-1.857421100139617920e-01,5.249409750103950500e-02,3.502810597419738770e-01,2.484865933656692505e-01,-6.249303370714187622e-02,-1.745299994945526123e-01,1.275075227022171021e-01,4.876690208911895752e-01,-4.342827200889587402e-01,-2.913675084710121155e-02
-3.367706298828125000e+00,-2.374162524938583374e-02,9.596304297447204590e-01,-3.015779890120029449e-02,6.727240234613418579e-02,9.957407116889953613e-01,5.536530911922454834e-02,2.896566689014434814e-01,-2.437006384134292603e-01,-4.659149944782257080e-01,-9.282097220420837402e-02,2.461764961481094360e-01,-1.155734658241271973e+00,-5.924311876296997070e-01,-7.932558655738830566e-02,-1.484427601099014282e-01,1.335196793079376221e-01,2.492683827877044678e-01,1.285335272550582886e-01,-8.075914811342954636e-04,-1.745299994945526123e-01,1.250799000263214111e-01,4.832967817783355713e-01,-3.348968625068664551e-01,-6.914798915386199951e-02
-3.419282197952270508e+00,-1.529248803853988647e-02,9.598924517631530762e-01,-1.419328525662422180e-02,3.809938207268714905e-02,9.972095489501953125e-01,6.261043250560760498e-02,2.901840806007385254e-01,-1.864815056324005127e-01,-4.464946091175079346e-01,-1.921857148408889771e-02,2.895106375217437744e-01,-1.155268073081970215e+00,-5.803476572036743164e-01,-1.282138563692569733e-02,-1.377328038215637207e-01,2.696951925754547119e-01,1.214437037706375122e-01,2.876769937574863434e-02,1.759667508304119110e-02,-1.029643863439559937e-01,1.407527774572372437e-01,5.505308508872985840e-01,-1.741234660148620605e-01,-1.228865459561347961e-01
-3.470703840255737305e+00,-6.409957073628902435e-03,9.602506160736083984e-01,-5.479558836668729782e-03,4.145508632063865662e-03,9.977133870124816895e-01,6.723664700984954834e-02,2.736995518207550049e-01,-1.180198863148689270e-01,-4.260661900043487549e-01,5.923023819923400879e-02,3.415063023567199707e-01,-1.125135660171508789e+00,-5.548108816146850586e-01,4.770926758646965027e-02,-1.627747118473052979e-01,3.605571091175079346e-01,3.254893794655799866e-02,-2.016479149460792542e-02,3.672077879309654236e-02,-3.105444647371768951e-02,1.257868409156799316e-01,5.628800392150878906e-01,1.019135713577270508e-01,-2.097800374031066895e-01
-3.518560171127319336e+00,-3.377904649823904037e-03,9.643478989601135254e-01,-1.648216159082949162e-03,-1.534677110612392426e-02,9.974775910377502441e-01,6.928395479917526245e-02,2.485700398683547974e-01,-9.023086726665496826e-02,-4.647109210491180420e-01,1.284882873296737671e-01,3.718294799327850342e-01,-1.085648775100708008e+00,-5.249415040016174316e-01,8.045252412557601929e-02,-1.644159555435180664e-01,4.147593975067138672e-01,-2.860598638653755188e-02,-3.054455295205116272e-02,1.970536820590496063e-02,2.493014745414257050e-02,1.351174712181091309e-01,6.009548902511596680e-01,3.248150348663330078e-01,-2.119427323341369629e-01
-3.558101415634155273e+00,-4.716241091955453157e-04,9.736440777778625488e-01,-1.152758300304412842e-02,-6.689547561109066010e-03,9.966673254966735840e-01,8.047711104154586792e-02,2.007578462362289429e-01,-1.129778698086738586e-01,-4.756831526756286621e-01,1.079351007938385010e-01,3.211407661437988281e-01,-9.650346040725708008e-01,-5.262222886085510254e-01,7.447542250156402588e-02,-1.407576501369476318e-01,4.579736292362213135e-01,-8.922234922647476196e-02,-4.682448878884315491e-02,-8.961048722267150879e-02,9.210477769374847412e-02,2.470766454935073853e-01,7.436000108718872070e-01,3.014454543590545654e-01,-1.283957958221435547e-01
-3.597111225128173828e+00,9.233709424734115601e-03,9.801383614540100098e-01,-6.237962748855352402e-03,-1.095437165349721909e-02,9.955361485481262207e-01,9.353523701429367065e-02,1.870956718921661377e-01,-1.004428565502166748e-01,-5.639988780021667480e-01,1.813225448131561279e-01,3.431584835052490234e-01,-8.968000411987304688e-01,-4.700233340263366699e-01,1.027569323778152466e-01,-1.136116608977317810e-01,4.362156093120574951e-01,-1.048607677221298218e-01,-5.403244122862815857e-02,-1.862612068653106689e-01,2.078893035650253296e-01,3.299876451492309570e-01,8.879894018173217773e-01,2.111956328153610229e-01,-5.811353772878646851e-02
-3.633737564086914062e+00,1.105870306491851807e-02,9.907821416854858398e-01,-4.591749981045722961e-03,-1.176208630204200745e-02,9.945513010025024414e-01,1.034807190299034119e-01,1.706200540065765381e-01,-1.077256053686141968e-01,-6.564680337905883789e-01,2.189953327178955078e-01,3.192191720008850098e-01,-8.278758525848388672e-01,-4.194225966930389404e-01,1.069144457578659058e-01,-9.426036477088928223e-02,4.148485064506530762e-01,-1.099976375699043274e-01,-3.674127906560897827e-02,-2.909195423126220703e-01,2.582253515720367432e-01,3.377502858638763428e-01,9.598254561424255371e-01,1.053448617458343506e-01,-1.789238653145730495e-03
-3.665219545364379883e+00,9.861788712441921234e-03,9.984189867973327637e-01,-2.978900447487831116e-02,2.915713237598538399e-03,9.920269846916198730e-01,1.224195659160614014e-01,9.746834635734558105e-02,-1.571724116802215576e-01,-7.713073492050170898e-01,1.205068677663803101e-01,2.417525798082351685e-01,-6.826016902923583984e-01,-4.615946412086486816e-01,9.269295632839202881e-02,-4.967758059501647949e-02,4.547473788261413574e-01,-1.523876786231994629e-01,-3.184361755847930908e-02,-4.285105764865875244e-01,2.453649044036865234e-01,3.244791030883789062e-01,9.617664813995361328e-01,-2.567112818360328674e-02,-3.056365065276622772e-03
-3.698542594909667969e+00,1.120662037283182144e-02,1.006374835968017578e+00,-1.296648848801851273e-02,5.049847066402435303e-03,9.916521906852722168e-01,1.281886547803878784e-01,1.196355223655700684e-01,-1.682280600070953369e-01,-8.874081969261169434e-01,1.709146052598953247e-01,2.299933284521102905e-01,-6.102770566940307617e-01,-3.887287378311157227e-01,8.218016475439071655e-02,-3.525879606604576111e-02,4.324024617671966553e-01,-1.630735397338867188e-01,-1.641688309609889984e-02,-4.655894339084625244e-01,2.352505177259445190e-01,2.853493988513946533e-01,8.899863362312316895e-01,-1.123410835862159729e-01,-1.169932913035154343e-02
