8.897903561592102051e-01,-2.400012493133544922e+00,6.901083886623382568e-02,-2.589931786060333252e-01,-6.477735042572021484e-01,-2.381293922662734985e-01,6.757265329360961914e-01,1.331451535224914551e-01,-8.225454688072204590e-01,3.033658840348933577e-18,-4.340792074799537659e-02,1.307346582412719727e+00,-7.547612807962551231e-18,-3.498595058917999268e-01,1.745286881923675537e-01,-1.231522113084793091e-01,5.488663911819458008e-01,2.725074887275695801e-01,3.835907578468322754e-02,-7.050585001707077026e-02,4.628160297870635986e-01,4.071974158287048340e-01,4.558468237519264221e-02,-4.962875321507453918e-02,-1.544011831283569336e-01
8.945135474205017090e-01,-2.411677360534667969e+00,7.045369595289230347e-02,-2.510432600975036621e-01,-6.502783298492431641e-01,-2.377962172031402588e-01,6.764379739761352539e-01,9.685368090867996216e-02,-8.211771249771118164e-01,4.765523580128757408e-18,-1.318165287375450134e-02,1.241311907768249512e+00,-2.619460639040254520e-17,-6.342118978500366211e-01,1.745299994945526123e-01,-1.843020915985107422e-01,1.088498950004577637e+00,2.062535285949707031e-01,-1.402387581765651703e-02,-1.234566494822502136e-01,5.046204924583435059e-01,4.307791590690612793e-01,1.689857840538024902e-01,-4.921375587582588196e-02,-2.595179080963134766e-01
9.084612727165222168e-01,-2.413773536682128906e+00,7.161282747983932495e-02,-1.694360971450805664e-01,-6.601583957672119141e-01,-1.564686745405197144e-01,7.148425579071044922e-01,1.366016827523708344e-02,-1.049363851547241211e+00,1.731695002318127949e-17,-1.259010192006826401e-02,9.412271380424499512e-01,4.883839772635585998e-18,-8.315522670745849609e-01,1.266521513462066650e-01,4.829549416899681091e-02,1.447032809257507324e+00,2.116286382079124451e-02,3.456441685557365417e-02,-2.771779596805572510e-01,3.288918137550354004e-01,4.329745173454284668e-01,4.420699775218963623e-01,-1.546466052532196045e-01,-2.975064218044281006e-01
9.102025628089904785e-01,-2.409865856170654297e+00,7.215061783790588379e-02,-1.601800471544265747e-01,-6.482833623886108398e-01,-1.159483641386032104e-01,7.352734804153442383e-01,-3.039229474961757660e-02,-1.113725662231445312e+00,1.047856269960230674e-18,-5.488120391964912415e-02,8.056735396385192871e-01,3.432054748671522105e-17,-8.709481954574584961e-01,6.635510176420211792e-02,8.910181373357772827e-02,1.490897178649902344e+00,-5.624669790267944336e-02,8.323388546705245972e-02,-3.488049209117889404e-01,2.709745466709136963e-01,4.384652972221374512e-01,5.079541206359863281e-01,-1.785920560359954834e-01,-2.982646524906158447e-01
9.095764160156250000e-01,-2.407118558883666992e+00,7.432366907596588135e-02,-1.702346652746200562e-01,-6.339135169982910156e-01,-5.989535152912139893e-02,7.520547509193420410e-01,-2.136435732245445251e-02,-1.178851723670959473e+00,-8.715534757425160149e-19,-1.085619851946830750e-01,6.618720889091491699e-01,2.775252166480736773e-17,-8.629211187362670898e-01,8.824027609080076218e-04,1.079239770770072937e-01,1.500409960746765137e+00,-5.560097843408584595e-02,9.916300326585769653e-02,-3.950887918472290039e-01,2.126175612211227417e-01,4.364839792251586914e-01,5.262864828109741211e-01,-1.770607680082321167e-01,-2.890164256095886230e-01
9.080948829650878906e-01,-2.404251337051391602e+00,7.707769423723220825e-02,-2.059487402439117432e-01,-6.184499263763427734e-01,-1.493346039205789566e-02,7.582095861434936523e-01,-1.222172938287258148e-02,-1.184518694877624512e+00,-1.812577301639991783e-18,-1.431448012590408325e-01,5.689070820808410645e-01,2.048911901633129873e-19,-8.468234539031982422e-01,-2.387511916458606720e-02,1.017273440957069397e-01,1.501523137092590332e+00,-4.949935898184776306e-02,1.130495145916938782e-01,-4.175460934638977051e-01,2.019937336444854736e-01,4.274802207946777344e-01,5.276644825935363770e-01,-1.747177690267562866e-01,-2.834011018276214600e-01
9.059733748435974121e-01,-2.403419017791748047e+00,8.005373924970626831e-02,-2.508022487163543701e-01,-5.958660840988159180e-01,4.537924379110336304e-02,7.615658640861511230e-01,6.701611448079347610e-03,-1.201766014099121094e+00,9.262148113909389132e-20,-1.717579662799835205e-01,4.668331146240234375e-01,3.581164724714107277e-19,-8.267067670822143555e-01,-4.976641386747360229e-02,8.893220871686935425e-02,1.505354762077331543e+00,-4.671367257833480835e-02,1.265328228473663330e-01,-4.449334740638732910e-01,1.828468590974807739e-01,4.185412526130676270e-01,5.269243121147155762e-01,-1.714204698801040649e-01,-2.784752547740936279e-01
9.036919474601745605e-01,-2.402853488922119141e+00,8.370668441057205200e-02,-3.005095124244689941e-01,-5.668350458145141602e-01,1.123539432883262634e-01,7.587941884994506836e-01,1.517793163657188416e-02,-1.215184330940246582e+00,-5.927341044298373163e-05,-1.859333217144012451e-01,3.641652166843414307e-01,1.429651407851431234e-19,-8.056418895721435547e-01,-7.577296346426010132e-02,7.227224856615066528e-02,1.511079072952270508e+00,-4.699284955859184265e-02,1.385209709405899048e-01,-4.725030958652496338e-01,1.582930535078048706e-01,4.092563092708587646e-01,5.260691642761230469e-01,-1.677727848291397095e-01,-2.740550637245178223e-01
8.999277949333190918e-01,-2.396500349044799805e+00,9.093727916479110718e-02,-3.671526312828063965e-01,-5.181651711463928223e-01,1.745000183582305908e-01,7.524982094764709473e-01,-1.208296604454517365e-02,-1.214263677597045898e+00,-2.022840827703475952e-02,-2.011198550462722778e-01,2.775107324123382568e-01,4.793844589941347970e-19,-7.705788612365722656e-01,-1.576593518257141113e-01,-2.777400240302085876e-02,1.493493914604187012e+00,-5.445957183837890625e-02,1.759012192487716675e-01,-5.379484295845031738e-01,1.258551627397537231e-01,3.287102282047271729e-01,5.304064750671386719e-01,-1.551640182733535767e-01,-2.542180120944976807e-01
8.957618474960327148e-01,-2.396749496459960938e+00,9.785610437393188477e-02,-4.077818989753723145e-01,-4.792010784149169922e-01,2.327054142951965332e-01,7.415716052055358887e-01,6.801041308790445328e-03,-1.255434155464172363e+00,-5.079419165849685669e-02,-1.676441878080368042e-01,1.913703680038452148e-01,-1.686859083421732425e-19,-7.402549982070922852e-01,-2.198197990655899048e-01,-1.047299280762672424e-01,1.480470657348632812e+00,-5.990237370133399963e-02,2.033502757549285889e-01,-5.861353278160095215e-01,8.491025865077972412e-02,2.707386314868927002e-01,5.411739945411682129e-01,-1.430845409631729126e-01,-2.364578396081924438e-01
8.929650187492370605e-01,-2.394463777542114258e+00,1.038425862789154053e-01,-4.481513202190399170e-01,-4.363322556018829346e-01,2.865863740444183350e-01,7.257016301155090332e-01,1.120369508862495422e-02,-1.290935277938842773e+00,-8.910399675369262695e-02,-1.385104060173034668e-01,1.197988763451576233e-01,-9.466875315516263482e-21,-7.097091674804687500e-01,-2.701212763786315918e-01,-1.765228956937789917e-01,1.471031785011291504e+00,-6.485182046890258789e-02,2.278625667095184326e-01,-6.320977210998535156e-01,3.936034440994262695e-02,2.241575866937637329e-01,5.520983338356018066e-01,-1.315758973360061646e-01,-2.182462066411972046e-01
8.906819224357604980e-01,-2.388768434524536133e+00,1.096036806702613831e-01,-4.888914227485656738e-01,-3.865093886852264404e-01,3.360264003276824951e-01,7.061741352081298828e-01,1.722140121273696423e-03,-1.318463563919067383e+00,-1.346409916877746582e-01,-1.519369184970855713e-01,3.455051407217979431e-02,-9.873508679447695613e-05,-6.809412837028503418e-01,-3.124422430992126465e-01,-2.505255639553070068e-01,1.461884498596191406e+00,-7.080017030239105225e-02,2.510895729064941406e-01,-6.797201037406921387e-01,-1.109670940786600113e-02,1.834192425012588501e-01,5.620431303977966309e-01,-1.204821467399597168e-01,-1.985068768262863159e-01
8.885866999626159668e-01,-2.381896495819091797e+00,1.159870103001594543e-01,-5.110641717910766602e-01,-3.459552824497222900e-01,3.681228458881378174e-01,6.954235434532165527e-01,2.113041235134005547e-03,-1.367637395858764648e+00,-1.882257163524627686e-01,-1.819868832826614380e-01,-2.571580186486244202e-02,-1.704661757685244083e-03,-6.569418311119079590e-01,-3.496919870376586914e-01,-3.182122111320495605e-01,1.450442790985107422e+00,-7.775680720806121826e-02,2.712370157241821289e-01,-7.223110198974609375e-01,-5.890372395515441895e-02,1.513975560665130615e-01,5.734046101570129395e-01,-1.100474968552589417e-01,-1.781361252069473267e-01
8.874871730804443359e-01,-2.375365972518920898e+00,1.212503463029861450e-01,-5.310169458389282227e-01,-3.093944191932678223e-01,3.969195783138275146e-01,6.817264556884765625e-01,-1.028817333281040192e-02,-1.403121352195739746e+00,-2.475555539131164551e-01,-2.199764847755432129e-01,-8.003089576959609985e-02,-4.112025722861289978e-03,-6.325172185897827148e-01,-3.807305693626403809e-01,-3.820247352123260498e-01,1.440467119216918945e+00,-8.459825813770294189e-02,2.884146869182586670e-01,-7.583311796188354492e-01,-1.093869134783744812e-01,1.275767087936401367e-01,5.873731374740600586e-01,-1.000013947486877441e-01,-1.591127961874008179e-01
8.878553509712219238e-01,-2.368457317352294922e+00,1.211776807904243469e-01,-5.591736435890197754e-01,-2.810236513614654541e-01,4.192293584346771240e-01,6.577212810516357422e-01,-7.342343032360076904e-02,-1.358468770980834961e+00,-3.103337883949279785e-01,-2.468083202838897705e-01,-1.126636564731597900e-01,-5.375810898840427399e-03,-6.062301397323608398e-01,-4.021330177783966064e-01,-4.447951912879943848e-01,1.433337092399597168e+00,-9.092482924461364746e-02,3.034438788890838623e-01,-7.857674360275268555e-01,-1.610345840454101562e-01,1.102368831634521484e-01,6.045080423355102539e-01,-9.015171974897384644e-02,-1.429765522480010986e-01
8.885847926139831543e-01,-2.359000444412231445e+00,1.004397794604301453e-01,-6.237164735794067383e-01,-2.781151533126831055e-01,4.128356575965881348e-01,6.026577949523925781e-01,-2.625288069248199463e-01,-1.145638227462768555e+00,-3.741632103919982910e-01,-2.283867746591567993e-01,-4.597017914056777954e-02,-1.010637171566486359e-02,-5.791561603546142578e-01,-3.964087367057800293e-01,-5.204249620437622070e-01,1.433131337165832520e+00,-9.566419571638107300e-02,3.176270723342895508e-01,-8.052190542221069336e-01,-1.745299994945526123e-01,9.282208234071731567e-02,6.248419284820556641e-01,-8.027514070272445679e-02,-1.238705590367317200e-01
8.973356485366821289e-01,-2.353698730468750000e+00,3.582949936389923096e-02,-7.222143411636352539e-01,-3.457861840724945068e-01,3.351769447326660156e-01,4.964824318885803223e-01,-6.722801327705383301e-01,-6.353890895843505859e-01,-4.193897247314453125e-01,-1.371172815561294556e-01,2.187253534793853760e-01,-2.340468391776084900e-02,-5.508263111114501953e-01,-3.380129039287567139e-01,-6.060917377471923828e-01,1.449076771736145020e+00,-9.567185491323471069e-02,3.293988704681396484e-01,-8.141079545021057129e-01,-1.438355743885040283e-01,6.121433898806571960e-02,6.466380953788757324e-01,-7.208013534545898438e-02,-9.956737607717514038e-02
9.159045219421386719e-01,-2.344208955764770508e+00,2.677506301552057266e-03,-7.602049708366394043e-01,-4.135750830173492432e-01,2.668446302413940430e-01,4.240731298923492432e-01,-9.498179554939270020e-01,-2.369699031114578247e-01,-4.274234473705291748e-01,-6.433592736721038818e-02,4.331296086311340332e-01,-3.293634951114654541e-02,-5.297408103942871094e-01,-2.727724909782409668e-01,-6.525995135307312012e-01,1.471375942230224609e+00,-9.316291660070419312e-02,3.324260115623474121e-01,-8.129566907882690430e-01,-8.023026585578918457e-02,3.002036362886428833e-02,6.617143154144287109e-01,-6.854770332574844360e-02,-8.159604668617248535e-02
9.381107687950134277e-01,-2.327475070953369141e+00,-1.512885745614767075e-02,-7.731025218963623047e-01,-4.825485050678253174e-01,1.922795027494430542e-01,3.639889657497406006e-01,-1.189310669898986816e+00,1.314100623130798340e-01,-4.253924787044525146e-01,3.832351416349411011e-03,6.408836841583251953e-01,-4.233191907405853271e-02,-5.049763321876525879e-01,-1.902422457933425903e-01,-6.908499002456665039e-01,1.500570416450500488e+00,-9.030649811029434204e-02,3.285202383995056152e-01,-8.058730959892272949e-01,1.668331399559974670e-02,-1.039876695722341537e-02,6.833488941192626953e-01,-6.546375900506973267e-02,-6.121205165982246399e-02
9.553287029266357422e-01,-2.299279928207397461e+00,-1.472935639321804047e-02,-7.762804627418518066e-01,-5.250901579856872559e-01,1.337892413139343262e-01,3.221325576305389404e-01,-1.401841640472412109e+00,3.464172780513763428e-01,-4.145424962043762207e-01,3.903224319219589233e-02,7.998878359794616699e-01,-5.372853204607963562e-02,-4.772641658782958984e-01,-8.332469314336776733e-02,-7.239046692848205566e-01,1.533756613731384277e+00,-8.598838746547698975e-02,3.176602721214294434e-01,-7.912248969078063965e-01,1.486709117889404297e-01,-6.387123465538024902e-02,7.199861407279968262e-01,-6.134838610887527466e-02,-3.526236489415168762e-02
9.464694261550903320e-01,-2.243000030517578125e+00,5.175244528800249100e-03,-7.836334109306335449e-01,-5.202939510345458984e-01,9.822152554988861084e-02,3.249082863330841064e-01,-1.546808362007141113e+00,3.490999937057495117e-01,-3.443402945995330811e-01,-3.627488389611244202e-02,8.314393162727355957e-01,-1.059441491961479187e-01,-4.878848791122436523e-01,9.228173643350601196e-02,-7.157509922981262207e-01,1.495515465736389160e+00,-8.057986199855804443e-02,2.656023800373077393e-01,-7.840739488601684570e-01,3.160975575447082520e-01,-1.441852301359176636e-01,8.117792010307312012e-01,-5.350420624017715454e-02,3.029930777847766876e-02
9.393338561058044434e-01,-2.200700521469116211e+00,2.929437346756458282e-02,-7.867346405982971191e-01,-5.179945230484008789e-01,1.086600199341773987e-01,3.176842927932739258e-01,-1.557286858558654785e+00,3.490999937057495117e-01,-2.893589437007904053e-01,-5.739146098494529724e-02,8.243658542633056641e-01,-1.529400050640106201e-01,-4.984213113784790039e-01,1.740052849054336548e-01,-6.968386769294738770e-01,1.453172087669372559e+00,-7.823548465967178345e-02,2.113972455263137817e-01,-7.634961009025573730e-01,3.927903175354003906e-01,-2.238976955413818359e-01,8.915895223617553711e-01,-5.706210061907768250e-02,5.785600095987319946e-02
9.414874315261840820e-01,-2.165750741958618164e+00,4.114758223295211792e-02,-7.843615412712097168e-01,-5.205223560333251953e-01,1.146782040596008301e-01,3.173048794269561768e-01,-1.604410886764526367e+00,3.490999937057495117e-01,-2.439133673906326294e-01,-9.189934283494949341e-02,8.307414054870605469e-01,-1.919216364622116089e-01,-5.162526369094848633e-01,1.745299994945526123e-01,-6.897903084754943848e-01,1.436813950538635254e+00,-7.508555799722671509e-02,1.614021211862564087e-01,-7.341003417968750000e-01,4.235812723636627197e-01,-2.708682417869567871e-01,9.593811631202697754e-01,-6.383407860994338989e-02,5.946666002273559570e-02
9.465022087097167969e-01,-2.137928962707519531e+00,4.919961467385292053e-02,-7.876415252685546875e-01,-5.206624269485473633e-01,1.279782354831695557e-01,3.035672605037689209e-01,-1.642138361930847168e+00,3.490999937057495117e-01,-2.056478857994079590e-01,-1.172043308615684509e-01,8.492383956909179688e-01,-2.235996127128601074e-01,-5.554023981094360352e-01,1.745299994945526123e-01,-7.002983093261718750e-01,1.428818583488464355e+00,-7.294815033674240112e-02,1.189949885010719299e-01,-7.073857188224792480e-01,4.374313354492187500e-01,-2.977806925773620605e-01,1.011489748954772949e+00,-7.983784377574920654e-02,5.720746144652366638e-02
9.536314606666564941e-01,-2.114735603332519531e+00,5.748081952333450317e-02,-7.978354692459106445e-01,-5.146400928497314453e-01,1.538283824920654297e-01,2.737533748149871826e-01,-1.607016563415527344e+00,3.490999937057495117e-01,-1.801731437444686890e-01,-1.336265951395034790e-01,8.578835725784301758e-01,-2.476448714733123779e-01,-6.160700917243957520e-01,1.745299994945526123e-01,-7.263327836990356445e-01,1.411928057670593262e+00,-7.560019940137863159e-02,8.459297567605972290e-02,-6.806315183639526367e-01,4.501308500766754150e-01,-3.321133255958557129e-01,1.054152011871337891e+00,-1.010608896613121033e-01,5.586090311408042908e-02
9.600759744644165039e-01,-2.094429492950439453e+00,7.440210878849029541e-02,-8.053703308105468750e-01,-5.081799626350402832e-01,1.830791682004928589e-01,2.441592514514923096e-01,-1.524269104003906250e+00,3.490999937057495117e-01,-1.751304268836975098e-01,-1.239505559206008911e-01,8.655998706817626953e-01,-2.721326053142547607e-01,-6.924890279769897461e-01,1.745299994945526123e-01,-7.533299922943115234e-01,1.375394821166992188e+00,-8.474613726139068604e-02,5.800393223762512207e-02,-6.617801189422607422e-01,4.713370501995086670e-01,-3.685709536075592041e-01,1.090565919876098633e+00,-1.262190043926239014e-01,5.248148739337921143e-02
9.682177901268005371e-01,-2.077140092849731445e+00,9.483277052640914917e-02,-8.058825135231018066e-01,-5.147676467895507812e-01,1.953582614660263062e-01,2.177216857671737671e-01,-1.490200519561767578e+00,3.490999937057495117e-01,-1.820179373025894165e-01,-7.556951045989990234e-02,9.032050967216491699e-01,-3.033545613288879395e-01,-7.796012163162231445e-01,1.745299547910690308e-01,-7.706620097160339355e-01,1.322468042373657227e+00,-9.731989353895187378e-02,3.649471327662467957e-02,-6.613529324531555176e-01,5.229253172874450684e-01,-3.793070614337921143e-01,1.125933051109313965e+00,-1.552633196115493774e-01,4.469930380582809448e-02
9.760972261428833008e-01,-2.057542324066162109e+00,1.227699369192123413e-01,-8.063701987266540527e-01,-5.184792280197143555e-01,2.068577259778976440e-01,1.953362971544265747e-01,-1.438512325286865234e+00,3.469137549400329590e-01,-1.995603740215301514e-01,-2.554687298834323883e-02,9.392043352127075195e-01,-3.409245014190673828e-01,-8.741304874420166016e-01,1.741529554128646851e-01,-7.758206129074096680e-01,1.257401227951049805e+00,-1.150080040097236633e-01,2.067646197974681854e-02,-6.886444091796875000e-01,5.972891449928283691e-01,-3.654856383800506592e-01,1.156497955322265625e+00,-1.853805184364318848e-01,3.821704164147377014e-02
9.829688668251037598e-01,-2.035376787185668945e+00,1.529936045408248901e-01,-8.092365264892578125e-01,-5.183032155036926270e-01,2.164751142263412476e-01,1.721526235342025757e-01,-1.393298029899597168e+00,3.443747162818908691e-01,-2.278669625520706177e-01,1.420219521969556808e-02,9.795173406600952148e-01,-3.849853575229644775e-01,-9.648324251174926758e-01,1.735539883375167847e-01,-7.714849710464477539e-01,1.188501000404357910e+00,-1.337928622961044312e-01,8.426962420344352722e-03,-7.366697192192077637e-01,6.838530302047729492e-01,-3.439137637615203857e-01,1.179915308952331543e+00,-2.161048650741577148e-01,3.146183490753173828e-02
9.874909520149230957e-01,-2.010933399200439453e+00,1.823318451642990112e-01,-8.156400322914123535e-01,-5.136132240295410156e-01,2.229971736669540405e-01,1.456194370985031128e-01,-1.372659683227539062e+00,3.251194357872009277e-01,-2.620557248592376709e-01,4.894493147730827332e-02,1.028573751449584961e+00,-4.333028495311737061e-01,-1.043273806571960449e+00,1.728995293378829956e-01,-7.577376961708068848e-01,1.123513936996459961e+00,-1.528699547052383423e-01,5.921393167227506638e-04,-8.046964406967163086e-01,7.792449593544006348e-01,-3.262869715690612793e-01,1.189836859703063965e+00,-2.459301948547363281e-01,2.500925399363040924e-02
9.892470240592956543e-01,-1.986733794212341309e+00,2.104425430297851562e-01,-8.225470185279846191e-01,-5.062249898910522461e-01,2.269912511110305786e-01,1.250105649232864380e-01,-1.371451973915100098e+00,2.937056124210357666e-01,-2.977749705314636230e-01,7.240337878465652466e-02,1.072273135185241699e+00,-4.806887805461883545e-01,-1.112465620040893555e+00,1.724670529365539551e-01,-7.276192307472229004e-01,1.072443127632141113e+00,-1.667611002922058105e-01,-8.408935740590095520e-03,-8.904763460159301758e-01,8.727145195007324219e-01,-3.051747381687164307e-01,1.183042764663696289e+00,-2.741627991199493408e-01,1.898704469203948975e-02
9.892707467079162598e-01,-1.966530084609985352e+00,2.390806078910827637e-01,-8.266878724098205566e-01,-5.007755160331726074e-01,2.307023555040359497e-01,1.121938228607177734e-01,-1.381158113479614258e+00,2.782680094242095947e-01,-3.314271867275238037e-01,8.735165745019912720e-02,1.118953347206115723e+00,-5.264590978622436523e-01,-1.174828767776489258e+00,1.664609909057617188e-01,-6.841041445732116699e-01,1.036200761795043945e+00,-1.775293648242950439e-01,-1.602061092853546143e-02,-9.949853420257568359e-01,9.601384401321411133e-01,-2.639427185058593750e-01,1.161380529403686523e+00,-3.025473654270172119e-01,1.438257936388254166e-02
9.868314266204833984e-01,-1.949506163597106934e+00,2.661778926849365234e-01,-8.312618732452392578e-01,-4.927475154399871826e-01,2.358391731977462769e-01,1.028761416673660278e-01,-1.399146556854248047e+00,2.663161456584930420e-01,-3.619903326034545898e-01,9.182699769735336304e-02,1.172036051750183105e+00,-5.688072443008422852e-01,-1.226127266883850098e+00,1.403449624776840210e-01,-6.325200200080871582e-01,1.018908262252807617e+00,-1.831962466239929199e-01,-2.498347498476505280e-02,-1.110099434852600098e+00,1.029622435569763184e+00,-1.998663246631622314e-01,1.132148146629333496e+00,-3.260598778724670410e-01,1.376623939722776413e-02
9.849836230278015137e-01,-1.938209533691406250e+00,2.901186645030975342e-01,-8.333064913749694824e-01,-4.884614944458007812e-01,2.403054535388946533e-01,9.622360020875930786e-02,-1.427551865577697754e+00,2.751527726650238037e-01,-3.856543600559234619e-01,8.762500435113906860e-02,1.234055638313293457e+00,-6.075090765953063965e-01,-1.269101262092590332e+00,1.055326089262962341e-01,-5.680614113807678223e-01,1.025137066841125488e+00,-1.825681030750274658e-01,-3.867661207914352417e-02,-1.209578990936279297e+00,1.060783147811889648e+00,-1.276386231184005737e-01,1.113729834556579590e+00,-3.402312695980072021e-01,8.436397649347782135e-03
9.848428368568420410e-01,-1.933171868324279785e+00,3.117609620094299316e-01,-8.317704796791076660e-01,-4.870058000087738037e-01,2.504365146160125732e-01,9.091059863567352295e-02,-1.455024242401123047e+00,3.005876541137695312e-01,-4.007388353347778320e-01,9.312301129102706909e-02,1.310438513755798340e+00,-6.401075124740600586e-01,-1.307334303855895996e+00,6.383305788040161133e-02,-4.919430613517761230e-01,1.055194139480590820e+00,-1.760064661502838135e-01,-5.917365476489067078e-02,-1.275040388107299805e+00,1.044299006462097168e+00,-6.069887056946754456e-02,1.119835376739501953e+00,-3.431474268436431885e-01,-8.056784048676490784e-03
9.865971207618713379e-01,-1.930426120758056641e+00,3.293099701404571533e-01,-8.306989669799804688e-01,-4.852865636348724365e-01,2.597087323665618896e-01,8.359138667583465576e-02,-1.495381355285644531e+00,3.116304576396942139e-01,-4.074332416057586670e-01,1.067518368363380432e-01,1.397614479064941406e+00,-6.643607616424560547e-01,-1.351104378700256348e+00,2.235593460500240326e-02,-4.192548394203186035e-01,1.102895736694335938e+00,-1.657549887895584106e-01,-7.714554667472839355e-02,-1.317594885826110840e+00,1.008197546005249023e+00,5.872305016964673996e-03,1.147243618965148926e+00,-3.386338055133819580e-01,-2.926325611770153046e-02
9.908393621444702148e-01,-1.927390933036804199e+00,3.418724834918975830e-01,-8.304342031478881836e-01,-4.846978485584259033e-01,2.639544606208801270e-01,7.599371671676635742e-02,-1.551683306694030762e+00,3.114544749259948730e-01,-4.041456878185272217e-01,1.278934776782989502e-01,1.488166451454162598e+00,-6.818389296531677246e-01,-1.407962918281555176e+00,-1.412964332848787308e-02,-3.614490628242492676e-01,1.161999225616455078e+00,-1.554446816444396973e-01,-9.174329787492752075e-02,-1.347340703010559082e+00,9.728453755378723145e-01,7.432420551776885986e-02,1.186991930007934570e+00,-3.318544328212738037e-01,-4.654696583747863770e-02
9.967082142829895020e-01,-1.924456000328063965e+00,3.527365028858184814e-01,-8.307776451110839844e-01,-4.824160039424896240e-01,2.675963640213012695e-01,7.399673014879226685e-02,-1.610176444053649902e+00,3.163844943046569824e-01,-3.909678757190704346e-01,1.483234465122222900e-01,1.565452575683593750e+00,-6.922331452369689941e-01,-1.483260273933410645e+00,-4.663103073835372925e-02,-3.149046003818511963e-01,1.228735446929931641e+00,-1.492760628461837769e-01,-1.033708006143569946e-01,-1.370471358299255371e+00,9.362527728080749512e-01,1.489656120538711548e-01,1.233439087867736816e+00,-3.243738710880279541e-01,-6.204399839043617249e-02
1.005686640739440918e+00,-1.921988129615783691e+00,3.621084392070770264e-01,-8.307896256446838379e-01,-4.803499877452850342e-01,2.707702219486236572e-01,7.573651522397994995e-02,-1.667055010795593262e+00,3.225015401840209961e-01,-3.701395392417907715e-01,1.560405790805816650e-01,1.624513745307922363e+00,-6.969678997993469238e-01,-1.580501317977905273e+00,-6.936623156070709229e-02,-2.785890996456146240e-01,1.301313757896423340e+00,-1.478266417980194092e-01,-1.148564517498016357e-01,-1.393468976020812988e+00,9.012820720672607422e-01,2.292907387018203735e-01,1.278167009353637695e+00,-3.203363120555877686e-01,-8.051763474941253662e-02
1.015672564506530762e+00,-1.916568160057067871e+00,3.710328638553619385e-01,-8.315690159797668457e-01,-4.771461486816406250e-01,2.735673487186431885e-01,7.736577093601226807e-02,-1.715792536735534668e+00,3.250408768653869629e-01,-3.453280925750732422e-01,1.575243175029754639e-01,1.674239635467529297e+00,-6.980689167976379395e-01,-1.698386192321777344e+00,-7.284019142389297485e-02,-2.525216639041900635e-01,1.378263235092163086e+00,-1.518504768610000610e-01,-1.187938526272773743e-01,-1.423386096954345703e+00,8.741167783737182617e-01,3.121174573898315430e-01,1.313399672508239746e+00,-3.198676109313964844e-01,-1.001029983162879944e-01
1.027008771896362305e+00,-1.907345414161682129e+00,3.805157542228698730e-01,-8.321532011032104492e-01,-4.730083942413330078e-01,2.789987325668334961e-01,7.709620893001556396e-02,-1.749113798141479492e+00,3.293685913085937500e-01,-3.204401731491088867e-01,1.610093712806701660e-01,1.725039124488830566e+00,-6.978362798690795898e-01,-1.833680033683776855e+00,-5.033436417579650879e-02,-2.342678606510162354e-01,1.459138393402099609e+00,-1.583909839391708374e-01,-1.141014024615287781e-01,-1.460239052772521973e+00,8.579579591751098633e-01,3.921814262866973877e-01,1.336174607276916504e+00,-3.238409757614135742e-01,-1.202947422862052917e-01
1.036659240722656250e+00,-1.892207503318786621e+00,3.856373727321624756e-01,-8.298985958099365234e-01,-4.713836610317230225e-01,2.900265455245971680e-01,7.035875320434570312e-02,-1.759291052818298340e+00,3.310713469982147217e-01,-2.984045147895812988e-01,1.694319248199462891e-01,1.779536366462707520e+00,-6.994354724884033203e-01,-1.919899940490722656e+00,1.890372601337730885e-03,-2.336148321628570557e-01,1.527189612388610840e+00,-1.705929487943649292e-01,-9.825858473777770996e-02,-1.494776487350463867e+00,8.570419549942016602e-01,4.592370688915252686e-01,1.348430752754211426e+00,-3.320543766021728516e-01,-1.388786286115646362e-01
1.040988564491271973e+00,-1.872199773788452148e+00,3.796989619731903076e-01,-8.236720561981201172e-01,-4.725245833396911621e-01,3.090004324913024902e-01,5.294883251190185547e-02,-1.740307927131652832e+00,3.299497365951538086e-01,-2.812654972076416016e-01,1.965588927268981934e-01,1.849730968475341797e+00,-7.040366530418395996e-01,-1.919899940490722656e+00,6.569770723581314087e-02,-2.624817490577697754e-01,1.544951319694519043e+00,-1.945897638797760010e-01,-7.025547325611114502e-02,-1.503754258155822754e+00,8.678305745124816895e-01,4.983927309513092041e-01,1.351117968559265137e+00,-3.459934890270233154e-01,-1.557970046997070312e-01
1.046381950378417969e+00,-1.851568937301635742e+00,3.746580779552459717e-01,-8.152174353599548340e-01,-4.736518561840057373e-01,3.321050107479095459e-01,2.794100157916545868e-02,-1.704622983932495117e+00,3.239465057849884033e-01,-2.667881250381469727e-01,2.424776256084442139e-01,1.938374876976013184e+00,-7.110598683357238770e-01,-1.919899940490722656e+00,1.228129118680953979e-01,-3.023593425750732422e-01,1.548996210098266602e+00,-2.184423655271530151e-01,-3.858891502022743225e-02,-1.509380698204040527e+00,8.804146647453308105e-01,5.240691304206848145e-01,1.336187958717346191e+00,-3.647337257862091064e-01,-1.747637391090393066e-01
1.054382324218750000e+00,-1.831972718238830566e+00,3.759406507015228271e-01,-8.055073618888854980e-01,-4.743570089340209961e-01,3.551623821258544922e-01,-1.719578751362860203e-03,-1.660852313041687012e+00,3.129108846187591553e-01,-2.551746666431427002e-01,2.992491126060485840e-01,2.031265497207641602e+00,-7.149582505226135254e-01,-1.919899940490722656e+00,1.431151628494262695e-01,-3.382979631423950195e-01,1.601801514625549316e+00,-2.302449643611907959e-01,-2.252435870468616486e-02,-1.525269865989685059e+00,8.970777988433837891e-01,5.487416982650756836e-01,1.316187620162963867e+00,-3.755874335765838623e-01,-1.940211355686187744e-01
1.060544490814208984e+00,-1.807030916213989258e+00,3.766522109508514404e-01,-7.935290336608886719e-01,-4.741366803646087646e-01,3.793503642082214355e-01,-3.999249637126922607e-02,-1.610605359077453613e+00,2.829798161983489990e-01,-2.437745928764343262e-01,3.727187812328338623e-01,2.131012916564941406e+00,-7.156252861022949219e-01,-1.919899940490722656e+00,1.588376015424728394e-01,-3.681863248348236084e-01,1.666176438331604004e+00,-2.416370511054992676e-01,-2.690980955958366394e-02,-1.516712188720703125e+00,9.205523133277893066e-01,5.701845288276672363e-01,1.327378749847412109e+00,-3.792234659194946289e-01,-2.007669657468795776e-01
1.068731904029846191e+00,-1.782359361648559570e+00,3.747926354408264160e-01,-7.795615196228027344e-01,-4.741379916667938232e-01,3.999451994895935059e-01,-8.672291040420532227e-02,-1.565405249595642090e+00,2.333797216415405273e-01,-2.316352874040603638e-01,4.467613697052001953e-01,2.242139577865600586e+00,-7.121073007583618164e-01,-1.919899940490722656e+00,1.567731648683547974e-01,-4.137857854366302490e-01,1.731838822364807129e+00,-2.481238394975662231e-01,-2.919929102063179016e-02,-1.503266930580139160e+00,9.524928331375122070e-01,5.754032731056213379e-01,1.349477648735046387e+00,-3.795653581619262695e-01,-2.014349400997161865e-01
1.078771471977233887e+00,-1.758873343467712402e+00,3.710633218288421631e-01,-7.668724060058593750e-01,-4.770916998386383057e-01,4.117183983325958252e-01,-1.215653344988822937e-01,-1.546249508857727051e+00,1.992160975933074951e-01,-2.227516919374465942e-01,4.849422276020050049e-01,2.339247226715087891e+00,-7.081985473632812500e-01,-1.919899940490722656e+00,1.501947343349456787e-01,-4.527596533298492432e-01,1.784603118896484375e+00,-2.524974346160888672e-01,-2.656880021095275879e-02,-1.505764365196228027e+00,9.924467802047729492e-01,5.580995678901672363e-01,1.364299893379211426e+00,-3.824527859687805176e-01,-1.977643966674804688e-01
1.085376858711242676e+00,-1.734712600708007812e+00,3.689224123954772949e-01,-7.559555172920227051e-01,-4.778400361537933350e-01,4.223425686359405518e-01,-1.477394104003906250e-01,-1.534570217132568359e+00,1.859021633863449097e-01,-2.110253274440765381e-01,5.108878612518310547e-01,2.406701564788818359e+00,-7.020564079284667969e-01,-1.919899940490722656e+00,1.397521048784255981e-01,-4.827503561973571777e-01,1.837815761566162109e+00,-2.566604912281036377e-01,-2.402426861226558685e-02,-1.507425546646118164e+00,1.031479120254516602e+00,5.287775397300720215e-01,1.374630212783813477e+00,-3.864560425281524658e-01,-1.973733901977539062e-01
1.091706395149230957e+00,-1.713338971138000488e+00,3.684287071228027344e-01,-7.441508769989013672e-01,-4.791388213634490967e-01,4.345580935478210449e-01,-1.668074429035186768e-01,-1.534239411354064941e+00,1.943998187780380249e-01,-1.935287117958068848e-01,5.313824415206909180e-01,2.437787294387817383e+00,-6.895648837089538574e-01,-1.919899940490722656e+00,1.275306493043899536e-01,-4.990581572055816650e-01,1.891407489776611328e+00,-2.617088854312896729e-01,-2.397437579929828644e-02,-1.503631591796875000e+00,1.061264395713806152e+00,4.814262688159942627e-01,1.374375700950622559e+00,-3.932368457317352295e-01,-2.045568227767944336e-01
1.098879933357238770e+00,-1.696586132049560547e+00,3.688310384750366211e-01,-7.316571474075317383e-01,-4.821799397468566895e-01,4.482763409614562988e-01,-1.767163425683975220e-01,-1.551708817481994629e+00,2.290473282337188721e-01,-1.654109060764312744e-01,5.412985682487487793e-01,2.432591199874877930e+00,-6.681632995605468750e-01,-1.919899940490722656e+00,1.177167817950248718e-01,-5.053763985633850098e-01,1.942859649658203125e+00,-2.683840394020080566e-01,-2.836267836391925812e-02,-1.491902828216552734e+00,1.069320440292358398e+00,4.101511240005493164e-01,1.357569694519042969e+00,-4.058288335800170898e-01,-2.231946140527725220e-01
1.105054616928100586e+00,-1.685272574424743652e+00,3.707165420055389404e-01,-7.168741226196289062e-01,-4.902253150939941406e-01,4.621074497699737549e-01,-1.795198023319244385e-01,-1.582194685935974121e+00,2.922018468379974365e-01,-1.160829737782478333e-01,5.462525486946105957e-01,2.394920825958251953e+00,-6.314154863357543945e-01,-1.919899940490722656e+00,1.127857342362403870e-01,-5.153385400772094727e-01,1.989252924919128418e+00,-2.788687348365783691e-01,-3.453678637742996216e-02,-1.472968101501464844e+00,1.046352386474609375e+00,3.079716861248016357e-01,1.317598700523376465e+00,-4.287776052951812744e-01,-2.550595700740814209e-01
1.106879711151123047e+00,-1.674896121025085449e+00,3.753411769866943359e-01,-6.996406912803649902e-01,-4.985489845275878906e-01,4.760672450065612793e-01,-1.879143267869949341e-01,-1.607908964157104492e+00,3.447557091712951660e-01,-6.014251336455345154e-02,5.797666907310485840e-01,2.361169576644897461e+00,-5.866588354110717773e-01,-1.919899940490722656e+00,1.100672185420989990e-01,-5.355249643325805664e-01,2.026161432266235352e+00,-2.877264618873596191e-01,-3.532231971621513367e-02,-1.457259178161621094e+00,1.024752616882324219e+00,2.026031464338302612e-01,1.272587537765502930e+00,-4.571585357189178467e-01,-2.794086635112762451e-01
1.102648019790649414e+00,-1.662848472595214844e+00,3.827076554298400879e-01,-6.823888421058654785e-01,-4.936475157737731934e-01,4.917962849140167236e-01,-2.208936065435409546e-01,-1.602520108222961426e+00,3.454439342021942139e-01,-1.019137780531309545e-04,7.118712663650512695e-01,2.379996538162231445e+00,-5.160780549049377441e-01,-1.919899940490722656e+00,1.000822633504867554e-01,-5.494897365570068359e-01,2.059639453887939453e+00,-2.932152152061462402e-01,-3.018416464328765869e-02,-1.451048254966735840e+00,9.961127042770385742e-01,1.013468801975250244e-01,1.229153990745544434e+00,-4.829423129558563232e-01,-2.972488105297088623e-01
1.095877289772033691e+00,-1.653587579727172852e+00,3.933801352977752686e-01,-6.549761295318603516e-01,-4.945558011531829834e-01,5.089370608329772949e-01,-2.596225142478942871e-01,-1.577922701835632324e+00,3.455452919006347656e-01,-1.366942432023479930e-18,8.161385655403137207e-01,2.374111175537109375e+00,-4.332510530948638916e-01,-1.919899940490722656e+00,8.900893479585647583e-02,-5.549292564392089844e-01,2.088248729705810547e+00,-2.941261231899261475e-01,-2.161437459290027618e-02,-1.450352549552917480e+00,9.709836840629577637e-01,5.531452596187591553e-03,1.200449109077453613e+00,-4.985712468624114990e-01,-3.090789318084716797e-01
1.089562892913818359e+00,-1.648182868957519531e+00,4.060707092285156250e-01,-6.140398383140563965e-01,-5.104151964187622070e-01,5.279061794281005859e-01,-2.893898189067840576e-01,-1.548173427581787109e+00,3.461479842662811279e-01,-2.288593687974963789e-19,8.014868497848510742e-01,2.260624408721923828e+00,-3.697174489498138428e-01,-1.919899940490722656e+00,8.710578083992004395e-02,-5.648096203804016113e-01,2.108701467514038086e+00,-2.888168692588806152e-01,-6.963139865547418594e-03,-1.452493786811828613e+00,9.691573977470397949e-01,-7.951875030994415283e-02,1.197209835052490234e+00,-5.017438530921936035e-01,-3.121946752071380615e-01
1.081831336021423340e+00,-1.641987919807434082e+00,4.184341132640838623e-01,-5.672758221626281738e-01,-5.270621180534362793e-01,5.545514822006225586e-01,-3.047560751438140869e-01,-1.509377837181091309e+00,3.467254042625427246e-01,-1.184772445720926645e-18,6.712594032287597656e-01,2.036320209503173828e+00,-3.411443531513214111e-01,-1.898060083389282227e+00,9.807012975215911865e-02,-5.803080797195434570e-01,2.120610952377319336e+00,-2.787802219390869141e-01,1.114933285862207413e-02,-1.459108948707580566e+00,9.885883331298828125e-01,-1.470927596092224121e-01,1.221517682075500488e+00,-4.963454008102416992e-01,-3.088736534118652344e-01
1.067284941673278809e+00,-1.632156372070312500e+00,4.288170635700225830e-01,-5.283013582229614258e-01,-5.241162776947021484e-01,5.862049460411071777e-01,-3.202554285526275635e-01,-1.443658709526062012e+00,3.456107378005981445e-01,6.837817706329653421e-19,4.960806965827941895e-01,1.785002827644348145e+00,-3.501651287078857422e-01,-1.854397416114807129e+00,1.165258586406707764e-01,-5.931506156921386719e-01,2.123863935470581055e+00,-2.663432955741882324e-01,2.893148921430110931e-02,-1.477893948554992676e+00,1.003504276275634766e+00,-1.921079903841018677e-01,1.270657539367675781e+00,-4.876095950603485107e-01,-3.066507875919342041e-01
1.044035196304321289e+00,-1.618566036224365234e+00,4.366739690303802490e-01,-4.986852109432220459e-01,-4.921937584877014160e-01,6.190765500068664551e-01,-3.546865284442901611e-01,-1.312295675277709961e+00,3.372968137264251709e-01,-5.070429488348586679e-19,3.036856353282928467e-01,1.542143464088439941e+00,-3.892526626586914062e-01,-1.785928726196289062e+00,1.288519650697708130e-01,-5.960974693298339844e-01,2.119115114212036133e+00,-2.534818053245544434e-01,4.677192121744155884e-02,-1.511900782585144043e+00,9.882560968399047852e-01,-2.182394266128540039e-01,1.345474004745483398e+00,-4.744594097137451172e-01,-3.048879504203796387e-01
1.014988541603088379e+00,-1.610987663269042969e+00,4.383231699466705322e-01,-4.744074940681457520e-01,-4.300112128257751465e-01,6.241415739059448242e-01,-4.477445483207702637e-01,-1.130047440528869629e+00,1.376533955335617065e-01,-2.733177159334132459e-19,2.518664598464965820e-01,1.434981703758239746e+00,-4.458881914615631104e-01,-1.689842104911804199e+00,1.169750690460205078e-01,-5.960866808891296387e-01,2.097810983657836914e+00,-2.449478805065155029e-01,6.910382211208343506e-02,-1.575636148452758789e+00,9.155819416046142578e-01,-2.329173088073730469e-01,1.431609392166137695e+00,-4.619413018226623535e-01,-3.008343875408172607e-01
9.861789941787719727e-01,-1.599350452423095703e+00,4.421556293964385986e-01,-4.527015089988708496e-01,-3.415362536907196045e-01,6.172455549240112305e-01,-5.453643202781677246e-01,-8.676058053970336914e-01,-1.244151890277862549e-01,-1.121698166254956609e-18,2.334116548299789429e-01,1.350633859634399414e+00,-5.160216689109802246e-01,-1.566076159477233887e+00,7.079568505287170410e-02,-5.980325341224670410e-01,2.056096792221069336e+00,-2.407332956790924072e-01,9.615539759397506714e-02,-1.660025835037231445e+00,7.683378458023071289e-01,-2.349230349063873291e-01,1.536322474479675293e+00,-4.519969522953033447e-01,-2.920165359973907471e-01
9.605077505111694336e-01,-1.572841525077819824e+00,4.398439824581146240e-01,-4.700942039489746094e-01,-2.186006605625152588e-01,6.091148853302001953e-01,-6.001701354980468750e-01,-5.591161251068115234e-01,-4.507378637790679932e-01,-9.511462418484403056e-19,1.481822729110717773e-01,1.164242506027221680e+00,-5.984551906585693359e-01,-1.429878950119018555e+00,-2.254760824143886566e-02,-5.877292156219482422e-01,1.995118141174316406e+00,-2.402336001396179199e-01,1.215626299381256104e-01,-1.757934093475341797e+00,5.351893305778503418e-01,-1.833697557449340820e-01,1.676501393318176270e+00,-4.376763105392456055e-01,-2.859821915626525879e-01
9.793595671653747559e-01,-1.583195447921752930e+00,4.394019842147827148e-01,-4.213366806507110596e-01,-2.228708416223526001e-01,5.661556720733642578e-01,-6.725115180015563965e-01,-4.716149568557739258e-01,-4.400818049907684326e-01,-8.346130371519697668e-19,9.779065847396850586e-02,1.260918140411376953e+00,-6.055278778076171875e-01,-1.400974273681640625e+00,-3.475403785705566406e-02,-5.973567962646484375e-01,1.997881412506103516e+00,-2.402833253145217896e-01,1.339537948369979858e-01,-1.808730006217956543e+00,4.621385931968688965e-01,-1.490692347288131714e-01,1.721289992332458496e+00,-4.399113357067108154e-01,-2.855455577373504639e-01
1.013484001159667969e+00,-1.565954208374023438e+00,4.322746396064758301e-01,-4.957444071769714355e-01,-2.162056043744087219e-02,5.715588331222534180e-01,-6.535216569900512695e-01,-9.184870868921279907e-02,-9.306941628456115723e-01,-2.133442522405689462e-18,7.650543749332427979e-02,8.806245326995849609e-01,-6.374253630638122559e-01,-1.175456523895263672e+00,-3.532323837280273438e-01,-4.776519536972045898e-01,1.975852489471435547e+00,-2.512347400188446045e-01,1.646994948387145996e-01,-1.919899940490722656e+00,-8.104658871889114380e-02,2.768871486186981201e-01,1.926339507102966309e+00,-4.348958432674407959e-01,-3.416715562343597412e-01
1.004974603652954102e+00,-1.579748749732971191e+00,4.353041946887969971e-01,-4.615271985530853271e-01,-7.023021113127470016e-03,5.575827360153198242e-01,-6.899600028991699219e-01,-1.138380244374275208e-01,-9.618372917175292969e-01,5.232409133272062819e-18,1.315961033105850220e-01,9.160686731338500977e-01,-6.182546615600585938e-01,-1.125242829322814941e+00,-3.879757821559906006e-01,-4.788712859153747559e-01,2.012187480926513672e+00,-2.557841837406158447e-01,1.885161697864532471e-01,-1.919899940490722656e+00,-1.720158755779266357e-01,4.077489674091339111e-01,1.926891684532165527e+00,-4.507448375225067139e-01,-3.410753011703491211e-01
1.005359053611755371e+00,-1.582361102104187012e+00,4.398170411586761475e-01,-4.497164785861968994e-01,3.339995443820953369e-02,5.427435040473937988e-01,-7.085683345794677734e-01,-7.912254333496093750e-02,-1.082288503646850586e+00,-3.480138261370862072e-18,2.549657821655273438e-01,8.823860287666320801e-01,-3.638494014739990234e-01,-9.800080060958862305e-01,-5.361778736114501953e-01,-5.481524467468261719e-01,1.966217160224914551e+00,-2.545354068279266357e-01,2.349256277084350586e-01,-1.919899940490722656e+00,-1.745299994945526123e-01,7.158960700035095215e-01,1.812982320785522461e+00,-4.879281818866729736e-01,-3.118288815021514893e-01
9.930956959724426270e-01,-1.589667201042175293e+00,4.252296090126037598e-01,-4.376519620418548584e-01,6.501198559999465942e-02,5.253883600234985352e-01,-7.267745733261108398e-01,7.790019363164901733e-02,-1.192038536071777344e+00,5.844926864290535452e-18,3.985484838485717773e-01,8.388211727142333984e-01,-1.931905448436737061e-01,-8.952537775039672852e-01,-5.719921588897705078e-01,-6.248523592948913574e-01,1.985365033149719238e+00,-2.580648958683013916e-01,2.416949719190597534e-01,-1.919899940490722656e+00,-1.745299994945526123e-01,8.551812767982482910e-01,1.797877192497253418e+00,-4.677248001098632812e-01,-2.777951061725616455e-01
9.794356226921081543e-01,-1.596563458442687988e+00,4.173305630683898926e-01,-4.086045324802398682e-01,6.066081300377845764e-02,5.181654095649719238e-01,-7.489106655120849609e-01,1.463299244642257690e-01,-1.214231014251708984e+00,-1.023329372181298340e-17,5.637832283973693848e-01,8.259992003440856934e-01,-7.463252544403076172e-02,-8.323541283607482910e-01,-5.504481196403503418e-01,-7.255435585975646973e-01,1.996502518653869629e+00,-2.619754970073699951e-01,2.306044697761535645e-01,-1.919899940490722656e+00,-1.745299994945526123e-01,8.594563603401184082e-01,1.824682474136352539e+00,-4.596555233001708984e-01,-8.903374522924423218e-02
9.774011373519897461e-01,-1.606350779533386230e+00,4.151717722415924072e-01,-3.368864059448242188e-01,6.764216348528862000e-03,5.166309475898742676e-01,-7.871177196502685547e-01,2.874418534338474274e-02,-1.065377235412597656e+00,-9.185990422092244427e-18,7.281333208084106445e-01,8.839033246040344238e-01,-5.462218837237742264e-07,-7.665189504623413086e-01,-4.690939188003540039e-01,-8.387635350227355957e-01,2.012861251831054688e+00,-2.667501270771026611e-01,2.276397943496704102e-01,-1.919899940490722656e+00,-1.745299994945526123e-01,7.976312637329101562e-01,1.879756927490234375e+00,-4.374513626098632812e-01,3.464002907276153564e-02
9.715378284454345703e-01,-1.617790579795837402e+00,4.185640215873718262e-01,-2.522016465663909912e-01,-7.426492124795913696e-02,5.195697546005249023e-01,-8.129737377166748047e-01,-1.378188133239746094e-01,-8.607837557792663574e-01,6.912307491839161515e-18,8.590552806854248047e-01,9.335982799530029297e-01,-5.601005363719060992e-19,-6.988098025321960449e-01,-3.253190219402313232e-01,-9.691625237464904785e-01,1.988869667053222656e+00,-2.770579755306243896e-01,2.215626537799835205e-01,-1.913589596748352051e+00,-1.745299994945526123e-01,6.771430373191833496e-01,1.926202416419982910e+00,-4.001902341842651367e-01,1.509124040603637695e-01
9.672742486000061035e-01,-1.625300407409667969e+00,4.260222613811492920e-01,-1.622197926044464111e-01,-1.671409755945205688e-01,5.169799327850341797e-01,-8.236992359161376953e-01,-2.874901890754699707e-01,-6.502496004104614258e-01,4.630933436250560552e-18,9.384496808052062988e-01,1.000517010688781738e+00,-9.236894289808145198e-19,-6.610795855522155762e-01,-1.688742786645889282e-01,-1.075880289077758789e+00,1.958820819854736328e+00,-2.857510447502136230e-01,2.197449505329132080e-01,-1.906715631484985352e+00,-1.745299994945526123e-01,5.500229597091674805e-01,1.960496783256530762e+00,-3.723292946815490723e-01,2.354020178318023682e-01
9.653596878051757812e-01,-1.629472851753234863e+00,4.371345341205596924e-01,-7.899974286556243896e-02,-2.532780766487121582e-01,5.163686871528625488e-01,-8.142312765121459961e-01,-4.563326835632324219e-01,-4.539715647697448730e-01,-4.269658581405269226e-18,9.680356383323669434e-01,1.062510609626770020e+00,2.621619911311262943e-18,-6.416935920715332031e-01,-2.412861213088035583e-02,-1.153117060661315918e+00,1.928812265396118164e+00,-2.913300693035125732e-01,2.193262875080108643e-01,-1.906205773353576660e+00,-1.745299994945526123e-01,4.232558310031890869e-01,1.986193418502807617e+00,-3.513711988925933838e-01,2.996280491352081299e-01
9.613800644874572754e-01,-1.631936788558959961e+00,4.512459039688110352e-01,-1.516071148216724396e-02,-3.190798163414001465e-01,5.115002989768981934e-01,-7.977002263069152832e-01,-6.149016618728637695e-01,-3.134143054485321045e-01,3.238091565657739049e-18,9.497001767158508301e-01,1.095025062561035156e+00,-2.882029603032756904e-19,-6.372250914573669434e-01,1.002149134874343872e-01,-1.208054542541503906e+00,1.891736268997192383e+00,-2.961042523384094238e-01,2.215469628572463989e-01,-1.907802581787109375e+00,-1.745299994945526123e-01,3.083847165107727051e-01,2.003052949905395508e+00,-3.354250490665435791e-01,3.502943515777587891e-01
9.556508064270019531e-01,-1.632639646530151367e+00,4.697878360748291016e-01,3.246018290519714355e-02,-3.660524487495422363e-01,5.058655142784118652e-01,-7.804178595542907715e-01,-7.613523602485656738e-01,-2.208936959505081177e-01,-4.770904803603721130e-19,9.005866050720214844e-01,1.107943534851074219e+00,-9.828626212804079075e-19,-6.443762183189392090e-01,1.745293140411376953e-01,-1.241527199745178223e+00,1.848985195159912109e+00,-3.008897006511688232e-01,2.242131233215332031e-01,-1.903577446937561035e+00,-1.745299994945526123e-01,2.025943845510482788e-01,2.010112524032592773e+00,-3.229954540729522705e-01,3.918409943580627441e-01
9.546070694923400879e-01,-1.626773834228515625e+00,4.935688078403472900e-01,7.284917682409286499e-02,-4.032153785228729248e-01,5.008242130279541016e-01,-7.624207735061645508e-01,-8.870044350624084473e-01,-1.409934461116790771e-01,6.817759093463125346e-19,8.716145157814025879e-01,1.126039743423461914e+00,-2.653873337755930598e-18,-6.609812378883361816e-01,1.745299994945526123e-01,-1.260914206504821777e+00,1.834012627601623535e+00,-2.997617125511169434e-01,2.276515662670135498e-01,-1.884526252746582031e+00,-1.745299994945526123e-01,1.032412871718406677e-01,1.997171759605407715e+00,-3.126241564750671387e-01,4.269291758537292480e-01
9.505546092987060547e-01,-1.619683384895324707e+00,5.164600014686584473e-01,1.061442717909812927e-01,-4.322022795677185059e-01,4.924871921539306641e-01,-7.479244470596313477e-01,-9.805255532264709473e-01,-7.329960167407989502e-02,1.713612585973534999e-18,8.525633215904235840e-01,1.156333684921264648e+00,-1.358561438057092653e-18,-6.922181844711303711e-01,1.745299994945526123e-01,-1.273097634315490723e+00,1.831859230995178223e+00,-2.943167686462402344e-01,2.314938008785247803e-01,-1.859042048454284668e+00,-1.745299994945526123e-01,1.199400890618562698e-02,1.968653559684753418e+00,-3.031823933124542236e-01,4.566595852375030518e-01
9.390542507171630859e-01,-1.613905906677246094e+00,5.405635833740234375e-01,1.284944713115692139e-01,-4.461835920810699463e-01,4.916782975196838379e-01,-7.366558313369750977e-01,-1.033062934875488281e+00,-4.290904849767684937e-03,-1.319349975094782068e-18,8.180494904518127441e-01,1.172640204429626465e+00,3.233945322837316998e-20,-7.332668900489807129e-01,1.745299994945526123e-01,-1.279522299766540527e+00,1.831718921661376953e+00,-2.818750739097595215e-01,2.354492992162704468e-01,-1.828722119331359863e+00,-1.745299994945526123e-01,-7.176858931779861450e-02,1.930564880371093750e+00,-2.934377789497375488e-01,4.804068505764007568e-01
9.184972643852233887e-01,-1.611916065216064453e+00,5.663502216339111328e-01,1.393830329179763794e-01,-4.463539719581604004e-01,4.949712157249450684e-01,-7.323551177978515625e-01,-1.038763046264648438e+00,5.125043168663978577e-02,-2.478292827309339586e-19,7.385498881340026855e-01,1.173053741455078125e+00,-2.118012502054278422e-18,-7.703413367271423340e-01,1.745299994945526123e-01,-1.285421013832092285e+00,1.829222321510314941e+00,-2.579244673252105713e-01,2.464353293180465698e-01,-1.793609380722045898e+00,-1.745299994945526123e-01,-1.487011909484863281e-01,1.886982083320617676e+00,-2.832626104354858398e-01,4.953316748142242432e-01
8.945708274841308594e-01,-1.613744258880615234e+00,5.955665707588195801e-01,1.409332156181335449e-01,-4.400990009307861328e-01,5.018423795700073242e-01,-7.311668395996093750e-01,-1.014019012451171875e+00,9.610954672098159790e-02,-5.790455056399963766e-19,6.436115503311157227e-01,1.153827309608459473e+00,1.621727398977189871e-18,-7.861053943634033203e-01,1.745299994945526123e-01,-1.286317586898803711e+00,1.809633851051330566e+00,-2.420042604207992554e-01,2.637849450111389160e-01,-1.753862857818603516e+00,-1.745299994945526123e-01,-2.234604507684707642e-01,1.837937951087951660e+00,-2.738038599491119385e-01,4.986516237258911133e-01
8.684093952178955078e-01,-1.622169733047485352e+00,6.289221644401550293e-01,1.362734586000442505e-01,-4.331353306770324707e-01,5.075783133506774902e-01,-7.322483062744140625e-01,-9.692031741142272949e-01,1.320242434740066528e-01,-3.048370195844400890e-19,5.637332797050476074e-01,1.131149530410766602e+00,-4.729707073195517586e-18,-7.644156217575073242e-01,1.745299994945526123e-01,-1.280832886695861816e+00,1.776807904243469238e+00,-2.381931990385055542e-01,2.793843746185302734e-01,-1.704719662666320801e+00,-1.745299994945526123e-01,-3.036628067493438721e-01,1.783807039260864258e+00,-2.673411965370178223e-01,4.887135922908782959e-01
8.406677842140197754e-01,-1.632727026939392090e+00,6.638050079345703125e-01,1.269275993108749390e-01,-4.246893823146820068e-01,5.119237303733825684e-01,-7.358412742614746094e-01,-9.085592031478881836e-01,1.577534079551696777e-01,7.909187593328075456e-22,5.042925477027893066e-01,1.111028790473937988e+00,-8.952783598790322473e-19,-7.338582873344421387e-01,1.745299994945526123e-01,-1.263725519180297852e+00,1.728656291961669922e+00,-2.458210289478302002e-01,2.853537797927856445e-01,-1.646096110343933105e+00,-1.745299994945526123e-01,-3.913793563842773438e-01,1.723360180854797363e+00,-2.661500573158264160e-01,4.644415676593780518e-01
8.110429048538208008e-01,-1.643105506896972656e+00,6.986036300659179688e-01,1.161842942237854004e-01,-4.170571565628051758e-01,5.133948922157287598e-01,-7.409387826919555664e-01,-8.349474072456359863e-01,1.839600950479507446e-01,-9.432872757315635681e-03,4.709205925464630127e-01,1.101786613464355469e+00,1.160722066013370796e-18,-7.065116763114929199e-01,1.745299994945526123e-01,-1.239977717399597168e+00,1.663884639739990234e+00,-2.616896331310272217e-01,2.839165031909942627e-01,-1.581318736076354980e+00,-1.745299994945526123e-01,-4.843496680259704590e-01,1.656297087669372559e+00,-2.706679403781890869e-01,4.284442663192749023e-01
7.812439203262329102e-01,-1.649932265281677246e+00,7.301039695739746094e-01,1.041853502392768860e-01,-4.087703526020050049e-01,5.148749947547912598e-01,-7.462947964668273926e-01,-7.511553168296813965e-01,2.054689228534698486e-01,-2.170610241591930389e-02,4.591951966285705566e-01,1.104738831520080566e+00,1.470815534047249811e-18,-6.825532913208007812e-01,1.686347424983978271e-01,-1.207789182662963867e+00,1.587330341339111328e+00,-2.821586132049560547e-01,2.766227424144744873e-01,-1.514297842979431152e+00,-1.745299994945526123e-01,-5.730628371238708496e-01,1.582656860351562500e+00,-2.789189219474792480e-01,3.837831914424896240e-01
7.536443471908569336e-01,-1.652191519737243652e+00,7.557221651077270508e-01,8.750232309103012085e-02,-3.952902555465698242e-01,5.189525485038757324e-01,-7.528460621833801270e-01,-6.574770212173461914e-01,2.103053778409957886e-01,-2.809059433639049530e-02,4.554541707038879395e-01,1.110792040824890137e+00,-6.712315278853693834e-19,-6.594915390014648438e-01,1.130558922886848450e-01,-1.167424678802490234e+00,1.501163005828857422e+00,-3.073081374168395996e-01,2.641210854053497314e-01,-1.446288824081420898e+00,-1.745299994945526123e-01,-6.474305987358093262e-01,1.506402254104614258e+00,-2.904902100563049316e-01,3.342741131782531738e-01
7.280005812644958496e-01,-1.647089719772338867e+00,7.738575339317321777e-01,6.577281653881072998e-02,-3.740763366222381592e-01,5.285506248474121094e-01,-7.591937184333801270e-01,-5.440644621849060059e-01,1.861182898283004761e-01,-2.766803838312625885e-02,4.687416255474090576e-01,1.118646264076232910e+00,3.927360490582863185e-20,-6.403310298919677734e-01,2.805045060813426971e-02,-1.116789221763610840e+00,1.409040570259094238e+00,-3.354651927947998047e-01,2.445056289434432983e-01,-1.383522987365722656e+00,-1.745299994945526123e-01,-6.962358355522155762e-01,1.434915781021118164e+00,-3.103055357933044434e-01,2.882330417633056641e-01
7.075658440589904785e-01,-1.638636589050292969e+00,7.850780487060546875e-01,3.797249495983123779e-02,-3.463191986083984375e-01,5.438876748085021973e-01,-7.634181380271911621e-01,-4.175438284873962402e-01,1.310080736875534058e-01,-2.509881556034088135e-02,4.841188788414001465e-01,1.126399517059326172e+00,1.416388600704909127e-19,-6.309129595756530762e-01,-7.791014760732650757e-02,-1.052283763885498047e+00,1.308616995811462402e+00,-3.647837340831756592e-01,2.180506289005279541e-01,-1.325475692749023438e+00,-1.632816195487976074e-01,-7.041300535202026367e-01,1.384865283966064453e+00,-3.319568932056427002e-01,2.423600703477859497e-01
6.876890063285827637e-01,-1.632305741310119629e+00,7.882487773895263672e-01,1.821970334276556969e-03,-3.080061376094818115e-01,5.703306198120117188e-01,-7.614800930023193359e-01,-2.706199586391448975e-01,4.004352912306785583e-02,-2.591189555823802948e-02,4.809550344944000244e-01,1.110267758369445801e+00,-6.277703214436769485e-03,-6.357489824295043945e-01,-1.904895603656768799e-01,-9.589365720748901367e-01,1.198321461677551270e+00,-3.969383835792541504e-01,1.846287697553634644e-01,-1.258517026901245117e+00,-1.056800112128257751e-01,-6.548199653625488281e-01,1.357872962951660156e+00,-3.467152714729309082e-01,1.931550800800323486e-01
6.971209049224853516e-01,-1.632098436355590820e+00,7.900618910789489746e-01,4.188533872365951538e-03,-2.950923442840576172e-01,5.773508548736572266e-01,-7.612943053245544434e-01,-1.567182093858718872e-01,4.442254453897476196e-02,-3.385058417916297913e-02,4.733118414878845215e-01,1.183609604835510254e+00,-4.750930517911911011e-02,-6.509277224540710449e-01,-2.514699101448059082e-01,-8.141023516654968262e-01,1.088739991188049316e+00,-4.210669696331024170e-01,1.485282182693481445e-01,-1.180723309516906738e+00,-2.639619633555412292e-02,-5.589215755462646484e-01,1.337128520011901855e+00,-3.544288277626037598e-01,1.369313150644302368e-01
6.723336577415466309e-01,-1.630749940872192383e+00,7.790890336036682129e-01,-6.860176473855972290e-02,-2.187533229589462280e-01,6.393015980720520020e-01,-7.339851856231689453e-01,-2.058006823062896729e-03,-1.549844592809677124e-01,-3.852110728621482849e-02,3.419176340103149414e-01,9.695874452590942383e-01,-1.123460233211517334e-01,-6.836802363395690918e-01,-2.824725210666656494e-01,-5.425422191619873047e-01,9.866556525230407715e-01,-4.396322667598724365e-01,1.456903815269470215e-01,-1.069023489952087402e+00,1.746491156518459320e-02,-4.049792587757110596e-01,1.314165353775024414e+00,-3.517617285251617432e-01,7.526627182960510254e-02
6.658369302749633789e-01,-1.630480527877807617e+00,7.650519609451293945e-01,-1.385808140039443970e-01,-1.394446492195129395e-01,6.891965270042419434e-01,-6.973942518234252930e-01,1.184280365705490112e-01,-3.524310886859893799e-01,-3.476407751441001892e-02,2.033156007528305054e-01,6.988767385482788086e-01,-1.798965632915496826e-01,-7.112990021705627441e-01,-3.084941804409027100e-01,-2.594727277755737305e-01,9.327045679092407227e-01,-4.715508818626403809e-01,1.529378294944763184e-01,-9.415462017059326172e-01,6.573755294084548950e-03,-1.785356551408767700e-01,1.258667945861816406e+00,-3.382209837436676025e-01,-5.411033052951097488e-03
6.537392139434814453e-01,-1.625776290893554688e+00,7.539687752723693848e-01,-1.463307589292526245e-01,-1.253451853990554810e-01,6.964949965476989746e-01,-6.912094950675964355e-01,1.573674380779266357e-01,-3.648975491523742676e-01,-1.970833167433738708e-02,1.045174300670623779e-01,5.485427379608154297e-01,-1.866123378276824951e-01,-7.150373458862304688e-01,-3.107560276985168457e-01,-2.461787909269332886e-01,9.349727630615234375e-01,-4.737377464771270752e-01,1.575718075037002563e-01,-9.109779596328735352e-01,5.270610097795724869e-03,-1.485929638147354126e-01,1.262708187103271484e+00,-3.336123228073120117e-01,-1.475066784769296646e-02
6.425247788429260254e-01,-1.625610947608947754e+00,7.473959326744079590e-01,-1.709764748811721802e-01,-9.398743510246276855e-02,6.931702494621276855e-01,-6.938648819923400879e-01,1.708149015903472900e-01,-4.097474813461303711e-01,-4.927082773065194488e-05,2.618203870952129364e-02,2.813907861709594727e-01,-1.838103085756301880e-01,-7.172398567199707031e-01,-3.452811837196350098e-01,-2.162526249885559082e-01,9.456640481948852539e-01,-4.782725572586059570e-01,1.601516753435134888e-01,-8.865754604339599609e-01,-1.681756414473056793e-02,-8.397027850151062012e-02,1.250216126441955566e+00,-3.304134607315063477e-01,-3.167367726564407349e-02
6.459280252456665039e-01,-1.628820776939392090e+00,7.489077448844909668e-01,-1.837996989488601685e-01,-7.376141101121902466e-02,6.950032711029052734e-01,-6.911927461624145508e-01,1.540324538946151733e-01,-4.161380231380462646e-01,-1.231770738741033711e-07,2.781438641250133514e-02,6.683611124753952026e-02,-1.683637350797653198e-01,-7.239369750022888184e-01,-3.888470828533172607e-01,-1.756698489189147949e-01,9.633981585502624512e-01,-4.865260124206542969e-01,1.647909581661224365e-01,-8.614292740821838379e-01,-3.571098670363426208e-02,-7.738784886896610260e-03,1.229497551918029785e+00,-3.204405903816223145e-01,-5.002892762422561646e-02
6.581663489341735840e-01,-1.633598804473876953e+00,7.589784860610961914e-01,-1.737267374992370605e-01,-7.645916193723678589e-02,7.186698317527770996e-01,-6.689444184303283691e-01,1.270420551300048828e-01,-3.760361969470977783e-01,-3.079426713625821321e-10,7.184279710054397583e-02,9.926083497703075409e-03,-1.477606296539306641e-01,-7.383316159248352051e-01,-3.804894983768463135e-01,-1.385316848754882812e-01,9.706411957740783691e-01,-4.919520914554595947e-01,1.761400103569030762e-01,-8.308470845222473145e-01,-6.530141457915306091e-03,4.540063068270683289e-02,1.215661883354187012e+00,-3.004150688648223877e-01,-6.182695552706718445e-02
6.698223352432250977e-01,-1.639769673347473145e+00,7.749127745628356934e-01,-1.413128226995468140e-01,-9.775184839963912964e-02,7.428967356681823730e-01,-6.469773650169372559e-01,1.341981738805770874e-01,-3.003649711608886719e-01,2.108661390665488955e-17,1.354696452617645264e-01,8.095226436853408813e-02,-1.083850711584091187e-01,-7.149899005889892578e-01,-2.756233215332031250e-01,-8.118899166584014893e-02,9.319906830787658691e-01,-4.806958138942718506e-01,2.060120850801467896e-01,-7.914236783981323242e-01,8.511282503604888916e-02,6.184460967779159546e-02,1.195671200752258301e+00,-2.699770927429199219e-01,-7.203035801649093628e-02
6.832656860351562500e-01,-1.642968177795410156e+00,7.918428778648376465e-01,-1.140150353312492371e-01,-1.087900996208190918e-01,7.572283744812011719e-01,-6.338536739349365234e-01,1.818742901086807251e-01,-2.665948867797851562e-01,-2.337278891851874828e-17,2.113507837057113647e-01,1.539411991834640503e-01,-1.289233416318893433e-01,-6.815864443778991699e-01,-2.146864235401153564e-01,-6.825919449329376221e-02,8.834809660911560059e-01,-4.212045967578887939e-01,2.112869322299957275e-01,-7.585816383361816406e-01,1.381479501724243164e-01,5.770721286535263062e-02,1.155139923095703125e+00,-2.684508860111236572e-01,-9.260491281747817993e-02
6.975449919700622559e-01,-1.648225307464599609e+00,8.067412972450256348e-01,-1.074797511100769043e-01,-1.095336824655532837e-01,7.586552500724792480e-01,-6.331608891487121582e-01,2.392429709434509277e-01,-2.883279323577880859e-01,5.596653980106725790e-18,2.687058746814727783e-01,2.079065293073654175e-01,-1.700718402862548828e-01,-6.573696732521057129e-01,-2.160869091749191284e-01,-6.418416649103164673e-02,8.472292423248291016e-01,-3.625726401805877686e-01,2.054059952497482300e-01,-7.391816973686218262e-01,1.648667901754379272e-01,7.607783377170562744e-02,1.096791505813598633e+00,-2.889926731586456299e-01,-1.059645935893058777e-01
7.102178335189819336e-01,-1.652519822120666504e+00,8.188419938087463379e-01,-1.244318261742591858e-01,-7.386700809001922607e-02,7.618049383163452148e-01,-6.314377784729003906e-01,3.425129354000091553e-01,-4.052113592624664307e-01,-2.285664227835607242e-18,3.143667876720428467e-01,1.813874840736389160e-01,-2.190473675727844238e-01,-6.281531453132629395e-01,-2.918618023395538330e-01,-6.417278200387954712e-02,7.973062396049499512e-01,-2.548870444297790527e-01,1.842280924320220947e-01,-6.699396371841430664e-01,1.638016253709793091e-01,1.954905539751052856e-01,9.802365899085998535e-01,-3.197124600410461426e-01,-9.337692707777023315e-02
7.205182313919067383e-01,-1.656728625297546387e+00,8.221189379692077637e-01,-1.550744622945785522e-01,-4.177030548453330994e-02,7.661702632904052734e-01,-6.222461462020874023e-01,4.410981535911560059e-01,-5.418636202812194824e-01,-2.190144512625280680e-18,3.188681304454803467e-01,1.458983868360519409e-01,-2.487927079200744629e-01,-6.330241560935974121e-01,-3.670649826526641846e-01,-6.140133738517761230e-02,7.743797302246093750e-01,-2.199079692363739014e-01,1.744943410158157349e-01,-6.508427858352661133e-01,1.265213042497634888e-01,2.552935779094696045e-01,9.015633463859558105e-01,-3.352378308773040771e-01,-8.717609196901321411e-02
7.381535768508911133e-01,-1.663110613822937012e+00,8.155735731124877930e-01,-1.543408483266830444e-01,-4.713269323110580444e-02,7.618480920791625977e-01,-6.273315548896789551e-01,4.996313750743865967e-01,-5.710973739624023438e-01,4.856788898653570610e-18,3.416418433189392090e-01,2.224452048540115356e-01,-2.659293413162231445e-01,-6.253877878189086914e-01,-3.877900838851928711e-01,-6.616274267435073853e-02,7.739252448081970215e-01,-2.044465839862823486e-01,1.761261522769927979e-01,-6.473465561866760254e-01,1.313588768243789673e-01,2.717463374137878418e-01,8.374260663986206055e-01,-3.422961831092834473e-01,-8.803538978099822998e-02
