-6.897436976432800293e-01,4.199866771697998047e+00,1.929006427526473999e-01,7.255399823188781738e-01,-1.529271602630615234e-01,-2.313608825206756592e-01,6.298231482505798340e-01,-9.795866012573242188e-01,3.982990980148315430e-01,2.953895926475524902e-01,1.449695825576782227e-01,1.621404588222503662e-01,1.873717084527015686e-02,2.042458355426788330e-01,-1.603201925754547119e-01,4.599231109023094177e-02,1.795748174190521240e-01,1.353872716426849365e-01,1.784919053316116333e-01,-2.286893129348754883e-01,0.000000000000000000e+00,0.000000000000000000e+00,-9.196127057075500488e-01,3.642175197601318359e-01,-8.023468255996704102e-01,-6.417226791381835938e-01,-1.162675395607948303e-01,6.850379705429077148e-01,-2.930409908294677734e-01,1.416381895542144775e-01,-9.058507084846496582e-01,1.177093535661697388e-01
-6.846082806587219238e-01,4.205637931823730469e+00,1.961626410484313965e-01,7.667457461357116699e-01,-3.065552748739719391e-02,-7.880996167659759521e-02,6.363570094108581543e-01,-1.589660406112670898e+00,3.998406231403350830e-01,4.117408394813537598e-01,5.835744142532348633e-01,1.344886869192123413e-01,8.461385965347290039e-02,-1.812726855278015137e-01,-2.030657082796096802e-01,-2.277704770676791668e-04,1.942674219608306885e-01,1.886298954486846924e-01,2.689001560211181641e-01,-2.743218839168548584e-02,0.000000000000000000e+00,0.000000000000000000e+00,-1.404901146888732910e+00,1.062027513980865479e-01,-1.052959918975830078e+00,-1.834438681602478027e+00,-1.115367889404296875e+00,3.320860564708709717e-01,-1.757533848285675049e-01,-3.050380758941173553e-02,-1.867499947547912598e+00,1.300108432769775391e+00
-6.740326285362243652e-01,4.204909801483154297e+00,1.914743483066558838e-01,7.447128891944885254e-01,2.174892229959368706e-03,-8.225144445896148682e-02,6.622934937477111816e-01,-1.643209099769592285e+00,3.513097763061523438e-01,4.194855391979217529e-01,5.800081491470336914e-01,1.352922171354293823e-01,8.858346194028854370e-02,-2.118350714445114136e-01,-1.140052527189254761e-01,-1.525376830250024796e-02,1.895263493061065674e-01,1.940973550081253052e-01,2.393639683723449707e-01,-2.257286570966243744e-02,0.000000000000000000e+00,0.000000000000000000e+00,-1.523823857307434082e+00,2.958766371011734009e-02,-1.329161882400512695e+00,-1.811113119125366211e+00,-1.119307875633239746e+00,2.921552062034606934e-01,-1.191711276769638062e-01,3.630112111568450928e-02,-1.867499947547912598e+00,1.315109610557556152e+00
-6.598899960517883301e-01,4.201399803161621094e+00,1.895015984773635864e-01,7.589268088340759277e-01,2.471495606005191803e-02,-1.150034144520759583e-01,6.404634714126586914e-01,-1.593750834465026855e+00,3.276350796222686768e-01,5.194135308265686035e-01,5.795312523841857910e-01,1.414726078510284424e-01,5.152400583028793335e-02,-2.054612934589385986e-01,-1.458045095205307007e-01,3.194507583975791931e-02,1.927141398191452026e-01,1.814208477735519409e-01,2.414815276861190796e-01,-1.977757550776004791e-03,0.000000000000000000e+00,0.000000000000000000e+00,-1.529508829116821289e+00,-1.309783942997455597e-02,-1.355615258216857910e+00,-1.793655872344970703e+00,-1.194196820259094238e+00,3.029990196228027344e-01,-1.886919438838958740e-01,7.360874861478805542e-02,-1.867499947547912598e+00,1.364498853683471680e+00
-6.453949809074401855e-01,4.202950000762939453e+00,1.819493472576141357e-01,7.113930583000183105e-01,7.887610793113708496e-02,-1.088988557457923889e-01,6.898112297058105469e-01,-1.768291831016540527e+00,2.591259479522705078e-01,3.129453957080841064e-01,6.632446646690368652e-01,1.673630774021148682e-01,-1.210094243288040161e-02,-2.848569154739379883e-01,2.517469413578510284e-02,3.764560818672180176e-02,2.419671416282653809e-01,1.327273249626159668e-01,2.241815477609634399e-01,1.726583577692508698e-02,0.000000000000000000e+00,0.000000000000000000e+00,-1.537178754806518555e+00,4.023981094360351562e-02,-1.380710244178771973e+00,-1.861483454704284668e+00,-1.248399734497070312e+00,2.262020856142044067e-01,-6.950321793556213379e-02,1.531004160642623901e-01,-1.867499947547912598e+00,1.405717849731445312e+00
-6.273757219314575195e-01,4.198715209960937500e+00,1.761078387498855591e-01,7.075003981590270996e-01,1.055575013160705566e-01,-1.396458894014358521e-01,6.846895813941955566e-01,-1.732590794563293457e+00,2.182348370552062988e-01,2.997834384441375732e-01,6.393608450889587402e-01,2.358942180871963501e-01,-9.827707707881927490e-02,-2.635377943515777588e-01,4.779854044318199158e-02,9.243035316467285156e-02,2.368506044149398804e-01,1.252136528491973877e-01,2.028472423553466797e-01,5.757786706089973450e-02,0.000000000000000000e+00,0.000000000000000000e+00,-1.493379354476928711e+00,4.900597780942916870e-02,-1.327403426170349121e+00,-1.867499947547912598e+00,-1.254109025001525879e+00,2.199593931436538696e-01,-1.002214476466178894e-01,1.871626526117324829e-01,-1.867499947547912598e+00,1.402123570442199707e+00
-6.188412904739379883e-01,4.196461200714111328e+00,1.753636449575424194e-01,7.042050957679748535e-01,1.308090090751647949e-01,-1.674444675445556641e-01,6.774559617042541504e-01,-1.696724653244018555e+00,2.275421917438507080e-01,2.152452617883682251e-01,5.916117429733276367e-01,2.905333042144775391e-01,-2.474201917648315430e-01,-2.544805109500885010e-01,6.392345577478408813e-02,1.347646564245223999e-01,2.317452877759933472e-01,1.178036704659461975e-01,1.782761812210083008e-01,7.805626094341278076e-02,0.000000000000000000e+00,0.000000000000000000e+00,-1.465397357940673828e+00,7.473739236593246460e-02,-1.285434365272521973e+00,-1.867499947547912598e+00,-1.238952040672302246e+00,1.978832632303237915e-01,-1.452767252922058105e-01,2.238999456167221069e-01,-1.867499947547912598e+00,1.385930895805358887e+00
-6.047348380088806152e-01,4.195642948150634766e+00,1.733936220407485962e-01,6.982287168502807617e-01,1.491933315992355347e-01,-1.945037543773651123e-01,6.725966930389404297e-01,-1.716550469398498535e+00,2.856035828590393066e-01,9.559997916221618652e-02,6.583747267723083496e-01,3.379023373126983643e-01,-2.137251794338226318e-01,-2.285353094339370728e-01,7.947216928005218506e-02,1.400750577449798584e-01,2.264659553766250610e-01,9.150616824626922607e-02,1.483814716339111328e-01,8.341022580862045288e-02,0.000000000000000000e+00,0.000000000000000000e+00,-1.455173969268798828e+00,1.049218922853469849e-01,-1.271068096160888672e+00,-1.867499947547912598e+00,-1.220913052558898926e+00,1.908777952194213867e-01,-1.961690187454223633e-01,2.524073719978332520e-01,-1.867499947547912598e+00,1.357324719429016113e+00
-5.949302315711975098e-01,4.189949512481689453e+00,1.777184158563613892e-01,7.269024848937988281e-01,1.430180668830871582e-01,-2.542923986911773682e-01,6.216863989830017090e-01,-1.605949044227600098e+00,3.719281852245330811e-01,9.979768842458724976e-02,7.081986665725708008e-01,3.514532148838043213e-01,-3.868765011429786682e-02,-1.480042040348052979e-01,-4.021514579653739929e-02,1.701518446207046509e-01,1.814934164285659790e-01,9.832185506820678711e-02,1.032619774341583252e-01,9.787321090698242188e-02,0.000000000000000000e+00,0.000000000000000000e+00,-1.378674983978271484e+00,1.183158755302429199e-01,-1.142912030220031738e+00,-1.867499947547912598e+00,-1.212167143821716309e+00,2.384066283702850342e-01,-3.763055503368377686e-01,2.552512288093566895e-01,-1.867499947547912598e+00,1.329249739646911621e+00
-5.854176878929138184e-01,4.186673164367675781e+00,1.808037161827087402e-01,7.298745512962341309e-01,1.351650208234786987e-01,-2.880596816539764404e-01,6.050084233283996582e-01,-1.528167605400085449e+00,4.095548987388610840e-01,1.038237959146499634e-01,7.416507005691528320e-01,3.032782077789306641e-01,-2.975798957049846649e-02,-9.431598335504531860e-02,-7.421869784593582153e-02,1.451504677534103394e-01,1.691668033599853516e-01,9.559432417154312134e-02,8.830970525741577148e-02,8.984949439764022827e-02,0.000000000000000000e+00,0.000000000000000000e+00,-1.341660141944885254e+00,1.162622570991516113e-01,-1.106741309165954590e+00,-1.867499947547912598e+00,-1.217411756515502930e+00,2.652320861816406250e-01,-4.631408751010894775e-01,2.439803779125213623e-01,-1.867499947547912598e+00,1.320095658302307129e+00
-5.785305500030517578e-01,4.184231281280517578e+00,1.823603361845016479e-01,7.239757776260375977e-01,1.344664990901947021e-01,-3.131863176822662354e-01,5.997434258460998535e-01,-1.501009106636047363e+00,4.505018889904022217e-01,8.654052764177322388e-02,8.127071857452392578e-01,2.759891450405120850e-01,-1.284631527960300446e-02,-5.877905339002609253e-02,-6.848340481519699097e-02,1.149463653564453125e-01,1.627374887466430664e-01,9.143014997243881226e-02,7.294484972953796387e-02,8.249262720346450806e-02,0.000000000000000000e+00,0.000000000000000000e+00,-1.325860381126403809e+00,1.155315786600112915e-01,-1.112321615219116211e+00,-1.867499947547912598e+00,-1.229524970054626465e+00,2.872926294803619385e-01,-5.095692873001098633e-01,2.450538426637649536e-01,-1.867499947547912598e+00,1.292320489883422852e+00
-5.715876817703247070e-01,4.182758808135986328e+00,1.830780059099197388e-01,7.107131481170654297e-01,1.401998847723007202e-01,-3.296366333961486816e-01,6.054506897926330566e-01,-1.502124667167663574e+00,5.036076903343200684e-01,7.438886165618896484e-02,8.848015069961547852e-01,2.585238218307495117e-01,2.058258838951587677e-02,-3.500861302018165588e-02,-2.816531620919704437e-02,8.318407833576202393e-02,1.565041840076446533e-01,8.700039982795715332e-02,7.037135213613510132e-02,7.263123989105224609e-02,0.000000000000000000e+00,0.000000000000000000e+00,-1.334245204925537109e+00,1.163667961955070496e-01,-1.155989885330200195e+00,-1.860344648361206055e+00,-1.242717266082763672e+00,2.958061993122100830e-01,-5.178056359291076660e-01,2.339507788419723511e-01,-1.867499947547912598e+00,1.247419834136962891e+00
-5.629317760467529297e-01,4.181705951690673828e+00,1.834079176187515259e-01,6.973379850387573242e-01,1.454401016235351562e-01,-3.489789962768554688e-01,6.089175343513488770e-01,-1.495619416236877441e+00,5.642850399017333984e-01,7.928184419870376587e-02,9.597970247268676758e-01,2.319616675376892090e-01,5.645692348480224609e-02,-6.667595822364091873e-03,6.522091571241617203e-03,6.130878627300262451e-02,1.513752788305282593e-01,8.015737682580947876e-02,8.488581329584121704e-02,6.799704581499099731e-02,0.000000000000000000e+00,0.000000000000000000e+00,-1.344106912612915039e+00,1.129275485873222351e-01,-1.202149033546447754e+00,-1.835579156875610352e+00,-1.257703065872192383e+00,3.056260347366333008e-01,-5.404605865478515625e-01,2.132198363542556763e-01,-1.867499947547912598e+00,1.177193999290466309e+00
-5.530421733856201172e-01,4.180116176605224609e+00,1.837884634733200073e-01,6.860767602920532227e-01,1.490284502506256104e-01,-3.775645196437835693e-01,6.037666797637939453e-01,-1.457486987113952637e+00,6.341931819915771484e-01,1.013853102922439575e-01,1.032115697860717773e+00,2.045350670814514160e-01,6.914041936397552490e-02,2.985907904803752899e-02,1.803012378513813019e-02,6.359988451004028320e-02,1.493246853351593018e-01,8.012212812900543213e-02,1.062827929854393005e-01,7.519999146461486816e-02,0.000000000000000000e+00,0.000000000000000000e+00,-1.339183807373046875e+00,1.076673045754432678e-01,-1.228740930557250977e+00,-1.798018455505371094e+00,-1.273146748542785645e+00,3.339902758598327637e-01,-5.783963799476623535e-01,1.698458939790725708e-01,-1.867499947547912598e+00,1.065423250198364258e+00
-5.435273051261901855e-01,4.178590297698974609e+00,1.837859153747558594e-01,6.700370311737060547e-01,1.575866937637329102e-01,-4.087177813053131104e-01,5.993050932884216309e-01,-1.416201472282409668e+00,7.077754139900207520e-01,1.055054068565368652e-01,1.094449639320373535e+00,1.876068264245986938e-01,6.419316679239273071e-02,6.559008359909057617e-02,3.144640475511550903e-02,6.911213696002960205e-02,1.496254801750183105e-01,8.484713733196258545e-02,1.168655231595039368e-01,8.490693569183349609e-02,0.000000000000000000e+00,0.000000000000000000e+00,-1.325028657913208008e+00,1.147425025701522827e-01,-1.256007552146911621e+00,-1.761373877525329590e+00,-1.285076856613159180e+00,3.919400870800018311e-01,-6.077026724815368652e-01,7.951483130455017090e-02,-1.867499947547912598e+00,9.331452250480651855e-01
-5.350426435470581055e-01,4.177265167236328125e+00,1.833828538656234741e-01,6.505690813064575195e-01,1.693104505538940430e-01,-4.412972629070281982e-01,5.944329500198364258e-01,-1.376530647277832031e+00,7.935127615928649902e-01,1.092342510819435120e-01,1.156628489494323730e+00,1.731488406658172607e-01,6.334880739450454712e-02,1.009420529007911682e-01,4.270100221037864685e-02,6.917811930179595947e-02,1.500955820083618164e-01,8.761599659919738770e-02,1.136606484651565552e-01,9.313396364450454712e-02,0.000000000000000000e+00,0.000000000000000000e+00,-1.309514284133911133e+00,1.392883062362670898e-01,-1.289784193038940430e+00,-1.734182000160217285e+00,-1.291112780570983887e+00,4.917241632938385010e-01,-6.473179459571838379e-01,-4.261307790875434875e-02,-1.867499947547912598e+00,8.091048002243041992e-01
-5.314766764640808105e-01,4.174756050109863281e+00,1.842994689941406250e-01,6.166757941246032715e-01,1.987020522356033325e-01,-4.410617053508758545e-01,6.210418343544006348e-01,-1.412551045417785645e+00,8.554277420043945312e-01,5.397418141365051270e-02,1.150660276412963867e+00,1.690093427896499634e-01,6.975957751274108887e-02,9.643556177616119385e-02,1.440814137458801270e-01,5.838273093104362488e-02,1.486136913299560547e-01,9.622962772846221924e-02,8.435802161693572998e-02,6.104788184165954590e-02,0.000000000000000000e+00,0.000000000000000000e+00,-1.345225930213928223e+00,1.908446103334426880e-01,-1.400701045989990234e+00,-1.729486584663391113e+00,-1.291758656501770020e+00,5.467328429222106934e-01,-5.973362922668457031e-01,-1.712014377117156982e-01,-1.867499947547912598e+00,7.931498289108276367e-01
-5.217962861061096191e-01,4.177107334136962891e+00,1.819209754467010498e-01,6.115878224372863770e-01,2.010509669780731201e-01,-4.777297973632812500e-01,5.977567434310913086e-01,-1.399924397468566895e+00,9.318298101425170898e-01,4.093747958540916443e-02,1.273781299591064453e+00,1.441880017518997192e-01,6.819259375333786011e-02,1.273888945579528809e-01,9.080964326858520508e-02,6.745558977127075195e-02,1.504186689853668213e-01,9.544846415519714355e-02,9.743247181177139282e-02,7.609947025775909424e-02,0.000000000000000000e+00,0.000000000000000000e+00,-1.305592179298400879e+00,2.114462703466415405e-01,-1.375124692916870117e+00,-1.716199159622192383e+00,-1.297222971916198730e+00,6.690684556961059570e-01,-5.920434594154357910e-01,-4.699560999870300293e-01,-1.867499947547912598e+00,7.715971469879150391e-01
-5.170554518699645996e-01,4.176490306854248047e+00,1.812357157468795776e-01,5.973175764083862305e-01,2.150325179100036621e-01,-4.996619820594787598e-01,5.893306732177734375e-01,-1.380649566650390625e+00,9.874454736709594727e-01,3.733129426836967468e-02,1.319171190261840820e+00,1.012278944253921509e-01,6.718666106462478638e-02,1.358903646469116211e-01,8.878294378519058228e-02,1.147763207554817200e-01,1.548103392124176025e-01,1.119852066040039062e-01,9.500133246183395386e-02,8.494021743535995483e-02,0.000000000000000000e+00,0.000000000000000000e+00,-1.287873625755310059e+00,2.386918216943740845e-01,-1.387203931808471680e+00,-1.718243360519409180e+00,-1.297452211380004883e+00,6.964643001556396484e-01,-5.400829911231994629e-01,-6.650123596191406250e-01,-1.867499947547912598e+00,7.923433780670166016e-01
-5.148824453353881836e-01,4.177221298217773438e+00,1.812283843755722046e-01,5.877754092216491699e-01,2.295859754085540771e-01,-5.159406661987304688e-01,5.793233513832092285e-01,-1.362431406974792480e+00,1.013492941856384277e+00,4.273173213005065918e-02,1.346913933753967285e+00,6.148733571171760559e-02,5.361618474125862122e-02,1.388156116008758545e-01,8.550988137722015381e-02,1.725288778543472290e-01,1.604979485273361206e-01,1.241474524140357971e-01,1.026092246174812317e-01,1.039779707789421082e-01,0.000000000000000000e+00,0.000000000000000000e+00,-1.281430721282958984e+00,2.548085153102874756e-01,-1.398519992828369141e+00,-1.726565837860107422e+00,-1.297049880027770996e+00,6.876124143600463867e-01,-5.361025333404541016e-01,-7.348915934562683105e-01,-1.867499947547912598e+00,8.448370099067687988e-01
-5.135040879249572754e-01,4.180890560150146484e+00,1.803372353315353394e-01,5.734077692031860352e-01,2.559797465801239014e-01,-5.321208834648132324e-01,5.679131150245666504e-01,-1.409522056579589844e+00,1.031437993049621582e+00,-2.404843829572200775e-02,1.389741659164428711e+00,2.681584097445011139e-02,8.149672299623489380e-03,1.337543129920959473e-01,9.741828590631484985e-02,2.516173720359802246e-01,1.608471274375915527e-01,1.359990835189819336e-01,1.150913313031196594e-01,1.452877968549728394e-01,0.000000000000000000e+00,0.000000000000000000e+00,-1.282560348510742188e+00,2.748990058898925781e-01,-1.404706120491027832e+00,-1.747308850288391113e+00,-1.301727175712585449e+00,6.107165813446044922e-01,-6.192463040351867676e-01,-6.369274258613586426e-01,-1.867499947547912598e+00,1.334827065467834473e+00
-5.133471488952636719e-01,4.182372570037841797e+00,1.800151765346527100e-01,5.751593112945556641e-01,2.595790624618530273e-01,-5.433215498924255371e-01,5.537257194519042969e-01,-1.325268387794494629e+00,9.835554957389831543e-01,6.541924923658370972e-02,1.360342264175415039e+00,3.709601238369941711e-02,-1.751463674008846283e-02,1.275046020746231079e-01,7.475242763757705688e-02,2.823702394962310791e-01,1.698869466781616211e-01,1.353073120117187500e-01,1.117452830076217651e-01,1.522533297538757324e-01,0.000000000000000000e+00,0.000000000000000000e+00,-1.262046694755554199e+00,2.885537147521972656e-01,-1.358490467071533203e+00,-1.766301274299621582e+00,-1.297366499900817871e+00,6.107879281044006348e-01,-7.346704602241516113e-01,-5.925677418708801270e-01,-1.867499947547912598e+00,1.338339924812316895e+00
-5.177989602088928223e-01,4.184767246246337891e+00,1.797542124986648560e-01,5.734794735908508301e-01,2.680726051330566406e-01,-5.472134351730346680e-01,5.475544333457946777e-01,-1.305778503417968750e+00,1.020594239234924316e+00,1.688544601202011108e-01,1.345969796180725098e+00,-1.073037157766520977e-03,1.184058934450149536e-01,1.172844544053077698e-01,8.032669126987457275e-02,2.986703515052795410e-01,1.722425818443298340e-01,1.399376541376113892e-01,1.039119735360145569e-01,1.544021964073181152e-01,0.000000000000000000e+00,0.000000000000000000e+00,-1.246251821517944336e+00,3.012572824954986572e-01,-1.323868393898010254e+00,-1.784714937210083008e+00,-1.296536684036254883e+00,6.004696488380432129e-01,-7.770866751670837402e-01,-5.618473887443542480e-01,-1.867499947547912598e+00,1.326293349266052246e+00
-5.186808109283447266e-01,4.188493728637695312e+00,1.817861050367355347e-01,5.747265815734863281e-01,2.747089862823486328e-01,-5.464693903923034668e-01,5.436869263648986816e-01,-1.286749958992004395e+00,1.071685552597045898e+00,2.529126703739166260e-01,1.353220462799072266e+00,-1.973684504628181458e-02,1.201251447200775146e-01,1.016167104244232178e-01,8.590351790189743042e-02,2.977244853973388672e-01,1.758853346109390259e-01,1.433206349611282349e-01,9.927836060523986816e-02,1.434876322746276855e-01,0.000000000000000000e+00,0.000000000000000000e+00,-1.235889077186584473e+00,3.167741596698760986e-01,-1.286162018775939941e+00,-1.805624842643737793e+00,-1.297348737716674805e+00,5.753765702247619629e-01,-8.100489377975463867e-01,-5.362538099288940430e-01,-1.867499947547912598e+00,1.313298106193542480e+00
-5.207116603851318359e-01,4.191084861755371094e+00,1.864573657512664795e-01,5.808455944061279297e-01,2.782452106475830078e-01,-5.509962439537048340e-01,5.306610465049743652e-01,-1.249173402786254883e+00,1.077115535736083984e+00,3.097713291645050049e-01,1.344098806381225586e+00,-2.643859386444091797e-02,1.601269692182540894e-01,8.173654228448867798e-02,6.930360198020935059e-02,2.943281531333923340e-01,1.800134927034378052e-01,1.459723412990570068e-01,9.691978991031646729e-02,1.419125497341156006e-01,0.000000000000000000e+00,0.000000000000000000e+00,-1.215342879295349121e+00,3.352282345294952393e-01,-1.228390097618103027e+00,-1.836303353309631348e+00,-1.298469185829162598e+00,5.742554664611816406e-01,-8.491303920745849609e-01,-5.357355475425720215e-01,-1.867499947547912598e+00,1.298518180847167969e+00
-5.218106508255004883e-01,4.193368434906005859e+00,1.924278885126113892e-01,5.883649587631225586e-01,2.807421386241912842e-01,-5.496841669082641602e-01,5.223580002784729004e-01,-1.236136555671691895e+00,1.066448926925659180e+00,3.374549746513366699e-01,1.326169610023498535e+00,-2.176169306039810181e-02,1.690377891063690186e-01,5.741927027702331543e-02,5.779802799224853516e-02,2.799937129020690918e-01,1.832968294620513916e-01,1.479285359382629395e-01,9.336514025926589966e-02,1.384697705507278442e-01,0.000000000000000000e+00,0.000000000000000000e+00,-1.204205393791198730e+00,3.456636071205139160e-01,-1.184141874313354492e+00,-1.863910198211669922e+00,-1.299685120582580566e+00,5.855237245559692383e-01,-8.669807314872741699e-01,-5.556834936141967773e-01,-1.867499947547912598e+00,1.284331083297729492e+00
-5.213852524757385254e-01,4.194170475006103516e+00,1.969584524631500244e-01,5.968980193138122559e-01,2.800852656364440918e-01,-5.438916683197021484e-01,5.190827250480651855e-01,-1.236390829086303711e+00,1.047533869743347168e+00,3.599179089069366455e-01,1.317092418670654297e+00,-1.906988769769668579e-02,1.782323122024536133e-01,3.623227402567863464e-02,4.660713300108909607e-02,2.695627212524414062e-01,1.849423944950103760e-01,1.469048857688903809e-01,9.308551996946334839e-02,1.335263699293136597e-01,0.000000000000000000e+00,0.000000000000000000e+00,-1.199674725532531738e+00,3.481594324111938477e-01,-1.156674385070800781e+00,-1.867499947547912598e+00,-1.300282359123229980e+00,6.062446832656860352e-01,-8.716530799865722656e-01,-5.834943652153015137e-01,-1.867499947547912598e+00,1.274234533309936523e+00
-5.205677747726440430e-01,4.194293498992919922e+00,1.999203115701675415e-01,6.057974100112915039e-01,2.778995633125305176e-01,-5.358187556266784668e-01,5.183430910110473633e-01,-1.240760684013366699e+00,1.029767036437988281e+00,3.869664669036865234e-01,1.313703775405883789e+00,-2.137974649667739868e-02,1.858897507190704346e-01,1.750356145203113556e-02,3.579261153936386108e-02,2.626000046730041504e-01,1.862920373678207397e-01,1.445026695728302002e-01,9.112405031919479370e-02,1.232272088527679443e-01,0.000000000000000000e+00,0.000000000000000000e+00,-1.195044994354248047e+00,3.549078106880187988e-01,-1.132287144660949707e+00,-1.867499947547912598e+00,-1.298629403114318848e+00,6.272448897361755371e-01,-8.709256052970886230e-01,-6.101062893867492676e-01,-1.867499947547912598e+00,1.268283843994140625e+00
-5.197510123252868652e-01,4.193008422851562500e+00,2.011088132858276367e-01,6.144268512725830078e-01,2.749629318714141846e-01,-5.284749269485473633e-01,5.172903537750244141e-01,-1.242462038993835449e+00,1.007915973663330078e+00,4.036977291107177734e-01,1.309337615966796875e+00,-2.117479033768177032e-02,1.909899264574050903e-01,2.937715966254472733e-03,2.256458811461925507e-02,2.567051053047180176e-01,1.866952627897262573e-01,1.433933377265930176e-01,8.765683323144912720e-02,1.100355461239814758e-01,0.000000000000000000e+00,0.000000000000000000e+00,-1.182287454605102539e+00,3.631214797496795654e-01,-1.099710941314697266e+00,-1.867499947547912598e+00,-1.297067642211914062e+00,6.489474177360534668e-01,-8.693123459815979004e-01,-6.333550214767456055e-01,-1.867499947547912598e+00,1.265143036842346191e+00
-5.192747712135314941e-01,4.190371513366699219e+00,2.006209790706634521e-01,6.216537356376647949e-01,2.706660032272338867e-01,-5.224421024322509766e-01,5.170500874519348145e-01,-1.240214467048645020e+00,9.834967851638793945e-01,4.113268852233886719e-01,1.302575230598449707e+00,-1.693308539688587189e-02,1.939641684293746948e-01,-4.685435444116592407e-03,1.023536827415227890e-02,2.517110109329223633e-01,1.861956268548965454e-01,1.449458301067352295e-01,8.663620054721832275e-02,9.649287164211273193e-02,0.000000000000000000e+00,0.000000000000000000e+00,-1.164518833160400391e+00,3.718838095664978027e-01,-1.071303844451904297e+00,-1.867499947547912598e+00,-1.295564770698547363e+00,6.667704582214355469e-01,-8.644925951957702637e-01,-6.513431668281555176e-01,-1.867499947547912598e+00,1.262137651443481445e+00
-5.188269615173339844e-01,4.186862468719482422e+00,1.985751539468765259e-01,6.277067065238952637e-01,2.650978565216064453e-01,-5.170068144798278809e-01,5.180842876434326172e-01,-1.234899997711181641e+00,9.599716067314147949e-01,4.147958755493164062e-01,1.296094536781311035e+00,-6.281811743974685669e-03,1.842202097177505493e-01,-6.065067835152149200e-03,1.321074378211051226e-04,2.448123395442962646e-01,1.847113221883773804e-01,1.488160192966461182e-01,8.776315301656723022e-02,8.263067156076431274e-02,0.000000000000000000e+00,0.000000000000000000e+00,-1.154279112815856934e+00,3.823489248752593994e-01,-1.062611579895019531e+00,-1.867499947547912598e+00,-1.294252276420593262e+00,6.768317818641662598e-01,-8.564338088035583496e-01,-6.658729910850524902e-01,-1.867499947547912598e+00,1.258109569549560547e+00
-5.185631513595581055e-01,4.183279037475585938e+00,1.983537375926971436e-01,6.330414414405822754e-01,2.595176994800567627e-01,-5.125250816345214844e-01,5.188710093498229980e-01,-1.228096365928649902e+00,9.343008995056152344e-01,4.170386791229248047e-01,1.285766959190368652e+00,1.075403019785881042e-02,1.689427793025970459e-01,-8.182950317859649658e-03,-9.976728819310665131e-03,2.338102906942367554e-01,1.840461492538452148e-01,1.550220102071762085e-01,8.958222717046737671e-02,7.271573692560195923e-02,0.000000000000000000e+00,0.000000000000000000e+00,-1.147940397262573242e+00,3.895369768142700195e-01,-1.063322544097900391e+00,-1.867499947547912598e+00,-1.292287588119506836e+00,6.804578900337219238e-01,-8.456529378890991211e-01,-6.774417757987976074e-01,-1.867499947547912598e+00,1.254648804664611816e+00
-5.182322859764099121e-01,4.179655551910400391e+00,2.020453363656997681e-01,6.394583582878112793e-01,2.549887299537658691e-01,-5.086950063705444336e-01,5.170136690139770508e-01,-1.222393751144409180e+00,8.991448879241943359e-01,4.103958308696746826e-01,1.269005298614501953e+00,3.930016607046127319e-02,1.403366625308990479e-01,-1.816241070628166199e-02,-2.468051016330718994e-02,2.188124358654022217e-01,1.851450502872467041e-01,1.635983139276504517e-01,9.090990573167800903e-02,6.831342726945877075e-02,0.000000000000000000e+00,0.000000000000000000e+00,-1.144269466400146484e+00,3.901879489421844482e-01,-1.064117074012756348e+00,-1.867499947547912598e+00,-1.289678096771240234e+00,6.698364019393920898e-01,-8.349498510360717773e-01,-6.877486109733581543e-01,-1.867499947547912598e+00,1.252318739891052246e+00
-5.167514085769653320e-01,4.176391601562500000e+00,2.082891315221786499e-01,6.461566686630249023e-01,2.508565783500671387e-01,-5.058736801147460938e-01,5.134630799293518066e-01,-1.224530816078186035e+00,8.554666042327880859e-01,3.822279572486877441e-01,1.249275565147399902e+00,9.212473779916763306e-02,9.143988043069839478e-02,-3.227853402495384216e-02,-4.297665134072303772e-02,2.067892551422119141e-01,1.891397535800933838e-01,1.746213138103485107e-01,8.913968503475189209e-02,6.395579129457473755e-02,0.000000000000000000e+00,0.000000000000000000e+00,-1.144542574882507324e+00,3.885911703109741211e-01,-1.066491842269897461e+00,-1.867499947547912598e+00,-1.285604715347290039e+00,6.519225835800170898e-01,-8.311848640441894531e-01,-6.957830190658569336e-01,-1.867499947547912598e+00,1.252914547920227051e+00
-5.141214728355407715e-01,4.173691749572753906e+00,2.170591205358505249e-01,6.535510420799255371e-01,2.439520657062530518e-01,-5.062659382820129395e-01,5.070042014122009277e-01,-1.224823713302612305e+00,7.931639552116394043e-01,3.333601057529449463e-01,1.222968697547912598e+00,1.763089448213577271e-01,3.203853219747543335e-02,-4.537049680948257446e-02,-7.162861526012420654e-02,1.904806792736053467e-01,1.952840834856033325e-01,1.861794739961624146e-01,8.792959898710250854e-02,5.949629098176956177e-02,0.000000000000000000e+00,0.000000000000000000e+00,-1.142338514328002930e+00,3.811207115650177002e-01,-1.064833521842956543e+00,-1.867499947547912598e+00,-1.279637932777404785e+00,6.537877917289733887e-01,-8.485789299011230469e-01,-7.057948708534240723e-01,-1.867499947547912598e+00,1.254686832427978516e+00
-5.111222863197326660e-01,4.172528743743896484e+00,2.283608615398406982e-01,6.602922081947326660e-01,2.405159175395965576e-01,-5.032528042793273926e-01,5.028945207595825195e-01,-1.254338026046752930e+00,7.342838048934936523e-01,2.611571848392486572e-01,1.209871530532836914e+00,2.649146020412445068e-01,-3.233446180820465088e-02,-6.657633930444717407e-02,-9.172428399324417114e-02,1.617735177278518677e-01,2.016839534044265747e-01,1.966989189386367798e-01,8.633666485548019409e-02,5.444651842117309570e-02,0.000000000000000000e+00,0.000000000000000000e+00,-1.155122995376586914e+00,3.740380406379699707e-01,-1.072731018066406250e+00,-1.867499947547912598e+00,-1.272801280021667480e+00,6.619022488594055176e-01,-8.718662261962890625e-01,-7.127692103385925293e-01,-1.867499947547912598e+00,1.255376458168029785e+00
-5.089602470397949219e-01,4.172940254211425781e+00,2.419331222772598267e-01,6.684119701385498047e-01,2.387151569128036499e-01,-4.965626895427703857e-01,4.996659159660339355e-01,-1.317551612854003906e+00,6.813941597938537598e-01,1.821384578943252563e-01,1.224263548851013184e+00,3.624493777751922607e-01,-8.874108642339706421e-02,-9.675485640764236450e-02,-1.066822558641433716e-01,1.123022884130477905e-01,2.075403034687042236e-01,2.065941393375396729e-01,8.094561845064163208e-02,4.150809720158576965e-02,0.000000000000000000e+00,0.000000000000000000e+00,-1.170114517211914062e+00,3.658885061740875244e-01,-1.066201090812683105e+00,-1.867499947547912598e+00,-1.265401601791381836e+00,6.637875437736511230e-01,-9.032265543937683105e-01,-7.151778936386108398e-01,-1.867499947547912598e+00,1.254084467887878418e+00
-5.087997317314147949e-01,4.175746917724609375e+00,2.582655549049377441e-01,6.804714798927307129e-01,2.338822484016418457e-01,-4.838695228099822998e-01,4.981244206428527832e-01,-1.423832178115844727e+00,6.071169972419738770e-01,8.701489865779876709e-02,1.292962074279785156e+00,4.236863851547241211e-01,-1.315737962722778320e-01,-1.363069266080856323e-01,-1.233780756592750549e-01,4.043279588222503662e-02,2.149601131677627563e-01,2.170592993497848511e-01,7.715760171413421631e-02,8.566536940634250641e-03,0.000000000000000000e+00,0.000000000000000000e+00,-1.189635396003723145e+00,3.579014241695404053e-01,-1.043931841850280762e+00,-1.867499947547912598e+00,-1.257968664169311523e+00,6.573011279106140137e-01,-9.400663971900939941e-01,-7.220630049705505371e-01,-1.867499947547912598e+00,1.248537063598632812e+00
-5.072290301322937012e-01,4.179604530334472656e+00,2.763987183570861816e-01,6.967478990554809570e-01,2.218471467494964600e-01,-4.623924195766448975e-01,5.015171170234680176e-01,-1.579652547836303711e+00,4.823849797248840332e-01,-1.893891952931880951e-02,1.453512787818908691e+00,3.899174332618713379e-01,-1.638961732387542725e-01,-1.761956065893173218e-01,-1.483919918537139893e-01,-5.334554240107536316e-02,2.233397513628005981e-01,2.208225876092910767e-01,7.161649316549301147e-02,-5.114250257611274719e-02,0.000000000000000000e+00,0.000000000000000000e+00,-1.215828418731689453e+00,3.483493030071258545e-01,-1.020074963569641113e+00,-1.867499947547912598e+00,-1.251714825630187988e+00,6.482903957366943359e-01,-9.776663184165954590e-01,-7.398648262023925781e-01,-1.867499947547912598e+00,1.236371755599975586e+00
-5.067450404167175293e-01,4.184800148010253906e+00,2.951523065567016602e-01,7.129658460617065430e-01,2.112482190132141113e-01,-4.335885941982269287e-01,5.089742541313171387e-01,-1.777052998542785645e+00,3.360486924648284912e-01,-8.648004382848739624e-02,1.680579543113708496e+00,3.241275548934936523e-01,-1.518328487873077393e-01,-2.234917879104614258e-01,-1.690145879983901978e-01,-1.464803516864776611e-01,2.315605133771896362e-01,2.249874472618103027e-01,6.400045007467269897e-02,-1.204744502902030945e-01,0.000000000000000000e+00,0.000000000000000000e+00,-1.254663348197937012e+00,3.409344255924224854e-01,-1.009133100509643555e+00,-1.867499947547912598e+00,-1.246215105056762695e+00,6.208255290985107422e-01,-1.005913496017456055e+00,-7.548914551734924316e-01,-1.867499947547912598e+00,1.218442082405090332e+00
-5.068745613098144531e-01,4.187473297119140625e+00,3.123476803302764893e-01,7.224514484405517578e-01,1.944590061902999878e-01,-4.186138808727264404e-01,5.147931575775146484e-01,-1.919899582862854004e+00,2.324541211128234863e-01,-5.798972398042678833e-02,1.895844936370849609e+00,2.780773043632507324e-01,-1.470211446285247803e-01,-2.436104714870452881e-01,-1.994460523128509521e-01,-2.195059061050415039e-01,2.432111501693725586e-01,2.324002832174301147e-01,5.720070376992225647e-02,-1.912813186645507812e-01,0.000000000000000000e+00,0.000000000000000000e+00,-1.257739424705505371e+00,3.392566144466400146e-01,-9.840825200080871582e-01,-1.867499947547912598e+00,-1.241015791893005371e+00,6.079338192939758301e-01,-1.045330524444580078e+00,-7.604002952575683594e-01,-1.867499947547912598e+00,1.197985529899597168e+00
-5.051518678665161133e-01,4.184760570526123047e+00,3.266317844390869141e-01,7.195118069648742676e-01,1.616713404655456543e-01,-4.417920708656311035e-01,5.108667612075805664e-01,-1.919899940490722656e+00,1.826765984296798706e-01,4.988172650337219238e-02,2.052354335784912109e+00,2.228778749704360962e-01,-1.257661581039428711e-01,-1.970144510269165039e-01,-2.566261589527130127e-01,-2.528549730777740479e-01,2.595523893833160400e-01,2.410635799169540405e-01,5.246277898550033569e-02,-2.560023963451385498e-01,0.000000000000000000e+00,0.000000000000000000e+00,-1.178455710411071777e+00,3.439859747886657715e-01,-9.078359007835388184e-01,-1.867499947547912598e+00,-1.235208511352539062e+00,6.699038147926330566e-01,-1.136047244071960449e+00,-7.766382694244384766e-01,-1.867499947547912598e+00,1.175016522407531738e+00
-4.986983537673950195e-01,4.181446075439453125e+00,3.398270606994628906e-01,7.125115394592285156e-01,1.429132521152496338e-01,-4.682978093624114990e-01,5.025935769081115723e-01,-1.919899940490722656e+00,1.592076420783996582e-01,1.840418726205825806e-01,2.176934719085693359e+00,1.477152556180953979e-01,-7.037736475467681885e-02,-1.610536873340606689e-01,-3.026656210422515869e-01,-2.605182528495788574e-01,2.714885473251342773e-01,2.545419037342071533e-01,5.229406058788299561e-02,-2.839926183223724365e-01,0.000000000000000000e+00,0.000000000000000000e+00,-1.117893934249877930e+00,3.423561453819274902e-01,-8.498370647430419922e-01,-1.867499947547912598e+00,-1.230178236961364746e+00,7.359163165092468262e-01,-1.220084547996520996e+00,-8.007309436798095703e-01,-1.867499947547912598e+00,1.152876496315002441e+00
-4.899955987930297852e-01,4.179408550262451172e+00,3.500704467296600342e-01,7.074781060218811035e-01,1.349777430295944214e-01,-4.877921342849731445e-01,4.932692945003509521e-01,-1.919899940490722656e+00,1.970382183790206909e-01,3.447068333625793457e-01,2.251109600067138672e+00,9.868370741605758667e-02,2.169264853000640869e-02,-1.464378386735916138e-01,-3.370193243026733398e-01,-2.649570405483245850e-01,2.810329496860504150e-01,2.676529288291931152e-01,5.481373518705368042e-02,-2.941383421421051025e-01,0.000000000000000000e+00,0.000000000000000000e+00,-1.081202983856201172e+00,3.362639546394348145e-01,-8.091646432876586914e-01,-1.867499947547912598e+00,-1.229294180870056152e+00,7.837538123130798340e-01,-1.288677930831909180e+00,-8.200106024742126465e-01,-1.867499947547912598e+00,1.132516384124755859e+00
-4.823062121868133545e-01,4.178996086120605469e+00,3.574416339397430420e-01,7.139724493026733398e-01,1.318445950746536255e-01,-4.922583699226379395e-01,4.801479279994964600e-01,-1.919899940490722656e+00,2.809879481792449951e-01,4.831188023090362549e-01,2.266797542572021484e+00,8.660104870796203613e-02,2.219145447015762329e-01,-1.632477194070816040e-01,-3.766541481018066406e-01,-2.828405499458312988e-01,2.892254889011383057e-01,2.803264260292053223e-01,5.812439322471618652e-02,-3.040426075458526611e-01,0.000000000000000000e+00,0.000000000000000000e+00,-1.079541563987731934e+00,3.205277323722839355e-01,-7.641928791999816895e-01,-1.867499947547912598e+00,-1.233057141304016113e+00,7.933321595191955566e-01,-1.349113106727600098e+00,-8.401405215263366699e-01,-1.867499947547912598e+00,1.114885210990905762e+00
-4.723012447357177734e-01,4.179145812988281250e+00,3.619917333126068115e-01,7.261297106742858887e-01,1.336885690689086914e-01,-4.877748489379882812e-01,4.657667875289916992e-01,-1.919899940490722656e+00,3.363191783428192139e-01,5.963320136070251465e-01,2.266339302062988281e+00,5.628140270709991455e-02,3.923207223415374756e-01,-1.990234851837158203e-01,-4.150006473064422607e-01,-3.146475851535797119e-01,2.981959581375122070e-01,2.857919335365295410e-01,6.107008829712867737e-02,-3.044223785400390625e-01,0.000000000000000000e+00,0.000000000000000000e+00,-1.110417604446411133e+00,3.043013215065002441e-01,-7.409060597419738770e-01,-1.867499947547912598e+00,-1.242914915084838867e+00,7.654370069503784180e-01,-1.396967411041259766e+00,-8.454711437225341797e-01,-1.867499947547912598e+00,1.100969314575195312e+00
-4.631603062152862549e-01,4.181538581848144531e+00,3.675497174263000488e-01,7.374789714813232422e-01,1.342527866363525391e-01,-4.839890897274017334e-01,4.515036344528198242e-01,-1.919899940490722656e+00,3.870554566383361816e-01,6.956492662429809570e-01,2.268321275711059570e+00,1.266819518059492111e-02,5.058181285858154297e-01,-2.390359491109848022e-01,-4.556150436401367188e-01,-3.539028465747833252e-01,3.144103586673736572e-01,2.876556217670440674e-01,6.394639611244201660e-02,-3.021042943000793457e-01,0.000000000000000000e+00,0.000000000000000000e+00,-1.142905950546264648e+00,2.909443378448486328e-01,-7.286641001701354980e-01,-1.867499947547912598e+00,-1.263269901275634766e+00,7.185510396957397461e-01,-1.449392795562744141e+00,-8.259528875350952148e-01,-1.867499947547912598e+00,1.090578794479370117e+00
-4.561831951141357422e-01,4.183439731597900391e+00,3.713270425796508789e-01,7.448191642761230469e-01,1.324501931667327881e-01,-4.851636886596679688e-01,4.385402202606201172e-01,-1.919899940490722656e+00,4.102067351341247559e-01,7.381356358528137207e-01,2.274537801742553711e+00,-1.168973557651042938e-02,5.061399936676025391e-01,-2.719356417655944824e-01,-4.931596517562866211e-01,-3.633330762386322021e-01,3.366375863552093506e-01,2.942789196968078613e-01,6.653583049774169922e-02,-2.947135269641876221e-01,0.000000000000000000e+00,0.000000000000000000e+00,-1.164895653724670410e+00,2.741417288780212402e-01,-7.220652699470520020e-01,-1.867499947547912598e+00,-1.302373766899108887e+00,6.599736213684082031e-01,-1.501702427864074707e+00,-7.833703160285949707e-01,-1.867499947547912598e+00,1.087688326835632324e+00
-4.481877386569976807e-01,4.181113243103027344e+00,3.752362728118896484e-01,7.457422614097595215e-01,1.361612081527709961e-01,-4.894424080848693848e-01,4.310159683227539062e-01,-1.919899940490722656e+00,4.123045504093170166e-01,7.359155416488647461e-01,2.274584770202636719e+00,-8.834089967422187328e-04,4.849080145359039307e-01,-2.946244180202484131e-01,-5.118377804756164551e-01,-3.457425236701965332e-01,3.477891683578491211e-01,3.188012838363647461e-01,5.866673961281776428e-02,-2.547518014907836914e-01,0.000000000000000000e+00,0.000000000000000000e+00,-1.176165342330932617e+00,2.303195744752883911e-01,-7.340652942657470703e-01,-1.867499947547912598e+00,-1.349829316139221191e+00,5.965611934661865234e-01,-1.522581696510314941e+00,-7.242476940155029297e-01,-1.867499947547912598e+00,1.097403764724731445e+00
-4.409627616405487061e-01,4.174913883209228516e+00,3.795026242733001709e-01,7.419271469116210938e-01,1.401194185018539429e-01,-5.006471872329711914e-01,4.233946800231933594e-01,-1.919899940490722656e+00,3.992170989513397217e-01,7.050232887268066406e-01,2.274909973144531250e+00,2.501242235302925110e-02,4.251792728900909424e-01,-3.000611066818237305e-01,-5.268153548240661621e-01,-3.188487887382507324e-01,3.431989848613739014e-01,3.588333129882812500e-01,3.189238905906677246e-02,-1.901785433292388916e-01,0.000000000000000000e+00,0.000000000000000000e+00,-1.171093225479125977e+00,1.646737158298492432e-01,-7.646871209144592285e-01,-1.867499947547912598e+00,-1.408771395683288574e+00,5.217573642730712891e-01,-1.523324728012084961e+00,-6.490481495857238770e-01,-1.867499947547912598e+00,1.112487912178039551e+00
-4.334206283092498779e-01,4.166993141174316406e+00,3.832575678825378418e-01,7.335298657417297363e-01,1.425715982913970947e-01,-5.197999477386474609e-01,4.140233695507049561e-01,-1.919899940490722656e+00,3.822561204433441162e-01,6.604580283164978027e-01,2.276553869247436523e+00,6.818348169326782227e-02,3.588045835494995117e-01,-2.889392971992492676e-01,-5.397245883941650391e-01,-2.790712714195251465e-01,3.304342329502105713e-01,3.913375437259674072e-01,1.221172884106636047e-02,-1.089597195386886597e-01,0.000000000000000000e+00,0.000000000000000000e+00,-1.163459897041320801e+00,9.716097265481948853e-02,-8.320115208625793457e-01,-1.825221300125122070e+00,-1.478073239326477051e+00,4.270315170288085938e-01,-1.515087127685546875e+00,-5.504162311553955078e-01,-1.867499947547912598e+00,1.132113337516784668e+00
-4.250291287899017334e-01,4.157566070556640625e+00,3.892702162265777588e-01,7.223724126815795898e-01,1.477341502904891968e-01,-5.423775315284729004e-01,4.027149379253387451e-01,-1.919899940490722656e+00,3.640977442264556885e-01,6.163401603698730469e-01,2.273613929748535156e+00,1.147294342517852783e-01,3.005237877368927002e-01,-2.711742520332336426e-01,-5.476806163787841797e-01,-2.350943684577941895e-01,3.033123612403869629e-01,4.168352186679840088e-01,2.636723686009645462e-03,-1.549252402037382126e-02,0.000000000000000000e+00,0.000000000000000000e+00,-1.158502697944641113e+00,3.376658260822296143e-02,-9.225121140480041504e-01,-1.757253408432006836e+00,-1.517933487892150879e+00,3.129845857620239258e-01,-1.499423384666442871e+00,-4.113165736198425293e-01,-1.867499947547912598e+00,1.164062023162841797e+00
-4.167140722274780273e-01,4.147465705871582031e+00,3.985058367252349854e-01,7.106078267097473145e-01,1.570573300123214722e-01,-5.627167820930480957e-01,3.920705616474151611e-01,-1.919899940490722656e+00,3.435741364955902100e-01,5.751088261604309082e-01,2.262760400772094727e+00,1.531887948513031006e-01,2.453608363866806030e-01,-2.550316751003265381e-01,-5.466120243072509766e-01,-1.955733299255371094e-01,2.643682360649108887e-01,4.321841001510620117e-01,-9.616211173124611378e-05,7.932437956333160400e-02,0.000000000000000000e+00,0.000000000000000000e+00,-1.162101984024047852e+00,-2.958485297858715057e-02,-1.028576850891113281e+00,-1.680816292762756348e+00,-1.533225774765014648e+00,1.715695261955261230e-01,-1.472371339797973633e+00,-2.116495817899703979e-01,-1.867499947547912598e+00,1.220536112785339355e+00
-4.096623361110687256e-01,4.135758399963378906e+00,4.101847410202026367e-01,6.970690488815307617e-01,1.711611002683639526e-01,-5.796536207199096680e-01,3.857463896274566650e-01,-1.919899940490722656e+00,3.151187896728515625e-01,5.272998809814453125e-01,2.243715286254882812e+00,1.812545508146286011e-01,1.905802041292190552e-01,-2.433786690235137939e-01,-5.295820832252502441e-01,-1.565348356962203979e-01,2.238087505102157593e-01,4.463672935962677002e-01,1.386367809027433395e-02,1.603388488292694092e-01,0.000000000000000000e+00,0.000000000000000000e+00,-1.171835303306579590e+00,-8.672313392162322998e-02,-1.146389245986938477e+00,-1.595358014106750488e+00,-1.534595489501953125e+00,-2.413963526487350464e-02,-1.434752106666564941e+00,5.203150212764739990e-02,-1.867499947547912598e+00,1.288037776947021484e+00
-4.022543132305145264e-01,4.123672962188720703e+00,4.223252534866333008e-01,6.763690710067749023e-01,1.920234411954879761e-01,-5.987367033958435059e-01,3.836224973201751709e-01,-1.919899940490722656e+00,2.844270467758178711e-01,4.588550925254821777e-01,2.225669860839843750e+00,2.146899849176406860e-01,1.371659189462661743e-01,-2.335679084062576294e-01,-4.928997159004211426e-01,-1.386410444974899292e-01,1.917721927165985107e-01,4.715536236763000488e-01,2.746671624481678009e-02,2.173191159963607788e-01,0.000000000000000000e+00,0.000000000000000000e+00,-1.175357937812805176e+00,-1.206626072525978088e-01,-1.265257120132446289e+00,-1.497422456741333008e+00,-1.524345278739929199e+00,-3.007422685623168945e-01,-1.371136307716369629e+00,4.122012257575988770e-01,-1.867499947547912598e+00,1.364767432212829590e+00
-3.935564160346984863e-01,4.106441974639892578e+00,4.331444799900054932e-01,6.734063625335693359e-01,2.335876077413558960e-01,-5.631880164146423340e-01,4.180669784545898438e-01,-1.919899940490722656e+00,2.683638334274291992e-01,4.372511804103851318e-01,2.207462549209594727e+00,2.080637514591217041e-01,1.519284546375274658e-01,-2.799437344074249268e-01,-3.954267501831054688e-01,-1.681649833917617798e-01,1.876249760389328003e-01,4.841865897178649902e-01,2.119222655892372131e-02,2.131030857563018799e-01,0.000000000000000000e+00,0.000000000000000000e+00,-1.281364440917968750e+00,-1.503237485885620117e-01,-1.423544764518737793e+00,-1.486537218093872070e+00,-1.525046586990356445e+00,-4.244697391986846924e-01,-1.262194752693176270e+00,4.952603876590728760e-01,-1.859580159187316895e+00,1.367939591407775879e+00
-3.847922682762145996e-01,4.091278553009033203e+00,4.445849359035491943e-01,6.577939391136169434e-01,2.654814720153808594e-01,-5.494320392608642578e-01,4.415327608585357666e-01,-1.919899940490722656e+00,2.456933856010437012e-01,3.998538553714752197e-01,2.185663938522338867e+00,2.037986814975738525e-01,1.723616272211074829e-01,-3.067508041858673096e-01,-3.106827735900878906e-01,-2.142371237277984619e-01,1.933465003967285156e-01,4.916673004627227783e-01,2.321950346231460571e-02,2.163644433021545410e-01,0.000000000000000000e+00,0.000000000000000000e+00,-1.334668397903442383e+00,-1.968379616737365723e-01,-1.547984838485717773e+00,-1.461644887924194336e+00,-1.525115013122558594e+00,-5.886877179145812988e-01,-1.168082952499389648e+00,6.820811033248901367e-01,-1.837104320526123047e+00,1.373714327812194824e+00
-3.757680952548980713e-01,4.081353664398193359e+00,4.539054334163665771e-01,6.260526776313781738e-01,2.643952071666717529e-01,-6.337174177169799805e-01,3.695340752601623535e-01,-1.919899940490722656e+00,1.960376203060150146e-01,2.536362111568450928e-01,2.181356906890869141e+00,2.709935605525970459e-01,1.514515466988086700e-02,-2.870893180370330811e-01,-3.883779346942901611e-01,-3.197794854640960693e-01,1.916505098342895508e-01,3.696236312389373779e-01,6.795462965965270996e-02,-8.359643630683422089e-03,0.000000000000000000e+00,0.000000000000000000e+00,-1.269850254058837891e+00,6.180532276630401611e-02,-1.409223198890686035e+00,-1.083078742027282715e+00,-1.367030143737792969e+00,-1.204400181770324707e+00,-8.380363583564758301e-01,1.570799946784973145e+00,-1.304852604866027832e+00,1.288722872734069824e+00
-3.666227459907531738e-01,4.066969394683837891e+00,4.581072628498077393e-01,5.755003094673156738e-01,3.071619570255279541e-01,-6.519815921783447266e-01,3.864853084087371826e-01,-1.919899940490722656e+00,1.234512701630592346e-01,1.009936928749084473e-01,2.200369358062744141e+00,3.182093799114227295e-01,-6.157616525888442993e-02,-2.633867561817169189e-01,-2.909848988056182861e-01,-4.777787625789642334e-01,2.133549451828002930e-01,3.477753102779388428e-01,6.215116009116172791e-02,1.475934833288192749e-01,0.000000000000000000e+00,0.000000000000000000e+00,-1.262243866920471191e+00,-7.075804471969604492e-02,-1.564020037651062012e+00,-8.972321748733520508e-01,-1.254694819450378418e+00,-1.128723859786987305e+00,-8.089734315872192383e-01,1.570799946784973145e+00,-1.027794718742370605e+00,1.097408175468444824e+00
-3.622812628746032715e-01,4.044350147247314453e+00,4.611664414405822754e-01,6.005211472511291504e-01,3.198928833007812500e-01,-6.177794337272644043e-01,3.941973149776458740e-01,-1.919899940490722656e+00,8.069722354412078857e-02,9.752994030714035034e-02,2.162750482559204102e+00,3.008904457092285156e-01,-4.719383642077445984e-02,-3.494123220443725586e-01,-2.796984314918518066e-01,-5.609802007675170898e-01,2.281048744916915894e-01,3.666625022888183594e-01,5.432559922337532043e-02,3.039318621158599854e-01,0.000000000000000000e+00,0.000000000000000000e+00,-1.392092704772949219e+00,-3.220562636852264404e-01,-1.570799112319946289e+00,-8.589960336685180664e-01,-1.244235515594482422e+00,-1.147557258605957031e+00,-9.366498589515686035e-01,1.570799946784973145e+00,-9.790431857109069824e-01,1.077873945236206055e+00
-3.588757216930389404e-01,4.021152973175048828e+00,4.611749947071075439e-01,5.952827930450439453e-01,4.093445539474487305e-01,-5.802691578865051270e-01,3.759828805923461914e-01,-1.919899940490722656e+00,8.024656772613525391e-02,-5.315365642309188843e-02,2.149640321731567383e+00,2.249176204204559326e-01,-6.093047931790351868e-02,-5.809381604194641113e-01,-1.978088915348052979e-01,-5.930999517440795898e-01,3.806445300579071045e-01,3.540440499782562256e-01,5.502620711922645569e-02,1.921843439340591431e-01,0.000000000000000000e+00,0.000000000000000000e+00,-1.528195023536682129e+00,-1.280877590179443359e-01,-1.570799946784973145e+00,-7.348311543464660645e-01,-1.192375540733337402e+00,-1.306129813194274902e+00,-6.971529126167297363e-01,1.570799946784973145e+00,-8.130396604537963867e-01,9.884186983108520508e-01
-3.496391177177429199e-01,4.007049083709716797e+00,4.603314697742462158e-01,5.651348829269409180e-01,4.253479540348052979e-01,-6.138392686843872070e-01,3.505752980709075928e-01,-1.919899940490722656e+00,1.198120638728141785e-01,-9.657474607229232788e-02,2.196893215179443359e+00,2.009466439485549927e-01,-9.464116394519805908e-02,-6.784987449645996094e-01,-2.446514517068862915e-01,-5.821869969367980957e-01,5.470274090766906738e-01,3.418848514556884766e-01,3.055452741682529449e-02,1.665304601192474365e-01,0.000000000000000000e+00,0.000000000000000000e+00,-1.492425799369812012e+00,-1.117785926908254623e-02,-1.570799946784973145e+00,-6.887269020080566406e-01,-1.142764210700988770e+00,-1.346304416656494141e+00,-5.782615542411804199e-01,1.570799946784973145e+00,-7.257245779037475586e-01,8.929427862167358398e-01
-3.408631682395935059e-01,3.996471881866455078e+00,4.632844924926757812e-01,5.359215736389160156e-01,4.175218641757965088e-01,-6.629377603530883789e-01,3.146062791347503662e-01,-1.914762377738952637e+00,1.808019280433654785e-01,-1.112932935357093811e-01,2.221446752548217773e+00,2.018064707517623901e-01,-1.297515630722045898e-01,-8.018214106559753418e-01,-3.495434820652008057e-01,-5.589005947113037109e-01,7.608400583267211914e-01,2.926936149597167969e-01,-2.533751772716641426e-03,1.842223703861236572e-01,0.000000000000000000e+00,0.000000000000000000e+00,-1.460326552391052246e+00,6.796877831220626831e-02,-1.570799946784973145e+00,-6.527273654937744141e-01,-1.084274888038635254e+00,-1.382905006408691406e+00,-4.940248429775238037e-01,1.570799946784973145e+00,-6.410197019577026367e-01,8.094378709793090820e-01
-3.318917155265808105e-01,3.981262922286987305e+00,4.624271988868713379e-01,4.837559759616851807e-01,4.325070381164550781e-01,-7.140945792198181152e-01,2.626533210277557373e-01,-1.771300196647644043e+00,2.540620267391204834e-01,-1.333658397197723389e-01,2.193047761917114258e+00,1.901208609342575073e-01,-1.823823451995849609e-01,-9.831336736679077148e-01,-4.054549038410186768e-01,-4.861229062080383301e-01,1.029739141464233398e+00,2.073240280151367188e-01,-7.165504992008209229e-02,4.750623775180429220e-04,0.000000000000000000e+00,0.000000000000000000e+00,-1.390829205513000488e+00,4.266146719455718994e-01,-1.570799946784973145e+00,-6.015040874481201172e-01,-9.571263194084167480e-01,-1.469305396080017090e+00,-9.794443100690841675e-02,1.570799946784973145e+00,-5.514979958534240723e-01,8.291237950325012207e-01
-3.259512782096862793e-01,3.966935396194458008e+00,4.623095095157623291e-01,4.663924872875213623e-01,4.225390255451202393e-01,-7.406920194625854492e-01,2.351895421743392944e-01,-1.650313735008239746e+00,2.621565163135528564e-01,-1.034035757184028625e-01,2.137181282043457031e+00,1.706055551767349243e-01,-2.344906926155090332e-01,-1.204157590866088867e+00,-4.800495207309722900e-01,-3.843382000923156738e-01,1.277589440345764160e+00,1.329947263002395630e-01,-1.059681922197341919e-01,-1.325566787272691727e-02,0.000000000000000000e+00,0.000000000000000000e+00,-1.412765741348266602e+00,5.201839208602905273e-01,-1.570799946784973145e+00,-5.180099606513977051e-01,-6.686598062515258789e-01,-1.536334395408630371e+00,5.767890065908432007e-02,1.570799946784973145e+00,-4.681715071201324463e-01,8.595016002655029297e-01
-3.224783539772033691e-01,3.958472490310668945e+00,4.604669511318206787e-01,4.541181921958923340e-01,3.955456912517547607e-01,-7.660683989524841309e-01,2.246318459510803223e-01,-1.531079292297363281e+00,2.275551706552505493e-01,-7.712114602327346802e-02,2.081177949905395508e+00,1.418021917343139648e-01,-2.940753698348999023e-01,-1.456605195999145508e+00,-5.233533382415771484e-01,-2.180464416742324829e-01,1.529164433479309082e+00,2.520257979631423950e-02,-1.153332218527793884e-01,3.807505220174789429e-02,0.000000000000000000e+00,0.000000000000000000e+00,-1.450849890708923340e+00,5.091090798377990723e-01,-1.570799946784973145e+00,-3.622014522552490234e-01,-3.656123876571655273e-01,-1.550661921501159668e+00,9.821021556854248047e-02,1.570799946784973145e+00,-4.295716583728790283e-01,8.278405070304870605e-01
-3.177280128002166748e-01,3.948321819305419922e+00,4.596136510372161865e-01,4.448996186256408691e-01,3.693821132183074951e-01,-7.948083281517028809e-01,1.841219365596771240e-01,-1.421338438987731934e+00,1.937243938446044922e-01,-2.550454623997211456e-02,2.012537717819213867e+00,1.124971657991409302e-01,-3.564884066581726074e-01,-1.744774103164672852e+00,-4.732148051261901855e-01,-4.963657632470130920e-02,1.712875366210937500e+00,-7.007843255996704102e-02,-1.083699688315391541e-01,-2.904386818408966064e-02,0.000000000000000000e+00,0.000000000000000000e+00,-1.408625006675720215e+00,6.996064782142639160e-01,-1.570799946784973145e+00,-3.293657302856445312e-01,-5.298475027084350586e-01,-1.594077587127685547e+00,2.843606173992156982e-01,1.570799946784973145e+00,-4.692303240299224854e-01,7.909185290336608887e-01
-3.190871775150299072e-01,3.935335159301757812e+00,4.640118181705474854e-01,4.407619833946228027e-01,3.257843255996704102e-01,-8.230490684509277344e-01,1.489419192075729370e-01,-1.314270973205566406e+00,1.403374820947647095e-01,5.263897776603698730e-02,1.923766493797302246e+00,8.592287451028823853e-02,-4.100728631019592285e-01,-1.919899940490722656e+00,-3.486130237579345703e-01,5.576185137033462524e-02,1.769909739494323730e+00,-1.452681422233581543e-01,-9.417324513196945190e-02,-5.849878489971160889e-02,0.000000000000000000e+00,0.000000000000000000e+00,-1.250698566436767578e+00,8.662863373756408691e-01,-1.570799946784973145e+00,-3.603878915309906006e-01,-7.885339856147766113e-01,-1.626762270927429199e+00,3.480832874774932861e-01,1.570799946784973145e+00,-5.787572264671325684e-01,7.596088647842407227e-01
-3.247078955173492432e-01,3.934072494506835938e+00,4.678422212600708008e-01,3.551827967166900635e-01,2.919250726699829102e-01,-8.732900023460388184e-01,1.612126827239990234e-01,-1.063909411430358887e+00,7.194051891565322876e-02,1.088089868426322937e-02,1.848271965980529785e+00,4.126566648483276367e-02,-5.061399936676025391e-01,-1.919899940490722656e+00,-2.051045000553131104e-01,3.102660924196243286e-02,1.794127464294433594e+00,-2.002643048763275146e-01,-6.087065488100051880e-02,-8.458186686038970947e-02,0.000000000000000000e+00,0.000000000000000000e+00,-8.921510577201843262e-01,1.045638203620910645e+00,-1.570799946784973145e+00,-4.106094539165496826e-01,-9.131540656089782715e-01,-1.463096737861633301e+00,3.490999937057495117e-01,1.570799946784973145e+00,-8.093884587287902832e-01,6.920367479324340820e-01
-3.315191566944122314e-01,3.931606769561767578e+00,4.672188758850097656e-01,2.895526885986328125e-01,2.550397217273712158e-01,-9.025779366493225098e-01,1.909634619951248169e-01,-8.700718283653259277e-01,3.897480433806777000e-03,2.992184599861502647e-03,1.794929265975952148e+00,2.194890379905700684e-02,-5.061399936676025391e-01,-1.919899940490722656e+00,-1.142420992255210876e-01,1.816042512655258179e-02,1.762800693511962891e+00,-2.262910455465316772e-01,-2.144325524568557739e-02,-1.281510293483734131e-01,0.000000000000000000e+00,0.000000000000000000e+00,-6.320165395736694336e-01,1.167622566223144531e+00,-1.570799946784973145e+00,-4.237037599086761475e-01,-8.403139710426330566e-01,-1.318538904190063477e+00,3.490999937057495117e-01,1.570799946784973145e+00,-9.877590537071228027e-01,6.519705057144165039e-01
-3.419322669506072998e-01,3.928059339523315430e+00,4.662780463695526123e-01,2.497850358486175537e-01,2.161703258752822876e-01,-9.178484678268432617e-01,2.200727462768554688e-01,-7.296243906021118164e-01,-7.349088042974472046e-02,-1.657710038125514984e-02,1.736883521080017090e+00,3.098933957517147064e-02,-5.061399936676025391e-01,-1.919899940490722656e+00,3.451780416071414948e-03,3.916816785931587219e-02,1.665600299835205078e+00,-2.065503001213073730e-01,1.006349995732307434e-01,-1.688139289617538452e-01,0.000000000000000000e+00,0.000000000000000000e+00,-4.514440596103668213e-01,1.244031667709350586e+00,-1.570799946784973145e+00,-4.107850790023803711e-01,-6.100631952285766602e-01,-1.221681952476501465e+00,3.490999937057495117e-01,1.570799946784973145e+00,-1.206004261970520020e+00,6.569904088973999023e-01
-3.520676791667938232e-01,3.922973394393920898e+00,4.640920758247375488e-01,2.461294829845428467e-01,1.637536585330963135e-01,-9.264823198318481445e-01,2.328851222991943359e-01,-6.468225121498107910e-01,-1.745297312736511230e-01,-1.714651845395565033e-02,1.654102802276611328e+00,5.508958175778388977e-02,-5.061399936676025391e-01,-1.919899940490722656e+00,1.271805465221405029e-01,9.278525412082672119e-02,1.496790170669555664e+00,-1.504933536052703857e-01,2.077864259481430054e-01,-1.036331653594970703e-01,0.000000000000000000e+00,0.000000000000000000e+00,-3.389457166194915771e-01,1.229422926902770996e+00,-1.570799946784973145e+00,-3.983272910118103027e-01,-4.917016327381134033e-01,-1.219549655914306641e+00,2.159143984317779541e-01,1.518444538116455078e+00,-1.346389889717102051e+00,7.069658041000366211e-01
-3.613298535346984863e-01,3.916635036468505859e+00,4.663786888122558594e-01,2.447247207164764404e-01,1.677567213773727417e-01,-9.250058531761169434e-01,2.373428940773010254e-01,-5.977596640586853027e-01,-1.745299994945526123e-01,-6.556838005781173706e-02,1.583238720893859863e+00,6.435157358646392822e-02,-5.061399936676025391e-01,-1.919899940490722656e+00,1.745125353336334229e-01,1.006276682019233704e-01,1.456054925918579102e+00,-8.447124809026718140e-02,2.341979593038558960e-01,7.187888026237487793e-02,0.000000000000000000e+00,0.000000000000000000e+00,-2.758182287216186523e-01,1.279507994651794434e+00,-1.570781707763671875e+00,-4.011875092983245850e-01,-4.563190042972564697e-01,-1.271666526794433594e+00,9.157930500805377960e-03,1.310130596160888672e+00,-1.450363039970397949e+00,7.425355911254882812e-01
-3.738851249217987061e-01,3.908536195755004883e+00,4.682534933090209961e-01,2.473760396242141724e-01,1.789852380752563477e-01,-9.235423207283020020e-01,2.320322245359420776e-01,-5.377824306488037109e-01,-1.745299994945526123e-01,-1.341134011745452881e-01,1.480595946311950684e+00,5.596204102039337158e-02,-5.061399936676025391e-01,-1.919899940490722656e+00,1.745294183492660522e-01,7.223059237003326416e-02,1.477199077606201172e+00,-1.148588508367538452e-01,2.408296763896942139e-01,2.734286189079284668e-01,0.000000000000000000e+00,0.000000000000000000e+00,-1.372060477733612061e-01,1.322373032569885254e+00,-1.422578334808349609e+00,-4.170416891574859619e-01,-4.343719184398651123e-01,-1.314894080162048340e+00,-2.212891429662704468e-01,1.116370558738708496e+00,-1.532553315162658691e+00,7.760125398635864258e-01
-3.844923377037048340e-01,3.900007009506225586e+00,4.735626876354217529e-01,2.580653727054595947e-01,1.890049427747726440e-01,-9.203801751136779785e-01,2.248992472887039185e-01,-4.944560527801513672e-01,-1.745299994945526123e-01,-2.186653614044189453e-01,1.351863741874694824e+00,6.332309544086456299e-02,-5.061399936676025391e-01,-1.919899940490722656e+00,1.745278984308242798e-01,5.666907131671905518e-02,1.473769783973693848e+00,-1.382094919681549072e-01,2.359955310821533203e-01,4.707604944705963135e-01,0.000000000000000000e+00,0.000000000000000000e+00,3.042153082787990570e-02,1.326152324676513672e+00,-1.210543751716613770e+00,-4.303365647792816162e-01,-4.169515371322631836e-01,-1.350256443023681641e+00,-4.645049870014190674e-01,9.522134065628051758e-01,-1.581840634346008301e+00,8.022273778915405273e-01
-3.955073654651641846e-01,3.891882181167602539e+00,4.812237024307250977e-01,2.633291482925415039e-01,1.987378299236297607e-01,-9.202581048011779785e-01,2.104425728321075439e-01,-4.403633475303649902e-01,-1.745299994945526123e-01,-2.942430675029754639e-01,1.224919557571411133e+00,8.536283671855926514e-02,-5.061399936676025391e-01,-1.919899940490722656e+00,1.745299547910690308e-01,1.210101880133152008e-02,1.474214553833007812e+00,-1.467792838811874390e-01,2.136780619621276855e-01,6.413846015930175781e-01,0.000000000000000000e+00,0.000000000000000000e+00,2.972082197666168213e-01,1.281983494758605957e+00,-9.097360372543334961e-01,-4.263563156127929688e-01,-4.122369885444641113e-01,-1.355395793914794922e+00,-6.674037575721740723e-01,8.240424990653991699e-01,-1.623907685279846191e+00,8.264856338500976562e-01
-4.101386666297912598e-01,3.884432792663574219e+00,4.944492280483245850e-01,2.636563479900360107e-01,1.970143020153045654e-01,-9.226018190383911133e-01,2.011879235506057739e-01,-3.984912335872650146e-01,-1.745299994945526123e-01,-3.104859888553619385e-01,1.144261837005615234e+00,1.550854742527008057e-01,-5.061399936676025391e-01,-1.919899940490722656e+00,1.745299994945526123e-01,-2.650236524641513824e-02,1.501044869422912598e+00,-1.530541628599166870e-01,1.639881432056427002e-01,5.724226236343383789e-01,0.000000000000000000e+00,0.000000000000000000e+00,8.240454196929931641e-01,1.054644584655761719e+00,-3.212749063968658447e-01,-3.943418264389038086e-01,-4.841322004795074463e-01,-1.343492507934570312e+00,-6.328267455101013184e-01,7.803541421890258789e-01,-1.625423312187194824e+00,8.412188291549682617e-01
-4.208356738090515137e-01,3.878349065780639648e+00,5.120567679405212402e-01,2.718347311019897461e-01,1.964198946952819824e-01,-9.191987514495849609e-01,2.063947767019271851e-01,-3.764637112617492676e-01,-1.745299994945526123e-01,-3.659042119979858398e-01,1.055202007293701172e+00,2.244221270084381104e-01,-5.061399936676025391e-01,-1.919899940490722656e+00,1.745299994945526123e-01,-2.378008700907230377e-02,1.510030269622802734e+00,-1.570989489555358887e-01,1.480977684259414673e-01,4.388810992240905762e-01,0.000000000000000000e+00,0.000000000000000000e+00,9.698542356491088867e-01,7.553176879882812500e-01,-7.869352400302886963e-02,-3.506107032299041748e-01,-5.917063355445861816e-01,-1.328354597091674805e+00,-5.399338006973266602e-01,7.698401808738708496e-01,-1.560696125030517578e+00,8.654198050498962402e-01
-4.282182157039642334e-01,3.872732162475585938e+00,5.352745652198791504e-01,2.933635413646697998e-01,1.969857215881347656e-01,-9.127559065818786621e-01,2.049660533666610718e-01,-3.763121068477630615e-01,-1.745299994945526123e-01,-4.236246943473815918e-01,9.435419440269470215e-01,2.910103499889373779e-01,-5.061399936676025391e-01,-1.919899940490722656e+00,1.745299994945526123e-01,-1.609127409756183624e-02,1.475667834281921387e+00,-1.524598300457000732e-01,1.352490782737731934e-01,4.329070150852203369e-01,0.000000000000000000e+00,0.000000000000000000e+00,9.020148515701293945e-01,5.668642520904541016e-01,-9.407001733779907227e-02,-3.115727007389068604e-01,-6.510307192802429199e-01,-1.312665462493896484e+00,-5.347265005111694336e-01,7.616799473762512207e-01,-1.474288821220397949e+00,8.809399604797363281e-01
-4.334645271301269531e-01,3.866483211517333984e+00,5.621489286422729492e-01,3.185060620307922363e-01,1.958042979240417480e-01,-9.051209092140197754e-01,2.024122029542922974e-01,-3.735705018043518066e-01,-1.745299994945526123e-01,-4.911169409751892090e-01,8.091373443603515625e-01,3.457686007022857666e-01,-5.061399936676025391e-01,-1.913906693458557129e+00,1.745299994945526123e-01,3.359972964972257614e-03,1.421959877014160156e+00,-1.486776769161224365e-01,1.269141733646392822e-01,4.412641525268554688e-01,0.000000000000000000e+00,0.000000000000000000e+00,7.896623015403747559e-01,4.247873127460479736e-01,-2.087894827127456665e-01,-2.798041999340057373e-01,-6.846565008163452148e-01,-1.305206298828125000e+00,-5.339598059654235840e-01,8.023109436035156250e-01,-1.396257638931274414e+00,8.839372396469116211e-01
-4.368202090263366699e-01,3.858737468719482422e+00,5.917164087295532227e-01,3.393289446830749512e-01,1.900207996368408203e-01,-8.992119431495666504e-01,2.004142850637435913e-01,-3.491285741329193115e-01,-1.745299994945526123e-01,-5.739477276802062988e-01,6.536511778831481934e-01,3.808764815330505371e-01,-5.061399936676025391e-01,-1.882949590682983398e+00,1.745299994945526123e-01,3.721823915839195251e-02,1.348079085350036621e+00,-1.420160681009292603e-01,1.233677715063095093e-01,4.609241485595703125e-01,0.000000000000000000e+00,0.000000000000000000e+00,6.637656092643737793e-01,3.188898265361785889e-01,-3.498021364212036133e-01,-2.688184976577758789e-01,-7.139779329299926758e-01,-1.276755690574645996e+00,-5.339254140853881836e-01,8.812855482101440430e-01,-1.330093860626220703e+00,8.632443547248840332e-01
-4.402664303779602051e-01,3.850202083587646484e+00,6.241362690925598145e-01,3.478868007659912109e-01,1.781363934278488159e-01,-8.974642753601074219e-01,2.044506222009658813e-01,-2.939775586128234863e-01,-1.745299994945526123e-01,-6.797565221786499023e-01,4.960922002792358398e-01,4.041785597801208496e-01,-5.061399936676025391e-01,-1.808081746101379395e+00,1.745299994945526123e-01,9.247697144746780396e-02,1.251267313957214355e+00,-1.284254789352416992e-01,1.274935901165008545e-01,4.858820736408233643e-01,0.000000000000000000e+00,0.000000000000000000e+00,5.580030679702758789e-01,2.448599189519882202e-01,-4.577655494213104248e-01,-3.000277876853942871e-01,-7.233767509460449219e-01,-1.205515623092651367e+00,-5.268535017967224121e-01,9.619594812393188477e-01,-1.260962367057800293e+00,8.358668684959411621e-01
-4.453354179859161377e-01,3.841654062271118164e+00,6.600751280784606934e-01,3.047523498535156250e-01,1.524769514799118042e-01,-9.112137556076049805e-01,2.314438372850418091e-01,-1.462131291627883911e-01,-1.745299994945526123e-01,-7.732948660850524902e-01,3.871878683567047119e-01,4.229048490524291992e-01,-5.061399936676025391e-01,-1.573680758476257324e+00,1.597240120172500610e-01,1.842126697301864624e-01,1.084373235702514648e+00,-7.714603096246719360e-02,1.589176058769226074e-01,4.897139072418212891e-01,0.000000000000000000e+00,0.000000000000000000e+00,5.548579096794128418e-01,2.569948732852935791e-01,-5.233823657035827637e-01,-4.557929933071136475e-01,-6.940138339996337891e-01,-1.001819610595703125e+00,-4.739210605621337891e-01,1.000453710556030273e+00,-1.159253478050231934e+00,7.955993413925170898e-01
-4.488186836242675781e-01,3.835279941558837891e+00,6.998685598373413086e-01,2.929122745990753174e-01,1.271828413009643555e-01,-8.988661766052246094e-01,3.001107871532440186e-01,-1.224555969238281250e-01,-1.745299994945526123e-01,-7.409438490867614746e-01,3.820392489433288574e-01,5.061399936676025391e-01,-5.061399936676025391e-01,-1.414586782455444336e+00,2.407690975815057755e-03,1.942893266677856445e-01,9.462070465087890625e-01,-6.402670592069625854e-02,1.739663332700729370e-01,3.940667808055877686e-01,0.000000000000000000e+00,0.000000000000000000e+00,4.805813431739807129e-01,2.799858152866363525e-01,-6.225281357765197754e-01,-6.346831917762756348e-01,-5.646554827690124512e-01,-8.851419687271118164e-01,-4.008962213993072510e-01,1.063849925994873047e+00,-1.113924384117126465e+00,7.934579849243164062e-01
-4.526125788688659668e-01,3.830672740936279297e+00,7.405618429183959961e-01,2.882330417633056641e-01,1.046850830316543579e-01,-8.821136951446533203e-01,3.575446307659149170e-01,-1.753847301006317139e-01,-1.745299994945526123e-01,-5.204550623893737793e-01,4.730923473834991455e-01,5.061399936676025391e-01,-5.061399936676025391e-01,-1.264937520027160645e+00,-1.341125220060348511e-01,1.757358014583587646e-01,7.814815044403076172e-01,-3.689590096473693848e-02,1.843608468770980835e-01,3.218841552734375000e-01,0.000000000000000000e+00,0.000000000000000000e+00,3.763505220413208008e-01,2.977255880832672119e-01,-6.849815249443054199e-01,-7.072295546531677246e-01,-4.287277758121490479e-01,-8.023362159729003906e-01,-3.276274800300598145e-01,1.127223849296569824e+00,-1.084872484207153320e+00,7.846781611442565918e-01
-4.516009390354156494e-01,3.828316450119018555e+00,7.751191854476928711e-01,3.365204930305480957e-01,8.908594399690628052e-02,-8.711404800415039062e-01,3.463118672370910645e-01,-3.906688392162322998e-01,-1.745299994945526123e-01,-8.388670533895492554e-02,6.448867321014404297e-01,4.631263315677642822e-01,-4.997834563255310059e-01,-1.307108044624328613e+00,-1.514230519533157349e-01,2.728197574615478516e-01,7.081347107887268066e-01,-4.519727453589439392e-02,2.001654505729675293e-01,3.614952266216278076e-01,0.000000000000000000e+00,0.000000000000000000e+00,2.028187811374664307e-01,2.298083454370498657e-01,-6.971680521965026855e-01,-6.930841207504272461e-01,-6.412927508354187012e-01,-8.251391053199768066e-01,-3.192398846149444580e-01,1.273045420646667480e+00,-1.083497643470764160e+00,7.854797244071960449e-01
-4.521117508411407471e-01,3.825186252593994141e+00,8.077544569969177246e-01,3.496466875076293945e-01,6.135801598429679871e-02,-8.390954136848449707e-01,4.121908247470855713e-01,-5.314309597015380859e-01,-1.745299994945526123e-01,3.535262495279312134e-02,8.116870522499084473e-01,4.202883243560791016e-01,-4.238012731075286865e-01,-1.241927742958068848e+00,-3.182930052280426025e-01,2.583371400833129883e-01,6.310994625091552734e-01,-5.762315168976783752e-02,2.225630134344100952e-01,2.683418393135070801e-01,0.000000000000000000e+00,0.000000000000000000e+00,1.015181541442871094e-01,2.577778697013854980e-01,-7.817112207412719727e-01,-6.464210152626037598e-01,-8.387789130210876465e-01,-7.784906029701232910e-01,-2.811240553855895996e-01,1.339805006980895996e+00,-1.094857692718505859e+00,7.894622087478637695e-01
-4.523793458938598633e-01,3.820979118347167969e+00,8.368827104568481445e-01,3.489484488964080811e-01,5.008384212851524353e-02,-8.042462468147277832e-01,4.784501194953918457e-01,-6.401567459106445312e-01,-1.745299994945526123e-01,4.128089919686317444e-02,8.999801874160766602e-01,3.658132553100585938e-01,-3.645493090152740479e-01,-1.119259595870971680e+00,-4.638688266277313232e-01,1.500848680734634399e-01,5.150438547134399414e-01,-4.680145904421806335e-02,2.358679771423339844e-01,1.846056431531906128e-01,0.000000000000000000e+00,0.000000000000000000e+00,4.964436218142509460e-02,3.250498771667480469e-01,-8.205624222755432129e-01,-6.410809159278869629e-01,-9.443671703338623047e-01,-7.401422858238220215e-01,-2.263791412115097046e-01,1.387307167053222656e+00,-1.121066212654113770e+00,7.797441482543945312e-01
-4.520779252052307129e-01,3.817322492599487305e+00,8.600776791572570801e-01,3.491933643817901611e-01,4.261957854032516479e-02,-7.658151984214782715e-01,5.383072495460510254e-01,-7.461055517196655273e-01,-1.737950444221496582e-01,5.591650307178497314e-02,9.217469096183776855e-01,3.205664455890655518e-01,-3.891461789608001709e-01,-9.971169233322143555e-01,-5.785211324691772461e-01,1.956964284181594849e-02,4.213316738605499268e-01,-3.413386642932891846e-02,2.474048733711242676e-01,1.106697171926498413e-01,0.000000000000000000e+00,0.000000000000000000e+00,2.816984243690967560e-02,3.836077153682708740e-01,-7.916662693023681641e-01,-6.818798780441284180e-01,-1.054761171340942383e+00,-7.167814970016479492e-01,-1.871965527534484863e-01,1.422568321228027344e+00,-1.162062287330627441e+00,7.818641662597656250e-01
-4.525204896926879883e-01,3.811083078384399414e+00,8.766868114471435547e-01,3.416855037212371826e-01,5.482023954391479492e-02,-7.412325739860534668e-01,5.751695632934570312e-01,-8.319754004478454590e-01,-1.042762249708175659e-01,1.082691699266433716e-01,8.790723681449890137e-01,2.928303182125091553e-01,-3.698500692844390869e-01,-8.828951716423034668e-01,-6.056833267211914062e-01,-1.139590591192245483e-01,3.433380126953125000e-01,-2.191754244267940521e-02,2.532941102981567383e-01,1.014528647065162659e-01,0.000000000000000000e+00,0.000000000000000000e+00,6.469869986176490784e-03,4.538227319717407227e-01,-7.760298252105712891e-01,-7.265394926071166992e-01,-1.078078746795654297e+00,-6.975626945495605469e-01,-1.520270854234695435e-01,1.421002745628356934e+00,-1.208001255989074707e+00,7.920874953269958496e-01
-4.514061212539672852e-01,3.802628517150878906e+00,8.855426907539367676e-01,3.285557329654693604e-01,7.546350359916687012e-02,-7.257376313209533691e-01,5.997176766395568848e-01,-8.929672241210937500e-01,-2.148845605552196503e-02,1.488182246685028076e-01,7.761285305023193359e-01,2.772115767002105713e-01,-3.319140076637268066e-01,-7.927282452583312988e-01,-5.888485908508300781e-01,-2.257849723100662231e-01,2.906123995780944824e-01,-1.125652156770229340e-02,2.594591677188873291e-01,1.216316297650337219e-01,0.000000000000000000e+00,0.000000000000000000e+00,-8.798860013484954834e-03,5.253306627273559570e-01,-7.559090852737426758e-01,-7.681494355201721191e-01,-1.048893094062805176e+00,-6.815401911735534668e-01,-1.236308887600898743e-01,1.400049924850463867e+00,-1.266213893890380859e+00,7.806131839752197266e-01
-4.471707046031951904e-01,3.789881706237792969e+00,8.866624832153320312e-01,3.098483979701995850e-01,9.823133796453475952e-02,-7.189329862594604492e-01,6.143939495086669922e-01,-9.224521517753601074e-01,5.620255693793296814e-02,1.725951135158538818e-01,6.266666054725646973e-01,2.671869397163391113e-01,-3.213782012462615967e-01,-7.196338176727294922e-01,-5.504664778709411621e-01,-3.093611598014831543e-01,2.562199831008911133e-01,-5.140163470059633255e-03,2.695600986480712891e-01,1.585282385349273682e-01,0.000000000000000000e+00,0.000000000000000000e+00,-4.638789687305688858e-03,5.937603116035461426e-01,-7.393925786018371582e-01,-7.988181114196777344e-01,-9.914498329162597656e-01,-6.660867929458618164e-01,-1.052584573626518250e-01,1.369630336761474609e+00,-1.317319512367248535e+00,7.705034017562866211e-01
-4.393461048603057861e-01,3.772433042526245117e+00,8.812991380691528320e-01,2.868575453758239746e-01,1.205027103424072266e-01,-7.217562198638916016e-01,6.182716488838195801e-01,-9.273561239242553711e-01,1.308031827211380005e-01,1.744407713413238525e-01,4.626253247261047363e-01,2.424504160881042480e-01,-3.104964494705200195e-01,-6.579852104187011719e-01,-4.991529583930969238e-01,-3.597662150859832764e-01,2.289508432149887085e-01,-4.550162702798843384e-03,2.865855395793914795e-01,2.120388150215148926e-01,0.000000000000000000e+00,0.000000000000000000e+00,2.451275661587715149e-02,6.527770757675170898e-01,-7.144564390182495117e-01,-8.223485946655273438e-01,-9.136403799057006836e-01,-6.469896435737609863e-01,-1.033162474632263184e-01,1.313996672630310059e+00,-1.369766950607299805e+00,7.466862797737121582e-01
-4.280097186565399170e-01,3.749456644058227539e+00,8.716367483139038086e-01,2.616636753082275391e-01,1.374609321355819702e-01,-7.334820628166198730e-01,6.120790243148803711e-01,-9.078232049942016602e-01,2.045858353376388550e-01,1.587565541267395020e-01,3.157624900341033936e-01,1.931706964969635010e-01,-2.845892310142517090e-01,-6.026272773742675781e-01,-4.494211971759796143e-01,-3.742263615131378174e-01,2.070086598396301270e-01,-5.613466259092092514e-03,3.099769651889801025e-01,2.666974961757659912e-01,0.000000000000000000e+00,0.000000000000000000e+00,9.240886569023132324e-02,6.845035552978515625e-01,-6.514751315116882324e-01,-8.364369273185729980e-01,-8.232399225234985352e-01,-6.242715716361999512e-01,-1.191302314400672913e-01,1.259664654731750488e+00,-1.415915012359619141e+00,7.017378211021423340e-01
-4.136343002319335938e-01,3.723127365112304688e+00,8.608272075653076172e-01,2.346132993698120117e-01,1.450953781604766846e-01,-7.519646883010864258e-01,5.987094640731811523e-01,-8.594150543212890625e-01,2.708758413791656494e-01,1.741299629211425781e-01,2.144752740859985352e-01,1.296922564506530762e-01,-2.345866709947586060e-01,-5.454465150833129883e-01,-4.112183153629302979e-01,-3.624438941478729248e-01,1.864285916090011597e-01,-3.646473633125424385e-03,3.389366567134857178e-01,3.175339698791503906e-01,0.000000000000000000e+00,0.000000000000000000e+00,1.828496158123016357e-01,6.811519861221313477e-01,-5.775095820426940918e-01,-8.221120238304138184e-01,-6.966466903686523438e-01,-5.946756601333618164e-01,-1.543986797332763672e-01,1.207408070564270020e+00,-1.453612446784973145e+00,6.384080052375793457e-01
-3.975114822387695312e-01,3.696632623672485352e+00,8.530287742614746094e-01,2.091231644153594971e-01,1.413859277963638306e-01,-7.690688371658325195e-01,5.872057676315307617e-01,-7.909660339355468750e-01,3.063637018203735352e-01,2.007516324520111084e-01,1.738893985748291016e-01,1.470706760883331299e-01,-2.430816590785980225e-01,-4.817897081375122070e-01,-3.986423909664154053e-01,-3.427214622497558594e-01,1.671842038631439209e-01,7.254696451127529144e-03,3.670161664485931396e-01,3.436807990074157715e-01,0.000000000000000000e+00,0.000000000000000000e+00,2.761488556861877441e-01,6.393105387687683105e-01,-5.024766325950622559e-01,-7.789503931999206543e-01,-5.651040673255920410e-01,-5.576935410499572754e-01,-2.077353596687316895e-01,1.157873034477233887e+00,-1.469711184501647949e+00,5.766689777374267578e-01
-3.823700547218322754e-01,3.673779964447021484e+00,8.501907587051391602e-01,1.883349716663360596e-01,1.311188638210296631e-01,-7.823232412338256836e-01,5.790579915046691895e-01,-7.307739853858947754e-01,3.096854686737060547e-01,2.199889272451400757e-01,1.891534030437469482e-01,1.967839151620864868e-01,-2.303837239742279053e-01,-4.215947091579437256e-01,-4.033815264701843262e-01,-3.214247524738311768e-01,1.473671346902847290e-01,3.349453583359718323e-02,3.934067487716674805e-01,3.390430808067321777e-01,0.000000000000000000e+00,0.000000000000000000e+00,3.397997617721557617e-01,5.616401433944702148e-01,-4.307837486267089844e-01,-6.999972462654113770e-01,-4.530217945575714111e-01,-5.228507518768310547e-01,-2.653007805347442627e-01,1.116213679313659668e+00,-1.455467104911804199e+00,5.210430026054382324e-01
-3.641135990619659424e-01,3.649969339370727539e+00,8.466260433197021484e-01,1.696402132511138916e-01,1.268054395914077759e-01,-7.847338318824768066e-01,5.825250148773193359e-01,-6.990154385566711426e-01,3.040171265602111816e-01,2.174326479434967041e-01,2.253271937370300293e-01,1.748637706041336060e-01,-2.223656326532363892e-01,-3.671231865882873535e-01,-4.132879376411437988e-01,-3.433611690998077393e-01,1.459951847791671753e-01,6.680449098348617554e-02,3.900982439517974854e-01,3.129838407039642334e-01,0.000000000000000000e+00,0.000000000000000000e+00,3.424265086650848389e-01,5.001671910285949707e-01,-4.009322822093963623e-01,-5.742046833038330078e-01,-4.117699861526489258e-01,-4.725069701671600342e-01,-3.035111725330352783e-01,1.041181921958923340e+00,-1.390965700149536133e+00,5.211409330368041992e-01
-3.490419089794158936e-01,3.630006551742553711e+00,8.511284589767456055e-01,1.504381150007247925e-01,1.240373626351356506e-01,-7.868630290031433105e-01,5.855165719985961914e-01,-6.539664268493652344e-01,2.979455590248107910e-01,2.157963663339614868e-01,2.318300753831863403e-01,1.530193090438842773e-01,-2.093987166881561279e-01,-3.273429572582244873e-01,-4.078551828861236572e-01,-3.756169676780700684e-01,1.517030745744705200e-01,1.242911666631698608e-01,3.350401818752288818e-01,3.145112395286560059e-01,0.000000000000000000e+00,0.000000000000000000e+00,2.730947732925415039e-01,4.494282305240631104e-01,-4.069214463233947754e-01,-4.096705019474029541e-01,-4.307907223701477051e-01,-3.964407145977020264e-01,-3.113538920879364014e-01,9.447962045669555664e-01,-1.272089004516601562e+00,5.135156512260437012e-01
-3.350350558757781982e-01,3.612243890762329102e+00,8.589974641799926758e-01,1.339654028415679932e-01,1.197127774357795715e-01,-7.932736873626708984e-01,5.817551016807556152e-01,-6.018441915512084961e-01,2.893639206886291504e-01,2.081778496503829956e-01,2.297035306692123413e-01,1.282957196235656738e-01,-1.953408271074295044e-01,-3.130248188972473145e-01,-3.951768577098846436e-01,-4.287441968917846680e-01,1.668788790702819824e-01,1.928887814283370972e-01,1.802601218223571777e-01,3.206527233123779297e-01,0.000000000000000000e+00,0.000000000000000000e+00,2.052330821752548218e-01,3.874427974224090576e-01,-3.896265327930450439e-01,-2.547370791435241699e-01,-5.868450999259948730e-01,-3.505303561687469482e-01,-2.835348844528198242e-01,8.908674120903015137e-01,-1.049867391586303711e+00,4.367664456367492676e-01
-3.235302567481994629e-01,3.596153736114501953e+00,8.682920336723327637e-01,1.177031248807907104e-01,1.147793382406234741e-01,-7.987522482872009277e-01,5.787629485130310059e-01,-5.449873805046081543e-01,2.812110781669616699e-01,2.143626660108566284e-01,2.159318029880523682e-01,1.117124781012535095e-01,-1.787853986024856567e-01,-3.087729513645172119e-01,-3.756158649921417236e-01,-4.496643841266632080e-01,1.964485794305801392e-01,2.347217649221420288e-01,5.937355756759643555e-02,3.082709610462188721e-01,0.000000000000000000e+00,0.000000000000000000e+00,1.638648658990859985e-01,3.377930223941802979e-01,-3.477339446544647217e-01,-1.936122924089431763e-01,-9.050418734550476074e-01,-3.310478925704956055e-01,-2.271000444889068604e-01,7.908601760864257812e-01,-7.449766993522644043e-01,2.687868177890777588e-01
-3.146612346172332764e-01,3.580908536911010742e+00,8.782951831817626953e-01,1.011525243520736694e-01,1.107215210795402527e-01,-8.010078668594360352e-01,5.795647501945495605e-01,-4.889317750930786133e-01,2.736952006816864014e-01,2.177788317203521729e-01,1.954668462276458740e-01,1.015838310122489929e-01,-1.628134995698928833e-01,-3.071097135543823242e-01,-3.370662629604339600e-01,-3.840834498405456543e-01,2.346789538860321045e-01,2.313307225704193115e-01,9.121597558259963989e-02,2.910559773445129395e-01,0.000000000000000000e+00,0.000000000000000000e+00,1.177818328142166138e-01,3.063310384750366211e-01,-3.672688305377960205e-01,-2.077371031045913696e-01,-1.097885608673095703e+00,-3.227162659168243408e-01,-1.736159324645996094e-01,5.896288752555847168e-01,-4.415263533592224121e-01,7.734929770231246948e-02
-3.079859912395477295e-01,3.565969228744506836e+00,8.863568305969238281e-01,8.553917706012725830e-02,1.088002920150756836e-01,-8.000593781471252441e-01,5.837383866310119629e-01,-4.419670104980468750e-01,2.686816155910491943e-01,2.059712558984756470e-01,1.781543195247650146e-01,9.212245047092437744e-02,-1.503673046827316284e-01,-3.150164484977722168e-01,-2.796481549739837646e-01,-2.768531143665313721e-01,2.756237983703613281e-01,2.251620590686798096e-01,1.023766547441482544e-01,2.699082791805267334e-01,0.000000000000000000e+00,0.000000000000000000e+00,5.967289209365844727e-02,2.942108511924743652e-01,-3.961816728115081787e-01,-2.624270617961883545e-01,-1.043851852416992188e+00,-3.095829486846923828e-01,-1.606592983007431030e-01,3.487832546234130859e-01,-2.455628812313079834e-01,-1.345817595720291138e-01
-3.027937412261962891e-01,3.551998376846313477e+00,8.920134305953979492e-01,7.193481177091598511e-02,1.098092347383499146e-01,-7.974945306777954102e-01,5.888715982437133789e-01,-4.068727195262908936e-01,2.695997953414916992e-01,1.927920579910278320e-01,1.668529510498046875e-01,8.184720575809478760e-02,-1.407906711101531982e-01,-3.306607007980346680e-01,-2.151500582695007324e-01,-2.029617726802825928e-01,3.122680485248565674e-01,2.210205644369125366e-01,1.267721056938171387e-01,2.482593655586242676e-01,0.000000000000000000e+00,0.000000000000000000e+00,-9.722517803311347961e-03,2.974961400032043457e-01,-4.167569577693939209e-01,-3.182243704795837402e-01,-8.038955330848693848e-01,-2.788410186767578125e-01,-1.959008425474166870e-01,2.328703999519348145e-01,-1.291166096925735474e-01,-4.222196340560913086e-01
-2.988269031047821045e-01,3.539334774017333984e+00,8.953964114189147949e-01,5.951383709907531738e-02,1.122096702456474304e-01,-7.932522892951965332e-01,5.954980254173278809e-01,-3.806602954864501953e-01,2.745848596096038818e-01,1.799911409616470337e-01,1.606107354164123535e-01,7.210769504308700562e-02,-1.336460560560226440e-01,-3.480809032917022705e-01,-1.567582041025161743e-01,-1.884519904851913452e-01,3.384092450141906738e-01,2.217079699039459229e-01,1.358718425035476685e-01,2.267210930585861206e-01,0.000000000000000000e+00,0.000000000000000000e+00,-8.706731349229812622e-02,3.081373572349548340e-01,-4.447727501392364502e-01,-3.648370802402496338e-01,-5.019155144691467285e-01,-2.194019556045532227e-01,-2.428692877292633057e-01,1.908445805311203003e-01,-1.278203874826431274e-01,-5.841315388679504395e-01
-2.956976592540740967e-01,3.527264356613159180e+00,8.972911834716796875e-01,4.893625900149345398e-02,1.142217963933944702e-01,-7.865082621574401855e-01,6.049491167068481445e-01,-3.607405126094818115e-01,2.774353027343750000e-01,1.616420745849609375e-01,1.563843786716461182e-01,6.389990448951721191e-02,-1.281043440103530884e-01,-3.619985878467559814e-01,-1.097393333911895752e-01,-2.070915400981903076e-01,3.429644405841827393e-01,2.093421965837478638e-01,1.221672818064689636e-01,1.997860670089721680e-01,0.000000000000000000e+00,0.000000000000000000e+00,-1.737623065710067749e-01,3.124949038028717041e-01,-4.936999082565307617e-01,-3.992830216884613037e-01,-2.857018709182739258e-01,-1.486780345439910889e-01,-2.937286794185638428e-01,1.883797794580459595e-01,-2.011941969394683838e-01,-5.713677406311035156e-01
-2.944829463958740234e-01,3.514874696731567383e+00,8.971692919731140137e-01,4.112529009580612183e-02,1.137399151921272278e-01,-7.754171490669250488e-01,6.197581887245178223e-01,-3.464144766330718994e-01,2.728126645088195801e-01,1.295207291841506958e-01,1.542341262102127075e-01,5.651031807065010071e-02,-1.249120905995368958e-01,-3.679763078689575195e-01,-7.302418351173400879e-02,-2.248072773218154907e-01,3.216060101985931396e-01,1.690085828304290771e-01,9.708365052938461304e-02,1.616654694080352783e-01,0.000000000000000000e+00,0.000000000000000000e+00,-2.683902978897094727e-01,3.146068155765533447e-01,-5.470411181449890137e-01,-4.333711266517639160e-01,-1.927811950445175171e-01,-7.607517391443252563e-02,-3.487630784511566162e-01,2.401024401187896729e-01,-2.953959107398986816e-01,-4.784809350967407227e-01
-2.951544225215911865e-01,3.501809120178222656e+00,8.949313163757324219e-01,3.594786301255226135e-02,1.091361492872238159e-01,-7.592402100563049316e-01,6.405867338180541992e-01,-3.355827033519744873e-01,2.584805488586425781e-01,8.561185002326965332e-02,1.548352986574172974e-01,5.086660757660865784e-02,-1.235019788146018982e-01,-3.632629811763763428e-01,-4.655607789754867554e-02,-2.193469554185867310e-01,2.781434655189514160e-01,1.063185483217239380e-01,8.758421242237091064e-02,1.122230589389801025e-01,0.000000000000000000e+00,0.000000000000000000e+00,-3.627685606479644775e-01,3.106868565082550049e-01,-5.873293280601501465e-01,-4.600732326507568359e-01,-2.294444888830184937e-01,1.985178532777354121e-04,-3.893812894821166992e-01,2.781937122344970703e-01,-3.933865427970886230e-01,-3.041726052761077881e-01
-2.970525324344635010e-01,3.487069368362426758e+00,8.917443156242370605e-01,2.954441308975219727e-02,1.022827550768852234e-01,-7.379313111305236816e-01,6.664253473281860352e-01,-3.217443525791168213e-01,2.420219630002975464e-01,2.903264388442039490e-02,1.552558392286300659e-01,4.539005830883979797e-02,-1.234401464462280273e-01,-3.470987975597381592e-01,-2.545229531824588776e-02,-1.862702220678329468e-01,2.232833057641983032e-01,3.954170271754264832e-02,1.054678708314895630e-01,5.945765599608421326e-02,0.000000000000000000e+00,0.000000000000000000e+00,-4.566487073898315430e-01,3.047780990600585938e-01,-6.577590703964233398e-01,-4.783022403717041016e-01,-3.259940147399902344e-01,8.113363385200500488e-02,-4.003467857837677002e-01,2.575033009052276611e-01,-4.835101664066314697e-01,-1.091434583067893982e-01
-2.996004521846771240e-01,3.471456766128540039e+00,8.894340991973876953e-01,2.180550061166286469e-02,9.439033269882202148e-02,-7.150464057922363281e-01,6.923320293426513672e-01,-3.017809987068176270e-01,2.286056876182556152e-01,-2.706217765808105469e-02,1.520339101552963257e-01,4.121857509016990662e-02,-1.243791952729225159e-01,-3.270095884799957275e-01,-6.597555708140134811e-03,-1.393158435821533203e-01,1.684306263923645020e-01,4.347366280853748322e-03,1.284486651420593262e-01,1.048541627824306488e-02,0.000000000000000000e+00,0.000000000000000000e+00,-5.415745377540588379e-01,2.980463802814483643e-01,-7.383685111999511719e-01,-4.946725368499755859e-01,-4.101083576679229736e-01,1.532509922981262207e-01,-3.874580264091491699e-01,2.165528535842895508e-01,-5.426629781723022461e-01,3.404184803366661072e-02
-3.017131686210632324e-01,3.458287239074707031e+00,8.921565413475036621e-01,1.099613122642040253e-02,8.594174683094024658e-02,-7.008450031280517578e-01,7.080320715904235840e-01,-2.683347463607788086e-01,2.257511615753173828e-01,-5.996222048997879028e-02,1.428678035736083984e-01,4.025768488645553589e-02,-1.253674626350402832e-01,-2.878027856349945068e-01,1.928317709825932980e-03,-1.158376038074493408e-01,1.553756594657897949e-01,2.632740139961242676e-02,1.031854301691055298e-01,-1.189421769231557846e-02,0.000000000000000000e+00,0.000000000000000000e+00,-6.102032065391540527e-01,2.975915670394897461e-01,-8.147394061088562012e-01,-5.233489274978637695e-01,-4.797273278236389160e-01,2.013615667819976807e-01,-3.576605916023254395e-01,1.778456270694732666e-01,-5.580617785453796387e-01,9.167423099279403687e-02
-3.050071597099304199e-01,3.446565151214599609e+00,8.922370076179504395e-01,2.330971881747245789e-03,7.765773683786392212e-02,-6.951445937156677246e-01,7.146592736244201660e-01,-2.358864843845367432e-01,2.286364883184432983e-01,-6.568999588489532471e-02,1.398610472679138184e-01,3.822508454322814941e-02,-1.282863765954971313e-01,-2.469100356101989746e-01,4.159040283411741257e-03,-1.326293647289276123e-01,1.526779979467391968e-01,1.847534626722335815e-02,9.298050403594970703e-02,-8.596302010118961334e-03,0.000000000000000000e+00,0.000000000000000000e+00,-6.625590920448303223e-01,2.981064617633819580e-01,-8.779828548431396484e-01,-5.674417614936828613e-01,-5.364385247230529785e-01,2.320828735828399658e-01,-3.300164937973022461e-01,1.602246314287185669e-01,-5.443929433822631836e-01,9.984053671360015869e-02
-3.077635467052459717e-01,3.435523271560668945e+00,8.944709897041320801e-01,-2.622062573209404945e-03,6.779813766479492188e-02,-6.926683187484741211e-01,7.180578708648681641e-01,-2.020095288753509521e-01,2.252516597509384155e-01,-5.858014151453971863e-02,1.329107135534286499e-01,3.693557530641555786e-02,-1.318181008100509644e-01,-2.088211923837661743e-01,-1.674155355431139469e-03,-1.553010493516921997e-01,1.429990679025650024e-01,1.597532071173191071e-02,9.266503155231475830e-02,-4.380743484944105148e-03,0.000000000000000000e+00,0.000000000000000000e+00,-6.809260845184326172e-01,3.000935614109039307e-01,-8.914272189140319824e-01,-6.467588543891906738e-01,-5.908381342887878418e-01,2.372729331254959106e-01,-3.095197379589080811e-01,1.644478291273117065e-01,-5.041077136993408203e-01,7.733082026243209839e-02
-3.108614683151245117e-01,3.426569461822509766e+00,8.954679369926452637e-01,-5.842064041644334793e-03,5.826635658740997314e-02,-6.918801069259643555e-01,7.196338176727294922e-01,-1.748686730861663818e-01,2.211012989282608032e-01,-4.624539986252784729e-02,1.306634694337844849e-01,3.898278623819351196e-02,-1.355858445167541504e-01,-1.789682358503341675e-01,-7.671145722270011902e-03,-1.683036237955093384e-01,1.375906318426132202e-01,1.473965030163526535e-02,9.380624443292617798e-02,-2.275447361171245575e-03,0.000000000000000000e+00,0.000000000000000000e+00,-6.601834893226623535e-01,3.038447201251983643e-01,-8.471338748931884766e-01,-7.614600062370300293e-01,-6.611192226409912109e-01,2.335734963417053223e-01,-2.954828739166259766e-01,1.740141212940216064e-01,-4.571047425270080566e-01,5.021125823259353638e-02
-3.140746355056762695e-01,3.419917345046997070e+00,8.965404629707336426e-01,-7.522809784859418869e-03,5.143936723470687866e-02,-6.923667788505554199e-01,7.196705341339111328e-01,-1.571886092424392700e-01,2.182734757661819458e-01,-3.643269091844558716e-02,1.313010901212692261e-01,4.645877704024314880e-02,-1.386142224073410034e-01,-1.598150581121444702e-01,-9.906861931085586548e-03,-1.683048158884048462e-01,1.349683105945587158e-01,1.545985508710145950e-02,9.217762202024459839e-02,1.535010524094104767e-03,0.000000000000000000e+00,0.000000000000000000e+00,-6.139249801635742188e-01,3.077151775360107422e-01,-7.797256708145141602e-01,-8.906363844871520996e-01,-7.131223678588867188e-01,2.255497425794601440e-01,-2.814410328865051270e-01,1.989225596189498901e-01,-4.311776161193847656e-01,6.586181372404098511e-02
-3.173568844795227051e-01,3.415114402770996094e+00,8.978641033172607422e-01,-7.758006453514099121e-03,4.684513434767723083e-02,-6.939454674720764160e-01,7.184601426124572754e-01,-1.479725092649459839e-01,2.161405980587005615e-01,-3.146160766482353210e-02,1.349289268255233765e-01,6.273324042558670044e-02,-1.426363587379455566e-01,-1.500740200281143188e-01,-1.011476479470729828e-02,-1.586399376392364502e-01,1.353660225868225098e-01,1.829326711595058441e-02,8.905494213104248047e-02,3.121676389127969742e-03,0.000000000000000000e+00,0.000000000000000000e+00,-5.507559776306152344e-01,3.140226602554321289e-01,-6.963963508605957031e-01,-1.018649578094482422e+00,-7.389705181121826172e-01,2.155748009681701660e-01,-2.661162316799163818e-01,2.257398962974548340e-01,-4.354807138442993164e-01,1.354644447565078735e-01
-3.202287554740905762e-01,3.412447690963745117e+00,8.988670110702514648e-01,-6.875469814985990524e-03,4.364534467458724976e-02,-6.958909034729003906e-01,7.167870402336120605e-01,-1.449486762285232544e-01,2.145008593797683716e-01,-2.532517537474632263e-02,1.399506479501724243e-01,8.020731061697006226e-02,-1.464304924011230469e-01,-1.475895643234252930e-01,-1.105845533311367035e-02,-1.472262293100357056e-01,1.382071673870086670e-01,2.316545695066452026e-02,8.605847507715225220e-02,8.229992236010730267e-04,0.000000000000000000e+00,0.000000000000000000e+00,-4.775177538394927979e-01,3.210805356502532959e-01,-6.086471080780029297e-01,-1.133993506431579590e+00,-7.383708357810974121e-01,2.091226279735565186e-01,-2.520558536052703857e-01,2.406514883041381836e-01,-4.743849039077758789e-01,2.347374111413955688e-01
-3.226975500583648682e-01,3.412150144577026367e+00,8.995941877365112305e-01,-4.373777657747268677e-03,4.265936091542243958e-02,-6.981502175331115723e-01,7.146658897399902344e-01,-1.497493982315063477e-01,2.131490558385848999e-01,-2.191426791250705719e-02,1.456336081027984619e-01,9.708446264266967773e-02,-1.497110724449157715e-01,-1.541489213705062866e-01,-1.312486175447702408e-02,-1.460501253604888916e-01,1.432626843452453613e-01,3.085783682763576508e-02,8.268756419420242310e-02,1.335705164819955826e-03,0.000000000000000000e+00,0.000000000000000000e+00,-4.045441150665283203e-01,3.222755789756774902e-01,-5.288271903991699219e-01,-1.213761806488037109e+00,-7.170103788375854492e-01,2.041668444871902466e-01,-2.389851361513137817e-01,2.543583810329437256e-01,-5.356760621070861816e-01,3.242126107215881348e-01
-3.247965276241302490e-01,3.413638830184936523e+00,9.000228643417358398e-01,-1.191457267850637436e-03,4.270115494728088379e-02,-6.999274492263793945e-01,7.129353284835815430e-01,-1.608840674161911011e-01,2.121297866106033325e-01,-1.541884150356054306e-02,1.540606766939163208e-01,1.141386181116104126e-01,-1.515344232320785522e-01,-1.656452566385269165e-01,-1.648758910596370697e-02,-1.536515951156616211e-01,1.502331644296646118e-01,4.010222479701042175e-02,7.995867729187011719e-02,4.195285029709339142e-03,0.000000000000000000e+00,0.000000000000000000e+00,-3.304530084133148193e-01,3.168641626834869385e-01,-4.666619896888732910e-01,-1.257004976272583008e+00,-6.696030497550964355e-01,2.012896984815597534e-01,-2.292935401201248169e-01,2.795236706733703613e-01,-6.024711728096008301e-01,3.556491136550903320e-01
-3.258097767829895020e-01,3.414762258529663086e+00,9.000766873359680176e-01,-1.122556719928979874e-02,6.519894115626811981e-03,-6.993318796157836914e-01,7.146792411804199219e-01,-8.913090825080871582e-02,1.768513619899749756e-01,6.511026993393898010e-03,1.294358968734741211e-01,1.585966497659683228e-01,-1.458150446414947510e-01,-9.360102564096450806e-02,-5.382158234715461731e-02,-1.856313496828079224e-01,1.272283494472503662e-01,7.364971935749053955e-02,7.457222789525985718e-02,-1.256488467333838344e-04,0.000000000000000000e+00,0.000000000000000000e+00,-1.893393099308013916e-01,2.756159603595733643e-01,-4.151740670204162598e-01,-1.244842886924743652e+00,-6.317552328109741211e-01,2.756037414073944092e-01,-2.547610402107238770e-01,2.994513511657714844e-01,-6.639989614486694336e-01,3.213100731372833252e-01
